1,974,975,3,20,4,966
2,15,14,998,16,939
3,22,21,41,1,20,4
4,5,23,22,1,3,975
5,23,4,938,6,975,24
6,25,24,7,938,5,950
7,26,25,6,950,1000,462
8,9,27,967,522,477,935
9,8,27,967,28,29,10
10,9,29,1002,967,30,11
11,30,10,31,12,918,1002
12,32,31,11,918,917,13
13,939,14,33,32,12,917
14,2,15,13,939,34,33
15,2,14,34,35,36,16
16,2,998,36,15,37,17
17,38,37,16,998,18,926
18,38,39,17,925,19,926
19,40,20,925,966,39,18
20,40,19,1,3,41,966
21,3,22,41,65,43,42
22,3,21,23,44,43,4
23,5,4,22,44,45,24
24,6,25,46,45,5,23
25,6,24,47,26,7,46
26,479,478,462,47,25,7
27,8,9,49,28,48,522
28,9,29,51,50,49,27
29,28,9,51,10,52,30
30,53,52,29,10,11,31
31,32,12,54,53,30,11
32,55,54,13,33,31,12
33,56,34,55,13,32,14
34,56,57,33,15,14,35
35,59,36,15,34,57,58
36,59,35,15,16,37,60
37,17,38,36,16,60,61
38,18,39,62,61,17,37
39,38,18,63,62,40,19
40,19,20,64,63,41,39
41,21,3,65,64,20,40
42,66,92,67,43,65,21
43,67,68,22,44,42,21
44,68,69,45,22,23,43
45,70,69,44,24,46,23
46,47,71,24,45,70,25
47,46,71,25,26,478,72
48,49,73,27,522,549
49,74,73,48,50,27,28
50,75,76,74,51,28,49
51,29,28,50,52,77,76
52,30,53,77,78,51,29
53,30,52,54,31,79,78
54,55,32,80,79,53,31
55,54,32,33,56,81,80
56,34,57,33,82,81,55
57,56,34,83,82,35,58
58,85,84,59,83,57,35
59,35,36,86,85,58,60
60,61,87,59,36,86,37
61,87,60,62,88,38,37
62,61,88,38,89,63,39
63,40,64,90,89,62,39
64,40,63,91,90,65,41
65,92,91,21,41,64,42
66,92,122,94,93,42,67
67,43,68,95,94,66,42
68,44,69,96,67,43,95
69,45,70,68,44,96,97
70,45,69,98,97,71,46
71,46,47,99,72,98,70
72,99,71,523,478,100,47
73,49,74,48,101,613,549
74,49,73,101,75,102,50
75,50,76,102,74,103,104
76,75,50,77,105,104,51
77,106,105,52,78,76,51
78,77,52,107,79,106,53
79,107,78,108,54,80,53
80,81,109,108,54,79,55
81,80,109,82,56,110,55
82,81,56,111,110,83,57
83,82,57,58,84,112,111
84,58,85,114,113,83,112
85,115,86,58,84,59,114
86,115,85,87,116,59,60
87,61,60,116,117,86,88
88,118,117,61,62,87,89
89,90,119,63,118,88,62
90,91,120,119,89,63,64
91,92,65,120,90,64,121
92,91,65,122,121,66,42
93,156,122,124,123,66,94
94,125,95,66,93,124,67
95,125,94,126,67,68,96
96,126,127,68,69,97,95
97,70,98,127,96,69,128
98,70,97,128,129,71,99
99,130,129,71,72,98,100
100,550,131,99,72,130,523
101,102,133,613,132,73,74
102,133,101,134,75,74,103
103,136,135,75,104,102,134
104,137,105,136,103,75,76
105,137,104,77,106,138,76
106,139,138,77,105,107,78
107,139,106,140,78,79,108
108,141,140,109,80,79,107
109,141,142,80,81,110,108
110,142,109,81,82,111,143
111,143,144,82,110,83,112
112,113,145,144,83,84,111
113,114,84,146,147,145,112
114,113,84,85,115,147,148
115,85,86,116,149,114,148
116,150,149,87,117,86,115
117,116,87,151,150,118,88
118,117,88,151,89,119,152
119,153,152,120,90,89,118
120,91,90,119,153,154,121
121,120,154,122,92,155,91
122,93,156,121,92,155,66
123,157,192,124,93,156,158
124,123,93,158,125,159,94
125,94,95,126,159,124,160
126,96,127,95,125,161,160
127,126,96,161,97,162,128
128,98,129,162,163,127,97
129,99,130,128,98,164,163
130,99,129,131,165,164,100
131,580,550,100,130,165
132,613,101,612,649,133,166
133,102,101,166,167,134,132
134,135,168,167,133,102,103
135,169,168,134,136,103,170
136,137,171,170,104,135,103
137,136,171,104,105,138,172
138,139,106,105,173,172,137
139,138,106,140,174,173,107
140,174,139,108,141,175,107
141,109,142,108,140,175,176
142,143,177,141,109,110,176
143,142,177,111,144,178,110
144,145,179,143,111,112,178
145,179,180,144,146,113,112
146,182,147,180,145,113,181
147,182,146,114,148,113,183
148,184,149,147,114,115,183
149,185,184,150,116,115,148
150,185,149,116,151,117,186
151,150,117,186,118,152,187
152,119,153,187,151,118,188
153,189,188,119,152,120,154
154,153,120,189,121,155,190
155,122,121,156,191,154,190
156,93,122,192,123,155,191
157,123,192,158,194,193,231
158,194,157,124,123,195,159
159,195,196,125,124,160,158
160,196,197,159,125,126,161
161,126,127,198,162,160,197
162,199,163,128,198,161,127
163,199,162,128,200,164,129
164,200,201,163,129,165,130
165,202,201,130,131,580,164
166,649,688,133,167,203,132
167,204,203,168,166,133,134
168,135,169,205,204,134,167
169,170,207,135,168,206,205
170,169,207,171,136,208,135
171,136,137,170,209,208,172
172,173,210,209,138,171,137
173,172,210,138,174,211,139
174,175,212,140,139,173,211
175,212,213,174,176,140,141
176,214,213,177,175,142,141
177,142,143,215,178,214,176
178,179,216,215,177,143,144
179,145,180,144,217,178,216
180,179,145,217,218,181,146
181,218,180,146,219,182,220
182,146,147,221,220,181,183
183,222,184,221,182,147,148
184,185,149,148,222,183,223
185,184,149,150,224,186,223
186,224,185,187,225,150,151
187,186,225,152,151,188,226
188,189,153,187,152,227,226
189,188,153,228,227,154,190
190,229,228,189,191,154,155
191,230,192,229,155,156,190
192,123,157,231,230,191,156
193,194,233,273,231,232,157
194,193,233,158,157,195,234
195,234,235,194,159,196,158
196,236,235,160,197,195,159
197,237,236,196,160,161,198
198,161,162,197,237,238,199
199,162,163,198,239,238,200
200,201,240,199,239,164,163
201,165,202,240,200,241,164
202,165,201,580,650,241,242
203,167,204,776,688,243,166
204,243,244,167,203,168,205
205,206,245,168,204,244,169
206,205,245,247,207,169,246
207,169,170,247,206,208,248
208,209,171,249,207,170,248
209,208,171,172,210,249,250
210,172,173,209,250,251,211
211,212,252,251,173,174,210
212,175,213,174,252,211,253
213,212,175,214,176,253,254
214,255,254,213,176,177,215
215,216,256,177,178,255,214
216,256,215,178,179,217,257
217,180,179,257,258,218,216
218,217,180,181,259,219,258
219,260,259,261,218,181,220
220,221,182,262,261,219,181
221,220,182,262,183,222,263
222,264,263,183,184,223,221
223,222,264,184,265,224,185
224,266,265,185,186,225,223
225,267,266,186,187,224,226
226,268,227,267,225,187,188
227,269,268,189,228,226,188
228,270,269,229,189,227,190
229,270,228,190,191,230,271
230,231,272,192,191,229,271
231,272,230,192,193,273,157
232,275,274,319,233,273,193
233,193,194,234,276,275,232
234,276,233,195,235,194,277
235,196,236,278,277,234,195
236,196,235,197,237,279,278
237,197,236,279,280,238,198
238,280,237,198,281,239,199
239,282,281,238,199,240,200
240,201,200,241,282,239,283
241,201,240,242,284,283,202
242,284,285,241,689,650,202
243,204,244,287,286,203,776
244,245,288,243,204,287,205
245,288,244,205,206,289,246
246,291,290,247,206,289,245
247,206,207,291,246,248,292
248,293,249,247,207,292,208
249,294,293,208,209,250,248
250,251,295,294,249,209,210
251,296,295,211,252,250,210
252,212,211,253,297,251,296
253,298,297,252,213,212,254
254,255,214,298,299,253,213
255,299,300,254,214,215,256
256,216,215,301,300,255,257
257,217,258,216,302,301,256
258,257,217,303,302,259,218
259,303,304,260,219,218,258
260,259,219,261,306,305,304
261,260,219,307,306,262,220
262,308,307,261,220,221,263
263,264,222,308,309,262,221
264,263,222,223,310,309,265
265,266,311,224,223,264,310
266,311,265,224,267,312,225
267,313,312,266,225,268,226
268,314,313,227,269,267,226
269,227,268,228,270,315,314
270,228,269,229,271,316,315
271,229,230,316,270,317,272
272,231,230,273,318,317,271
273,318,272,193,231,319,232
274,232,275,319,359,321,320
275,321,322,232,274,276,233
276,234,233,323,322,275,277
277,323,324,235,278,276,234
278,235,277,236,279,324,325
279,326,325,236,278,280,237
280,279,326,237,238,327,281
281,282,239,280,238,327,328
282,281,239,329,328,240,283
283,284,330,282,329,240,241
284,330,331,242,285,283,241
285,731,331,284,242,732,689
286,332,818,287,243,776,775
287,288,333,243,244,332,286
288,245,244,287,333,289
289,333,288,246,290,245
290,246,291,334,333,289
291,246,290,334,335,292,247
292,335,291,293,336,248,247
293,249,294,337,336,248,292
294,249,293,337,338,250,295
295,296,251,339,338,250,294
296,295,251,297,340,339,252
297,296,340,341,298,253,252
298,342,299,341,254,297,253
299,342,298,255,300,343,254
300,299,255,344,343,301,256
301,345,344,300,256,302,257
302,345,301,346,258,303,257
303,346,347,259,304,258,302
304,303,259,347,260,305
305,306,260,382,347,348,411,383,304
306,305,260,348,261,307
307,262,308,261,306,348
308,262,307,263,309,348
309,308,263,264,310,349,348
310,350,349,264,309,311,265
311,266,265,350,310,351,312
312,313,352,267,351,266,311
313,314,268,353,312,352,267
314,313,268,353,315,354,269
315,354,314,355,316,269,270
316,356,317,271,270,315,355
317,356,316,357,271,318,272
318,357,358,273,272,317,319
319,318,273,358,274,232,359
320,392,359,360,361,274,321
321,275,322,362,361,274,320
322,321,275,363,362,276,323
323,277,324,276,322,363,364
324,323,277,325,365,364,278
325,279,326,366,365,324,278
326,279,325,280,366,367,327
327,326,280,368,328,367,281
328,368,327,329,282,281,369
329,369,370,328,282,330,283
330,284,331,283,370,329
331,285,731,777,330,284,370
332,818,286,287,333,817,816,815
333,287,288,289,332,815,290,334
334,290,291,401,424,371,335,333,815
335,336,371,291,292,334
336,293,337,372,335,371,292
337,293,336,294,338,372,373
338,373,374,339,295,337,294
339,338,295,296,340,374,375
340,341,376,296,297,375,339
341,376,340,342,377,297,298
342,298,299,377,341,343,378
343,378,379,344,300,299,342
344,379,380,343,300,301,345
345,301,344,381,346,302,380
346,303,347,381,345,302,382
347,346,303,304,305,382
348,305,306,383,349,307,308,309
349,310,350,383,348,309
350,310,349,383,351,311
351,383,350,352,312,384,311
352,353,385,312,313,351,384
353,385,352,354,386,313,314
354,353,386,315,314,387,355
355,315,354,316,387,388,356
356,357,389,316,317,355,388
357,358,390,356,389,318,317
358,359,391,390,357,318,319
359,391,358,320,392,319,274
360,394,393,392,418,361,320
361,394,395,362,321,360,320
362,363,322,321,396,361,395
363,362,322,396,323,397,364
364,398,397,323,363,365,324
365,325,366,399,398,364,324
366,325,365,399,400,326,367
367,366,326,400,327,368
368,327,328,367,400,369
369,329,370,328,368,400
370,369,329,331,777,330,400,439
371,335,336,372,401,334
372,373,402,401,336,337,371
373,338,374,372,402,403,337
374,373,338,403,339,404,375
375,376,405,340,404,374,339
376,341,340,375,405,406,377
377,407,406,342,341,378,376
378,343,379,342,408,377,407
379,344,380,378,343,409,408
380,379,344,410,409,381,345
381,345,346,380,410,382,411
382,381,346,305,347,411
383,454,447,412,384,411,305,348,349,350,351
384,412,383,351,352,385
385,353,352,386,412,384
386,353,354,387,412,385
387,354,386,355,413,412,388
388,413,414,389,387,355,356
389,415,390,356,357,388,414
390,415,389,358,357,416,391
391,359,358,417,416,392,390
392,320,359,417,391,360,418
393,360,394,436,418,419,420
394,360,393,420,421,361,395
395,394,361,396,362,421,422
396,362,363,395,422,397,423
397,364,398,423,396,363
398,365,399,364,397,423
399,423,400,365,398,366
400,423,399,439,366,367,368,369,370
401,372,402,424,334,371
402,372,373,403,401,425,424
403,425,426,404,374,373,402
404,403,426,375,405,427,374
405,406,428,375,376,427,404
406,407,377,405,428,429,376
407,406,377,430,408,429,378
408,409,431,379,378,430,407
409,432,431,410,380,408,379
410,411,432,409,380,381
411,432,410,446,454,383,381,382,305
412,383,384,386,385,433,447,387,413
413,388,414,387,412,433
414,413,388,389,433,415
415,389,390,416,414,433
416,417,391,415,390,433,434
417,416,391,392,435,434,418
418,393,436,392,360,435,417
419,437,448,436,393,420,438
420,393,419,394,421,438,439
421,420,394,439,395,422
422,396,395,421,439,423
423,399,400,439,397,396,422,398
424,425,440,449,402,401,334,815
425,440,424,403,426,402
426,425,403,404,427,441,440
427,428,442,441,405,426,404
428,442,427,405,406,443,429
429,443,428,406,444,407,430
430,445,444,431,407,408,429
431,432,409,446,445,408,430
432,411,410,431,409,446
433,434,447,412,413,414,415,416
434,447,435,433,417,416
435,447,436,434,417,418
436,447,435,393,418,419,448
437,419,448,438,439,447
438,439,437,419,420
439,438,437,423,400,420,421,422,370,777
440,425,424,449,441,426
441,442,450,427,440,449,426
442,441,450,428,427,443,451
443,451,442,428,452,429,444
444,452,443,445,453,430,429
445,454,453,444,446,430,431
446,411,432,454,445,431
447,454,383,435,436,434,433,412,448,437
448,419,437,436,447
449,440,424,455,458,450,441
450,441,442,451,455,449
451,455,450,443,442,452,456
452,451,443,453,457,444,456
453,454,445,457,452,444
454,383,447,457,459,453,445,446,411
455,451,450,458,449,456
456,459,458,455,451,457,452
457,454,459,453,452,456
458,456,459,455,449
459,456,458,457,454
460,945,464,461,927,465,921
461,1003,927,460,466,467,465
462,26,479,463,1000,7
463,462,479,480,945,464,1000
464,945,460,465,481,463,480
465,481,482,464,461,460,466
466,482,483,461,467,484,465
467,1003,468,485,484,466,461
468,1003,467,469,486,485,962
469,470,941,487,486,468,962
470,469,941,487,488,471,1004
471,488,470,489,1004,472,980
472,490,489,471,491,473,980
473,952,474,472,491,492,980
474,952,473,961,1005,493,492
475,922,929,476,496,992,495
476,477,498,922,475,496,497
477,922,931,498,476,522,8,935
478,499,479,26,523,72,47
479,500,499,478,26,462,463,480
480,463,479,464,481,500,501
481,501,502,465,482,464,480
482,466,483,481,465,503,502
483,482,466,503,484,505,504
484,505,506,467,485,466,483
485,467,484,468,507,486,506
486,487,508,469,468,507,485
487,469,470,508,486,488,509
488,470,471,510,509,489,487
489,510,488,471,472,490,511
490,513,512,472,489,511,491
491,492,514,513,490,472,473
492,514,491,515,474,493,473
493,494,516,474,492,515,1005
494,495,992,1005,493,516,517
495,494,992,496,518,517,475
496,475,476,518,495,497,519
497,520,519,521,498,476,496
498,521,522,477,476,497
499,500,479,478,523,524
500,499,479,480,524,525,501
501,481,502,526,525,480,500
502,501,481,526,503,527,482
503,502,527,482,483,528,504
504,505,530,529,483,503,528
505,484,506,504,530,483,531
506,505,484,532,531,507,485
507,508,533,486,532,485,506
508,533,507,487,486,509,534
509,510,488,487,508,534,535
510,509,488,489,511,535,536
511,510,489,490,512,536,537
512,490,513,511,537,538,539
513,491,514,540,539,490,512
514,492,491,513,515,541,540
515,514,492,541,516,542,493
516,493,494,515,542,543,517
517,544,518,543,495,494,516
518,544,517,496,495,545,519
519,497,520,496,546,545,518
520,497,519,521,548,546,547
521,498,522,549,497,520,548
522,521,498,549,477,8,27,48
523,524,551,72,478,499,550,100
524,523,551,552,499,500,525
525,501,526,553,552,500,524
526,501,502,553,554,527,525
527,502,503,526,555,554,528
528,527,503,556,529,504,555
529,557,556,530,558,504,528
530,504,505,529,558,531,559
531,560,559,506,532,505,530
532,561,560,506,531,507,533
533,508,507,532,561,562,534
534,508,509,533,562,563,535
535,536,564,509,510,534,563
536,535,564,510,511,537,565
537,566,565,536,511,512,538
538,539,568,537,512,566,567
539,569,568,513,540,538,512
540,513,539,541,514,569,570
541,571,570,514,515,540,542
542,515,516,543,572,571,541
543,542,516,517,544,572,573
544,517,518,573,574,543,545
545,546,575,518,544,519,574
546,547,576,575,545,520,519
547,577,576,578,548,546,520
548,578,547,579,549,520,521
549,521,522,613,73,48,579,548
550,580,131,100,523,551,581
551,523,524,552,582,550,581
552,525,553,582,551,524,583
553,526,554,525,552,584,583
554,553,526,584,585,555,527
555,586,585,554,527,528,556
556,557,529,528,555,586,587
557,556,529,588,587,558,589
558,590,589,529,530,557,559
559,560,531,530,558,590,591
560,559,531,561,532,592,591
561,560,532,562,593,533,592
562,593,561,533,563,594,534
563,595,594,562,534,535,564
564,596,565,535,536,563,595
565,597,566,596,564,537,536
566,597,565,567,598,537,538
567,599,598,568,600,566,538
568,539,569,600,567,538,601
569,539,568,601,602,570,540
570,541,571,603,602,569,540
571,604,603,572,541,570,542
572,605,604,571,573,542,543
573,544,574,605,572,543,606
574,573,544,575,607,545,606
575,608,607,576,574,546,545
576,577,547,608,575,546,609
577,610,611,576,547,609,578
578,547,548,611,577,579,612
579,612,613,548,549,578
580,131,550,650,202,165,614,581
581,615,582,614,580,550,551
582,615,581,552,551,583,616
583,616,582,617,553,584,552
584,553,554,585,583,617,618
585,586,555,584,554,619,618
586,585,555,587,620,619,556
587,588,621,620,586,557,556
588,587,621,557,589,623,622
589,558,590,624,623,557,588
590,558,589,625,624,559,591
591,560,592,625,590,626,559
592,626,627,560,591,561,593
593,562,561,592,627,628,594
594,628,629,563,595,562,593
595,630,629,563,594,564,596
596,631,630,564,565,595,597
597,565,566,632,598,596,631
598,567,599,566,632,597,633
599,635,634,633,567,598,600
600,635,599,568,567,601,636
601,568,600,569,602,637,636
602,638,637,601,569,570,603
603,571,604,638,639,570,602
604,571,603,572,605,639,640
605,572,604,573,606,641,640
606,607,642,641,605,574,573
607,608,575,606,642,574,643
608,607,575,576,643,609,644
609,576,608,577,644,610,645
610,577,611,646,645,647,609
611,610,577,647,648,578,612
612,579,613,132,649,578,611,648
613,612,579,101,132,549,73
614,651,650,615,581,580
615,581,582,651,614,652,616
616,583,582,617,653,652,615
617,616,583,584,653,654,618
618,617,584,655,654,619,585
619,656,620,585,586,655,618
620,656,619,587,586,657,621
621,587,588,657,620,622,658
622,659,660,658,621,588,623
623,661,624,589,588,622,660
624,661,623,662,590,625,589
625,590,624,663,662,591,626
626,592,627,664,663,625,591
627,626,592,664,593,628,665
628,594,629,666,665,627,593
629,595,630,628,594,666,667
630,595,629,631,668,596,667
631,668,630,596,669,597,632
632,597,598,631,633,670,669
633,599,634,671,670,632,598
634,635,599,672,673,633,671
635,634,599,674,673,600,636
636,675,674,635,601,637,600
637,638,602,676,675,601,636
638,603,639,637,602,676,677
639,638,603,640,678,677,604
640,679,641,639,678,604,605
641,679,640,642,606,605,680
642,606,607,641,680,681,643
643,608,607,642,644,682,681
644,683,682,645,643,608,609
645,683,684,646,610,644,609
646,647,686,685,645,610,684
647,686,646,611,648,610,687
648,647,611,612,649,688,687
649,166,688,612,132,648
650,651,614,580,202,689,242,690
651,650,614,615,652,691,690
652,691,651,616,653,615,692
653,616,652,693,692,617,654
654,694,693,617,653,618,655
655,619,656,618,654,695,694
656,619,620,655,695,657,696
657,697,696,656,620,658,621
658,698,697,657,659,622,621
659,622,660,700,699,658,698
660,659,622,623,661,700,701
661,623,624,662,660,702,701
662,661,624,703,702,663,625
663,662,625,704,703,664,626
664,626,627,705,704,663,665
665,706,666,628,705,664,627
666,706,665,707,628,629,667
667,708,668,630,629,666,707
668,709,669,631,630,708,667
669,709,710,670,668,631,632
670,710,669,711,633,632,671
671,633,634,712,672,711,670
672,634,673,712,671,714,713
673,672,634,635,674,714,715
674,635,673,636,675,715,716
675,676,717,636,674,637,716
676,675,717,637,638,718,677
677,639,678,718,676,719,638
678,639,640,677,679,719,720
679,640,641,721,720,678,680
680,641,642,681,722,679,721
681,723,722,682,680,642,643
682,644,683,723,681,724,643
683,644,682,645,684,725,724
684,683,645,726,685,725,646
685,727,728,686,646,726,684
686,647,646,685,687,729,728
687,647,648,686,688,729,730
688,776,730,203,649,166,648,687
689,732,285,242,650,690
690,732,733,691,689,650,651
691,733,690,652,651,734,692
692,735,693,734,691,653,652
693,694,736,654,735,692,653
694,736,693,654,695,737,655
695,737,738,694,656,655,696
696,738,739,697,657,695,656
697,696,657,698,658,739,740
698,741,740,699,697,658,659
699,743,700,698,741,742,659
700,743,699,701,744,659,660
701,700,744,702,661,660,745
702,703,662,661,701,745,746
703,702,662,746,747,663,704
704,663,703,747,664,705,748
705,749,706,665,748,664,704
706,665,666,707,750,749,705
707,706,666,750,751,708,667
708,751,752,709,667,668,707
709,669,710,752,708,668,753
710,754,753,709,669,670,711
711,710,670,755,754,671,712
712,756,713,671,672,755,711
713,756,757,714,758,712,672
714,758,713,672,673,759,715
715,674,716,673,760,759,714
716,715,674,761,760,675,717
717,675,676,716,761,718,762
718,717,676,762,677,763,719
719,764,763,720,718,677,678
720,721,765,764,719,679,678
721,722,766,720,765,679,680
722,766,721,723,681,767,680
723,722,681,682,724,768,767
724,723,682,768,683,725,769
725,770,769,684,683,726,724
726,727,685,771,684,725,770
727,685,728,726,771,773,772
728,727,685,773,729,686,774
729,728,686,687,730,775,774
730,688,776,687,775,729
731,285,331,777,732
732,777,731,778,690,733,285,689
733,732,690,691,734,779,778
734,735,780,691,733,779,692
735,734,780,736,781,692,693
736,782,781,735,694,693,737
737,695,738,782,736,694,783
738,737,695,696,739,783,784
739,738,696,784,785,697,740
740,786,785,741,698,739,697
741,786,740,698,699,787,742
742,788,787,743,699,741,789
743,699,700,742,744,789,790
744,700,701,743,745,790,791
745,792,746,791,744,701,702
746,792,745,747,793,703,702
747,793,746,703,794,748,704
748,749,795,794,747,705,704
749,705,706,795,748,796,750
750,707,706,797,796,751,749
751,708,752,797,750,707,798
752,751,708,709,753,799,798
753,754,710,709,800,752,799
754,753,710,800,755,711
755,754,711,800,712,756
756,713,757,712,800,755
757,756,713,758,800,865,837,801,838
758,714,713,757,759,801
759,802,801,758,714,715,760
760,802,803,716,761,715,759
761,716,760,804,803,717,762
762,804,805,763,718,717,761
763,764,719,806,805,762,718
764,763,719,720,765,807,806
765,720,721,766,764,807,808
766,722,721,767,765,809,808
767,766,722,768,810,723,809
768,723,724,810,767,769,811
769,725,770,724,768,811,812
770,725,769,726,771,813,812
771,727,726,772,814,813,770
772,773,727,815,814,771
773,727,728,774,816,772,815
774,816,773,775,817,729,728
775,818,817,776,286,730,774,729
776,688,730,203,286,243,775
777,731,732,331,778,370,439,819,851
778,819,779,732,777,733
779,819,778,734,733,780
780,734,735,781,819,779
781,782,736,735,780,819,820
782,781,736,737,821,820,783
783,822,821,782,784,737,738
784,739,785,823,783,822,738
785,786,740,784,739,823,824
786,785,740,741,787,825,824
787,742,788,825,786,741,826
788,742,787,826,827,789,828
789,829,790,828,788,743,742
790,829,789,743,744,791,830
791,792,745,790,744,830,831
792,745,746,831,832,791,793
793,747,746,832,792,833,794
794,833,793,747,748,795,834
795,834,835,749,748,796,794
796,797,836,750,835,795,749
797,836,837,796,750,751,798
798,751,752,797,837,799
799,752,753,798,800,837
800,754,753,756,757,755,799,837
801,759,802,758,757,838
802,760,803,759,801,839,838
803,802,760,839,761,804,840
804,762,805,840,841,761,803
805,806,763,804,762,841,842
806,805,763,842,843,764,807
807,764,765,808,806,844,843
808,844,845,809,766,807,765
809,810,846,767,766,808,845
810,768,767,847,811,846,809
811,848,847,768,769,812,810
812,849,813,770,811,848,769
813,849,850,812,814,771,770
814,772,771,815,850,813
815,332,333,424,334,772,773,816,814,850,903,916
816,817,332,774,773,815
817,332,816,818,775,774
818,332,286,817,775
819,778,779,780,777,851,781,820
820,821,782,819,851,781
821,822,851,820,782,783
822,821,851,852,783,784,823
823,784,785,853,852,822,824
824,853,823,785,786,854,825
825,787,786,826,855,824,854
826,788,827,825,855,856,787
827,826,788,857,856,828,858
828,789,788,829,859,858,827
829,789,790,859,828,830,860
830,861,831,860,829,790,791
831,861,830,792,832,862,791
832,831,792,862,863,793,833
833,863,864,832,834,793,794
834,795,835,864,833,794
835,834,795,796,836,864
836,797,837,796,835,864
837,864,895,836,797,865,904,798,757,799,800
838,839,865,801,757,802
839,838,865,866,802,803,840
840,867,841,804,866,839,803
841,867,840,804,805,868,842
842,805,806,843,841,868,869
843,806,842,870,869,844,807
844,808,845,843,870,871,807
845,872,871,844,808,846,809
846,873,872,845,810,847,809
847,848,811,810,874,873,846
848,847,811,812,849,875,874
849,813,850,812,875,848
850,892,903,849,813,814,815,875
851,821,822,852,777,819,820,876
852,822,851,853,876,823
853,852,876,823,824,854
854,855,876,853,824,825
855,877,856,876,854,825,826
856,857,827,878,877,855,826
857,880,879,856,827,858,878
858,859,881,828,827,880,857
859,858,881,829,828,882,860
860,861,883,882,830,829,859
861,860,883,862,830,831
862,861,883,832,863,831
863,833,864,862,832,883
864,837,895,863,833,883,834,835,836
865,838,839,866,837,904,757,896,884
866,865,839,840,867,884
867,840,841,885,884,868,866
868,867,841,885,869,886,842
869,887,886,870,843,868,842
870,888,871,869,887,843,844
871,888,870,845,872,889,844
872,845,871,846,873,890,889
873,846,872,874,891,890,847
874,892,891,875,848,847,873
875,849,850,848,874,892
876,852,853,877,893,855,854,851
877,893,876,856,878,855
878,856,877,879,893,857
879,857,880,893,878,894
880,857,879,858,894,881,895
881,858,859,880,895,882
882,883,895,860,881,859
883,882,895,860,861,862,863,864
884,885,867,866,865,896
885,884,867,868,886,897,896
886,869,887,868,898,885,897
887,869,886,870,888,898,899
888,870,871,887,889,900,899
889,872,890,871,888,901,900
890,872,889,891,902,901,873
891,892,874,890,902,903,873
892,850,903,891,874,875
893,894,895,877,876,879,878
894,895,893,880,879
895,864,837,894,893,882,883,880,881,904
896,904,865,884,885,897
897,898,886,885,905,896,904
898,905,906,899,886,887,897
899,898,906,900,888,907,887
900,908,901,899,888,907,889
901,902,909,908,900,890,889
902,901,909,890,891,903
903,892,850,815,891,902,909,913,916
904,837,865,895,896,905,910,897,914
905,898,906,897,904,910
906,905,898,899,907,911,910
907,906,899,911,900,908,912
908,900,901,913,912,909,907
909,901,902,908,903,913
910,904,905,911,914,906
911,915,914,910,906,907,912
912,908,913,916,911,915,907
913,908,912,916,903,909
914,911,915,910,904
915,911,914,912,916
916,912,913,903,815,915
917,936,939,918,934,12,13
918,993,934,917,1002,12,11
919,943,942,999,959,938,950
920,940,933,946,947,930,937
921,957,944,927,460,945,958
922,477,931,476,475,929,924
923,964,949,926,951,925,963
924,953,979,960,929,922,931
925,19,966,949,18,926,923
926,951,923,17,998,18,925
927,1003,461,944,981,460,921
928,954,932,955,948,971,972
929,922,475,960,924,983,992
930,976,933,978,937,920,977
931,477,922,935,953,924
932,933,969,954,928,948,976
933,969,932,940,920,976,930
934,918,993,917,995,936,994
935,8,477,967,956,953,931
936,917,939,934,995,997,996
937,985,947,930,978,920,984
938,6,5,950,975,942,919
939,917,936,13,14,997,998,2
940,969,933,920,990,989,946
941,470,469,962,988,987,1004
942,943,973,919,974,975,938
943,942,973,919,999,970
944,927,981,989,990,921,957
945,460,464,463,1000,958,921
946,988,989,940,920,947,987
947,937,985,946,920,987,986
948,955,928,976,932,965,1001
949,923,964,974,973,966,925
950,938,6,7,959,1000,919
951,926,923,963,996,997,998
952,474,473,986,980,985,961
953,924,979,956,935,982,931
954,928,932,970,971,969,968
955,948,928,965,995,996,972
956,935,967,1002,982,993,953
957,990,991,921,944,958
958,1000,959,991,957,945,921
959,1000,958,919,999,950,991
960,978,977,979,983,984,924,929
961,983,984,1005,474,952,985
962,988,941,1003,981,469,468
963,964,972,951,996,923
964,963,972,923,949,971,973,970
965,995,994,948,955,982,1001
966,19,925,974,1,20,949
967,8,9,1002,10,935,956
968,969,954,970,999,991
969,933,932,940,968,954,990,991
970,954,971,964,973,968,999,943
971,954,970,928,972,964
972,964,963,928,971,996,955
973,943,942,974,949,964,970
974,949,973,942,975,1,966
975,974,942,1,938,5,4
976,948,932,933,930,1001,977
977,960,978,979,930,1001,976
978,960,977,930,937,984
979,953,924,977,960,982,1001
980,986,952,1004,471,472,473
981,927,944,989,988,1003,962
982,956,993,994,965,1001,953,979
983,961,984,1005,960,992,929
984,983,961,960,978,937,985
985,937,947,986,952,961,984
986,1004,987,947,985,952,980
987,941,988,947,946,986,1004
988,981,989,946,962,941,987
989,981,988,944,990,946,940
990,989,944,957,991,940,969
991,990,957,999,959,968,969,958
992,495,494,1005,983,929,475
993,918,934,1002,994,956,982
994,995,965,993,934,982
995,994,965,934,936,955,996
996,963,951,936,997,995,955,972
997,998,939,936,996,951
998,2,16,997,939,17,926,951
999,919,943,959,991,970,968
1000,959,958,950,945,462,463,7
1001,965,982,948,976,977,979
1002,993,918,10,967,11,956
1003,461,927,468,467,981,962
1004,470,471,986,987,941,980
1005,961,983,494,992,474,493
