1,10,36,1341,1303,11,9
2,13,12,1191,3,1341,1266
3,14,1158,1186,2,1191,13
4,1257,5,1162,1193,17,18
5,18,19,4,1257,1265,20
6,1292,7,27,26,1187,1247
7,6,1292,1321,29,28,27
8,1168,1221,32,1343,31,1263
9,1303,1302,35,36,1218,1
10,36,1,66,37,11,38
11,39,38,12,1,1341,10
12,40,39,13,2,11,1341
13,12,40,2,41,14,3
14,1158,15,42,41,3,13
15,1158,14,43,42,594,1293
16,1166,1162,650,620,44,17
17,1162,4,44,45,18,16
18,5,19,46,45,4,17
19,47,48,18,5,46,20
20,49,48,19,1265,5,21
21,50,49,20,22,1288,1265
22,50,51,1342,23,21,1288
23,51,52,22,1342,1181,24
24,1181,1175,23,25,53,52
25,1175,1187,26,24,53,54
26,25,1187,6,27,54,55
27,6,26,55,7,28,56
28,29,58,7,57,56,27
29,28,58,7,1321,30,59
30,59,29,60,31,1343,1321
31,1343,8,32,61,60,30
32,8,1168,33,62,31,61
33,63,34,1182,32,62,1168
34,63,33,1182,64,35,1218
35,9,36,1218,65,64,34
36,10,1,35,9,66,65
37,67,68,66,10,99,38
38,11,39,68,37,69,10
39,11,38,12,40,70,69
40,12,39,71,70,13,41
41,42,72,40,71,14,13
42,72,73,41,43,15,14
43,73,42,15,651,594,621,652
44,74,75,45,17,16,650
45,75,76,18,46,44,17
46,18,19,77,76,45,47
47,19,48,46,78,79,77
48,47,19,20,49,79,80
49,20,48,81,80,50,21
50,22,51,81,82,49,21
51,23,52,50,22,83,82
52,51,23,83,53,84,24
53,84,85,54,52,25,24
54,55,86,85,53,25,26
55,56,87,54,86,26,27
56,55,87,57,88,28,27
57,56,88,58,28,90,89
58,28,29,57,90,91,59
59,92,60,30,29,58,91
60,92,59,61,93,30,31
61,93,60,94,62,31,32
62,94,61,32,33,95,63
63,33,34,64,96,95,62
64,96,63,35,65,97,34
65,36,66,35,64,97,98
66,10,37,99,36,65,98
67,37,68,135,99,101,100
68,69,102,101,67,37,38
69,68,102,70,39,38,103
70,103,104,40,71,69,39
71,72,105,40,70,104,41
72,42,73,71,105,106,41
73,72,42,107,106,43,651
74,44,75,684,650,108
75,108,109,74,44,45,76
76,109,110,77,46,75,45
77,76,46,110,111,78,47
78,112,113,111,47,79,77
79,113,114,78,47,80,48
80,81,49,114,79,115,48
81,82,116,50,80,49,115
82,117,83,116,81,50,51
83,51,52,117,82,118,84
84,119,118,53,85,52,83
85,119,120,84,53,54,86
86,121,120,87,54,55,85
87,86,121,55,56,88,122
88,89,123,56,57,122,87
89,88,123,125,124,90,57
90,125,89,57,58,126,91
91,90,58,126,127,92,59
92,59,60,93,127,128,91
93,61,60,92,129,94,128
94,95,130,129,93,61,62
95,130,94,131,96,63,62
96,64,63,132,131,95,97
97,132,133,98,65,96,64
98,133,134,99,97,65,66
99,135,134,98,67,37,66
100,174,136,135,101,137,67
101,102,138,68,137,100,67
102,68,69,138,101,139,103
103,70,104,69,139,102,140
104,103,70,141,140,105,71
105,71,72,142,141,106,104
106,105,72,107,73,142,143
107,106,73,143,721,651,685
108,75,109,144,145,684,74,720
109,76,110,146,108,75,145
110,109,76,146,111,147,77
111,147,148,112,78,110,77
112,78,113,111,149,150,148
113,79,114,112,78,151,150
114,113,79,152,115,151,80
115,152,153,114,116,81,80
116,154,153,117,82,81,115
117,116,154,155,118,82,83
118,156,155,119,84,117,83
119,120,157,118,84,85,156
120,158,157,86,121,119,85
121,86,120,158,87,122,159
122,160,159,123,88,121,87
123,160,122,88,89,161,124
124,89,125,163,162,123,161
125,164,163,89,124,90,126
126,90,125,164,165,127,91
127,165,126,166,128,91,92
128,166,127,92,93,167,129
129,168,167,93,94,130,128
130,95,94,169,131,129,168
131,170,132,169,130,96,95
132,133,171,170,131,96,97
133,171,132,98,134,172,97
134,135,173,133,98,172,99
135,173,134,174,100,99,67
136,174,100,137,176,216,175
137,138,177,136,176,101,100
138,137,177,139,178,102,101
139,140,179,178,138,102,103
140,139,179,180,141,104,103
141,105,142,140,104,180,181
142,105,141,181,106,143,182
143,182,183,142,106,721,107
144,108,145,801,184,720,759
145,185,146,144,108,184,109
146,185,145,109,110,147,186
147,146,186,187,111,148,110
148,147,111,187,188,112,149
149,189,190,150,112,188,148
150,149,190,113,151,112,191
151,192,152,113,114,150,191
152,115,153,192,151,193,114
153,152,115,116,154,194,193
154,116,153,195,155,194,117
155,118,156,195,154,196,117
156,197,157,118,155,119,196
157,198,197,156,120,158,119
158,120,157,121,198,159,199
159,122,160,121,199,158,200
160,122,159,200,201,123,161
161,201,202,160,123,124,162
162,124,163,204,161,202,203
163,164,125,124,162,204,205
164,163,125,206,205,165,126
165,166,207,206,164,126,127
166,165,207,208,167,127,128
167,168,209,208,166,129,128
168,209,167,129,130,169,210
169,131,170,130,168,210,211
170,131,132,211,212,169,171
171,133,132,170,212,213,172
172,173,214,213,171,133,134
173,135,134,214,215,174,172
174,100,136,135,173,216,215
175,216,136,261,218,217,176
176,136,137,219,218,175,177
177,137,138,178,176,219,220
178,139,138,177,179,220,221
179,139,140,180,178,221,222
180,140,179,222,223,141,181
181,223,224,180,141,142,182
182,143,183,224,225,142,181
183,182,143,226,225,721,760,802
184,185,145,801,144,227,847
185,145,146,184,227,228,186
186,146,147,187,228,229,185
187,229,230,186,147,188,148
188,231,230,189,187,148,149
189,231,232,149,190,188,233
190,234,233,189,149,150,191
191,234,235,151,150,190,192
192,236,235,151,152,193,191
193,152,192,237,236,194,153
194,237,238,193,154,153,195
195,239,238,154,155,196,194
196,240,239,197,195,155,156
197,198,157,156,196,240,241
198,197,157,158,241,242,199
199,159,158,200,243,242,198
200,160,201,243,244,199,159
201,161,202,200,160,244,245
202,201,161,203,246,245,162
203,204,248,202,246,247,162
204,162,163,205,249,248,203
205,164,206,249,204,163,250
206,164,205,207,251,165,250
207,165,166,206,251,208,252
208,167,209,253,207,252,166
209,254,253,210,168,167,208
210,254,209,211,255,169,168
211,210,255,256,170,212,169
212,211,170,256,171,213,257
213,258,214,212,257,171,172
214,173,215,258,259,213,172
215,214,173,260,259,216,174
216,261,260,136,174,175,215
217,263,262,218,309,261,175
218,176,219,263,217,175,264
219,176,218,265,264,177,220
220,177,178,265,219,266,221
221,267,266,178,179,220,222
222,268,223,267,179,180,221
223,181,224,269,268,222,180
224,223,181,269,225,270,182
225,224,270,271,183,226,182
226,183,225,802,848,271
227,272,847,273,228,185,184
228,274,273,227,229,186,185
229,187,230,274,275,228,186
230,229,187,276,231,275,188
231,276,277,189,232,230,188
232,279,278,277,231,189,233
233,190,234,279,280,232,189
234,190,233,191,235,281,280
235,192,236,234,191,282,281
236,192,235,193,237,283,282
237,194,238,193,236,284,283
238,237,194,285,284,195,239
239,195,238,240,196,285,286
240,239,196,287,286,197,241
241,242,288,287,240,197,198
242,289,288,241,198,199,243
243,200,244,199,242,290,289
244,245,291,243,200,201,290
245,292,291,244,246,202,201
246,293,292,202,203,247,245
247,295,248,293,294,246,203
248,295,247,204,203,296,249
249,297,296,205,204,248,250
250,251,298,297,249,205,206
251,298,250,299,252,206,207
252,253,300,299,251,207,208
253,301,300,252,254,209,208
254,253,209,210,301,255,302
255,303,302,210,211,256,254
256,211,255,303,212,304,257
257,212,213,258,256,304,305
258,306,259,214,213,305,257
259,306,258,215,260,214,307
260,215,259,216,261,308,307
261,216,260,309,217,308,175
262,217,263,311,310,360,309
263,264,312,217,262,218,311
264,263,312,219,265,218,313
265,219,264,314,266,313,220
266,314,265,315,267,221,220
267,316,315,268,222,266,221
268,222,223,317,269,316,267
269,224,223,317,268,270,318
270,318,269,224,225,319,271
271,319,320,270,225,226,848
272,847,227,896,273,321
273,322,321,274,228,272,227
274,229,275,323,322,273,228
275,274,229,323,324,230,276
276,231,277,230,325,324,275
277,278,326,276,231,232,325
278,327,328,277,326,232,279
279,232,278,329,280,328,233
280,329,279,330,281,233,234
281,330,280,282,331,235,234
282,283,332,331,281,235,236
283,332,282,237,236,284,333
284,238,285,334,237,283,333
285,238,284,239,334,335,286
286,287,240,335,336,285,239
287,288,337,286,240,241,336
288,289,242,287,337,241,338
289,288,242,338,339,290,243
290,291,340,339,243,244,289
291,245,292,340,290,341,244
292,245,291,341,342,293,246
293,343,342,294,292,247,246
294,344,343,345,293,247,295
295,247,248,345,294,296,346
296,297,347,249,295,248,346
297,296,347,249,250,298,348
298,251,250,297,348,299,349
299,300,350,349,252,298,251
300,301,253,252,299,350,351
301,300,253,351,352,302,254
302,255,303,352,301,353,254
303,255,302,304,354,256,353
304,355,354,303,305,256,257
305,304,355,258,306,356,257
306,258,259,307,357,305,356
307,357,306,308,358,260,259
308,359,358,261,309,260,307
309,261,217,262,308,360,359
310,361,411,362,262,311,360
311,363,362,262,310,312,263
312,263,264,363,364,311,313
313,365,364,265,314,264,312
314,315,366,265,266,313,365
315,367,366,267,316,314,266
316,267,315,367,368,268,317
317,268,269,316,368,318,369
318,270,269,317,369,370,319
319,271,320,318,270,370,371
320,897,848,319,271,372,371
321,273,322,373,272,996,946,896
322,274,323,373,374,273,321
323,275,324,274,322,375,374
324,323,275,375,325,276,376
325,377,326,376,324,276,277
326,277,278,377,378,325,327
327,278,328,379,378,380,326
328,327,278,380,381,279,329
329,279,280,330,328,381,382
330,280,281,329,383,382,331
331,383,384,282,332,330,281
332,283,282,385,384,333,331
333,334,386,385,283,284,332
334,386,387,335,285,284,333
335,286,336,388,334,387,285
336,337,389,335,286,388,287
337,390,338,389,336,287,288
338,390,337,339,391,288,289
339,391,338,340,392,290,289
340,339,392,291,290,341,393
341,393,340,291,394,342,292
342,293,343,395,394,341,292
343,293,342,294,344,395
344,294,343,444,395,345,396
345,344,294,396,295,346
346,295,345,296,347,397,396
347,348,398,296,297,346,397
348,398,347,349,399,297,298
349,399,348,400,299,350,298
350,401,351,299,300,349,400
351,401,350,300,301,352,402
352,301,302,353,351,402,403
353,403,404,352,302,303,354
354,304,355,303,405,404,353
355,304,354,305,406,356,405
356,407,406,355,305,357,306
357,408,407,307,306,358,356
358,359,308,408,409,357,307
359,358,308,360,410,409,309
360,410,411,310,262,359,309
361,310,411,458,412,413,362
362,311,363,310,361,413,414
363,311,362,312,364,414,415
364,365,313,415,416,363,312
365,364,313,314,366,417,416
366,315,367,314,418,365,417
367,315,366,418,316,368,419
368,420,419,367,316,317,369
369,317,318,368,420,421,370
370,369,318,422,371,421,319
371,422,370,372,320,423,319
372,947,997,371,320,897,423
373,424,996,374,425,322,321
374,373,425,322,323,375,426
375,323,324,427,376,426,374
376,377,325,427,375,428,324
377,326,378,325,428,376
378,377,326,379,428,327
379,378,428,327,380,429
380,328,381,429,379,430,327
381,380,328,430,431,329,382
382,330,383,432,431,381,329
383,330,382,331,384,433,432
384,332,385,383,331,434,433
385,386,435,434,332,384,333
386,385,435,334,387,436,333
387,388,437,386,334,436,335
388,437,387,438,336,335,389
389,337,336,439,438,388,390
390,337,338,391,389,440,439
391,339,338,390,441,440,392
392,339,340,393,442,391,441
393,443,442,341,340,394,392
394,443,393,395,342,341,444
395,394,342,444,344,343
396,549,572,445,510,562,345,344,444,346,397
397,346,347,396,398,445
398,348,347,399,445,397
399,349,348,398,400,445,446
400,399,349,446,447,350,401
401,350,351,400,402,447,448
402,449,403,351,352,401,448
403,353,404,449,402,450,352
404,403,353,450,451,405,354
405,452,451,406,355,354,404
406,356,407,405,452,453,355
407,356,406,453,454,357,408
408,358,409,357,407,454,455
409,408,358,456,455,410,359
410,456,457,360,411,359,409
411,310,361,457,458,410,360
412,413,460,459,494,458,361
413,460,412,461,361,414,362
414,461,413,462,415,362,363
415,364,416,414,462,463,363
416,415,364,463,464,365,417
417,418,465,366,365,416,464
418,417,465,366,367,419,466
419,368,420,467,418,466,367
420,368,419,467,468,369,421
421,420,369,468,370,422
422,423,468,370,371,421
423,468,422,997,1041,371,372
424,373,996,425,1040
425,373,374,426,424,1040
426,375,427,374,1039,425,1040
427,375,376,1038,1039,428,426
428,429,469,498,521,1037,378,379,377,1038,376,427
429,469,428,430,380,379
430,431,470,469,429,381,380
431,432,471,382,430,470,381
432,472,471,433,431,382,383
433,384,434,432,472,383,473
434,435,385,474,384,433,473
435,385,386,475,436,434,474
436,475,435,476,437,386,387
437,388,387,438,476,436,477
438,437,388,478,477,439,389
439,440,479,478,438,389,390
440,479,439,441,391,390,480
441,442,481,440,391,392,480
442,441,481,443,393,392,482
443,442,393,394,482,444
444,395,344,531,482,562,394,443,396
445,510,396,446,483,398,399,397
446,483,445,399,400,447
447,448,483,400,446,401
448,447,483,449,484,401,402
449,484,448,402,403,485,450
450,486,485,403,404,451,449
451,405,452,404,450,486,487
452,488,453,405,451,406,487
453,488,452,407,406,489,454
454,453,407,490,489,455,408
455,491,490,456,409,454,408
456,492,491,457,455,409,410
457,492,456,411,458,493,410
458,457,411,361,494,412,493
459,460,496,412,520,494,495
460,413,412,459,496,461,497
461,413,460,497,414,462
462,463,497,461,414,415
463,464,497,462,415,416
464,497,463,416,417,465
465,417,418,466,497,464
466,467,497,465,418,419
467,420,419,466,497,468
468,423,422,420,467,497,1076,1041,421,1134
469,429,428,498,470,430
470,499,498,471,469,430,431
471,470,499,500,472,432,431
472,500,471,432,433,473,501
473,474,502,434,501,433,472
474,473,502,435,475,503,434
475,435,436,504,476,474,503
476,505,504,436,437,475,477
477,438,478,506,505,437,476
478,438,477,479,507,439,506
479,508,507,480,440,439,478
480,508,479,440,509,441,481
481,441,442,482,509,480
482,509,481,444,531,443,442
483,446,445,447,448,510,484
484,449,448,510,483,485
485,484,449,486,450,511,510
486,485,450,487,512,511,451
487,512,486,513,488,452,451
488,452,453,514,489,487,513
489,514,488,453,515,490,454
490,455,491,489,454,515,516
491,492,456,455,490,516,517
492,491,456,457,493,518,517
493,518,492,494,519,458,457
494,458,412,519,493,520,459
495,497,540,496,520,459
496,459,460,497,495
497,464,463,466,467,465,468,566,573,555,495,540,496,462,460,461
498,499,470,428,469,521
499,498,470,471,522,500,521
500,471,472,501,523,522,499
501,500,523,473,502,524,472
502,473,474,525,524,501,503
503,526,525,504,475,474,502
504,476,505,475,527,526,503
505,476,504,506,528,477,527
506,529,528,505,477,507,478
507,479,508,530,478,529,506
508,479,507,480,530,509,531
509,531,508,482,481,480
510,445,396,483,484,549,485,511,532
511,485,510,532,512,486
512,487,486,513,532,511
513,532,533,512,487,488,514
514,488,489,513,533,515,534
515,535,516,534,514,489,490
516,535,515,536,490,491,517
517,516,491,536,518,537,492
518,538,537,493,492,517,519
519,518,538,539,494,493,520
520,540,539,519,494,495,459
521,567,574,577,556,541,522,428,1037,499,498
522,499,500,541,523,521
523,524,542,541,500,501,522
524,543,542,523,502,525,501
525,544,543,526,503,502,524
526,545,544,525,527,504,503
527,528,546,545,526,504,505
528,529,506,547,546,527,505
529,530,548,528,506,547,507
530,507,508,548,529,531
531,509,508,444,482,562,548,530
532,513,533,511,512,510,549
533,532,513,549,534,514
534,535,515,533,549,514,550
535,515,516,534,536,550,551
536,535,516,517,551,552,537
537,553,552,518,538,517,536
538,554,553,518,537,539,519
539,555,554,540,538,520,519
540,555,539,495,497,520
541,542,556,523,521,522
542,557,543,541,556,524,523
543,557,542,524,558,544,525
544,559,558,545,526,543,525
545,544,526,559,560,546,527
546,528,547,527,561,560,545
547,528,546,529,561,562,548
548,530,529,547,562,531
549,396,572,563,510,532,533,534,550
550,563,551,549,534,535
551,552,563,550,535,536
552,537,553,551,563,564,536
553,538,554,537,552,564,565
554,538,553,539,555,565,566
555,539,554,540,497,566
556,541,542,567,521,557
557,542,543,568,567,558,556
558,569,568,544,559,557,543
559,570,569,544,558,560,545
560,571,570,561,559,545,546
561,571,560,562,546,547
562,561,571,578,396,572,547,548,531,444
563,572,549,551,552,550,564
564,565,572,552,553,563
565,572,564,554,566,553,573
566,565,554,497,573,555
567,574,521,557,568,556
568,558,569,575,557,567,574
569,558,568,575,576,570,559
570,560,571,569,559,576
571,560,570,561,576,578,562
572,396,549,563,565,564,562,573
573,566,497,572,565
574,567,521,575,577,568
575,568,569,574,577,576,578
576,578,575,569,570,571
577,574,575,521,578
578,576,575,577,571,562
579,586,587,580,588,1163,1157
580,1163,1192,588,579,1348,1294
581,597,1331,1344,582,1330,598
582,599,598,1344,583,581,600
583,1316,1344,582,601,600
584,605,604,1176,1155,1211,585
585,584,605,606,1155,586,1157
586,587,607,579,606,585,1157
587,607,586,579,588,609,608
588,609,610,587,580,579,1348
589,590,614,1249,1286,1282,613
590,1248,591,615,614,589,1249
591,590,1248,1345,592,616,615
592,617,616,593,618,591,1345
593,1346,1345,592,618,619
594,1230,595,15,1293,621,43
595,594,1230,1347,596,621,622
596,1347,1331,595,623,597,622
597,1331,581,598,624,623,596
598,597,624,599,625,582,581
599,625,598,582,600,627,626
600,628,627,601,599,582,583
601,600,628,1316,583,602,629
602,1316,1296,630,629,603,601
603,1296,1211,604,631,630,602
604,605,584,603,1211,631,632
605,604,584,585,606,632,633
606,607,634,605,585,633,586
607,587,586,606,634,608,635
608,635,636,607,637,587,609
609,610,638,588,587,637,608
610,609,638,588,639,1348,611
611,612,640,1338,610,1348,639
612,640,611,1338,1282,613,641
613,642,641,612,1282,614,589
614,615,643,590,589,642,613
615,616,644,643,614,590,591
616,644,615,617,592,591,645
617,616,592,618,647,646,645
618,648,647,619,592,593,617
619,649,648,1346,1329,620,618,593
620,1329,1166,619,650,649,16
621,594,595,622,653,652,43
622,595,596,623,621,653,654
623,597,624,596,622,654,655
624,597,598,623,625,655,656
625,599,598,624,626,656,657
626,627,659,599,625,658,657
627,659,626,660,600,628,599
628,600,627,601,661,660,629
629,630,662,602,661,628,601
630,662,629,602,603,631,663
631,604,603,664,632,630,663
632,633,665,664,631,604,605
633,665,632,666,605,634,606
634,606,607,666,633,667,635
635,608,636,607,667,634,668
636,635,608,669,668,637,670
637,671,670,636,608,638,609
638,609,610,672,671,639,637
639,673,672,638,610,611,640
640,612,611,641,674,639,673
641,642,613,612,640,675,674
642,641,613,643,676,614,675
643,677,676,615,614,642,644
644,616,615,678,645,677,643
645,678,644,679,646,617,616
646,681,647,617,645,680,679
647,648,618,681,682,646,617
648,647,618,649,619,682,683
649,648,619,650,620,684,683
650,649,620,684,74,16,44
651,107,73,652,685,43
652,686,685,651,653,621,43
653,687,686,652,621,622,654
654,688,687,655,623,622,653
655,656,689,688,654,623,624
656,689,690,655,625,624,657
657,691,690,626,625,656,658
658,693,659,691,692,626,657
659,627,626,660,693,658,694
660,627,659,661,628,694,695
661,660,628,629,662,696,695
662,630,629,661,696,697,663
663,664,698,697,630,662,631
664,698,663,631,632,699,665
665,633,632,699,700,666,664
666,633,665,667,701,700,634
667,702,668,701,666,634,635
668,702,667,703,636,669,635
669,703,704,705,636,668,670
670,706,705,671,637,669,636
671,638,672,707,706,670,637
672,673,708,638,671,639,707
673,672,708,639,674,709,640
674,710,709,675,641,673,640
675,711,710,674,641,642,676
676,643,677,712,711,642,675
677,643,676,644,678,713,712
678,644,645,677,679,714,713
679,645,678,715,680,714,646
680,717,716,681,715,679,646
681,682,718,717,680,647,646
682,718,681,647,648,683,719
683,720,719,649,684,648,682
684,650,74,108,649,683,720
685,686,652,722,721,107,651
686,687,653,685,652,723,722
687,686,653,688,724,654,723
688,724,687,654,655,725,689
689,656,690,655,725,688,726
690,689,656,691,657,726,727
691,658,692,690,657,728,727
692,693,730,691,658,729,728
693,692,730,658,659,694,731
694,659,660,693,695,732,731
695,696,733,732,694,660,661
696,733,695,697,734,661,662
697,696,734,663,698,662,735
698,664,663,697,699,736,735
699,700,737,665,698,664,736
700,737,699,665,666,701,738
701,667,666,739,738,700,702
702,667,668,740,703,701,739
703,740,702,669,704,668,741
704,703,669,705,743,742,741
705,706,744,743,669,704,670
706,705,744,670,671,707,745
707,672,708,671,746,706,745
708,672,673,709,747,746,707
709,710,674,748,747,673,708
710,709,674,711,675,749,748
711,676,712,710,675,750,749
712,676,711,751,750,713,677
713,752,714,751,712,677,678
714,752,713,753,678,679,715
715,680,716,754,753,679,714
716,717,680,755,756,715,754
717,716,680,681,757,718,756
718,682,681,757,717,719,758
719,759,720,683,718,682,758
720,759,719,683,144,108,684
721,722,685,183,143,107,760
722,721,685,686,723,761,760
723,686,722,762,724,761,687
724,688,687,762,763,725,723
725,724,763,688,689,726,764
726,764,725,765,727,689,690
727,765,766,726,691,728,690
728,729,767,766,692,691,727
729,728,767,768,769,730,692
730,692,693,769,729,731,770
731,730,693,694,770,732,771
732,695,694,771,731,772,733
733,696,695,773,772,732,734
734,696,697,735,774,773,733
735,775,774,734,697,736,698
736,735,775,737,776,699,698
737,700,699,776,736,738,777
738,739,778,777,701,700,737
739,778,738,701,779,740,702
740,779,780,702,703,741,739
741,742,781,780,740,703,704
742,781,741,782,743,783,704
743,705,744,783,742,784,704
744,705,706,785,784,743,745
745,786,785,746,744,707,706
746,745,786,787,747,708,707
747,748,788,787,709,708,746
748,747,788,709,789,710,749
749,711,750,710,790,789,748
750,711,749,751,712,791,790
751,792,791,750,712,713,752
752,713,714,793,792,753,751
753,793,752,754,794,715,714
754,795,755,794,753,716,715
755,756,797,716,795,754,796
756,797,755,716,757,717,798
757,717,718,758,756,798,799
758,800,759,719,718,757,799
759,719,720,800,758,801,144
760,722,721,761,803,802,183
761,762,804,722,723,803,760
762,763,805,804,761,724,723
763,762,805,724,806,725,764
764,807,806,726,725,763,765
765,727,766,808,726,807,764
766,765,727,728,767,809,808
767,728,729,766,809,810,768
768,811,812,729,769,767,810
769,768,729,730,770,813,812
770,769,730,731,813,771,814
771,732,731,770,814,772,815
772,773,816,733,771,732,815
773,772,816,817,774,733,734
774,775,735,817,773,734,818
775,818,819,774,735,736,776
776,777,820,737,736,775,819
777,778,738,820,776,821,737
778,739,738,777,821,779,822
779,740,780,823,822,739,778
780,779,740,781,824,741,823
781,742,741,780,824,825,782
782,827,826,781,742,825,783
783,743,742,784,828,782,827
784,744,785,828,783,829,743
785,744,784,745,786,830,829
786,831,830,745,785,746,787
787,747,788,832,831,786,746
788,747,748,787,832,833,789
789,834,833,790,788,748,749
790,791,835,834,789,750,749
791,835,790,792,751,836,750
792,791,751,793,837,752,836
793,794,838,837,792,752,753
794,838,793,754,753,795,839
795,840,839,754,755,794,796
796,842,797,795,755,841,840
797,842,796,756,755,843,798
798,799,844,757,756,843,797
799,798,844,800,845,758,757
800,846,845,758,759,801,799
801,144,184,846,847,759,800
802,849,803,848,226,760,183
803,849,802,761,760,850,804
804,851,850,762,761,805,803
805,762,763,806,852,851,804
806,853,852,763,805,764,807
807,764,806,853,808,854,765
808,807,854,809,855,766,765
809,855,856,766,767,808,810
810,811,857,809,767,856,768
811,768,812,810,857,858,859
812,811,768,860,813,859,769
813,860,812,770,769,814,861
814,770,771,813,861,862,815
815,816,863,862,772,814,771
816,772,773,863,815,864,817
817,773,774,865,864,816,818
818,775,819,866,865,774,817
819,818,775,820,867,866,776
820,777,776,868,821,819,867
821,869,822,868,820,777,778
822,869,821,823,779,870,778
823,871,870,822,779,780,824
824,780,781,825,872,823,871
825,824,872,873,826,781,782
826,827,782,875,874,873,825
827,826,782,876,828,783,875
828,876,827,877,829,784,783
829,830,878,877,828,785,784
830,831,786,878,829,785,879
831,830,786,880,879,832,787
832,880,831,787,788,833,881
833,834,789,832,788,881,882
834,833,789,790,835,883,882
835,791,790,836,834,883,884
836,835,791,837,792,884,885
837,793,792,885,886,836,838
838,794,793,887,886,837,839
839,840,795,838,794,887,888
840,839,795,889,888,841,796
841,891,890,842,796,840,889
842,796,797,843,892,891,841
843,892,842,797,798,844,893
844,798,799,845,843,894,893
845,846,800,799,844,895,894
846,845,800,801,847,896,895
847,272,227,896,846,801,184
848,897,320,802,849,226,271
849,802,803,848,850,898,897
850,804,851,898,849,803,899
851,804,850,852,805,899,900
852,806,853,851,805,900,901
853,806,852,902,901,854,807
854,903,902,853,855,807,808
855,904,903,854,809,856,808
856,905,857,855,809,904,810
857,905,856,810,811,906,858
858,908,907,859,906,857,811
859,812,860,909,858,908,811
860,812,813,859,861,910,909
861,911,910,860,813,814,862
862,911,861,912,815,863,814
863,816,815,862,864,912,913
864,865,914,817,913,863,816
865,864,914,915,866,817,818
866,915,916,865,818,819,867
867,819,820,866,868,917,916
868,917,918,820,821,867,869
869,821,822,919,870,918,868
870,871,823,822,919,869,920
871,870,823,920,921,872,824
872,824,825,921,871,922,873
873,826,874,922,923,825,872
874,875,826,873,924,923
875,924,925,874,826,876,827
876,827,828,925,875,877,926
877,828,829,927,878,876,926
878,830,829,927,928,877,879
879,831,880,929,928,878,830
880,831,879,832,930,881,929
881,931,882,930,880,832,833
882,931,881,834,833,932,883
883,834,835,884,933,932,882
884,883,835,836,934,933,885
885,886,935,837,934,836,884
886,936,887,838,935,885,837
887,936,886,838,937,888,839
888,938,937,887,840,889,839
889,840,888,841,890,939,938
890,941,891,939,940,841,889
891,941,890,942,892,841,842
892,843,842,893,943,942,891
893,943,944,892,843,844,894
894,845,895,844,893,945,944
895,946,945,846,896,845,894
896,847,272,846,895,321,946
897,320,848,947,372,849,898
898,850,849,899,948,897,947
899,948,898,850,949,851,900
900,949,950,899,851,852,901
901,950,951,902,853,900,852
902,952,951,854,903,901,853
903,854,902,904,953,952,855
904,954,953,903,855,856,905
905,856,857,954,955,904,906
906,956,907,857,858,905,955
907,858,908,956,957,958,906
908,858,907,959,909,958,859
909,960,959,908,859,860,910
910,960,961,911,861,860,909
911,910,861,962,961,862,912
912,862,911,963,913,962,863
913,963,912,864,914,964,863
914,864,865,965,964,915,913
915,866,916,865,966,965,914
916,967,966,915,866,917,867
917,968,967,868,918,916,867
918,917,868,969,919,869,968
919,869,870,920,969,970,918
920,919,870,871,921,970,971
921,920,871,872,971,972,922
922,921,872,972,923,873
923,922,972,873,874,924,973
924,875,925,973,874,923
925,924,875,926,974,973,876
926,925,974,876,877,927,975
927,878,928,877,926,975,976
928,976,977,879,929,927,878
929,879,928,978,977,880,930
930,979,931,978,880,881,929
931,881,882,979,930,932,980
932,931,980,933,883,882,981
933,982,934,884,932,883,981
934,983,982,933,885,935,884
935,886,885,984,936,934,983
936,886,887,937,985,984,935
937,888,938,887,985,936,986
938,888,937,889,939,987,986
939,890,940,988,987,889,938
940,939,890,941,990,989,988
941,890,891,942,991,990,940
942,991,941,992,943,891,892
943,944,993,893,892,942,992
944,943,993,945,994,893,894
945,946,895,944,994,995,894
946,945,895,995,321,996,896
947,997,372,948,998,897,898
948,998,947,999,899,898,949
949,900,950,1000,999,948,899
950,901,951,949,900,1001,1000
951,902,952,950,901,1002,1001
952,902,951,1002,953,1003,903
953,904,954,903,1003,952,1004
954,904,953,1005,1004,905,955
955,1005,1006,956,954,905,906
956,1006,955,907,957,906,1007
957,956,907,1009,958,1007,1008
958,959,1010,908,907,1009,957
959,960,909,908,958,1010,1011
960,910,961,959,909,1012,1011
961,960,910,962,911,1012,1013
962,961,911,1013,963,1014,912
963,964,1015,1014,962,912,913
964,963,1015,965,1016,914,913
965,1016,1017,964,914,966,915
966,967,1018,1017,916,965,915
967,1018,966,916,968,1019,917
968,1019,967,917,969,1020,918
969,1021,1020,919,970,918,968
970,969,919,920,971,1021
971,972,1021,970,920,921
972,1125,1090,1021,971,1126,1145,921,922,923,973
973,1126,1091,924,925,974,923,972,1022
974,925,926,975,973,1022
975,1022,1023,974,926,976,927
976,1024,1023,928,977,975,927
977,976,928,978,929,1024,1025
978,977,929,979,930,1025,1026
979,930,931,978,980,1026,1027
980,931,932,1028,981,979,1027
981,1028,1029,980,932,933,982
982,983,1030,1029,934,933,981
983,982,1030,934,1031,935,984
984,935,936,1032,1031,985,983
985,937,936,1033,1032,986,984
986,1034,1033,987,938,985,937
987,988,1035,939,986,1034,938
988,1036,1035,987,939,989,940
989,1037,1036,990,940,988
990,941,991,940,1037,989
991,942,941,992,990,1037
992,1037,993,942,991,943
993,943,944,994,1038,1037,992
994,944,945,993,1038,1039,995
995,946,945,994,1039,1040,996
996,373,424,321,946,1040,995
997,947,372,998,1041,423
998,948,947,1041,997,999
999,1041,998,948,1042,949,1000
1000,949,999,1042,1043,950,1001
1001,950,951,1000,1002,1044,1043
1002,1003,1045,951,952,1044,1001
1003,1045,1002,953,952,1004,1046
1004,1047,1046,1005,954,1003,953
1005,955,1006,1004,954,1047,1048
1006,1005,955,1048,1049,956,1007
1007,957,1008,956,1006,1049,1050
1008,1009,1052,1007,957,1050,1051
1009,1053,1052,1008,1010,958,957
1010,958,959,1011,1054,1009,1053
1011,1054,1010,1055,1012,960,959
1012,1011,960,1055,961,1056,1013
1013,1056,1057,1014,962,961,1012
1014,1015,963,1013,1057,962,1058
1015,1016,1059,963,964,1014,1058
1016,965,1017,1059,1015,964,1060
1017,966,1018,1060,1061,1016,965
1018,967,966,1017,1061,1062,1019
1019,968,967,1018,1062,1020
1020,1062,1021,969,1019,968
1021,1062,1020,969,972,971,1090,970
1022,975,1023,1063,974,1091,973
1023,976,1024,1063,1022,975
1024,976,1023,1063,1064,977,1025
1025,1026,1065,978,977,1024,1064
1026,1065,1025,979,978,1027,1066
1027,1067,1028,980,1026,979,1066
1028,981,1029,980,1067,1027,1068
1029,982,1030,1028,981,1069,1068
1030,982,983,1029,1070,1069,1031
1031,1070,1071,1032,1030,984,983
1032,1071,1031,985,1033,1072,984
1033,1072,1073,985,1032,1034,986
1034,1074,1035,1033,986,987,1073
1035,1074,1034,988,1036,1075,987
1036,1075,1037,988,1035,989
1037,993,1038,1075,1036,992,989,428,521,1102,991,990
1038,993,994,1037,1039,428,427
1039,1038,994,427,426,1040,995
1040,426,1039,424,425,996,995
1041,998,997,999,1042,1076,468,423
1042,1041,999,1043,1076,1000
1043,1044,1076,1042,1000,1001
1044,1043,1076,1045,1002,1001
1045,1003,1002,1076,1046,1044
1046,1004,1047,1076,1045,1003
1047,1004,1046,1076,1005,1048
1048,1006,1049,1047,1005,1077,1076
1049,1048,1006,1077,1050,1078,1007
1050,1078,1049,1079,1051,1007,1008
1051,1080,1081,1079,1050,1052,1008
1052,1053,1009,1008,1081,1051,1082
1053,1054,1083,1052,1009,1082,1010
1054,1053,1083,1011,1010,1055,1084
1055,1011,1054,1012,1056,1085,1084
1056,1013,1057,1085,1055,1012,1086
1057,1056,1013,1058,1087,1014,1086
1058,1088,1087,1057,1015,1014,1059
1059,1016,1015,1089,1088,1058,1060
1060,1017,1061,1090,1089,1016,1059
1061,1060,1017,1018,1062,1090
1062,1020,1021,1061,1018,1019,1090
1063,1023,1024,1022,1064,1091
1064,1092,1091,1065,1063,1024,1025
1065,1092,1064,1026,1025,1066,1093
1066,1027,1067,1026,1065,1094,1093
1067,1068,1095,1027,1028,1094,1066
1068,1095,1067,1096,1069,1029,1028
1069,1030,1070,1097,1096,1029,1068
1070,1031,1071,1030,1069,1097,1098
1071,1070,1031,1032,1099,1098,1072
1072,1033,1073,1099,1100,1071,1032
1073,1101,1074,1072,1033,1100,1034
1074,1034,1035,1102,1101,1073,1075
1075,1036,1037,1035,1102,1074
1076,1043,1044,1042,468,1041,1045,1046,1047,1134,1077,1048
1077,1049,1048,1134,1076,1078
1078,1134,1077,1050,1049,1079
1079,1134,1080,1078,1051,1050
1080,1051,1081,1134,1103,1079
1081,1104,1103,1080,1051,1082,1052
1082,1105,1104,1081,1083,1053,1052
1083,1053,1054,1082,1084,1106,1105
1084,1107,1085,1083,1054,1106,1055
1085,1107,1084,1108,1056,1055,1086
1086,1108,1085,1109,1056,1057,1087
1087,1088,1058,1057,1086,1110,1109
1088,1087,1058,1089,1059,1110
1089,1090,1110,1088,1059,1060
1090,1125,972,1089,1110,1021,1060,1061,1062
1091,1092,1064,1126,973,1111,1063,1022
1092,1091,1064,1065,1093,1111
1093,1066,1094,1065,1092,1112,1111
1094,1113,1112,1067,1095,1066,1093
1095,1068,1067,1096,1114,1113,1094
1096,1095,1068,1069,1097,1114,1115
1097,1069,1070,1098,1096,1115,1116
1098,1099,1117,1071,1070,1097,1116
1099,1072,1100,1098,1117,1071,1118
1100,1099,1072,1073,1101,1119,1118
1101,1074,1102,1073,1100,1119
1102,1074,1101,1149,1152,1075,1037,1119,1133,1143,1153
1103,1104,1081,1134,1080,1120
1104,1103,1081,1105,1082,1121,1120
1105,1104,1082,1083,1106,1121,1122
1106,1083,1084,1107,1105,1123,1122
1107,1084,1085,1106,1108,1123,1124
1108,1107,1085,1125,1124,1086,1109
1109,1125,1108,1086,1110,1087
1110,1089,1090,1088,1109,1087,1125
1111,1126,1091,1112,1093,1092
1112,1127,1113,1094,1111,1093,1126
1113,1127,1112,1128,1094,1095,1114
1114,1095,1096,1113,1128,1115,1129
1115,1096,1097,1116,1114,1129,1130
1116,1130,1131,1117,1098,1115,1097
1117,1132,1118,1098,1099,1116,1131
1118,1132,1117,1119,1133,1100,1099
1119,1101,1100,1118,1133,1102
1120,1134,1103,1121,1104,1135
1121,1120,1104,1122,1136,1135,1105
1122,1136,1121,1137,1123,1105,1106
1123,1137,1122,1124,1106,1107
1124,1137,1123,1107,1108,1125
1125,1090,972,1108,1124,1137,1109,1145,1110
1126,972,1145,973,1091,1111,1150,1138,1112,1127
1127,1112,1113,1128,1126,1138
1128,1113,1127,1114,1138,1139,1129
1129,1130,1140,1114,1115,1128,1139
1130,1140,1141,1116,1131,1129,1115
1131,1130,1116,1117,1132,1141,1142
1132,1117,1118,1133,1142,1143,1131
1133,1118,1119,1132,1102,1143
1134,1080,1103,1120,1079,1076,1077,468,1078,1135,1144
1135,1136,1121,1120,1134,1144,1145
1136,1122,1121,1137,1135,1145
1137,1136,1122,1123,1124,1145,1125
1138,1150,1126,1127,1128,1139,1146
1139,1146,1140,1128,1138,1129
1140,1130,1141,1146,1139,1129,1147
1141,1140,1130,1131,1142,1148,1147
1142,1148,1149,1132,1143,1131,1141
1143,1142,1132,1133,1149,1102
1144,1134,1135,1145
1145,1135,1136,1144,972,1126,1137,1125
1146,1147,1150,1139,1140,1138
1147,1146,1150,1148,1151,1140,1141
1148,1142,1149,1147,1151,1152,1141
1149,1148,1142,1102,1152,1143
1150,1146,1147,1126,1138,1151,1153
1151,1147,1148,1152,1153,1150
1152,1149,1102,1148,1151,1153
1153,1151,1152,1150,1102
1154,1167,1228,1172,1165,1180,1164
1155,1176,584,1156,1157,1160,585
1156,1157,1155,1177,1178,1160,1163
1157,1156,1155,1163,586,585,579
1158,15,14,3,1186,1339,1293
1159,1171,1322,1188,1174,1203,1173
1160,1189,1177,1176,1155,1156,1190
1161,1198,1184,1183,1170,1169,1199
1162,1166,16,1193,4,17,1194
1163,1192,580,1157,1156,579,1178
1164,1197,1172,1165,1154,1204,1205
1165,1154,1180,1164,1287,1205,1208
1166,1162,16,620,1329,1194,1250
1167,1228,1188,1154,1172,1202,1201
1168,8,1221,32,33,1217,1182
1169,1339,1237,1199,1161,1170,1179
1170,1161,1183,1169,1179,1207,1206
1171,1196,1185,1322,1159,1195,1173
1172,1154,1167,1210,1201,1197,1164
1173,1253,1252,1174,1159,1185,1171
1174,1254,1253,1255,1173,1203,1159
1175,1187,25,1213,24,1181,1212
1176,1155,584,1160,1211,1216,1190
1177,1189,1215,1160,1156,1178,1214
1178,1223,1192,1156,1177,1214,1163
1179,1339,1293,1230,1206,1170,1169
1180,1165,1154,1219,1228,1208,1209
1181,24,1175,23,1342,1236,1212
1182,34,33,1229,1218,1217,1168
1183,1161,1170,1184,1224,1231,1207
1184,1161,1198,1183,1332,1225,1224
1185,1196,1171,1252,1173,1238,1232
1186,1339,1158,3,1237,1191,1239
1187,1175,25,26,1213,1247,6
1188,1228,1167,1202,1203,1159,1322
1189,1177,1215,1264,1160,1260,1190
1190,1260,1189,1261,1216,1160,1176
1191,1267,1239,2,3,1186,1266
1192,1223,1178,1163,580,1294,1295
1193,1162,4,1256,1234,1194,1257
1194,1234,1193,1162,1340,1166,1250
1195,1196,1222,1220,1219,1171,1322
1196,1195,1222,1171,1185,1262,1238
1197,1246,1245,1210,1172,1204,1164
1198,1332,1242,1200,1199,1161,1184
1199,1200,1198,1169,1237,1240,1161
1200,1198,1199,1241,1243,1240,1242
1201,1202,1167,1172,1210,1273,1272
1202,1203,1274,1273,1188,1167,1201
1203,1202,1274,1255,1188,1174,1159
1204,1243,1244,1245,1197,1205,1164
1205,1243,1204,1287,1165,1242,1164
1206,1347,1283,1207,1230,1179,1170
1207,1231,1284,1206,1283,1183,1170
1208,1226,1287,1165,1180,1227,1209
1209,1180,1219,1208,1227,1220,1235
1210,1172,1201,1246,1289,1272,1197
1211,1296,603,1216,604,1176,584
1212,1279,1277,1236,1181,1175,1213
1213,1281,1247,1175,1187,1212,1279
1214,1223,1178,1177,1215,1305,1304
1215,1177,1189,1264,1306,1214,1305
1216,1211,1296,1261,1297,1190,1176
1217,1229,1182,1168,1221,1298,1299
1218,35,9,34,1229,1302,1182
1219,1322,1228,1180,1209,1220,1195
1220,1219,1195,1222,1209,1235,1251
1221,1168,8,1217,1298,1318,1263
1222,1195,1196,1262,1285,1251,1220
1223,1192,1178,1304,1323,1214,1295
1224,1231,1183,1225,1184,1310,1312
1225,1308,1310,1226,1332,1184,1224
1226,1287,1208,1332,1225,1227,1308
1227,1226,1208,1308,1235,1307,1209
1228,1167,1188,1154,1322,1219,1180
1229,1302,1300,1218,1182,1217,1299
1230,594,595,1179,1206,1347,1293
1231,1207,1284,1312,1314,1224,1183
1232,1252,1233,1238,1185,1326,1327
1233,1232,1252,1328,1327,1250,1340
1234,1256,1193,1194,1340,1254,1253
1235,1307,1227,1306,1251,1209,1220
1236,1288,1276,1342,1181,1277,1212
1237,1169,1339,1199,1186,1240,1239
1238,1325,1262,1196,1185,1232,1326
1239,1240,1268,1191,1267,1186,1237
1240,1239,1268,1199,1237,1241,1200
1241,1244,1269,1268,1243,1200,1240
1242,1332,1287,1198,1200,1243,1205
1243,1241,1244,1200,1204,1205,1242
1244,1241,1269,1243,1204,1270,1245
1245,1246,1197,1271,1270,1244,1204
1246,1197,1245,1210,1289,1317,1271
1247,1213,1281,1187,1291,1292,6
1248,590,591,1333,1345,1249,1334
1249,1335,1286,1334,1248,590,589
1250,1328,1233,1194,1340,1329,1166
1251,1285,1222,1305,1306,1235,1220
1252,1232,1233,1173,1253,1185,1340
1253,1254,1174,1173,1252,1234,1340
1254,1253,1174,1255,1258,1234,1256
1255,1274,1203,1258,1254,1275,1174
1256,1259,1257,1193,1234,1258,1254
1257,4,5,1256,1259,1265,1193
1258,1276,1259,1255,1254,1256,1275
1259,1258,1276,1256,1257,1265,1288
1260,1309,1264,1189,1190,1261,1311
1261,1216,1297,1190,1260,1313,1311
1262,1196,1222,1238,1325,1285,1324
1263,1321,1320,1318,8,1343,1221
1264,1215,1189,1260,1309,1306,1307
1265,20,5,1257,1259,1288,21
1266,1191,1267,1303,2,1341
1267,1191,1239,1266,1268,1303,1301
1268,1269,1241,1240,1239,1267,1301
1269,1244,1241,1268,1301,1300,1270
1270,1299,1271,1300,1269,1245,1244
1271,1299,1298,1270,1317,1246,1245
1272,1290,1280,1273,1201,1210,1289
1273,1274,1202,1201,1278,1272,1280
1274,1203,1202,1255,1273,1278,1275
1275,1278,1277,1255,1258,1276,1274
1276,1258,1259,1236,1288,1277,1275
1277,1278,1275,1279,1212,1236,1276
1278,1277,1275,1274,1273,1280,1279
1279,1212,1277,1280,1278,1281,1213
1280,1272,1290,1273,1278,1279,1281
1281,1213,1247,1290,1291,1280,1279
1282,1338,1337,612,613,1286,589
1283,1347,1206,1284,1331,1207
1284,1207,1231,1331,1283,1314,1330
1285,1251,1222,1304,1324,1305,1262
1286,1335,1249,1336,1282,1337,589
1287,1332,1242,1226,1208,1205,1165
1288,1236,1276,1265,1259,1342,22,21
1289,1210,1246,1272,1290,1319,1317
1290,1272,1280,1291,1281,1319,1289
1291,1290,1281,1319,1320,1292,1247
1292,6,7,1291,1320,1247,1321
1293,594,15,1339,1179,1158,1230
1294,1338,1348,580,1192,1295
1295,1323,1337,1223,1192,1294,1338
1296,1316,602,1211,603,1297,1216
1297,1313,1315,1316,1296,1261,1216
1298,1299,1271,1318,1317,1217,1221
1299,1298,1271,1270,1217,1300,1229
1300,1302,1229,1269,1301,1299,1270
1301,1269,1300,1267,1268,1303,1302
1302,1303,9,1229,1300,1218,1301
1303,9,1302,1341,1,1266,1267,1301
1304,1323,1223,1285,1324,1214,1305
1305,1306,1251,1214,1304,1215,1285
1306,1215,1264,1235,1307,1305,1251
1307,1235,1227,1308,1309,1306,1264
1308,1310,1225,1309,1226,1227,1307
1309,1260,1264,1308,1310,1311,1307
1310,1308,1225,1309,1311,1224,1312
1311,1310,1309,1312,1313,1260,1261
1312,1231,1314,1311,1313,1224,1310
1313,1297,1315,1312,1311,1261,1314
1314,1231,1312,1284,1313,1315,1330
1315,1344,1316,1313,1297,1330,1314
1316,1344,1315,583,1296,602,1297,601
1317,1318,1319,1298,1271,1289,1246
1318,1317,1319,1298,1320,1263,1221
1319,1317,1318,1320,1291,1290,1289
1320,1319,1291,1292,1318,1263,1321
1321,7,29,1292,1263,1320,30,1343
1322,1219,1228,1171,1159,1188,1195
1323,1336,1337,1304,1223,1295,1324
1324,1325,1336,1304,1285,1323,1262
1325,1324,1336,1238,1262,1326,1335
1326,1327,1334,1232,1238,1335,1325
1327,1326,1334,1233,1328,1333,1232
1328,1233,1327,1250,1333,1329,1346
1329,1346,619,620,1166,1328,1250
1330,1315,1344,1331,1284,581,1314
1331,597,581,1284,1283,596,1347,1330
1332,1242,1287,1198,1184,1226,1225
1333,1248,1345,1327,1334,1328,1346
1334,1326,1327,1249,1335,1333,1248
1335,1249,1286,1334,1326,1336,1325
1336,1324,1325,1337,1323,1286,1335
1337,1338,1282,1336,1323,1295,1286
1338,1294,1348,1337,1282,612,611,1295
1339,1169,1237,1186,1158,1179,1293
1340,1194,1234,1253,1250,1252,1233
1341,1,1303,2,1266,12,11
1342,22,23,1288,1236,1181
1343,8,31,30,1321,1263
1344,1315,1316,583,1330,582,581
1345,1346,593,1248,1333,591,592
1346,593,1345,1329,619,1328,1333
1347,1206,1283,596,1331,595,1230
1348,1294,1338,610,611,580,588
