1,13,12,34,2,2014,11
2,14,13,2156,1,2015,2014
3,2153,1963,2707,4,19,18
4,5,1963,19,20,21,3
5,4,1963,1987,1979,22,21
6,1965,2162,7,25,24,2216
7,1964,1965,8,26,6,25
8,28,9,26,7,27,1964
9,2066,29,28,1995,1964,8
10,33,32,1999,11,1966,2000
11,33,34,1,1999,10,2014
12,1,13,34,36,35,85
13,37,36,1,12,14,2
14,38,37,15,13,2,2156
15,38,14,16,39,2156,2363
16,2363,2492,15,39,2511,40
17,48,2431,18,2707,2422,49
18,17,2707,50,49,3,19
19,4,20,51,50,3,18
20,19,4,21,52,53,51
21,20,4,53,54,22,5
22,23,1979,54,21,55,5
23,2204,2062,56,1979,22,55
24,66,65,25,2685,2216,6
25,67,66,26,24,7,6
26,8,7,25,67,27,68
27,28,70,69,68,26,8
28,70,27,9,29,71,8
29,2066,9,28,30,72,71
30,72,29,73,2567,2066,2240
31,2666,81,32,1966,82,2264
32,82,83,31,1966,10,33
33,11,34,10,32,84,83
34,1,12,85,84,33,11
35,12,36,85,87,140,86
36,37,13,12,35,87,88
37,14,38,36,13,89,88
38,14,37,15,90,89,39
39,15,16,40,38,90,91
40,2511,41,39,16,91,92
41,42,2708,2511,40,92,93
42,2708,2039,41,94,93,43
43,95,44,94,42,2039,1991
44,95,43,45,2021,96,1991
45,44,2021,96,97,2294,1022
46,2209,47,99,98,2360
47,2431,2209,46,100,48,99
48,2431,17,101,100,49,47
49,18,50,102,101,48,17
50,51,103,18,49,19,102
51,52,104,103,50,19,20
52,104,51,20,53,106,105
53,52,20,106,21,54,107
54,53,21,22,108,55,107
55,109,56,22,23,108,54
56,57,110,23,2204,109,55
57,110,56,2204,58,111,2505
58,112,111,57,59,2709,2505
59,113,112,58,2330,2709,60
60,2256,2330,61,114,113,59
61,2239,62,114,60,2256,115
62,2239,61,63,2247,116,115
63,62,2247,64,2491,116,117
64,63,2491,65,118,2685,117
65,66,119,24,118,2685,64
66,65,119,120,25,67,24
67,121,120,25,66,26,68
68,121,122,27,69,26,67
69,124,123,27,68,70,122
70,28,27,125,71,69,124
71,126,72,125,70,28,29
72,30,29,126,71,73,127
73,72,30,2567,74,128,127
74,2710,2567,128,73,75,129
75,74,2710,2711,76,129,130
76,131,130,2144,77,2711,75
77,2103,2144,132,131,76,78
78,133,132,2103,2140,77,79
79,2305,2140,134,133,78,80
80,2666,81,135,134,79,2305
81,136,82,80,2666,135,31
82,136,81,32,83,31,137
83,82,32,84,138,33,137
84,34,85,138,139,33,83
85,140,139,34,84,12,35
86,140,197,142,87,141,35
87,142,86,143,35,36,88
88,143,87,36,37,89,144
89,38,90,37,145,144,88
90,146,145,38,89,39,91
91,92,147,39,40,90,146
92,91,147,93,148,40,41
93,148,92,149,94,42,41
94,93,42,95,150,43,149
95,43,44,96,151,150,94
96,151,152,95,97,44,45
97,152,1125,96,45,1022,1072
98,1124,2445,153,1181,2360,99,46
99,154,100,153,98,46,47
100,48,101,155,154,99,47
101,48,100,155,156,102,49
102,103,157,50,156,49,101
103,157,158,102,104,51,50
104,52,51,105,159,158,103
105,104,159,161,160,106,52
106,161,105,52,53,107,162
107,163,162,108,54,53,106
108,163,164,54,55,107,109
109,55,56,110,108,165,164
110,57,56,111,166,109,165
111,167,166,58,112,110,57
112,58,111,113,59,168,167
113,112,59,168,60,114,169
114,61,60,113,169,170,115
115,171,170,116,62,61,114
116,115,62,63,171,172,117
117,118,173,64,63,116,172
118,117,173,119,65,64,174
119,65,66,120,175,118,174
120,121,67,119,175,66,176
121,120,67,68,122,177,176
122,123,178,121,68,177,69
123,179,178,122,69,124,180
124,181,180,125,69,123,70
125,181,124,70,71,182,126
126,71,72,183,182,127,125
127,73,128,183,126,72,184
128,185,184,74,73,127,129
129,185,128,74,75,130,186
130,76,131,187,186,129,75
131,76,130,188,132,187,77
132,133,78,188,131,189,77
133,132,78,134,190,189,79
134,190,133,191,79,135,80
135,192,136,134,191,80,81
136,81,82,192,135,193,137
137,193,136,194,138,83,82
138,139,195,84,194,83,137
139,138,195,85,140,84,196
140,86,197,85,139,196,35
141,198,199,197,257,86,142
142,86,87,143,200,199,141
143,142,87,88,144,201,200
144,202,145,89,88,143,201
145,146,90,203,202,144,89
146,203,204,145,90,91,147
147,205,148,91,92,204,146
148,205,147,93,92,149,206
149,207,206,150,93,148,94
150,207,149,208,95,94,151
151,152,209,96,95,208,150
152,151,209,1125,210,96,97
153,1181,98,154,211,271,1241,99
154,212,155,153,211,100,99
155,213,156,212,154,100,101
156,157,214,213,155,102,101
157,156,214,103,158,102,215
158,216,159,157,103,104,215
159,216,158,104,105,160,217
160,161,105,219,218,159,217
161,160,105,162,220,106,219
162,163,107,220,161,106,221
163,162,107,222,221,108,164
164,223,222,165,163,108,109
165,223,164,224,166,109,110
166,167,111,110,224,225,165
167,166,111,225,168,226,112
168,169,227,226,167,112,113
169,168,227,228,114,170,113
170,115,171,169,114,228,229
171,230,229,115,170,172,116
172,171,230,173,231,116,117
173,117,118,231,172,232,174
174,175,119,118,233,173,232
175,119,120,234,176,174,233
176,120,121,177,235,234,175
177,178,236,121,122,235,176
178,179,123,122,177,236,237
179,178,123,237,180,239,238
180,181,124,179,239,123,240
181,180,124,125,240,241,182
182,126,183,181,125,241,242
183,184,243,126,182,242,127
184,243,183,128,185,244,127
185,128,184,129,245,186,244
186,246,187,245,130,129,185
187,246,186,130,188,131,247
188,248,247,131,132,187,189
189,188,132,133,190,248,249
190,134,133,189,250,249,191
191,134,190,135,250,192,251
192,135,136,193,191,251,252
193,136,192,137,252,194,253
194,254,195,137,193,253,138
195,196,255,254,138,139,194
196,197,256,195,255,139,140
197,196,256,140,86,257,141
198,199,259,258,141,320,257
199,259,198,141,200,260,142
200,201,261,260,199,142,143
201,202,262,261,200,143,144
202,201,262,203,145,263,144
203,146,204,202,145,263,264
204,203,146,264,147,265,205
205,147,148,266,206,265,204
206,149,207,266,267,205,148
207,149,206,150,208,268,267
208,269,268,150,207,151,209
209,151,152,270,269,210,208
210,1125,1182,1242,270,152,209
211,212,272,153,154,271
212,211,272,154,155,273,213
213,155,156,274,273,212,214
214,156,157,215,275,274,213
215,158,216,276,275,214,157
216,158,159,215,276,277,217
217,218,278,277,160,159,216
218,217,278,280,279,219,160
219,218,160,161,220,281,280
220,162,161,219,282,281,221
221,222,163,162,282,220,283
222,164,223,221,163,284,283
223,164,222,165,284,224,285
224,286,285,225,166,165,223
225,287,226,286,224,166,167
226,287,225,168,167,288,227
227,289,288,168,169,228,226
228,289,290,169,227,170,229
229,230,171,291,290,170,228
230,229,171,291,292,172,231
231,232,293,173,172,292,230
232,293,231,233,294,173,174
233,295,294,234,232,175,174
234,296,295,235,176,175,233
235,297,296,177,176,234,236
236,177,178,298,297,237,235
237,238,299,179,178,236,298
238,301,239,299,237,179,300
239,301,238,302,179,180,240
240,239,302,181,180,303,241
241,240,181,303,304,242,182
242,304,241,305,243,183,182
243,184,183,305,306,244,242
244,243,306,307,184,185,245
245,186,246,308,185,244,307
246,186,187,245,308,309,247
247,248,188,309,246,187,310
248,247,188,189,249,311,310
249,311,248,190,250,189,312
250,190,249,313,251,312,191
251,313,250,252,314,191,192
252,315,314,251,192,193,253
253,254,316,252,193,315,194
254,253,316,195,255,194,317
255,318,317,195,196,254,256
256,196,197,257,318,255,319
257,197,256,320,198,319,141
258,322,321,259,198,386,320
259,199,198,258,322,323,260
260,261,324,200,199,259,323
261,325,324,201,200,262,260
262,201,202,326,263,325,261
263,327,264,326,202,203,262
264,327,263,328,265,204,203
265,328,264,266,329,205,204
266,265,329,206,267,330,205
267,266,206,330,331,207,268
268,208,269,332,331,207,267
269,208,268,332,270,333,209
270,1242,210,334,333,269,209
271,1241,153,335,272,211,1304,1370
272,336,335,211,212,273,271
273,337,336,274,272,212,213
274,338,337,273,213,275,214
275,338,274,339,215,214,276
276,340,339,277,215,216,275
277,340,341,276,217,278,216
278,217,218,279,277,342,341
279,218,280,342,343,344,278
280,218,279,281,345,344,219
281,345,346,280,219,282,220
282,347,283,281,220,221,346
283,347,282,221,284,348,222
284,349,348,222,223,283,285
285,286,224,350,284,349,223
286,351,350,285,224,225,287
287,352,351,225,226,288,286
288,289,227,287,226,353,352
289,288,227,290,354,228,353
290,354,289,228,229,291,355
291,356,355,229,230,292,290
292,291,230,231,356,293,357
293,232,231,357,292,294,358
294,233,295,293,358,232,359
295,360,359,234,296,233,294
296,234,295,235,297,360,361
297,298,236,362,235,296,361
298,297,236,362,237,363,299
299,238,237,364,363,300,298
300,364,365,299,366,301,238
301,238,239,302,366,367,300
302,368,367,301,239,240,303
303,302,368,240,369,304,241
304,369,370,305,303,241,242
305,370,371,243,306,304,242
306,371,372,305,243,244,307
307,306,244,372,245,308,373
308,245,246,309,374,373,307
309,308,374,310,375,246,247
310,311,376,309,375,247,248
311,376,310,249,248,377,312
312,377,311,249,250,313,378
313,379,378,250,251,314,312
314,252,315,251,379,380,313
315,252,314,380,381,253,316
316,253,254,317,382,381,315
317,255,318,382,383,254,316
318,255,317,383,384,319,256
319,257,320,385,384,318,256
320,386,258,257,198,319,385
321,322,258,455,387,388,386
322,321,258,259,388,389,323
323,390,389,324,259,322,260
324,325,261,390,323,260,391
325,324,261,262,326,391,392
326,263,327,262,325,392,393
327,263,264,326,328,393,394
328,264,265,395,329,327,394
329,330,396,265,266,395,328
330,396,329,266,267,397,331
331,332,268,398,397,330,267
332,331,268,269,333,399,398
333,400,399,332,270,334,269
334,401,400,1242,1305,270,333
335,336,272,402,1439,271,1370
336,335,272,337,273,403,402
337,336,273,274,338,404,403
338,274,337,404,405,339,275
339,276,340,405,338,406,275
340,277,341,276,339,407,406
341,340,277,408,407,342,278
342,279,343,409,408,341,278
343,411,410,342,279,409,344
344,412,345,279,280,411,343
345,412,413,281,346,280,344
346,413,414,345,281,347,282
347,414,346,282,283,415,348
348,416,415,284,349,283,347
349,417,416,284,348,285,350
350,351,286,285,418,417,349
351,419,418,350,286,287,352
352,353,420,287,351,288,419
353,420,352,354,421,288,289
354,290,289,421,353,422,355
355,291,356,423,422,290,354
356,291,355,292,423,424,357
357,293,292,356,424,358,425
358,426,425,293,294,359,357
359,360,295,426,358,294,427
360,359,295,428,427,296,361
361,428,360,429,362,296,297
362,297,298,430,429,361,363
363,364,299,431,430,362,298
364,300,365,363,299,432,431
365,364,300,433,432,366,434
366,435,434,301,367,365,300
367,368,302,436,435,366,301
368,437,369,367,302,303,436
369,437,368,370,438,304,303
370,305,371,438,439,369,304
371,306,372,370,305,440,439
372,371,306,373,441,440,307
373,441,372,442,374,308,307
374,375,443,308,309,373,442
375,443,374,309,310,376,444
376,311,310,445,377,375,444
377,445,376,311,312,378,446
378,379,447,313,446,377,312
379,378,447,313,314,380,448
380,449,381,315,379,314,448
381,449,380,315,450,382,316
382,317,383,451,450,316,381
383,451,452,382,317,318,384
384,453,452,385,383,319,318
385,384,453,454,319,320,386
386,320,258,455,321,385,454
387,457,456,388,527,455,321
388,458,457,387,322,389,321
389,388,322,323,390,459,458
390,323,389,324,459,460,391
391,461,460,324,325,390,392
392,325,326,391,462,461,393
393,394,463,462,392,326,327
394,395,464,463,393,327,328
395,394,464,328,329,465,396
396,330,329,465,466,395,397
397,331,398,330,396,466,467
398,468,399,331,397,467,332
399,468,398,469,333,400,332
400,333,399,334,401,470,469
401,1305,1371,334,400,470,1440
402,472,403,336,471,1439,335
403,473,472,402,336,337,404
404,473,474,405,337,338,403
405,475,474,404,338,339,406
406,407,476,475,339,405,340
407,341,408,340,477,406,476
408,341,407,477,409,478,342
409,479,410,478,408,343,342
410,343,411,479,409,481,480
411,343,410,412,482,481,344
412,482,411,483,413,345,344
413,346,414,483,412,345,484
414,485,484,413,346,347,415
415,348,416,486,347,414,485
416,417,349,348,415,486,487
417,416,349,418,488,487,350
418,351,419,488,489,417,350
419,351,418,489,490,420,352
420,353,352,421,491,490,419
421,420,491,422,492,354,353
422,492,421,493,355,423,354
423,355,422,356,494,493,424
424,495,494,423,356,357,425
425,495,496,426,358,357,424
426,497,427,425,358,359,496
427,497,426,428,360,359,498
428,427,360,361,429,499,498
429,362,430,428,361,500,499
430,362,429,501,431,363,500
431,432,502,501,430,364,363
432,502,431,433,365,364,503
433,432,365,503,504,505,434
434,366,435,365,506,505,433
435,366,434,367,436,507,506
436,367,435,437,508,507,368
437,368,369,508,436,438,509
438,370,439,369,510,509,437
439,511,510,438,370,371,440
440,441,512,511,372,371,439
441,373,372,513,512,442,440
442,373,441,443,514,374,513
443,375,374,514,442,515,444
444,515,443,516,445,375,376
445,376,377,517,516,446,444
446,447,518,517,445,378,377
447,518,446,378,379,448,519
448,449,380,447,379,520,519
449,380,381,521,520,450,448
450,522,451,382,449,381,521
451,383,452,522,450,382,523
452,451,383,523,524,384,453
453,384,452,385,454,524,525
454,525,526,455,385,453,386
455,526,454,321,387,527,386
456,457,387,527,600,528,529
457,456,387,388,458,530,529
458,388,457,531,530,459,389
459,458,531,389,390,460,532
460,461,391,390,459,533,532
461,533,534,460,391,462,392
462,463,535,461,534,393,392
463,394,393,464,536,462,535
464,394,395,536,463,465,537
465,396,466,537,464,395,538
466,467,539,465,396,397,538
467,466,539,397,540,398,468
468,398,399,469,467,541,540
469,470,542,541,468,399,400
470,542,469,400,543,401,1440
471,1511,1439,544,472,1583,402
472,545,473,403,402,544,471
473,474,546,404,545,472,403
474,475,547,473,546,404,405
475,474,547,476,406,405,548
476,406,407,475,549,477,548
477,408,407,478,549,476,550
478,409,408,479,477,551,550
479,552,480,409,410,478,551
480,552,479,553,554,481,410
481,555,482,480,554,411,410
482,555,556,412,411,481,483
483,484,557,412,413,482,556
484,414,485,558,557,483,413
485,414,484,486,559,558,415
486,485,559,560,416,487,415
487,561,488,417,486,416,560
488,418,489,561,487,562,417
489,488,418,562,563,419,490
490,564,563,491,420,489,419
491,420,421,565,564,492,490
492,422,421,491,565,493,566
493,492,422,494,567,423,566
494,568,567,495,424,493,423
495,494,424,425,496,568,569
496,495,425,570,497,426,569
497,498,571,426,427,570,496
498,571,497,572,499,428,427
499,572,498,428,573,429,500
500,501,574,429,499,573,430
501,430,431,500,574,575,502
502,432,431,576,575,503,501
503,576,502,577,432,433,504
504,503,433,577,505,578
505,433,434,506,578,504
506,507,435,434,505,578,579
507,580,508,435,436,506,579
508,580,507,437,436,581,509
509,508,581,582,510,438,437
510,439,511,583,582,509,438
511,439,510,583,584,512,440
512,441,513,584,511,585,440
513,441,512,585,514,442,586
514,443,442,587,586,513,515
515,443,444,514,516,587,588
516,517,445,588,589,444,515
517,589,590,516,445,446,518
518,447,446,519,591,517,590
519,591,592,518,520,448,447
520,521,449,519,592,593,448
521,520,449,593,594,522,450
522,450,451,595,523,594,521
523,452,524,596,595,522,451
524,597,525,523,452,596,453
525,597,524,454,526,598,453
526,525,454,455,598,599,527
527,387,456,600,599,455,526
528,601,672,602,600,456,529
529,603,602,528,456,530,457
530,604,603,458,531,529,457
531,458,530,532,605,459,604
532,533,606,605,531,459,460
533,532,606,461,534,607,460
534,533,461,607,462,608,535
535,536,609,608,462,463,534
536,464,463,535,609,610,537
537,611,610,536,465,464,538
538,611,612,537,465,466,539
539,466,467,613,540,538,612
540,613,539,467,614,541,468
541,615,614,469,542,540,468
542,470,469,616,615,541,543
543,616,542,470,617,1512,1440
544,1583,618,619,545,472,471
545,619,620,472,473,544,546
546,473,474,547,621,620,545
547,474,475,621,546,548,622
548,622,623,549,476,475,547
549,476,477,550,624,623,548
550,624,625,551,478,477,549
551,625,550,478,626,552,479
552,479,480,627,626,553,551
553,627,628,629,554,480,552
554,629,630,553,480,555,481
555,482,556,631,630,481,554
556,555,482,557,483,632,631
557,633,558,484,483,556,632
558,633,557,484,485,559,634
559,485,486,560,635,634,558
560,559,486,487,561,635,636
561,487,488,636,637,562,560
562,489,488,563,638,637,561
563,564,490,638,562,639,489
564,491,565,563,490,640,639
565,491,564,492,641,640,566
566,642,567,641,565,492,493
567,494,568,642,566,643,493
568,494,567,569,644,643,495
569,644,568,570,645,495,496
570,645,646,571,497,496,569
571,498,497,646,570,647,572
572,498,499,571,648,647,573
573,499,572,574,649,648,500
574,573,649,500,501,575,650
575,576,651,502,574,501,650
576,651,575,502,503,577
577,821,718,578,975,774,651,576,503,504,953
578,718,577,506,505,504,579,652
579,507,506,580,578,652
580,507,508,579,581,652
581,653,582,580,508,652,509
582,653,581,509,583,510,654
583,654,655,510,511,582,584
584,511,512,583,655,656,585
585,513,512,657,656,584,586
586,514,587,658,657,585,513
587,514,586,588,659,658,515
588,660,589,659,587,516,515
589,517,590,660,588,661,516
590,589,517,591,662,661,518
591,519,592,518,590,662,663
592,663,664,591,519,520,593
593,521,520,594,592,665,664
594,521,593,665,666,522,595
595,666,667,596,522,523,594
596,668,667,524,523,597,595
597,524,525,598,668,596,669
598,669,670,599,526,597,525
599,598,670,527,600,671,526
600,528,672,527,456,671,599
601,674,602,672,528,737,673
602,674,601,528,675,603,529
603,530,604,602,529,675,676
604,676,677,530,603,531,605
605,532,606,678,531,604,677
606,532,533,605,678,607,679
607,679,606,534,533,680,608
608,681,680,609,535,607,534
609,535,536,608,682,681,610
610,537,611,536,609,683,682
611,537,610,538,612,683,684
612,611,538,539,685,684,613
613,539,540,686,685,614,612
614,541,615,687,686,613,540
615,542,616,541,614,687,688
616,542,615,689,688,543,617
617,1584,1512,1654,689,616,543
618,1583,544,619,690,1653,1721
619,618,544,545,620,690,691
620,619,545,692,621,546,691
621,547,546,693,692,622,620
622,548,623,694,693,621,547
623,622,548,624,695,694,549
624,550,625,695,549,623
625,624,550,551,626,695
626,627,695,552,551,625
627,553,628,695,626,552
628,627,553,696,695,629
629,630,697,554,553,628,696
630,697,629,555,631,554,698
631,555,630,632,699,698,556
632,631,699,556,557,700,633
633,557,558,634,701,700,632
634,559,635,558,633,701,702
635,559,560,636,703,634,702
636,637,704,561,703,635,560
637,638,705,704,636,561,562
638,706,705,637,563,562,639
639,707,706,640,563,638,564
640,641,708,639,707,565,564
641,640,708,709,642,565,566
642,566,567,643,710,709,641
643,711,710,642,567,644,568
644,569,568,643,645,712,711
645,570,646,713,712,644,569
646,645,570,714,713,571,647
647,648,715,646,571,714,572
648,715,647,572,716,649,573
649,650,717,716,648,573,574
650,649,717,574,651,575
651,774,717,576,575,577,650
652,578,718,579,580,581,653
653,581,582,654,718,652
654,653,718,655,719,583,582
655,654,719,583,656,720,584
656,720,655,721,584,657,585
657,722,721,658,586,656,585
658,722,657,586,587,659,723
659,588,587,658,660,724,723
660,588,589,661,725,659,724
661,660,589,662,590,726,725
662,590,591,661,727,663,726
663,592,664,591,728,727,662
664,663,592,729,665,728,593
665,729,664,730,666,593,594
666,667,731,665,730,595,594
667,668,732,666,731,596,595
668,667,732,596,733,597,669
669,598,670,734,733,668,597
670,735,734,671,669,598,599
671,736,735,670,672,600,599
672,601,528,600,671,736,737
673,737,601,738,792,739,674
674,601,602,675,740,739,673
675,602,674,740,741,603,676
676,604,677,675,603,741,742
677,676,604,742,743,605,678
678,605,606,743,744,679,677
679,607,606,678,744,745,680
680,681,746,608,607,679,745
681,680,746,682,747,608,609
682,748,747,681,609,610,683
683,684,749,610,682,748,611
684,683,749,685,612,611,750
685,686,613,684,612,751,750
686,685,613,614,687,751,752
687,614,615,688,753,752,686
688,687,753,689,616,615
689,688,616,1654,617,753
690,618,619,1774,691,1721
691,620,692,1774,690,619
692,693,621,620,1774,691
693,622,694,692,621,1774
694,622,693,623,695,1774
695,696,754,1774,1773,628,627,626,624,625,623,694
696,754,695,697,628,629
697,630,629,755,754,698,696
698,699,631,697,755,630,756
699,631,632,698,700,757,756
700,758,757,701,633,632,699
701,700,633,758,634,702,759
702,703,760,635,634,759,701
703,704,761,760,636,702,635
704,703,761,762,637,705,636
705,706,763,638,637,704,762
706,639,707,763,705,638,764
707,639,706,765,708,640,764
708,640,641,765,707,766,709
709,766,767,710,642,708,641
710,711,643,768,642,767,709
711,710,643,768,712,769,644
712,713,645,644,770,769,711
713,714,646,712,645,771,770
714,713,646,647,771,715,772
715,773,716,648,647,714,772
716,773,715,774,648,717,649
717,774,651,649,650,716
718,821,577,578,653,654,652,719,775
719,654,655,718,720,775
720,775,721,656,655,719
721,657,722,775,720,776,656
722,657,721,658,776,723,777
723,778,777,722,724,659,658
724,659,660,723,778,779,725
725,780,779,726,661,660,724
726,780,725,661,662,781,727
727,663,728,662,782,726,781
728,664,663,727,782,729,783
729,664,665,728,783,730,784
730,731,785,784,665,729,666
731,666,667,785,730,786,732
732,667,668,787,786,733,731
733,787,732,734,788,669,668
734,670,735,789,788,733,669
735,671,736,670,734,789,790
736,671,735,672,790,791,737
737,792,791,601,673,736,672
738,794,739,793,673,792,837
739,795,794,738,740,673,674
740,674,675,795,739,796,741
741,742,797,796,740,675,676
742,743,798,797,741,677,676
743,798,742,678,744,677,799
744,743,678,745,800,679,799
745,801,800,746,744,679,680
746,680,681,802,801,745,747
747,682,748,681,802,746
748,682,747,749,802,683
749,802,748,683,684,750
750,802,749,684,751,685
751,802,750,752,685,686
752,753,687,802,751,686
753,1775,1722,687,688,752,802,689,1654,1817
754,924,943,697,755,696,695,872,841,900,803,1773
755,756,803,697,754,698
756,755,803,804,757,699,698
757,758,805,700,804,756,699
758,805,757,700,701,806,759
759,807,806,760,702,701,758
760,703,761,759,807,808,702
761,703,704,760,808,762,809
762,810,809,704,761,763,705
763,706,705,764,811,810,762
764,812,811,763,706,765,707
765,707,708,766,813,812,764
766,814,767,709,765,708,813
767,814,766,709,710,768,815
768,710,711,816,815,767,769
769,770,712,711,817,816,768
770,769,712,818,817,713,771
771,714,713,772,819,770,818
772,820,773,819,771,714,715
773,715,716,820,772,774
774,717,651,773,820,975,886,716,577
775,720,721,776,719,718,821
776,775,721,722,777,821
777,778,723,822,722,776,821
778,777,723,822,724,823,779
779,725,780,824,778,724,823
780,725,779,824,726,781,825
781,780,825,726,727,826,782
782,727,728,783,826,781,827
783,782,728,828,784,827,729
784,785,829,828,783,730,729
785,784,829,830,731,730,786
786,732,787,831,785,731,830
787,732,786,831,832,788,733
788,734,789,787,832,833,733
789,734,735,788,834,790,833
790,835,834,789,791,735,736
791,737,792,836,790,835,736
792,737,791,837,836,673,738
793,838,871,837,738,794,839
794,739,795,738,793,840,839
795,739,794,796,840,740
796,840,795,740,741,797
797,798,742,741,840,796
798,743,742,797,840,799
799,840,798,743,800,744
800,745,801,744,840,799
801,745,800,802,746,840
802,801,746,749,748,840,747,969,750,751,752,753,1817
803,804,841,755,756,754
804,803,841,805,842,756,757
805,758,757,804,842,806,843
806,759,807,844,805,758,843
807,759,806,760,844,808,845
808,760,761,807,845,809,846
809,810,847,762,846,808,761
810,847,809,811,848,762,763
811,764,812,848,849,763,810
812,764,811,849,850,813,765
813,851,850,814,766,812,765
814,766,767,852,851,815,813
815,768,816,853,852,814,767
816,817,854,768,815,769,853
817,854,816,818,770,855,769
818,856,855,819,817,770,771
819,856,818,772,820,771
820,772,773,774,819,886,856
821,577,718,775,953,776,777,822,857,913
822,777,778,823,857,821
823,822,857,824,778,779
824,858,857,779,780,823,825
825,859,858,780,781,824,826
826,781,825,860,827,859,782
827,828,861,860,826,782,783
828,827,861,829,862,784,783
829,784,785,828,862,830,863
830,785,829,831,864,863,786
831,787,832,830,864,865,786
832,866,833,831,787,788,865
833,866,832,788,867,834,789
834,790,835,789,868,867,833
835,869,868,836,790,834,791
836,835,869,792,837,791,870
837,792,836,793,871,870,738
838,793,871,839,899,969
839,838,793,794,840,969
840,796,795,794,839,802,801,969,797,798,799,800
841,803,804,872,754,842
842,873,872,804,805,843,841
843,842,873,806,805,844,874
844,807,806,874,875,845,843
845,846,876,807,808,875,844
846,847,877,845,876,809,808
847,810,809,846,877,878,848
848,811,849,810,847,878,879
849,812,850,880,848,811,879
850,849,812,880,813,851,881
851,814,852,813,850,881,882
852,814,851,882,853,815,883
853,852,815,884,854,883,816
854,817,816,884,853,855,885
855,856,818,885,854,886,817
856,855,818,819,886,820
857,824,858,913,887,822,823,821
858,887,859,824,857,825
859,887,858,825,860,826
860,888,887,859,861,826,827
861,827,828,862,889,888,860
862,828,829,861,889,863,890
863,862,890,829,830,864,891
864,891,892,830,831,865,863
865,892,893,864,831,832,866
866,832,833,894,893,867,865
867,866,833,894,895,834,868
868,869,835,896,895,834,867
869,868,835,836,897,870,896
870,897,869,898,871,837,836
871,793,838,837,898,870,899
872,842,873,754,841,900
873,842,872,843,874,901,900
874,875,902,844,901,843,873
875,874,902,844,876,903,845
876,845,846,904,903,877,875
877,905,904,878,846,847,876
878,905,877,847,906,879,848
879,878,906,907,849,880,848
880,849,850,908,907,881,879
881,909,908,882,851,850,880
882,883,910,909,881,851,852
883,882,910,884,911,852,853
884,883,911,912,853,854,885
885,886,912,855,854,884
886,975,952,912,885,774,855,856,820
887,858,859,860,888,913,857
888,860,887,913,889,861
889,914,890,861,862,913,888
890,914,889,862,863,915,891
891,864,892,915,890,863,916
892,891,864,865,893,917,916
893,894,866,892,865,918,917
894,893,866,918,895,919,867
895,919,894,896,868,920,867
896,897,921,920,869,895,868
897,869,870,896,921,922,898
898,899,923,897,870,871,922
899,898,923,838,969,871
900,924,754,901,873,872
901,925,924,874,902,900,873
902,874,875,903,926,901,925
903,927,926,902,876,904,875
904,877,905,928,927,876,903
905,877,904,929,928,906,878
906,930,929,905,907,878,879
907,906,930,908,931,880,879
908,909,881,932,931,907,880
909,933,932,910,882,908,881
910,882,883,934,933,909,911
911,910,934,883,884,912
912,886,952,934,911,885,884
913,914,935,857,887,888,953,821,889
914,935,913,889,890,915
915,890,891,914,935,916
916,936,935,892,917,891,915
917,918,937,893,892,916,936
918,893,894,937,917,919,938
919,938,918,939,895,894,920
920,939,940,896,921,919,895
921,896,897,941,940,922,920
922,941,942,897,921,923,898
923,898,899,942,969,922
924,943,754,901,925,900
925,901,924,944,943,926,902
926,944,945,903,927,902,925
927,904,928,903,926,946,945
928,929,905,904,927,947,946
929,928,905,906,930,948,947
930,906,929,948,907,931,949
931,930,949,908,932,907,950
932,909,933,951,950,908,931
933,909,932,951,910,934,952
934,910,933,911,952,912
935,914,913,953,916,936,915
936,937,953,916,935,917
937,953,936,918,917,954,938
938,939,955,919,918,954,937
939,955,938,919,956,940,920
940,941,957,921,956,939,920
941,958,957,940,922,942,921
942,969,958,941,922,923
943,924,754,983,981,977,970,959,925,944,1773
944,926,945,925,943,959
945,944,926,946,960,959,927
946,947,928,961,960,945,927
947,946,928,961,929,948,962
948,930,929,947,963,962,949
949,950,964,930,931,963,948
950,932,951,964,949,931,965
951,932,950,933,952,965
952,975,965,886,951,933,934,912
953,966,954,937,936,577,821,913,935
954,966,953,955,937,938
955,939,938,966,954,956
956,957,967,966,955,939,940
957,967,956,941,958,940,968
958,969,942,941,957,968
959,960,970,945,943,944
960,970,959,971,946,945,961
961,947,946,962,972,971,960
962,973,972,961,963,948,947
963,962,973,948,949,974,964
964,965,975,950,949,974,963
965,952,975,964,951,950
966,953,954,955,956,967,976
967,957,956,966,976,968
968,976,967,958,969,957
969,958,942,968,976,899,838,923,839,840,802
970,960,959,971,977,943
971,977,970,960,972,978,961
972,962,973,961,978,971,979
973,962,972,963,979,974,980
974,964,975,973,963,980
975,952,965,964,886,974,983,980,774,577
976,967,968,966,969
977,978,981,971,970,943
978,981,977,982,972,971,979
979,980,982,978,972,973
980,983,982,979,974,973,975
981,978,977,982,983,943
982,978,981,980,983,979
983,980,982,943,981,975
984,996,1962,2178,2244,997,985
985,998,997,986,2552,984,2244
986,998,999,985,2552,2432,987
987,988,1001,1000,999,2432,986
988,2432,2179,989,1002,1001,987
989,1003,1982,988,2179,2068,1002
990,2628,2627,1011,1010,991,2374
991,1012,1013,992,2374,1011,990
992,2712,2625,2374,991,1014,1013
993,2588,1020,1019,2713,1018,2589
994,2073,2079,1026,995,1025,2019
995,1026,994,2019,1962,996,1027
996,984,1962,995,1027,1028,997
997,1028,1029,985,998,996,984
998,999,1030,986,985,997,1029
999,1030,998,986,1000,987,1031
1000,1033,1032,999,987,1001,1031
1001,1002,988,987,1034,1000,1033
1002,1035,1003,1001,988,1034,989
1003,1004,1036,1035,1002,989,1982
1004,1037,1005,1003,1036,2022,1982
1005,1037,1004,1006,1038,2022,2085
1006,1005,1038,2714,1039,2085,2413
1007,2364,2365,1008,1044,1043,2688
1008,2365,2366,1009,1045,1044,1007
1009,1008,1045,2628,2366,1046,1010
1010,1047,1046,990,1011,1009,2628
1011,990,1010,1048,1047,1012,991
1012,991,1013,1050,1048,1011,1049
1013,1051,1014,1012,991,1050,992
1014,1051,1013,1052,2712,1015,992
1015,1014,2712,2615,2614,1052,1053
1016,2358,1017,2359,2160,1063,1062
1017,2713,1018,2358,1016,1063,1064
1018,2713,1017,993,1019,1064,1065
1019,1020,993,1018,1065,1066,1067
1020,2588,993,1019,1067,1021,1068
1021,2564,2327,2588,1069,1068,1020
1022,2294,2535,45,1072,97,1023
1023,2535,2259,1072,1073,1024,1022
1024,1023,2259,1025,2079,1073,1074
1025,2079,994,1026,1075,1074,1024
1026,994,995,1025,1076,1075,1027
1027,995,996,1026,1076,1028,1077
1028,997,1029,1078,1027,996,1077
1029,1028,997,1078,998,1030,1079
1030,999,998,1029,1079,1031,1080
1031,1081,1080,1000,999,1030,1032
1032,1083,1082,1033,1000,1031,1081
1033,1083,1084,1032,1000,1034,1001
1034,1035,1085,1001,1002,1084,1033
1035,1034,1085,1002,1003,1036,1086
1036,1003,1004,1037,1035,1086,1087
1037,1088,1087,1004,1005,1036,1038
1038,1039,1089,1005,1006,1037,1088
1039,1090,1040,1089,1038,2714,1006
1040,1090,1039,2689,2714,1091,1041
1041,1042,2687,1040,1091,1092,2689
1042,1041,2687,1043,1093,1092,2688
1043,1093,1042,2688,1007,1094,1044
1044,1008,1045,1094,1095,1007,1043
1045,1008,1009,1044,1096,1046,1095
1046,1047,1010,1096,1045,1009,1097
1047,1046,1010,1011,1048,1097,1098
1048,1011,1047,1098,1099,1012,1049
1049,1099,1100,1012,1050,1101,1048
1050,1012,1013,1049,1102,1051,1101
1051,1013,1014,1052,1103,1102,1050
1052,1051,1014,1103,1015,1053,1104
1053,1105,1054,2615,1015,1052,1104
1054,1055,1106,2338,1105,2615,1053
1055,1107,1056,1106,1054,2338,2242
1056,1107,1055,2232,1057,2242,1108
1057,2232,1056,1058,1109,1108,2233
1058,1109,1110,1057,2233,2234,1059
1059,1110,1111,2234,2235,1058,1060
1060,2235,2353,1061,1112,1111,1059
1061,1113,1112,1062,2160,1060,2353
1062,1061,2160,1063,1016,1113,1114
1063,1017,1064,1115,1062,1016,1114
1064,1065,1116,1115,1063,1017,1018
1065,1116,1064,1019,1066,1117,1018
1066,1065,1019,1117,1118,1119,1067
1067,1068,1120,1019,1020,1119,1066
1068,1021,1069,1120,1067,1020,1121
1069,1021,1068,1122,1121,2327,1070
1070,2327,1069,1071,1123,2329,1122
1071,1124,1123,2565,2445,1070,2329
1072,1023,1073,1022,97,1126,1125
1073,1072,1023,1024,1074,1126,1127
1074,1128,1127,1075,1025,1073,1024
1075,1074,1025,1076,1026,1128,1129
1076,1129,1130,1075,1026,1027,1077
1077,1130,1076,1078,1131,1027,1028
1078,1132,1131,1028,1029,1079,1077
1079,1133,1132,1078,1029,1080,1030
1080,1134,1133,1081,1031,1079,1030
1081,1134,1080,1031,1032,1135,1082
1082,1083,1032,1137,1136,1135,1081
1083,1082,1032,1033,1084,1138,1137
1084,1083,1033,1034,1085,1138,1139
1085,1140,1139,1034,1035,1086,1084
1086,1140,1141,1085,1035,1036,1087
1087,1088,1037,1142,1086,1036,1141
1088,1087,1037,1142,1038,1143,1089
1089,1144,1090,1039,1038,1143,1088
1090,1144,1089,1039,1040,1145,1091
1091,1145,1090,1146,1040,1041,1092
1092,1091,1146,1147,1041,1042,1093
1093,1147,1148,1043,1042,1094,1092
1094,1095,1149,1044,1148,1093,1043
1095,1150,1096,1094,1149,1044,1045
1096,1150,1095,1045,1046,1097,1151
1097,1046,1096,1047,1151,1152,1098
1098,1047,1048,1153,1152,1099,1097
1099,1098,1048,1049,1100,1154,1153
1100,1154,1155,1101,1156,1099,1049
1101,1102,1157,1100,1156,1049,1050
1102,1101,1157,1051,1103,1158,1050
1103,1159,1158,1052,1051,1102,1104
1104,1160,1159,1105,1053,1052,1103
1105,1106,1161,1160,1054,1053,1104
1106,1055,1054,1105,1161,1107,1162
1107,1162,1163,1055,1056,1106,1108
1108,1163,1164,1057,1109,1056,1107
1109,1058,1110,1057,1108,1164,1165
1110,1109,1058,1165,1166,1059,1111
1111,1110,1059,1060,1112,1167,1166
1112,1113,1168,1061,1060,1111,1167
1113,1112,1168,1061,1114,1169,1062
1114,1113,1169,1170,1115,1062,1063
1115,1116,1171,1064,1063,1170,1114
1116,1065,1064,1115,1171,1117,1172
1117,1116,1172,1118,1173,1065,1066
1118,1174,1175,1117,1173,1119,1066
1119,1175,1118,1120,1176,1066,1067
1120,1068,1067,1176,1119,1121,1177
1121,1122,1069,1177,1178,1120,1068
1122,1121,1069,1123,1070,1179,1178
1123,1071,1124,1070,1122,1179,1180
1124,98,2445,1071,1123,1181,1180
1125,1182,210,152,97,1072,1126,1183
1126,1127,1184,1072,1073,1125,1183
1127,1074,1128,1184,1126,1185,1073
1128,1074,1127,1186,1129,1075,1185
1129,1130,1187,1186,1128,1076,1075
1130,1129,1187,1076,1188,1131,1077
1131,1132,1189,1078,1188,1130,1077
1132,1131,1189,1079,1133,1078,1190
1133,1080,1134,1079,1132,1191,1190
1134,1192,1191,1080,1133,1081,1135
1135,1136,1193,1082,1192,1134,1081
1136,1137,1082,1135,1193,1194,1195
1137,1136,1082,1196,1195,1138,1083
1138,1137,1196,1084,1083,1139,1197
1139,1085,1140,1084,1138,1197,1198
1140,1085,1139,1086,1141,1199,1198
1141,1140,1086,1199,1200,1142,1087
1142,1087,1088,1201,1143,1141,1200
1143,1202,1201,1142,1089,1144,1088
1144,1089,1090,1202,1203,1143,1145
1145,1204,1146,1203,1090,1091,1144
1146,1204,1145,1091,1205,1092,1147
1147,1206,1205,1093,1148,1146,1092
1148,1147,1093,1207,1206,1149,1094
1149,1094,1095,1148,1207,1208,1150
1150,1095,1096,1149,1151,1208,1209
1151,1210,1152,1150,1096,1097,1209
1152,1210,1151,1211,1097,1098,1153
1153,1098,1152,1212,1211,1099,1154
1154,1100,1155,1213,1212,1099,1153
1155,1156,1215,1154,1100,1213,1214
1156,1215,1155,1100,1101,1216,1157
1157,1101,1102,1217,1216,1158,1156
1158,1218,1217,1103,1159,1157,1102
1159,1103,1158,1104,1160,1219,1218
1160,1104,1159,1220,1219,1161,1105
1161,1105,1106,1220,1221,1160,1162
1162,1107,1163,1106,1221,1222,1161
1163,1223,1222,1164,1162,1107,1108
1164,1163,1223,1108,1224,1165,1109
1165,1110,1166,1225,1224,1164,1109
1166,1165,1110,1225,1226,1167,1111
1167,1168,1227,1226,1111,1112,1166
1168,1112,1113,1169,1228,1227,1167
1169,1170,1229,1168,1228,1113,1114
1170,1229,1230,1169,1171,1115,1114
1171,1115,1116,1170,1230,1231,1172
1172,1116,1117,1232,1231,1173,1171
1173,1174,1233,1117,1118,1232,1172
1174,1118,1175,1233,1173,1234,1235
1175,1174,1118,1119,1236,1176,1235
1176,1120,1119,1177,1237,1236,1175
1177,1238,1237,1178,1121,1120,1176
1178,1179,1239,1238,1177,1121,1122
1179,1239,1178,1240,1122,1123,1180
1180,1241,1181,1124,1123,1179,1240
1181,1241,1180,153,98,1124
1182,1125,210,1242,1183,1243
1183,1244,1184,1182,1243,1126,1125
1184,1244,1183,1245,1127,1126,1185
1185,1184,1127,1128,1186,1246,1245
1186,1129,1187,1128,1247,1246,1185
1187,1129,1130,1186,1247,1248,1188
1188,1187,1130,1248,1249,1189,1131
1189,1190,1250,1131,1132,1188,1249
1190,1189,1250,1132,1251,1133,1191
1191,1134,1192,1251,1252,1133,1190
1192,1134,1191,1253,1193,1135,1252
1193,1253,1254,1194,1135,1136,1192
1194,1256,1255,1195,1254,1193,1136
1195,1196,1137,1256,1194,1257,1136
1196,1197,1258,1195,1137,1138,1257
1197,1198,1259,1258,1196,1139,1138
1198,1197,1259,1260,1139,1199,1140
1199,1141,1200,1260,1261,1198,1140
1200,1201,1262,1261,1199,1141,1142
1201,1200,1262,1143,1202,1142,1263
1202,1143,1201,1264,1263,1203,1144
1203,1264,1202,1265,1204,1144,1145
1204,1145,1146,1265,1203,1266,1205
1205,1206,1147,1267,1266,1204,1146
1206,1205,1147,1207,1268,1267,1148
1207,1208,1269,1206,1268,1148,1149
1208,1207,1269,1209,1270,1149,1150
1209,1270,1271,1208,1150,1151,1210
1210,1151,1152,1211,1271,1272,1209
1211,1152,1210,1272,1273,1153,1212
1212,1213,1274,1153,1211,1273,1154
1213,1274,1212,1275,1154,1214,1155
1214,1277,1215,1276,1275,1213,1155
1215,1156,1155,1277,1214,1278,1216
1216,1215,1278,1279,1217,1156,1157
1217,1158,1218,1280,1279,1216,1157
1218,1158,1217,1280,1281,1219,1159
1219,1281,1282,1220,1160,1159,1218
1220,1282,1219,1161,1221,1160,1283
1221,1284,1283,1220,1161,1222,1162
1222,1163,1223,1285,1284,1221,1162
1223,1163,1222,1164,1286,1285,1224
1224,1287,1286,1165,1225,1223,1164
1225,1165,1224,1287,1226,1288,1166
1226,1289,1288,1225,1227,1167,1166
1227,1168,1167,1228,1290,1226,1289
1228,1168,1169,1227,1290,1229,1291
1229,1170,1230,1169,1291,1292,1228
1230,1229,1170,1231,1293,1292,1171
1231,1293,1230,1232,1172,1171,1294
1232,1295,1294,1231,1172,1173,1233
1233,1295,1296,1174,1173,1234,1232
1234,1297,1296,1235,1298,1233,1174
1235,1298,1234,1236,1299,1174,1175
1236,1299,1235,1176,1237,1175,1300
1237,1238,1177,1176,1236,1301,1300
1238,1237,1177,1178,1239,1301,1302
1239,1179,1178,1240,1303,1302,1238
1240,1241,1304,1179,1239,1180,1303
1241,1180,1181,1240,1304,271,153
1242,270,210,1182,334,1305,1243
1243,1182,1183,1244,1305,1306,1242
1244,1183,1184,1307,1306,1245,1243
1245,1244,1184,1308,1246,1307,1185
1246,1308,1245,1309,1247,1186,1185
1247,1187,1248,1310,1309,1186,1246
1248,1247,1187,1188,1249,1310,1311
1249,1248,1188,1311,1250,1312,1189
1250,1189,1190,1313,1312,1251,1249
1251,1250,1313,1191,1252,1314,1190
1252,1251,1191,1253,1315,1314,1192
1253,1193,1254,1252,1315,1316,1192
1254,1194,1255,1253,1193,1317,1316
1255,1256,1194,1254,1318,1319,1317
1256,1255,1194,1195,1257,1320,1319
1257,1321,1258,1195,1256,1196,1320
1258,1197,1196,1322,1321,1259,1257
1259,1197,1198,1323,1322,1258,1260
1260,1198,1259,1324,1323,1261,1199
1261,1200,1262,1260,1324,1325,1199
1262,1200,1201,1261,1326,1325,1263
1263,1264,1202,1201,1262,1326,1327
1264,1263,1202,1203,1265,1328,1327
1265,1203,1204,1329,1328,1264,1266
1266,1204,1205,1265,1267,1329,1330
1267,1331,1268,1330,1205,1206,1266
1268,1331,1267,1206,1207,1332,1269
1269,1207,1208,1332,1268,1270,1333
1270,1209,1271,1208,1334,1269,1333
1271,1270,1209,1334,1210,1272,1335
1272,1335,1336,1273,1271,1210,1211
1273,1336,1272,1211,1274,1337,1212
1274,1213,1212,1337,1273,1338,1275
1275,1214,1276,1338,1274,1339,1213
1276,1214,1275,1341,1340,1339,1277
1277,1214,1215,1278,1276,1341,1342
1278,1277,1215,1216,1342,1343,1279
1279,1344,1343,1216,1278,1217,1280
1280,1281,1345,1217,1218,1344,1279
1281,1280,1345,1219,1282,1346,1218
1282,1281,1219,1346,1347,1220,1283
1283,1221,1284,1220,1348,1347,1282
1284,1222,1285,1221,1283,1348,1349
1285,1349,1350,1286,1222,1284,1223
1286,1224,1287,1285,1350,1351,1223
1287,1224,1286,1351,1225,1352,1288
1288,1226,1289,1353,1225,1287,1352
1289,1226,1288,1353,1227,1290,1354
1290,1291,1355,1227,1228,1289,1354
1291,1290,1355,1229,1292,1356,1228
1292,1291,1229,1230,1293,1356,1357
1293,1231,1230,1292,1358,1357,1294
1294,1295,1232,1359,1358,1293,1231
1295,1233,1296,1360,1294,1232,1359
1296,1295,1233,1360,1297,1234,1361
1297,1296,1234,1362,1361,1363,1298
1298,1364,1363,1235,1234,1297,1299
1299,1236,1235,1298,1300,1365,1364
1300,1237,1301,1365,1366,1236,1299
1301,1302,1367,1366,1237,1300,1238
1302,1301,1367,1303,1368,1239,1238
1303,1302,1368,1239,1369,1240,1304
1304,1240,1241,271,1303,1369,1370
1305,401,1371,334,1242,1306,1243
1306,1371,1305,1244,1307,1372,1243
1307,1244,1306,1308,1245,1372,1373
1308,1245,1246,1307,1374,1373,1309
1309,1310,1247,1246,1375,1374,1308
1310,1309,1247,1375,1376,1248,1311
1311,1310,1248,1377,1312,1376,1249
1312,1377,1378,1311,1250,1313,1249
1313,1378,1379,1250,1312,1314,1251
1314,1379,1313,1380,1315,1252,1251
1315,1380,1381,1314,1316,1252,1253
1316,1382,1381,1315,1254,1317,1253
1317,1318,1383,1254,1316,1382,1255
1318,1383,1317,1255,1319,1385,1384
1319,1318,1255,1385,1386,1320,1256
1320,1257,1321,1387,1386,1256,1319
1321,1258,1322,1257,1387,1388,1320
1322,1258,1321,1259,1323,1388,1389
1323,1259,1322,1324,1260,1390,1389
1324,1391,1390,1323,1260,1261,1325
1325,1392,1391,1326,1262,1261,1324
1326,1392,1325,1393,1327,1262,1263
1327,1394,1393,1326,1263,1264,1328
1328,1329,1265,1264,1327,1395,1394
1329,1396,1330,1328,1265,1395,1266
1330,1396,1329,1267,1331,1397,1266
1331,1267,1268,1330,1332,1397,1398
1332,1333,1399,1268,1331,1269,1398
1333,1332,1399,1269,1270,1400,1334
1334,1270,1271,1335,1401,1400,1333
1335,1272,1336,1402,1401,1334,1271
1336,1337,1403,1335,1272,1273,1402
1337,1403,1336,1274,1273,1404,1338
1338,1274,1337,1405,1339,1404,1275
1339,1405,1338,1406,1275,1340,1276
1340,1408,1407,1276,1341,1339,1406
1341,1276,1340,1277,1342,1409,1408
1342,1410,1409,1277,1278,1343,1341
1343,1410,1411,1279,1344,1342,1278
1344,1279,1343,1412,1411,1345,1280
1345,1280,1281,1413,1346,1344,1412
1346,1413,1345,1282,1281,1347,1414
1347,1282,1346,1414,1283,1348,1415
1348,1283,1347,1284,1349,1416,1415
1349,1285,1350,1417,1348,1284,1416
1350,1349,1285,1418,1351,1286,1417
1351,1352,1419,1418,1350,1287,1286
1352,1351,1419,1420,1287,1288,1353
1353,1288,1289,1421,1354,1420,1352
1354,1421,1422,1289,1290,1355,1353
1355,1290,1291,1356,1423,1422,1354
1356,1291,1292,1357,1424,1355,1423
1357,1424,1425,1358,1356,1292,1293
1358,1426,1425,1357,1293,1359,1294
1359,1427,1360,1426,1358,1295,1294
1360,1295,1296,1427,1359,1428,1361
1361,1297,1362,1296,1360,1428,1429
1362,1429,1430,1297,1361,1363,1431
1363,1364,1298,1362,1297,1432,1431
1364,1363,1298,1433,1432,1365,1299
1365,1300,1366,1364,1433,1299,1434
1366,1301,1367,1435,1365,1300,1434
1367,1301,1302,1436,1435,1366,1368
1368,1302,1303,1369,1436,1367,1437
1369,1437,1438,1368,1303,1304,1370
1370,335,1439,1438,1369,1304,271
1371,401,1305,1306,1441,1372,1440
1372,1441,1371,1306,1307,1373,1442
1373,1374,1443,1307,1372,1442,1308
1374,1443,1373,1375,1444,1308,1309
1375,1444,1374,1445,1310,1376,1309
1376,1375,1310,1445,1311,1446,1377
1377,1312,1378,1311,1447,1376,1446
1378,1448,1447,1377,1312,1313,1379
1379,1378,1313,1448,1314,1449,1380
1380,1315,1381,1379,1449,1314,1450
1381,1316,1382,1380,1315,1451,1450
1382,1316,1381,1383,1452,1451,1317
1383,1318,1317,1452,1382,1384,1453
1384,1318,1385,1453,1454,1383,1455
1385,1319,1318,1386,1456,1455,1384
1386,1320,1387,1456,1385,1457,1319
1387,1321,1388,1458,1457,1320,1386
1388,1387,1321,1322,1389,1459,1458
1389,1460,1459,1323,1390,1322,1388
1390,1324,1391,1323,1389,1461,1460
1391,1392,1325,1324,1390,1462,1461
1392,1391,1325,1462,1393,1463,1326
1393,1392,1463,1394,1327,1464,1326
1394,1393,1327,1464,1465,1395,1328
1395,1466,1465,1394,1396,1329,1328
1396,1329,1330,1467,1397,1466,1395
1397,1468,1398,1331,1330,1467,1396
1398,1468,1397,1469,1331,1399,1332
1399,1332,1333,1398,1400,1469,1470
1400,1471,1470,1334,1401,1333,1399
1401,1402,1472,1335,1334,1400,1471
1402,1472,1401,1335,1336,1403,1473
1403,1337,1336,1404,1402,1473,1474
1404,1337,1403,1474,1475,1405,1338
1405,1475,1404,1338,1339,1476,1406
1406,1407,1477,1476,1405,1339,1340
1407,1340,1408,1406,1477,1478,1479
1408,1340,1407,1341,1480,1479,1409
1409,1410,1342,1481,1480,1341,1408
1410,1409,1342,1343,1411,1482,1481
1411,1410,1343,1344,1412,1482,1483
1412,1344,1411,1413,1484,1483,1345
1413,1345,1346,1484,1485,1412,1414
1414,1485,1486,1415,1346,1347,1413
1415,1487,1486,1414,1347,1416,1348
1416,1488,1487,1415,1417,1348,1349
1417,1349,1350,1418,1489,1488,1416
1418,1489,1490,1350,1351,1417,1419
1419,1351,1352,1420,1418,1490,1491
1420,1352,1419,1421,1353,1491,1492
1421,1354,1422,1493,1353,1420,1492
1422,1421,1354,1493,1423,1494,1355
1423,1424,1495,1356,1494,1422,1355
1424,1357,1425,1495,1423,1356,1496
1425,1424,1357,1426,1358,1497,1496
1426,1425,1358,1498,1427,1497,1359
1427,1498,1426,1359,1360,1428,1499
1428,1360,1427,1361,1429,1500,1499
1429,1362,1430,1501,1500,1428,1361
1430,1429,1362,1431,1503,1501,1502
1431,1430,1362,1503,1432,1363,1504
1432,1364,1433,1363,1505,1504,1431
1433,1506,1505,1364,1432,1365,1434
1434,1507,1506,1366,1435,1365,1433
1435,1367,1436,1366,1434,1508,1507
1436,1367,1435,1509,1508,1368,1437
1437,1369,1438,1510,1509,1368,1436
1438,1437,1369,1510,1370,1439,1511
1439,1511,471,402,335,1370,1438
1440,470,401,1513,1512,543,1371,1441
1441,1442,1514,1371,1372,1513,1440
1442,1441,1514,1372,1373,1515,1443
1443,1374,1373,1442,1515,1516,1444
1444,1375,1374,1517,1516,1445,1443
1445,1518,1517,1375,1444,1376,1446
1446,1518,1519,1376,1445,1377,1447
1447,1378,1448,1520,1377,1446,1519
1448,1378,1447,1520,1521,1449,1379
1449,1521,1448,1522,1379,1380,1450
1450,1451,1523,1381,1522,1449,1380
1451,1523,1450,1381,1524,1382,1452
1452,1525,1453,1524,1383,1382,1451
1453,1525,1452,1384,1454,1526,1383
1454,1526,1527,1453,1384,1455,1528
1455,1528,1529,1456,1385,1454,1384
1456,1457,1530,1529,1455,1386,1385
1457,1458,1387,1531,1530,1456,1386
1458,1457,1387,1459,1388,1532,1531
1459,1460,1389,1533,1388,1458,1532
1460,1534,1461,1459,1389,1533,1390
1461,1534,1460,1462,1391,1535,1390
1462,1392,1391,1461,1535,1536,1463
1463,1392,1393,1537,1464,1536,1462
1464,1537,1463,1394,1393,1465,1538
1465,1466,1395,1539,1538,1394,1464
1466,1465,1395,1540,1467,1396,1539
1467,1396,1397,1541,1540,1468,1466
1468,1397,1398,1469,1542,1541,1467
1469,1543,1470,1542,1468,1398,1399
1470,1543,1469,1471,1400,1399,1544
1471,1470,1400,1545,1544,1401,1472
1472,1402,1401,1471,1545,1473,1546
1473,1474,1547,1546,1402,1403,1472
1474,1547,1473,1548,1403,1404,1475
1475,1548,1549,1404,1474,1405,1476
1476,1549,1475,1405,1406,1477,1550
1477,1406,1407,1478,1550,1476
1478,1479,1551,1621,1477,1407,1550
1479,1478,1551,1480,1408,1407
1480,1481,1409,1479,1408,1552,1551
1481,1480,1409,1553,1482,1410,1552
1482,1554,1483,1553,1481,1411,1410
1483,1554,1482,1411,1484,1555,1412
1484,1413,1485,1556,1412,1555,1483
1485,1414,1486,1557,1484,1413,1556
1486,1415,1487,1485,1414,1557,1558
1487,1415,1486,1558,1488,1559,1416
1488,1559,1487,1560,1416,1417,1489
1489,1418,1490,1417,1560,1488,1561
1490,1489,1418,1562,1561,1491,1419
1491,1420,1492,1563,1490,1562,1419
1492,1491,1420,1493,1421,1564,1563
1493,1494,1565,1421,1422,1492,1564
1494,1493,1565,1495,1566,1423,1422
1495,1566,1567,1424,1423,1494,1496
1496,1497,1568,1567,1425,1424,1495
1497,1568,1496,1425,1426,1569,1498
1498,1569,1570,1426,1427,1499,1497
1499,1428,1500,1427,1498,1570,1571
1500,1429,1501,1428,1499,1571,1572
1501,1429,1500,1430,1502,1572,1573
1502,1503,1575,1573,1574,1501,1430
1503,1576,1575,1502,1430,1431,1504
1504,1577,1576,1505,1503,1432,1431
1505,1433,1506,1578,1577,1504,1432
1506,1433,1505,1434,1507,1579,1578
1507,1434,1506,1435,1508,1580,1579
1508,1580,1581,1509,1436,1435,1507
1509,1508,1436,1437,1510,1581,1582
1510,1438,1437,1511,1509,1582,1583
1511,1439,471,1438,1510,1583
1512,1584,617,1513,1440,543
1513,1584,1585,1512,1514,1440,1441
1514,1441,1442,1513,1585,1586,1515
1515,1442,1514,1586,1587,1516,1443
1516,1517,1588,1587,1515,1444,1443
1517,1589,1588,1516,1445,1518,1444
1518,1445,1517,1446,1519,1589,1590
1519,1591,1520,1590,1518,1446,1447
1520,1447,1448,1521,1591,1519,1592
1521,1520,1448,1449,1592,1522,1593
1522,1521,1449,1523,1594,1593,1450
1523,1451,1450,1522,1594,1595,1524
1524,1525,1452,1596,1595,1523,1451
1525,1452,1453,1524,1526,1596,1597
1526,1454,1527,1598,1525,1453,1597
1527,1526,1454,1598,1599,1600,1528
1528,1455,1529,1601,1454,1600,1527
1529,1530,1602,1528,1455,1601,1456
1530,1602,1529,1457,1531,1456,1603
1531,1457,1530,1532,1604,1458,1603
1532,1605,1533,1604,1531,1459,1458
1533,1605,1532,1459,1460,1534,1606
1534,1606,1607,1460,1461,1535,1533
1535,1461,1462,1607,1608,1534,1536
1536,1537,1609,1535,1462,1608,1463
1537,1610,1609,1536,1463,1464,1538
1538,1539,1465,1464,1611,1610,1537
1539,1538,1465,1540,1612,1466,1611
1540,1541,1613,1467,1612,1466,1539
1541,1540,1613,1468,1542,1467,1614
1542,1469,1468,1615,1614,1541,1543
1543,1469,1470,1616,1544,1615,1542
1544,1616,1543,1545,1471,1470,1617
1545,1544,1471,1472,1617,1618,1546
1546,1618,1619,1473,1547,1472,1545
1547,1474,1473,1546,1619,1548,1620
1548,1475,1549,1547,1474,1620
1549,1620,1550,1548,1475,1476
1550,1620,1549,1690,1863,1477,1476,1478,1621
1551,1478,1479,1621,1552,1480
1552,1553,1622,1621,1551,1480,1481
1553,1623,1622,1481,1482,1552,1554
1554,1482,1483,1553,1624,1623,1555
1555,1625,1624,1554,1556,1484,1483
1556,1626,1625,1555,1557,1485,1484
1557,1558,1627,1485,1486,1626,1556
1558,1627,1557,1486,1487,1559,1628
1559,1488,1487,1628,1558,1560,1629
1560,1559,1488,1629,1489,1561,1630
1561,1562,1631,1490,1489,1560,1630
1562,1631,1561,1632,1490,1491,1563
1563,1491,1492,1564,1562,1633,1632
1564,1633,1634,1493,1565,1492,1563
1565,1493,1494,1634,1635,1566,1564
1566,1495,1567,1636,1635,1494,1565
1567,1566,1495,1496,1568,1637,1636
1568,1637,1638,1497,1496,1567,1569
1569,1498,1570,1497,1639,1638,1568
1570,1569,1498,1499,1571,1640,1639
1571,1640,1641,1499,1500,1570,1572
1572,1641,1642,1501,1500,1571,1573
1573,1643,1642,1502,1574,1501,1572
1574,1645,1644,1575,1573,1502,1643
1575,1503,1576,1574,1645,1502,1646
1576,1503,1575,1647,1577,1646,1504
1577,1578,1648,1505,1647,1576,1504
1578,1577,1648,1505,1579,1649,1506
1579,1580,1650,1649,1578,1507,1506
1580,1579,1650,1508,1581,1651,1507
1581,1580,1508,1651,1652,1509,1582
1582,1510,1509,1581,1653,1652,1583
1583,544,618,471,1510,1511,1582,1653
1584,617,1512,1585,1655,1513,1654
1585,1655,1584,1586,1656,1513,1514
1586,1657,1587,1585,1656,1514,1515
1587,1657,1586,1516,1588,1515,1658
1588,1589,1517,1516,1587,1658,1659
1589,1588,1517,1660,1659,1518,1590
1590,1591,1661,1519,1589,1518,1660
1591,1590,1661,1519,1520,1662,1592
1592,1663,1662,1521,1520,1593,1591
1593,1592,1521,1664,1663,1594,1522
1594,1595,1665,1664,1522,1523,1593
1595,1594,1665,1523,1596,1524,1666
1596,1595,1524,1525,1597,1667,1666
1597,1598,1526,1667,1596,1668,1525
1598,1526,1527,1599,1597,1668,1669
1599,1600,1671,1527,1598,1669,1670
1600,1599,1671,1672,1527,1528,1601
1601,1602,1673,1529,1528,1600,1672
1602,1530,1529,1674,1673,1601,1603
1603,1674,1602,1604,1675,1530,1531
1604,1676,1675,1605,1603,1532,1531
1605,1604,1676,1532,1533,1606,1677
1606,1534,1607,1533,1605,1677,1678
1607,1606,1534,1535,1608,1679,1678
1608,1607,1535,1679,1680,1609,1536
1609,1537,1610,1536,1681,1608,1680
1610,1537,1609,1681,1611,1682,1538
1611,1682,1610,1612,1683,1539,1538
1612,1684,1683,1613,1540,1539,1611
1613,1614,1685,1684,1540,1541,1612
1614,1685,1613,1615,1686,1542,1541
1615,1614,1686,1543,1616,1542,1687
1616,1543,1544,1615,1688,1687,1617
1617,1689,1618,1688,1616,1544,1545
1618,1689,1617,1546,1619,1690,1545
1619,1618,1546,1547,1690,1620
1620,1549,1550,1619,1690,1547,1548
1621,1798,1691,1478,1551,1552,1622,1863,1550
1622,1623,1553,1552,1621,1691
1623,1692,1691,1622,1553,1554,1624
1624,1625,1693,1555,1554,1623,1692
1625,1624,1693,1694,1556,1626,1555
1626,1556,1625,1695,1694,1557,1627
1627,1558,1557,1626,1695,1696,1628
1628,1559,1558,1696,1627,1629,1697
1629,1698,1697,1628,1559,1560,1630
1630,1699,1698,1631,1629,1560,1561
1631,1562,1561,1699,1700,1632,1630
1632,1631,1562,1563,1633,1700,1701
1633,1564,1634,1563,1632,1702,1701
1634,1633,1564,1565,1635,1703,1702
1635,1636,1704,1566,1703,1634,1565
1636,1704,1635,1705,1566,1637,1567
1637,1568,1638,1567,1706,1705,1636
1638,1637,1568,1706,1707,1569,1639
1639,1708,1707,1569,1638,1640,1570
1640,1571,1641,1709,1708,1639,1570
1641,1640,1571,1572,1642,1709,1710
1642,1641,1572,1643,1573,1710,1711
1643,1642,1573,1574,1644,1712,1711
1644,1574,1645,1713,1643,1712
1645,1646,1713,1574,1644,1575
1646,1714,1713,1645,1575,1576,1647
1647,1576,1577,1646,1714,1648,1715
1648,1577,1578,1716,1715,1649,1647
1649,1650,1717,1716,1579,1578,1648
1650,1717,1649,1579,1580,1718,1651
1651,1581,1580,1652,1719,1718,1650
1652,1720,1719,1581,1651,1582,1653
1653,1721,1720,618,1582,1652,1583
1654,689,617,1722,1655,753,1584
1655,1585,1584,1722,1654,1656
1656,1585,1586,1657,1722,1655
1657,1586,1587,1656,1722,1658
1658,1588,1587,1722,1657,1659
1659,1660,1723,1589,1722,1658,1588
1660,1723,1659,1589,1661,1724,1590
1661,1590,1591,1724,1660,1662,1725
1662,1592,1663,1725,1661,1726,1591
1663,1592,1662,1593,1664,1727,1726
1664,1594,1665,1593,1663,1727,1728
1665,1594,1595,1664,1729,1666,1728
1666,1729,1665,1595,1730,1596,1667
1667,1731,1730,1597,1596,1666,1668
1668,1732,1731,1667,1597,1669,1598
1669,1668,1732,1598,1599,1670,1733
1670,1734,1733,1671,1735,1669,1599
1671,1670,1735,1599,1600,1736,1672
1672,1737,1736,1600,1671,1601,1673
1673,1738,1674,1602,1601,1672,1737
1674,1738,1673,1602,1603,1739,1675
1675,1604,1676,1740,1603,1739,1674
1676,1604,1675,1740,1605,1677,1741
1677,1676,1605,1741,1742,1678,1606
1678,1742,1743,1679,1607,1677,1606
1679,1678,1607,1744,1743,1608,1680
1680,1679,1608,1744,1745,1681,1609
1681,1609,1610,1746,1745,1680,1682
1682,1746,1747,1681,1683,1611,1610
1683,1748,1747,1684,1612,1682,1611
1684,1683,1612,1613,1685,1749,1748
1685,1614,1613,1684,1749,1686,1750
1686,1614,1615,1685,1750,1751,1687
1687,1616,1688,1752,1751,1686,1615
1688,1689,1752,1616,1687,1617
1689,1752,1688,1617,1618,1690
1690,1889,1832,1752,1618,1689,1619,1620,1550,1863,1961
1691,1623,1692,1798,1621,1622,1753
1692,1623,1691,1624,1693,1753
1693,1624,1625,1694,1754,1692,1753
1694,1625,1693,1754,1755,1626,1695
1695,1756,1755,1626,1694,1627,1696
1696,1695,1627,1697,1757,1628,1756
1697,1698,1629,1758,1757,1696,1628
1698,1630,1699,1697,1629,1759,1758
1699,1630,1698,1631,1700,1759,1760
1700,1699,1631,1761,1760,1632,1701
1701,1702,1633,1700,1761,1632,1762
1702,1762,1763,1701,1633,1634,1703
1703,1764,1704,1763,1635,1634,1702
1704,1636,1635,1764,1703,1705,1765
1705,1704,1636,1766,1765,1637,1706
1706,1638,1707,1767,1766,1637,1705
1707,1706,1638,1767,1639,1708,1768
1708,1709,1640,1639,1707,1768,1769
1709,1770,1769,1641,1710,1708,1640
1710,1642,1711,1709,1641,1770,1771
1711,1771,1772,1710,1642,1643,1712
1712,1644,1713,1643,1711,1772
1713,1646,1714,1773,1645,1816,1849,1878,1644,1712,1772,1958
1714,1646,1713,1773,1647,1715
1715,1648,1716,1773,1714,1647
1716,1717,1649,1648,1715,1773
1717,1650,1649,1718,1716,1773
1718,1650,1717,1719,1773,1651
1719,1720,1773,1718,1652,1651
1720,1719,1773,1774,1721,1653,1652
1721,1720,1653,1774,690,618
1722,1775,753,1656,1657,1654,1655,1658,1659,1723
1723,1660,1659,1775,1724,1722
1724,1775,1723,1661,1660,1725
1725,1726,1775,1662,1661,1724
1726,1725,1775,1727,1662,1663
1727,1726,1775,1728,1663,1664
1728,1727,1775,1664,1665,1729
1729,1776,1775,1730,1665,1666,1728
1730,1731,1777,1776,1729,1666,1667
1731,1777,1730,1668,1732,1667,1778
1732,1668,1731,1669,1779,1778,1733
1733,1670,1734,1780,1732,1779,1669
1734,1670,1733,1781,1782,1780,1735
1735,1783,1782,1670,1671,1734,1736
1736,1672,1737,1784,1783,1735,1671
1737,1672,1736,1738,1785,1784,1673
1738,1673,1674,1786,1785,1737,1739
1739,1738,1674,1786,1787,1740,1675
1740,1788,1787,1675,1676,1741,1739
1741,1740,1788,1676,1677,1742,1789
1742,1789,1790,1678,1743,1677,1741
1743,1790,1791,1742,1678,1744,1679
1744,1743,1679,1680,1745,1792,1791
1745,1681,1746,1792,1744,1793,1680
1746,1681,1745,1793,1682,1747,1794
1747,1748,1683,1795,1746,1682,1794
1748,1747,1683,1749,1796,1795,1684
1749,1684,1685,1796,1748,1750,1797
1750,1751,1797,1749,1685,1686
1751,1750,1797,1752,1686,1687
1752,1689,1688,1797,1751,1832,1687,1690
1753,1692,1693,1754,1691,1798
1754,1694,1755,1693,1753,1799,1798
1755,1756,1695,1800,1799,1754,1694
1756,1755,1695,1800,1801,1696,1757
1757,1697,1758,1696,1802,1756,1801
1758,1697,1757,1802,1698,1759,1803
1759,1698,1699,1804,1760,1803,1758
1760,1804,1805,1761,1700,1699,1759
1761,1760,1700,1806,1805,1762,1701
1762,1763,1807,1702,1806,1761,1701
1763,1764,1703,1807,1762,1702,1808
1764,1703,1704,1763,1765,1809,1808
1765,1810,1766,1764,1704,1705,1809
1766,1810,1765,1811,1706,1767,1705
1767,1812,1811,1707,1706,1768,1766
1768,1812,1813,1767,1708,1707,1769
1769,1770,1709,1814,1813,1768,1708
1770,1769,1709,1815,1771,1814,1710
1771,1711,1772,1815,1770,1710,1816
1772,1771,1711,1712,1816,1713
1773,1714,1713,1719,1720,1774,695,1718,1717,943,754,1716,1715,1958
1774,695,1773,1720,694,693,692,691,690,1721
1775,753,1722,1723,1724,1725,1726,1727,1729,1776,1817,1728
1776,1730,1777,1729,1775,1817
1777,1731,1730,1776,1817,1778
1778,1779,1732,1777,1731,1817
1779,1817,1780,1778,1732,1733
1780,1817,1779,1733,1734,1781
1781,1734,1782,1780,1818,1817
1782,1783,1735,1781,1734,1818,1819
1783,1784,1736,1782,1735,1819,1820
1784,1783,1736,1737,1785,1821,1820
1785,1786,1738,1737,1784,1822,1821
1786,1823,1822,1785,1738,1739,1787
1787,1788,1740,1739,1786,1823,1824
1788,1787,1740,1789,1825,1741,1824
1789,1788,1825,1742,1790,1826,1741
1790,1791,1827,1743,1789,1742,1826
1791,1827,1790,1743,1792,1828,1744
1792,1828,1791,1745,1744,1793,1829
1793,1746,1745,1829,1792,1830,1794
1794,1831,1795,1793,1746,1830,1747
1795,1748,1747,1831,1794,1832,1796
1796,1749,1748,1797,1832,1795
1797,1750,1751,1752,1749,1832,1796
1798,1621,1691,1863,1753,1833,1754,1799
1799,1800,1755,1833,1754,1798
1800,1799,1755,1756,1833,1801,1834
1801,1835,1834,1800,1756,1802,1757
1802,1836,1835,1803,1801,1757,1758
1803,1804,1837,1802,1836,1759,1758
1804,1803,1837,1760,1805,1838,1759
1805,1804,1760,1761,1806,1838,1839
1806,1807,1840,1761,1805,1762,1839
1807,1806,1840,1763,1762,1808,1841
1808,1842,1809,1807,1763,1841,1764
1809,1810,1843,1842,1808,1764,1765
1810,1809,1843,1765,1766,1811,1844
1811,1767,1812,1845,1844,1810,1766
1812,1767,1811,1768,1813,1846,1845
1813,1846,1847,1814,1769,1812,1768
1814,1769,1770,1848,1847,1813,1815
1815,1770,1771,1848,1849,1816,1814
1816,1713,1849,1771,1772,1815
1817,1776,1777,1775,1779,1780,753,802,1778,1781,1818,1850
1818,1781,1782,1817,1819,1851,1850
1819,1852,1820,1782,1783,1818,1851
1820,1852,1819,1853,1821,1783,1784
1821,1822,1854,1853,1785,1784,1820
1822,1854,1821,1786,1823,1855,1785
1823,1786,1822,1855,1856,1787,1824
1824,1857,1856,1823,1787,1788,1825
1825,1788,1789,1826,1858,1857,1824
1826,1827,1859,1825,1858,1790,1789
1827,1826,1859,1791,1790,1860,1828
1828,1792,1791,1827,1860,1829,1861
1829,1793,1792,1830,1828,1861,1862
1830,1829,1793,1862,1831,1794
1831,1794,1795,1862,1830,1832
1832,1889,1690,1797,1752,1862,1831,1795,1796
1833,1834,1863,1799,1800,1798
1834,1835,1801,1863,1833,1864,1800
1835,1836,1802,1834,1801,1864,1865
1836,1835,1802,1803,1866,1865,1837
1837,1803,1804,1838,1867,1866,1836
1838,1805,1804,1837,1839,1868,1867
1839,1868,1838,1869,1840,1805,1806
1840,1806,1807,1869,1870,1839,1841
1841,1807,1808,1840,1870,1842,1871
1842,1808,1809,1843,1841,1872,1871
1843,1809,1810,1873,1872,1844,1842
1844,1845,1811,1874,1873,1810,1843
1845,1846,1875,1844,1811,1812,1874
1846,1813,1847,1845,1875,1876,1812
1847,1846,1813,1848,1814,1877,1876
1848,1878,1877,1849,1815,1847,1814
1849,1848,1878,1816,1713,1815
1850,1851,1818,1817,1879
1851,1880,1879,1818,1819,1850,1852
1852,1819,1820,1880,1881,1853,1851
1853,1881,1882,1854,1821,1820,1852
1854,1822,1821,1853,1883,1882,1855
1855,1823,1822,1856,1884,1883,1854
1856,1824,1857,1855,1823,1884,1885
1857,1824,1856,1858,1886,1825,1885
1858,1857,1886,1859,1887,1825,1826
1859,1826,1827,1858,1887,1860,1888
1860,1889,1888,1859,1827,1828,1861
1861,1829,1828,1860,1862,1889
1862,1861,1829,1889,1832,1830,1831
1863,1834,1833,1690,1550,1621,1798,1927,1890,1864,1961
1864,1834,1835,1865,1863,1890
1865,1866,1836,1891,1864,1835,1890
1866,1865,1836,1891,1867,1837,1892
1867,1893,1892,1866,1837,1838,1868
1868,1839,1838,1869,1894,1893,1867
1869,1870,1895,1840,1839,1868,1894
1870,1895,1869,1840,1896,1841,1871
1871,1896,1870,1841,1872,1897,1842
1872,1897,1898,1843,1873,1871,1842
1873,1843,1872,1874,1844,1898,1899
1874,1899,1900,1873,1844,1845,1875
1875,1845,1846,1900,1901,1876,1874
1876,1847,1877,1902,1901,1875,1846
1877,1848,1878,1902,1847,1876
1878,1958,1953,1848,1877,1849,1902,1713,1947,1921,1936
1879,1880,1851,1850,1903,1922,1937
1880,1881,1904,1879,1851,1852,1903
1881,1880,1904,1882,1905,1853,1852
1882,1881,1905,1853,1883,1906,1854
1883,1882,1906,1854,1855,1907,1884
1884,1908,1907,1856,1855,1883,1885
1885,1884,1856,1908,1909,1886,1857
1886,1910,1909,1857,1858,1887,1885
1887,1858,1859,1886,1888,1910
1888,1889,1860,1910,1887,1859
1889,1888,1860,1832,1690,1910,1939,1861,1862
1890,1927,1863,1891,1865,1911,1864
1891,1865,1866,1892,1890,1911
1892,1893,1867,1912,1891,1866,1911
1893,1892,1867,1894,1913,1868,1912
1894,1914,1913,1893,1868,1869,1895
1895,1870,1869,1896,1894,1915,1914
1896,1870,1895,1897,1916,1871,1915
1897,1872,1898,1896,1916,1871,1917
1898,1897,1872,1918,1899,1917,1873
1899,1874,1900,1918,1898,1873,1919
1900,1899,1874,1901,1920,1875,1919
1901,1920,1900,1902,1921,1875,1876
1902,1877,1878,1876,1901,1921
1903,1880,1904,1922,1879
1904,1880,1881,1922,1923,1903,1905
1905,1881,1882,1906,1904,1924,1923
1906,1882,1883,1905,1924,1907,1925
1907,1908,1884,1925,1906,1883,1926
1908,1907,1884,1926,1909,1885
1909,1910,1926,1886,1908,1885
1910,1926,1909,1886,1889,1888,1939,1887
1911,1927,1912,1890,1891,1892
1912,1927,1911,1893,1892,1928,1913
1913,1929,1928,1914,1894,1893,1912
1914,1913,1894,1895,1915,1930,1929
1915,1931,1916,1895,1914,1930,1896
1916,1931,1915,1896,1897,1917,1932
1917,1933,1932,1898,1918,1916,1897
1918,1933,1934,1919,1898,1899,1917
1919,1918,1934,1900,1920,1935,1899
1920,1901,1900,1921,1919,1936,1935
1921,1901,1902,1920,1878,1936
1922,1904,1923,1903,1937,1879
1923,1922,1904,1924,1905,1937,1938
1924,1923,1905,1906,1938,1939,1925
1925,1907,1906,1939,1924,1926
1926,1910,1909,1939,1925,1907,1908
1927,1911,1912,1863,1890,1928,1940,1954,1961
1928,1913,1929,1927,1912,1940
1929,1913,1928,1941,1940,1930,1914
1930,1931,1942,1941,1929,1914,1915
1931,1915,1916,1930,1942,1943,1932
1932,1933,1917,1944,1943,1931,1916
1933,1945,1934,1932,1917,1918,1944
1934,1945,1933,1918,1919,1935,1946
1935,1947,1946,1919,1934,1920,1936
1936,1920,1921,1935,1878,1947
1937,1922,1923,1879,1938,1939
1938,1937,1939,1923,1924
1939,1937,1938,1924,1925,1926,1910,1889
1940,1954,1927,1941,1929,1928,1948
1941,1940,1929,1948,1942,1930
1942,1943,1949,1930,1931,1941,1948
1943,1942,1949,1950,1944,1931,1932
1944,1933,1945,1950,1943,1932,1951
1945,1933,1934,1944,1946,1952,1951
1946,1952,1953,1935,1947,1934,1945
1947,1935,1946,1878,1953,1936
1948,1940,1941,1942,1949,1954
1949,1942,1943,1950,1955,1948,1954
1950,1943,1944,1949,1955,1951,1956
1951,1952,1957,1945,1944,1950,1956
1952,1946,1953,1957,1958,1951,1945
1953,1958,1878,1952,1946,1947
1954,1959,1961,1940,1927,1955,1949,1948
1955,1949,1950,1956,1959,1954
1956,1959,1955,1950,1951,1957,1960
1957,1952,1958,1960,1951,1956
1958,1953,1878,1957,1952,1960,1773,1713,1961
1959,1961,1954,1956,1955,1960
1960,1957,1958,1961,1956,1959
1961,1959,1954,1690,1863,1927,1960,1958
1962,995,2019,984,996,2178,2148
1963,2153,3,5,4,2086,1987
1964,9,1995,2011,7,1965,8
1965,2162,2124,1964,7,2011,6
1966,2183,2264,32,31,10,2000
1967,2001,2017,2025,1999,2014,2015
1968,2020,2002,2027,2026,2013,1997
1969,2110,2132,2054,2004,2007,1985
1970,1996,2024,2031,2010,1986,2035
1971,1992,2023,2016,1989,2032,2033
1972,2037,2028,1983,2003,2006,2030
1973,1980,1998,2036,2046,2005,2038
1974,2045,2049,2018,2029,1988,1981
1975,2034,1994,1978,2048,2042,2008
1976,1990,1984,1977,2122,2322,2071
1977,2075,2157,1976,1990,2391,2122
1978,1975,1994,2060,2043,2008,2052
1979,23,2062,1987,5,2040,22
1980,1973,1998,2050,2005,2064,2047
1981,1988,2041,2056,2018,2061,1974
1982,2067,2068,1003,989,2022,1004
1983,2006,2059,1972,2003,2055,2076
1984,1990,1976,2071,2051,2090,2091
1985,2058,2083,2004,2063,2007,1969
1986,2082,2065,1970,1996,2010,2057
1987,2086,1963,2087,5,1979,2040
1988,2080,2084,2041,1981,2029,1974
1989,2016,2069,1971,1992,2088,2053
1990,2075,2094,1976,1984,1977,2051
1991,2039,2095,43,2074,2021,44
1992,2023,1971,2081,1989,2053,2089
1993,2012,2044,2099,2112,2102,2009
1994,2034,1975,1978,2097,2098,2043
1995,9,2066,1964,2011,2078,2104
1996,1970,2024,2096,1986,2111,2057
1997,2077,2109,1968,2013,2002,2070
1998,1973,1980,2036,2106,2047,2105
1999,1967,2001,2000,2014,11,10
2000,2183,2121,2001,1999,10,1966
2001,1967,2017,2121,2000,2092,1999
2002,2020,1968,2070,2117,1997,2093
2003,1983,1972,2028,2100,2055,2101
2004,2058,1985,2108,1969,2054,2107
2005,2050,1980,1973,2118,2038,2123
2006,1983,2059,1972,2030,2115,2126
2007,2128,2114,2132,1969,1985,2063
2008,2042,2127,1975,2129,2052,1978
2009,2135,2131,2112,2113,2012,1993
2010,2065,2120,2031,1970,2119,1986
2011,2137,2124,1995,1964,2078,1965
2012,1993,2044,2131,2171,2009,2072
2013,2116,2133,2026,1968,2077,1997
2014,2,1,1967,1999,2015,11
2015,2139,2025,2156,2,2014,1967
2016,2069,1989,1971,2032,2134,2145
2017,1967,2001,2025,2125,2092,2150
2018,2045,2141,1981,2056,1974,2142
2019,995,1962,2149,2148,2073,994
2020,1968,2002,2027,2130,2151,2093
2021,45,44,2540,2074,1991,2294
2022,2138,2085,1004,1005,1982,2067
2023,1992,1971,2146,2147,2081,2033
2024,1996,1970,2096,2164,2035,2152
2025,1967,2017,2139,2015,2163,2125
2026,2158,2143,2027,2116,2013,1968
2027,2143,2026,1968,2020,2166,2130
2028,1972,2037,2154,2155,2003,2100
2029,2080,1988,1974,2168,2049,2167
2030,2115,2176,2161,2037,1972,2006
2031,2119,2165,1970,2010,2159,2035
2032,2134,2135,2033,2136,2016,1971
2033,2032,2136,2146,2173,1971,2023
2034,2175,2174,1975,1994,2097,2048
2035,2180,2152,2159,1970,2031,2024
2036,2105,2170,2046,2169,1973,1998
2037,1972,2028,2161,2182,2030,2154
2038,2177,2187,2118,2005,2046,1973
2039,1991,2095,42,2708,2213,43
2040,2192,2062,2087,2193,1979,1987
2041,1988,1981,2084,2061,2189,2188
2042,2127,2195,2008,2048,2184,1975
2043,2098,2196,2060,2194,1978,1994
2044,1993,2012,2190,2191,2102,2072
2045,2049,1974,2018,2141,2186,2185
2046,2036,2169,2177,2199,1973,2038
2047,2064,2200,2205,2106,1998,1980
2048,2203,2184,2042,2174,2034,1975
2049,2185,2208,2045,1974,2167,2029
2050,2201,2064,1980,2005,2123,2202
2051,1990,2094,2207,1984,2206,2090
2052,2197,2060,2129,2198,2008,1978
2053,2088,2212,2211,2089,1992,1989
2054,2281,2110,2393,1969,2004,2107
2055,2219,2220,2101,2003,1983,2076
2056,2222,2142,1981,2018,2210,2061
2057,2111,1996,2215,2214,1986,2082
2058,2083,1985,2004,2108,2227,2228
2059,2006,1983,2217,2218,2076,2126
2060,2197,2052,2043,2194,2229,1978
2061,1981,2041,2210,2221,2056,2188
2062,2204,23,2192,2040,2230,1979
2063,2225,2226,2083,2128,1985,2007
2064,2047,2200,2050,2201,1980,2231
2065,2010,2120,2242,2082,1986,2232
2066,29,9,1995,2104,2240,30
2067,2223,2243,2068,1982,2138,2022
2068,2223,2067,1982,989,2179,2224
2069,2145,2238,2016,1989,2088,2237
2070,2117,2246,2002,1997,2109,2245
2071,2322,2323,1976,1984,2091,2326
2072,2248,2249,2171,2012,2044,2190
2073,994,2079,2258,2263,2149,2019
2074,2540,2021,2095,2250,1991,2251
2075,1990,2094,2252,2253,1977,2157
2076,2260,2217,2219,2059,1983,2055
2077,2276,2275,2133,2109,1997,2013
2078,2279,2104,2137,2278,1995,2011
2079,2073,994,2258,1025,1024,2259
2080,2084,1988,2168,2255,2029,2254
2081,2280,2265,1992,2023,2089,2147
2082,2065,1986,2057,2214,2233,2232
2083,2058,1985,2225,2063,2277,2228
2084,2080,1988,2041,2189,2254,2287
2085,2022,2138,2413,2408,1006,1005
2086,1987,1963,2295,2261,2087,2153
2087,1987,2086,2262,2193,2040,2261
2088,2053,2212,2069,1989,2237,2286
2089,2265,2081,2053,1992,2211,2266
2090,1984,2091,2051,2257,2206,2241
2091,2090,1984,2071,2326,2336,2241
2092,2291,2150,2001,2121,2290,2017
2093,2289,2288,2020,2151,2002,2117
2094,2075,1990,2207,2296,2252,2051
2095,1991,2039,2213,2297,2250,2074
2096,1996,2024,2285,2284,2164,2111
2097,2292,2098,2175,2308,2034,1994
2098,2292,2097,2043,2196,2293,1994
2099,2283,2181,2112,2282,2102,1993
2100,2101,2306,2313,2155,2003,2028
2101,2307,2306,2100,2055,2220,2003
2102,2312,2282,2099,2191,1993,2044
2103,2140,78,77,2144,2310,2311
2104,2279,2078,2240,2066,1995,2302
2105,2170,2036,2303,2325,2106,1998
2106,2205,2304,2303,2105,1998,2047
2107,2269,2271,2393,2108,2054,2004
2108,2227,2274,2004,2058,2271,2107
2109,2077,2276,1997,2245,2309,2070
2110,1969,2132,2281,2054,2436,2435
2111,2284,2328,2057,1996,2096,2215
2112,2009,2113,2099,2181,2314,1993
2113,2314,2315,2009,2112,2135,2134,2145
2114,2317,2705,2007,2128,2132
2115,2030,2176,2319,2318,2126,2006
2116,2013,2133,2339,2158,2026,2340
2117,2070,2246,2002,2331,2288,2093
2118,2320,2321,2005,2038,2187,2123
2119,2120,2337,2165,2031,2344,2010
2120,2119,2337,2010,2065,2242,2338
2121,2183,2000,2001,2092,2290,2332
2122,2322,2321,1977,2391,1976,2542
2123,2320,2345,2118,2005,2050,2202
2124,1965,2162,2137,2011,2346,2347
2125,2163,2343,2150,2342,2025,2017
2126,2349,2318,2059,2218,2115,2006
2127,2042,2195,2008,2334,2333,2129
2128,2352,2317,2063,2226,2007,2114
2129,2333,2356,2198,2052,2127,2008
2130,2020,2151,2350,2351,2027,2166
2131,2012,2171,2172,2009,2135,2136
2132,2705,2433,2110,1969,2435,2007,2114
2133,2275,2077,2013,2116,2341,2340
2134,2032,2135,2113,2145,2016
2135,2009,2131,2136,2134,2032,2113
2136,2173,2172,2135,2131,2032,2033
2137,2011,2124,2347,2348,2078,2278
2138,2409,2243,2022,2085,2067,2408
2139,2015,2025,2163,2156,2363,2362
2140,2103,78,2357,2305,2311,79
2141,2045,2018,2186,2371,2364,2142
2142,2056,2222,2365,2018,2364,2141
2143,2158,2026,2027,2166,2369,2370
2144,2310,2395,2103,77,76,2711
2145,2238,2069,2134,2113,2315,2016
2146,2376,2375,2023,2147,2033,2173
2147,2146,2023,2280,2081,2377,2376
2148,2178,2383,2019,2149,2379,1962
2149,2380,2379,2019,2148,2263,2073
2150,2092,2291,2372,2342,2125,2017
2151,2378,2350,2130,2020,2093,2289
2152,2035,2180,2382,2381,2164,2024
2153,1963,3,2707,2295,2086,2480
2154,2399,2398,2182,2155,2028,2037
2155,2400,2313,2154,2028,2100,2399
2156,14,2,15,2363,2139,2015
2157,2253,2396,2373,1977,2075,2391
2158,2384,2370,2026,2143,2339,2116
2159,2035,2180,2031,2165,2405,2404
2160,2386,2359,1062,1061,2353,1016
2161,2182,2037,2176,2030,2403,2402
2162,1965,2124,2385,2216,2346,6
2163,2139,2025,2125,2343,2397,2362
2164,2096,2024,2381,2410,2152,2285
2165,2405,2406,2119,2031,2344,2159
2166,2143,2027,2369,2407,2130,2351
2167,2411,2168,2208,2049,2412,2029
2168,2420,2255,2167,2411,2080,2029
2169,2170,2424,2423,2046,2036,2199
2170,2169,2424,2105,2036,2425,2325
2171,2012,2131,2172,2414,2249,2072
2172,2414,2171,2136,2173,2131,2418,2417
2173,2136,2172,2033,2146,2375,2417
2174,2175,2428,2034,2427,2203,2048
2175,2097,2308,2174,2428,2034,2429
2176,2319,2421,2030,2115,2402,2161
2177,2324,2323,2187,2199,2046,2038
2178,2148,2383,2419,2244,984,1962
2179,988,2432,989,2224,2068,2447
2180,2035,2152,2159,2430,2404,2382
2181,2446,2656,2099,2283,2112,2314
2182,2398,2154,2161,2037,2403,2426
2183,2264,2401,1966,2121,2000,2332
2184,2203,2048,2452,2042,2451,2195
2185,2208,2049,2458,2186,2045,2457
2186,2458,2185,2045,2141,2371,2459
2187,2177,2323,2038,2321,2322,2118
2188,2041,2189,2460,2061,2221,2462
2189,2041,2084,2188,2461,2460,2287
2190,2478,2191,2044,2477,2072,2248
2191,2478,2190,2312,2102,2044,2479
2192,2455,2456,2062,2040,2193,2230
2193,2474,2455,2262,2087,2040,2192
2194,2043,2060,2229,2438,2196,2437
2195,2473,2451,2127,2042,2334,2184
2196,2098,2043,2293,2437,2436,2194
2197,2060,2052,2441,2440,2229,2198
2198,2444,2441,2356,2129,2052,2197
2199,2324,2463,2177,2046,2423,2169
2200,2047,2064,2205,2484,2231,2485
2201,2488,2231,2050,2064,2489,2202
2202,2345,2490,2123,2050,2489,2201
2203,2468,2452,2184,2048,2427,2174
2204,23,2062,56,57,2230,2505
2205,2484,2487,2304,2106,2200,2047
2206,2510,2508,2207,2051,2257,2090
2207,2296,2509,2094,2051,2508,2206
2208,2185,2049,2167,2412,2457,2486
2209,2431,47,46,2360,2453,2475
2210,2061,2221,2222,2367,2056,2368
2211,2516,2518,2053,2212,2266,2089
2212,2286,2517,2053,2088,2211,2516
2213,2039,2708,2502,2095,2501,2297
2214,2215,2236,2234,2057,2082,2233
2215,2214,2236,2328,2355,2111,2057
2216,2385,2162,2685,24,6,2684
2217,2545,2544,2059,2218,2260,2076
2218,2059,2217,2349,2546,2126,2545
2219,2055,2220,2522,2521,2260,2076
2220,2219,2055,2101,2521,2541,2307
2221,2210,2061,2368,2506,2188,2462
2222,2056,2142,2365,2210,2367,2366
2223,2067,2243,2068,2547,2549,2224
2224,2447,2550,2179,2068,2223,2549
2225,2226,2063,2083,2277,2500,2503
2226,2225,2063,2128,2503,2504,2352
2227,2108,2274,2300,2301,2058,2228
2228,2361,2301,2227,2083,2058,2277
2229,2438,2439,2197,2060,2194,2440
2230,2520,2505,2204,2062,2456,2192
2231,2519,2485,2488,2201,2200,2064
2232,1057,1056,2242,2233,2082,2065
2233,2234,1058,2214,2082,2232,1057
2234,1059,2235,2214,2236,2233,1058
2235,1060,2353,2354,1059,2234,2236
2236,2355,2354,2214,2215,2234,2235
2237,2238,2069,2088,2561,2286,2560
2238,2316,2315,2561,2145,2069,2237
2239,62,61,2555,2247,2554,2256
2240,2566,2567,2104,2066,2302,30
2241,2336,2557,2558,2257,2090,2091
2242,2232,1056,1055,2338,2120,2065
2243,2067,2223,2409,2138,2548,2547
2244,2178,2419,2551,2552,984,985
2245,2309,2569,2570,2109,2246,2070
2246,2571,2331,2117,2070,2245,2570
2247,2239,2555,63,62,2491,2556
2248,2072,2249,2450,2190,2477,2507
2249,2248,2072,2448,2414,2171,2450
2250,2297,2272,2095,2074,2251
2251,2686,2267,2074,2540,2250,2272
2252,2572,2573,2296,2075,2253,2094
2253,2157,2396,2075,2252,2573,2574
2254,2575,2287,2255,2577,2084,2080
2255,2168,2420,2080,2578,2577,2254
2256,60,2330,2554,2239,61,2568
2257,2510,2206,2559,2090,2558,2241
2258,2534,2533,2073,2079,2259,2263
2259,2258,2534,1023,2535,1024,2079
2260,2553,2522,2217,2076,2219,2544
2261,2483,2262,2295,2086,2087,2482
2262,2483,2261,2193,2087,2474,2512
2263,2380,2149,2532,2533,2258,2073
2264,2401,2183,1966,31,2666,2659
2265,2280,2081,2594,2595,2089,2266
2266,2211,2518,2089,2265,2593,2594
2267,2686,2251,2268,2335,2272,2270
2268,2392,2415,2270,2269,2335,2267
2269,2271,2107,2393,2392,2268,2270
2270,2268,2269,2272,2267,2273,2271
2271,2269,2107,2273,2274,2270,2108
2272,2297,2250,2251,2273,2298,2267,2270
2273,2274,2299,2298,2272,2271,2270
2274,2299,2300,2273,2227,2108,2271
2275,2617,2341,2276,2077,2133,2618
2276,2077,2275,2109,2618,2619,2309
2277,2083,2225,2228,2361,2499,2500
2278,2621,2622,2078,2137,2348,2279
2279,2104,2078,2622,2278,2623,2302
2280,2081,2265,2595,2596,2147,2377
2281,2394,2437,2054,2110,2393,2392,2436
2282,2312,2102,2652,2283,2099,2650
2283,2652,2282,2446,2653,2099,2181
2284,2096,2285,2328,2389,2111,2390
2285,2410,2454,2096,2284,2390,2164
2286,2587,2517,2212,2237,2088,2560
2287,2254,2575,2084,2189,2461,2576
2288,2646,2648,2289,2093,2331,2117
2289,2093,2288,2151,2648,2649,2378
2290,2631,2629,2121,2332,2291,2092
2291,2092,2150,2632,2372,2290,2631
2292,2434,2308,2097,2098,2293,2433
2293,2433,2292,2098,2196,2435,2436
2294,2540,2523,2534,2535,1022,45,2021
2295,2261,2086,2153,2480,2482,2481
2296,2572,2252,2616,2207,2509,2094
2297,2272,2250,2298,2501,2095,2213
2298,2273,2299,2297,2501,2272,2494
2299,2274,2300,2273,2298,2494,2495
2300,2274,2299,2301,2227,2496,2495
2301,2300,2227,2361,2228,2496,2497
2302,2240,2566,2279,2104,2624,2623
2303,2325,2105,2472,2471,2106,2304
2304,2205,2106,2543,2487,2472,2303
2305,2357,2140,79,80,2659,2666
2306,2307,2101,2669,2100,2313,2668
2307,2101,2306,2669,2670,2541,2220
2308,2434,2292,2175,2097,2442,2429
2309,2569,2245,2620,2619,2109,2276
2310,2144,2395,2663,2662,2103,2311
2311,2357,2140,2661,2662,2103,2310
2312,2282,2102,2650,2651,2191,2479
2313,2400,2667,2668,2155,2100,2306
2314,2113,2315,2656,2657,2181,2112
2315,2316,2238,2113,2314,2657,2145
2316,2238,2315,2561,2657,2562,2658
2317,2705,2114,2128,2352,2644,2645,2643
2318,2126,2349,2681,2682,2319,2115
2319,2421,2176,2682,2683,2318,2115
2320,2345,2123,2321,2542,2118,2603
2321,2320,2542,2322,2122,2118,2187
2322,2323,2071,2122,2321,1976,2187
2323,2177,2324,2322,2071,2326,2187
2324,2177,2323,2199,2463,2513,2326,2703
2325,2470,2425,2170,2303,2105,2471
2326,2336,2703,2091,2071,2323,2324
2327,1021,2564,1070,1069,2563,2329
2328,2389,2388,2284,2215,2355,2111
2329,2563,2562,2565,1071,1070,2327
2330,2700,2709,2256,60,59,2568
2331,2571,2246,2117,2288,2646,2647
2332,2630,2401,2183,2290,2121,2629
2333,2537,2536,2127,2334,2129,2356
2334,2538,2537,2473,2195,2127,2333
2335,2268,2267,2524,2686,2415,2525
2336,2557,2241,2326,2703,2091,2515
2337,2119,2120,2338,2615,2614,2344
2338,2337,2615,1055,1054,2242,2120
2339,2116,2158,2384,2635,2340,2636
2340,2634,2635,2341,2133,2116,2339
2341,2617,2275,2634,2340,2133,2633
2342,2372,2497,2150,2496,2125,2343
2343,2495,2496,2163,2125,2397,2342
2344,2613,2614,2406,2119,2165,2337
2345,2602,2603,2320,2123,2490,2202
2346,2385,2162,2678,2677,2347,2124
2347,2348,2137,2346,2677,2676,2124
2348,2676,2675,2347,2137,2621,2278
2349,2680,2681,2126,2318,2546,2218
2350,2151,2378,2672,2673,2351,2130
2351,2672,2350,2407,2671,2130,2166
2352,2128,2317,2643,2642,2504,2226
2353,1060,2235,2354,2386,2160,1061
2354,2236,2355,2235,2353,2386,2387
2355,2236,2354,2387,2388,2215,2328
2356,2536,2531,2129,2333,2444,2198
2357,2305,2140,2311,2659,2660,2661
2358,2590,2713,1017,1016,2359,2591
2359,2386,2160,2592,2591,2358,1016
2360,2445,98,2539,2209,2453,46
2361,2498,2497,2228,2301,2499,2277
2362,2493,2492,2363,2163,2397,2139
2363,16,2492,2156,15,2362,2139
2364,1007,2365,2688,2371,2141,2142
2365,2366,1008,1007,2364,2222,2142
2366,2365,1008,2628,1009,2367,2222
2367,2366,2628,2222,2210,2368,2627
2368,2627,2626,2221,2210,2367,2506
2369,2639,2370,2166,2143,2407,2640
2370,2384,2158,2369,2639,2143,2638
2371,2364,2688,2186,2141,2687,2459
2372,2342,2497,2498,2150,2291,2632
2373,2704,2391,2396,2701,2702,2157
2374,2625,992,991,2627,2626,990
2375,2146,2376,2417,2600,2599,2173
2376,2146,2375,2599,2598,2377,2147
2377,2597,2598,2596,2280,2147,2376
2378,2151,2350,2673,2674,2649,2289
2379,2149,2380,2528,2383,2148,2527
2380,2149,2379,2263,2526,2532,2527
2381,2382,2606,2605,2410,2152,2164
2382,2381,2606,2607,2152,2180,2430
2383,2178,2148,2528,2379,2419,2529
2384,2158,2370,2339,2637,2636,2638
2385,2162,2216,2346,2678,2684,2679
2386,2359,2160,2592,2353,2354,2387
2387,2593,2592,2354,2386,2388,2355
2388,2594,2593,2328,2389,2387,2355
2389,2328,2388,2284,2595,2390,2594
2390,2596,2595,2389,2454,2285,2284
2391,2373,2704,2542,2157,1977,2122
2392,2415,2268,2269,2393,2394,2281
2393,2281,2054,2269,2392,2107
2394,2281,2437,2392,2415,2438,2416
2395,2310,2144,2663,2665,2711,2664
2396,2373,2701,2690,2157,2253,2574
2397,2494,2495,2493,2163,2343,2362
2398,2399,2154,2182,2693,2426,2694
2399,2154,2398,2693,2692,2155,2400
2400,2667,2313,2155,2691,2692,2399
2401,2264,2183,2630,2332,2659,2660
2402,2697,2403,2421,2698,2176,2161
2403,2696,2426,2697,2402,2182,2161
2404,2405,2610,2430,2180,2159,2609
2405,2406,2611,2165,2610,2404,2159
2406,2405,2611,2613,2344,2165,2612
2407,2671,2641,2640,2351,2166,2369
2408,2413,2085,2585,2584,2409,2138
2409,2138,2243,2548,2584,2583,2408
2410,2285,2454,2605,2381,2164,2604
2411,2167,2168,2581,2580,2412,2420
2412,2486,2582,2167,2208,2581,2411
2413,2085,2408,2586,2585,1006,2714
2414,2448,2249,2172,2171,2418,2449
2415,2392,2268,2394,2335,2416,2525
2416,2439,2438,2394,2415,2525,2526
2417,2601,2418,2172,2600,2375,2173
2418,2601,2417,2414,2449,2172
2419,2178,2383,2244,2551,2530,2529
2420,2168,2255,2578,2579,2580,2411
2421,2319,2176,2683,2699,2698,2402
2422,2476,2475,17,2707,2480,2431
2423,2424,2465,2169,2463,2464,2199
2424,2169,2170,2423,2465,2425,2466
2425,2424,2466,2469,2325,2470,2170
2426,2696,2403,2695,2398,2694,2182
2427,2466,2468,2428,2174,2203,2465
2428,2464,2465,2174,2175,2429,2427
2429,2443,2464,2175,2308,2442,2428
2430,2180,2404,2382,2607,2608,2609
2431,48,17,47,2209,2475,2422
2432,988,2179,987,2447,2552,986
2433,2705,2132,2293,2292,2435,2434
2434,2308,2292,2442,2467,2705,2433
2435,2132,2433,2293,2436,2110
2436,2437,2196,2281,2110,2435,2293
2437,2394,2281,2436,2196,2194,2438
2438,2229,2439,2194,2394,2437,2416
2439,2438,2229,2527,2440,2416,2526
2440,2441,2197,2527,2528,2439,2229
2441,2440,2197,2529,2528,2444,2198
2442,2514,2443,2434,2467,2308,2429
2443,2463,2464,2513,2429,2442,2514
2444,2356,2531,2530,2529,2441,2198
2445,98,1124,2360,2539,1071,2565
2446,2655,2654,2181,2656,2653,2283
2447,2224,2550,2551,2432,2552,2179
2448,2701,2450,2249,2414,2702,2449
2449,2414,2418,2448,2602,2702,2601
2450,2448,2701,2248,2249,2507,2690
2451,2473,2195,2580,2581,2452,2184
2452,2468,2203,2184,2451,2579,2580
2453,2539,2655,2475,2209,2360
2454,2285,2410,2604,2390,2597,2596
2455,2698,2456,2192,2697,2474,2193
2456,2455,2698,2192,2699,2520,2230
2457,2458,2185,2208,2585,2486,2584
2458,2185,2186,2457,2459,2586,2585
2459,2586,2458,2186,2689,2371,2687
2460,2609,2461,2189,2188,2462,2610
2461,2609,2460,2189,2287,2608,2576
2462,2506,2611,2610,2188,2460,2221
2463,2464,2443,2324,2199,2513,2423
2464,2463,2443,2465,2428,2429,2423
2465,2464,2428,2423,2424,2427,2466
2466,2468,2427,2424,2425,2469,2465
2467,2645,2515,2705,2442,2434,2514
2468,2466,2427,2452,2203,2579,2469
2469,2579,2578,2425,2466,2470,2468
2470,2325,2425,2578,2469,2471,2577
2471,2470,2325,2472,2575,2577,2303
2472,2543,2576,2575,2471,2303,2304
2473,2195,2451,2581,2334,2538,2582
2474,2455,2193,2696,2697,2262,2512
2475,2476,2422,2453,2655,2654,2431,2209
2476,2422,2475,2654,2480,2481,2653
2477,2693,2478,2190,2692,2248,2507
2478,2694,2479,2693,2477,2191,2190
2479,2478,2694,2695,2651,2312,2191
2480,2707,2422,2476,2153,2295,2481
2481,2482,2652,2653,2476,2480,2295
2482,2481,2652,2295,2261,2650,2483
2483,2262,2261,2512,2651,2650,2482
2484,2205,2487,2606,2200,2485,2605
2485,2519,2231,2604,2605,2200,2484
2486,2582,2412,2583,2584,2208,2457
2487,2205,2484,2543,2607,2606,2304
2488,2598,2519,2231,2201,2489,2599
2489,2488,2201,2600,2490,2202,2599
2490,2345,2202,2600,2489,2602,2601
2491,2684,2685,2247,2556,64,63
2492,16,2363,2511,2502,2362,2493
2493,2362,2492,2494,2501,2397,2502
2494,2397,2495,2493,2501,2299,2298
2495,2343,2496,2494,2397,2300,2299
2496,2495,2343,2497,2301,2342,2300
2497,2342,2372,2498,2361,2496,2301
2498,2361,2497,2372,2499,2633,2632
2499,2498,2361,2633,2634,2500,2277
2500,2499,2634,2277,2503,2225,2635
2501,2298,2297,2493,2494,2213,2502
2502,2511,2492,2213,2708,2501,2493
2503,2500,2225,2636,2504,2635,2226
2504,2503,2636,2642,2637,2226,2352
2505,2520,2709,2230,58,57,2204
2506,2611,2612,2462,2626,2368,2221
2507,2691,2692,2477,2690,2248,2450
2508,2206,2510,2639,2640,2207,2509
2509,2641,2616,2640,2296,2207,2508
2510,2206,2508,2639,2638,2559,2257
2511,2492,16,41,40,2502,2708
2512,2262,2483,2474,2651,2696,2695
2513,2324,2463,2514,2703,2443
2514,2703,2513,2515,2442,2443,2467
2515,2645,2644,2467,2514,2703,2557,2336
2516,2211,2518,2517,2590,2591,2212
2517,2587,2286,2516,2590,2212,2589
2518,2211,2516,2591,2266,2593,2592
2519,2485,2231,2598,2488,2604,2597
2520,2709,2505,2699,2700,2230,2456
2521,2522,2219,2220,2541,2672,2673
2522,2219,2521,2553,2260,2674,2673
2523,2294,2540,2534,2686,2524,2533
2524,2686,2335,2525,2532,2523,2533
2525,2524,2532,2415,2416,2526,2335
2526,2380,2532,2527,2439,2416,2525
2527,2440,2528,2439,2379,2526,2380
2528,2441,2529,2383,2379,2527,2440
2529,2441,2528,2444,2530,2419,2383
2530,2550,2551,2444,2529,2531,2419
2531,2356,2536,2444,2549,2550,2530
2532,2526,2380,2524,2525,2263,2533
2533,2534,2258,2532,2263,2523,2524
2534,2533,2258,2294,2535,2523,2259
2535,2294,2534,1022,1023,2259
2536,2537,2333,2547,2356,2531,2549
2537,2538,2334,2536,2333,2548,2547
2538,2537,2334,2548,2473,2583,2582
2539,2453,2655,2445,2360,2658,2565,2706
2540,2294,2523,2021,2074,2251,2686
2541,2521,2672,2671,2670,2307,2220
2542,2391,2704,2320,2321,2122,2603
2543,2487,2607,2576,2472,2608,2304
2544,2545,2217,2676,2677,2260,2553
2545,2217,2544,2677,2218,2546,2678
2546,2349,2680,2218,2545,2679,2678
2547,2548,2537,2536,2243,2549,2223
2548,2537,2538,2547,2409,2243,2583
2549,2536,2547,2531,2223,2224,2550
2550,2530,2551,2224,2447,2531,2549
2551,2530,2550,2447,2552,2244,2419
2552,986,985,2551,2244,2447,2432
2553,2260,2522,2674,2675,2544,2676
2554,2682,2681,2568,2555,2239,2256
2555,2681,2554,2239,2247,2680,2556
2556,2680,2679,2491,2247,2555,2684
2557,2336,2241,2558,2643,2644,2515
2558,2557,2643,2642,2559,2241,2257
2559,2510,2638,2642,2637,2558,2257
2560,2237,2561,2587,2286,2564,2563
2561,2316,2238,2237,2560,2562,2563
2562,2563,2329,2316,2561,2565,2658
2563,2562,2329,2560,2564,2561,2327
2564,1021,2327,2588,2587,2560,2563
2565,2658,2539,2329,2562,1071,2445
2566,2567,2240,2302,2624,2665,2710
2567,2566,2240,2710,74,73,30
2568,2682,2554,2330,2700,2256,2683
2569,2309,2245,2570,2620,2661,2662
2570,2245,2569,2662,2663,2246,2571
2571,2331,2246,2664,2663,2570,2647
2572,2573,2668,2252,2296,2669,2616
2573,2572,2668,2252,2667,2574,2253
2574,2573,2667,2253,2691,2690,2396
2575,2254,2287,2472,2471,2577,2576
2576,2543,2472,2287,2575,2608,2461
2577,2575,2471,2578,2470,2255,2254
2578,2579,2469,2470,2420,2577,2255
2579,2469,2578,2580,2452,2468,2420
2580,2581,2451,2579,2452,2411,2420
2581,2580,2451,2473,2411,2412,2582
2582,2486,2412,2583,2538,2581,2473
2583,2538,2582,2486,2584,2548,2409
2584,2583,2486,2585,2408,2457,2409
2585,2586,2413,2408,2584,2458,2457
2586,2459,2458,2413,2585,2714,2689
2587,2517,2286,2589,2560,2588,2564
2588,1020,993,2564,1021,2589,2587
2589,2517,2587,2590,2713,2588,993
2590,2358,2713,2516,2517,2589,2591
2591,2592,2359,2518,2516,2358,2590
2592,2591,2359,2386,2387,2593,2518
2593,2388,2594,2266,2518,2387,2592
2594,2388,2593,2265,2595,2266,2389
2595,2596,2390,2389,2265,2594,2280
2596,2595,2390,2597,2454,2377,2280
2597,2519,2598,2604,2454,2596,2377
2598,2519,2488,2599,2597,2377,2376
2599,2600,2489,2488,2598,2375,2376
2600,2489,2490,2599,2601,2417,2375
2601,2418,2417,2602,2490,2449,2600
2602,2345,2603,2601,2490,2704,2702,2449
2603,2602,2345,2320,2542,2704
2604,2605,2485,2519,2454,2410,2597
2605,2410,2381,2604,2485,2606,2484
2606,2484,2487,2381,2382,2607,2605
2607,2543,2487,2382,2606,2430,2608
2608,2430,2607,2543,2609,2576,2461
2609,2460,2461,2610,2404,2430,2608
2610,2611,2462,2405,2404,2460,2609
2611,2506,2612,2462,2405,2406,2610
2612,2506,2611,2625,2613,2626,2406
2613,2344,2614,2625,2612,2406,2712
2614,2613,2344,2615,2337,2712,1015
2615,2337,2338,2614,1054,1015,1053
2616,2641,2509,2669,2572,2296,2670
2617,2275,2341,2632,2633,2618,2631
2618,2629,2619,2631,2275,2617,2276
2619,2629,2618,2620,2309,2630,2276
2620,2309,2619,2630,2660,2569,2661
2621,2675,2649,2622,2278,2648,2348
2622,2621,2278,2646,2623,2648,2279
2623,2646,2622,2279,2647,2624,2302
2624,2566,2302,2665,2647,2623,2664
2625,2712,992,2374,2612,2613,2626
2626,2627,2368,2612,2506,2374,2625
2627,2368,2626,990,2628,2367,2374
2628,1009,2366,2367,990,2627,1010
2629,2631,2290,2619,2618,2630,2332
2630,2332,2401,2620,2660,2619,2629
2631,2290,2629,2618,2291,2617,2632
2632,2617,2633,2291,2372,2631,2498
2633,2634,2499,2632,2617,2498,2341
2634,2340,2635,2341,2633,2499,2500
2635,2634,2340,2339,2636,2500,2503
2636,2637,2384,2339,2503,2504,2635
2637,2636,2384,2638,2559,2642,2504
2638,2637,2384,2370,2639,2510,2559
2639,2369,2370,2508,2640,2510,2638
2640,2641,2509,2407,2508,2639,2369
2641,2616,2509,2640,2670,2671,2407
2642,2559,2637,2504,2643,2352,2558
2643,2644,2317,2352,2642,2558,2557
2644,2645,2317,2515,2643,2557
2645,2644,2317,2515,2467,2705
2646,2288,2648,2623,2622,2331,2647
2647,2624,2623,2664,2571,2331,2646
2648,2288,2646,2622,2621,2649,2289
2649,2675,2621,2674,2378,2648,2289
2650,2312,2651,2483,2482,2652,2282
2651,2695,2479,2650,2312,2483,2512
2652,2482,2481,2653,2650,2283,2282
2653,2652,2481,2654,2446,2476,2283
2654,2476,2475,2655,2446,2653
2655,2453,2539,2475,2446,2654,2706,2656
2656,2657,2314,2706,2181,2446,2655
2657,2316,2315,2656,2314,2706,2658
2658,2706,2657,2539,2565,2316,2562
2659,2305,2357,2666,2264,2660,2401
2660,2620,2630,2659,2357,2401,2661
2661,2569,2620,2662,2660,2311,2357
2662,2663,2310,2570,2661,2569,2311
2663,2395,2310,2662,2570,2664,2571
2664,2665,2395,2571,2663,2624,2647
2665,2710,2566,2395,2711,2624,2664
2666,80,81,31,2264,2305,2659
2667,2400,2313,2668,2573,2574,2691
2668,2573,2572,2313,2667,2669,2306
2669,2307,2306,2572,2616,2668,2670
2670,2641,2671,2541,2307,2616,2669
2671,2670,2641,2407,2672,2541,2351
2672,2521,2541,2350,2673,2671,2351
2673,2672,2350,2674,2522,2378,2521
2674,2522,2673,2378,2649,2553,2675
2675,2649,2621,2348,2676,2674,2553
2676,2677,2544,2348,2675,2347,2553
2677,2676,2544,2545,2678,2346,2347
2678,2677,2346,2545,2385,2546,2679
2679,2680,2556,2546,2678,2684,2385
2680,2349,2681,2679,2556,2546,2555
2681,2349,2680,2682,2554,2555,2318
2682,2681,2554,2568,2319,2683,2318
2683,2421,2699,2319,2682,2568,2700
2684,2685,2491,2556,2679,2385,2216
2685,2684,2491,2216,24,65,64
2686,2251,2267,2524,2335,2540,2523
2687,1042,1041,2371,2459,2689,2688
2688,2364,2371,1043,1042,2687,1007
2689,2459,2586,1040,2714,2687,1041
2690,2396,2701,2574,2691,2507,2450
2691,2400,2692,2507,2667,2574,2690
2692,2399,2693,2691,2400,2507,2477
2693,2478,2477,2399,2692,2398,2694
2694,2478,2479,2398,2426,2695,2693
2695,2651,2479,2426,2696,2694,2512
2696,2426,2403,2697,2474,2695,2512
2697,2696,2403,2698,2455,2474,2402
2698,2455,2456,2697,2421,2402,2699
2699,2700,2520,2421,2683,2456,2698
2700,2330,2709,2699,2520,2568,2683
2701,2448,2450,2373,2396,2690,2702
2702,2704,2373,2701,2448,2602,2449
2703,2514,2513,2336,2326,2515,2324
2704,2373,2391,2542,2702,2602,2603
2705,2317,2114,2433,2132,2645,2467,2434
2706,2658,2657,2655,2539,2656
2707,2153,3,18,17,2422,2480
2708,42,2039,41,2213,2502,2511
2709,2520,2505,2700,2330,58,59
2710,74,2567,75,2665,2566,2711
2711,2665,2395,76,75,2710,2144
2712,992,2625,1014,1015,2613,2614
2713,1018,1017,2358,2590,2589,993
2714,1039,1006,2586,2413,2689,1040
