1,37,5,1690,1738,1740,6
2,1550,1493,1427,8,7,1740
3,17,16,1646,1734,15,1567
4,26,27,1736,1739,28,1742
5,37,1,6,39,38,74
6,39,5,40,7,1740,1
7,41,40,8,2,6,1740
8,9,42,41,1427,7,2
9,8,42,10,43,1427,1442
10,44,43,9,11,1426,1442
11,45,44,10,1525,1665,1426
12,13,1552,46,47,1644
13,14,1553,12,1552,47,48
14,49,48,13,1553,15,1567
15,16,50,3,1567,49,14
16,17,3,52,51,15,50
17,16,3,18,1734,53,52
18,1734,1741,19,54,17,53
19,18,54,55,20,1600,1741
20,56,55,1581,1600,19,21
21,22,1574,57,56,20,1581
22,58,57,23,21,1574,1575
23,59,58,22,24,1575,1576
24,1633,25,1576,59,23,60
25,24,1633,60,61,1736,26
26,61,62,4,27,1736,25
27,26,4,64,63,62,28
28,1742,29,64,65,27,4
29,1743,30,1742,28,66,65
30,1743,29,66,31,67,1502
31,67,30,1502,68,32,1499
32,69,68,1500,33,1499,31
33,34,70,1500,1526,32,69
34,70,33,71,35,1526,1572
35,36,72,71,34,1689,1572
36,73,37,35,72,1689,1690
37,73,36,1,5,1690,74
38,75,76,113,74,39,5
39,6,5,77,40,38,76
40,78,77,39,41,7,6
41,79,78,40,7,42,8
42,8,9,80,79,43,41
43,10,44,9,42,80,81
44,10,43,45,82,11,81
45,82,44,11,788,1665,727,753
46,83,47,12,826,1644,1717,787
47,83,46,12,13,84,48
48,49,14,47,84,85,13
49,48,14,86,85,50,15
50,15,16,51,87,86,49
51,88,87,16,52,50,89
52,53,90,16,51,89,17
53,52,90,91,54,18,17
54,18,19,55,91,53,92
55,93,92,20,56,54,19
56,20,55,94,93,57,21
57,58,95,22,94,56,21
58,57,95,59,23,22,96
59,58,23,24,60,97,96
60,25,61,59,24,98,97
61,26,62,60,25,99,98
62,61,26,100,99,27,63
63,101,100,27,64,62,102
64,28,65,27,63,103,102
65,64,28,103,104,29,66
66,29,30,65,67,105,104
67,31,30,106,105,66,68
68,107,106,69,32,67,31
69,70,108,107,68,32,33
70,69,108,34,33,109,71
71,72,110,34,70,109,35
72,110,111,35,36,71,73
73,36,37,112,111,72,74
74,38,113,5,37,112,73
75,38,76,113,156,114,115
76,75,38,115,116,39,77
77,78,40,117,39,76,116
78,79,41,77,40,118,117
79,78,41,118,42,80,119
80,42,79,81,120,119,43
81,120,80,121,82,43,44
82,122,788,45,44,121,81
83,124,123,46,47,826,84
84,85,125,47,83,48,124
85,125,84,126,86,49,48
86,127,126,85,49,50,87
87,51,88,50,128,127,86
88,51,87,89,129,128,130
89,88,51,131,90,130,52
90,52,53,131,89,91,132
91,90,53,54,133,92,132
92,55,93,133,91,134,54
93,55,92,135,134,94,56
94,95,57,136,135,93,56
95,57,58,94,136,137,96
96,97,59,58,138,137,95
97,139,98,59,60,96,138
98,140,139,97,61,99,60
99,100,62,61,140,141,98
100,142,141,99,62,101,63
101,100,63,144,143,102,142
102,144,145,101,63,64,103
103,104,146,64,65,145,102
104,103,146,105,147,65,66
105,147,104,67,106,66,148
106,107,68,67,105,148,149
107,106,68,69,108,150,149
108,69,70,109,107,150,151
109,108,70,71,152,110,151
110,72,111,71,152,153,109
111,73,112,110,72,154,153
112,73,111,154,155,113,74
113,112,155,75,156,38,74
114,201,157,115,158,156,75
115,114,158,76,116,159,75
116,115,76,160,159,117,77
117,78,77,160,116,161,118
118,79,78,162,161,119,117
119,120,163,162,80,118,79
120,163,164,119,81,80,121
121,82,122,164,120,81,165
122,82,788,121,868,827,165
123,83,124,912,166,826,867
124,83,123,167,166,125,84
125,85,84,168,126,124,167
126,86,127,168,125,85,169
127,86,126,169,87,128,170
128,129,171,87,127,170,88
129,171,128,88,172,173,130
130,174,173,131,88,89,129
131,89,90,174,130,175,132
132,175,176,131,90,133,91
133,177,134,132,176,91,92
134,178,177,133,135,93,92
135,179,178,136,134,93,94
136,179,135,137,180,94,95
137,181,138,136,180,95,96
138,181,182,137,139,97,96
139,140,98,97,182,138,183
140,139,98,99,141,184,183
141,100,142,140,99,185,184
142,100,141,186,143,101,185
143,144,101,186,142,187,188
144,102,145,143,101,188,189
145,144,102,146,190,189,103
146,103,104,190,145,191,147
147,105,104,191,146,192,148
148,105,147,192,106,149,193
149,194,193,106,148,107,150
150,107,108,149,151,194,195
151,150,108,109,195,196,152
152,196,197,153,110,109,151
153,154,198,111,197,152,110
154,153,198,112,155,111,199
155,154,112,113,199,200,156
156,201,200,155,114,113,75
157,203,158,201,114,202,249
158,203,157,204,114,115,159
159,160,205,204,116,158,115
160,159,205,206,161,116,117
161,207,162,160,206,117,118
162,207,161,208,163,119,118
163,120,164,119,209,208,162
164,163,120,121,165,210,209
165,868,122,210,164,211,121
166,212,1011,167,124,960,912,123
167,166,124,212,213,125,168
168,125,126,169,214,213,167
169,170,215,214,168,126,127
170,215,169,216,171,128,127
171,216,170,129,128,217,172
172,217,171,219,218,129,173
173,174,130,129,172,219,220
174,173,130,131,175,221,220
175,132,176,222,221,174,131
176,175,132,177,223,222,133
177,134,178,176,223,133,224
178,135,179,134,177,224,225
179,135,178,225,136,180,226
180,136,137,179,181,227,226
181,138,182,228,227,137,180
182,181,138,229,183,139,228
183,184,140,230,229,182,139
184,183,140,141,185,231,230
185,141,142,184,232,186,231
186,142,143,187,232,185,233
187,188,235,186,143,234,233
188,235,187,236,143,144,189
189,190,237,236,145,188,144
190,189,237,146,145,238,191
191,239,238,192,146,147,190
192,240,239,191,147,148,193
193,149,194,148,240,192,241
194,149,193,241,242,195,150
195,196,243,242,194,150,151
196,152,197,243,195,244,151
197,244,245,196,152,153,198
198,246,199,153,154,245,197
199,246,198,154,155,200,247
200,201,156,247,199,155,248
201,114,157,249,248,200,156
202,157,203,249,251,300,250
203,157,158,204,202,251,252
204,158,203,159,205,253,252
205,159,160,204,206,253,254
206,254,255,160,205,161,207
207,208,256,161,162,255,206
208,207,256,162,257,209,163
209,210,258,257,208,163,164
210,209,258,259,211,165,164
211,913,259,210,165,868
212,1011,260,166,261,167,213
213,262,261,214,212,167,168
214,215,263,169,168,262,213
215,170,169,216,263,214,264
216,265,217,215,170,171,264
217,265,216,266,171,172,218
218,267,266,217,268,219,172
219,220,269,268,218,172,173
220,269,219,221,270,174,173
221,222,175,271,270,220,174
222,272,223,221,175,176,271
223,272,222,176,177,224,273
224,225,274,273,223,177,178
225,224,274,179,178,226,275
226,275,225,227,276,179,180
227,228,181,226,276,180,277
228,227,181,278,277,182,229
229,278,279,182,183,230,228
230,231,280,184,183,229,279
231,230,280,232,281,184,185
232,281,231,185,186,282,233
233,234,187,283,282,232,186
234,285,235,283,284,233,187
235,188,187,236,285,234,286
236,235,188,237,287,286,189
237,189,190,287,236,238,288
238,239,191,289,288,237,190
239,240,192,238,191,289,290
240,239,192,291,290,193,241
241,194,193,240,291,292,242
242,194,195,292,293,241,243
243,196,195,244,294,293,242
244,197,245,294,295,243,196
245,244,197,295,296,198,246
246,198,199,247,297,245,296
247,297,246,298,200,199,248
248,201,249,299,298,200,247
249,299,300,201,248,202,157
250,354,300,301,302,202,251
251,303,302,252,202,203,250
252,253,304,251,303,204,203
253,304,252,205,204,305,254
254,206,255,306,205,253,305
255,254,206,306,207,307,256
256,207,208,307,255,308,257
257,256,208,209,258,309,308
258,209,210,257,259,310,309
259,211,913,310,311,258,210
260,1011,212,261,312,1065
261,213,262,212,260,313,312
262,213,261,313,314,263,214
263,264,315,215,214,314,262
264,316,315,263,215,216,265
265,317,316,216,217,266,264
266,267,218,318,317,217,265
267,266,218,320,268,319,318
268,321,320,269,267,219,218
269,220,219,270,322,321,268
270,322,269,323,271,221,220
271,324,272,270,221,222,323
272,325,324,222,223,273,271
273,325,272,326,224,223,274
274,224,225,275,327,273,326
275,274,327,226,225,328,276
276,277,329,226,227,328,275
277,276,329,278,228,227,330
278,279,331,330,229,277,228
279,331,278,229,332,230,280
280,230,231,333,332,279,281
281,232,231,333,334,282,280
282,334,281,232,335,283,233
283,234,284,282,233,335,336
284,337,338,285,283,234,336
285,339,286,284,338,234,235
286,287,340,339,285,236,235
287,340,286,341,237,236,288
288,289,342,238,237,341,287
289,342,288,343,290,238,239
290,240,291,289,343,344,239
291,345,344,240,290,241,292
292,345,346,241,291,293,242
293,347,346,292,242,243,294
294,295,348,244,243,347,293
295,296,349,348,294,245,244
296,295,349,245,350,246,297
297,247,246,298,296,350,351
298,247,297,351,299,248,352
299,249,300,353,298,248,352
300,250,354,299,249,353,202
301,302,356,412,354,355,250
302,356,301,251,303,357,250
303,251,302,252,357,304,358
304,253,252,305,303,358,359
305,304,253,254,306,359,360
306,361,360,254,255,307,305
307,308,362,361,306,255,256
308,362,307,256,363,309,257
309,310,364,363,308,258,257
310,309,364,365,311,259,258
311,961,1012,913,365,310,259,366
312,367,1065,313,368,261,260
313,314,369,312,368,261,262
314,313,369,370,315,263,262
315,316,264,371,370,263,314
316,315,264,265,317,371,372
317,265,316,373,318,266,372
318,373,317,319,374,266,267
319,376,375,318,374,320,267
320,321,268,377,376,267,319
321,377,378,320,268,322,269
322,379,323,270,269,378,321
323,379,322,380,270,324,271
324,325,272,381,271,380,323
325,324,272,381,273,326,382
326,327,383,273,325,382,274
327,383,326,274,275,328,384
328,384,385,327,275,329,276
329,276,277,386,330,385,328
330,386,329,278,331,387,277
331,279,278,330,387,332,388
332,388,389,331,279,280,333
333,390,389,280,332,281,334
334,333,281,282,335,391,390
335,391,392,336,334,282,283
336,393,337,335,392,284,283
337,284,338,393,336,394,395
338,396,339,337,284,285,395
339,396,338,285,286,340,397
340,287,286,341,398,339,397
341,398,340,287,342,399,288
342,400,399,343,341,289,288
343,400,342,344,401,289,290
344,401,402,343,291,345,290
345,291,344,292,346,403,402
346,345,292,293,347,403,404
347,404,405,348,293,346,294
348,349,295,294,405,406,347
349,295,296,348,407,406,350
350,408,407,349,296,297,351
351,297,298,408,350,409,352
352,409,410,353,351,298,299
353,411,354,410,300,299,352
354,411,353,412,250,300,301
355,470,412,413,301,356,414
356,302,301,357,414,415,355
357,356,302,303,358,416,415
358,357,416,304,303,359,417
359,418,417,358,304,360,305
360,306,361,419,418,359,305
361,306,360,307,419,420,362
362,308,307,421,363,420,361
363,421,362,308,422,364,309
364,309,310,365,423,422,363
365,310,311,364,423,424,366
366,1066,1122,424,365,311,1012
367,368,425,312,1065,1179,1121
368,367,425,312,313,369,426
369,313,314,370,368,426,427
370,371,315,369,314,428,427
371,370,315,316,372,429,428
372,371,316,317,373,430,429
373,317,318,431,374,372,430
374,431,432,318,319,375,373
375,319,376,432,433,434,374
376,319,375,435,434,377,320
377,321,378,435,436,376,320
378,377,321,322,379,437,436
379,438,437,322,323,378,380
380,379,323,381,324,439,438
381,324,325,439,440,382,380
382,383,441,326,440,381,325
383,327,326,382,441,442,384
384,328,385,327,443,442,383
385,384,328,443,444,386,329
386,329,330,444,385,445,387
387,446,445,330,331,388,386
388,332,389,447,387,331,446
389,388,332,447,333,390,448
390,333,389,448,449,391,334
391,335,392,449,390,450,334
392,393,451,391,335,450,336
393,392,451,394,452,336,337
394,453,395,393,452,337
395,453,394,396,338,337
396,338,339,453,454,395,397
397,396,339,454,340,455,398
398,341,340,456,399,397,455
399,342,400,456,457,398,341
400,342,399,343,458,457,401
401,402,459,344,343,458,400
402,401,459,344,460,345,403
403,346,404,345,402,460,461
404,405,462,347,461,403,346
405,462,404,347,348,406,463
406,405,348,463,349,407,464
407,465,408,349,406,350,464
408,465,407,350,466,351,409
409,352,410,466,467,408,351
410,353,411,409,352,468,467
411,353,354,412,410,468,469
412,411,354,355,470,301,469
413,472,414,470,528,471,355
414,415,473,472,413,356,355
415,473,414,356,474,357,416
416,357,358,417,475,474,415
417,416,475,359,418,476,358
418,359,417,476,360,477,419
419,420,478,361,360,477,418
420,478,419,361,479,362,421
421,362,363,420,479,480,422
422,480,481,423,421,363,364
423,364,365,422,481,424,482
424,366,1122,423,365,482,483
425,367,368,1179,485,484,426
426,485,486,427,425,368,369
427,370,428,487,486,426,369
428,487,488,371,429,370,427
429,430,489,488,371,428,372
430,489,429,372,373,431,490
431,374,432,491,490,373,430
432,431,374,433,492,375,491
433,493,492,494,432,375,434
434,435,376,495,494,433,375
435,496,495,434,376,377,436
436,437,497,378,435,377,496
437,379,438,378,498,497,436
438,379,437,499,498,439,380
439,500,499,381,440,380,438
440,439,381,501,500,441,382
441,382,383,442,502,501,440
442,441,383,503,502,443,384
443,444,504,442,503,384,385
444,443,504,385,386,445,505
445,387,446,444,386,505,506
446,387,445,388,447,507,506
447,388,389,508,507,448,446
448,449,509,508,447,389,390
449,509,448,510,390,391,450
450,451,511,392,510,449,391
451,392,393,511,450,452
452,718,630,393,394,565,511,451,453,512
453,394,395,396,454,512,452
454,453,396,512,455,397
455,456,513,512,454,397,398
456,455,513,399,457,398,514
457,514,515,458,456,399,400
458,515,457,516,400,459,401
459,401,402,516,458,460,517
460,461,518,459,402,403,517
461,404,462,460,518,519,403
462,405,404,461,463,520,519
463,405,406,464,520,462,521
464,463,406,407,521,522,465
465,407,408,466,523,464,522
466,523,465,408,409,467,524
467,466,409,410,468,525,524
468,525,526,411,469,410,467
469,470,527,468,411,412,526
470,355,412,469,527,528,413
471,530,529,580,528,472,413
472,413,414,471,530,531,473
473,415,414,532,531,474,472
474,473,415,533,532,416,475
475,416,417,474,534,533,476
476,417,418,475,534,477,535
477,476,535,419,478,536,418
478,537,479,420,419,536,477
479,537,478,420,538,421,480
480,422,481,421,479,538,539
481,480,422,423,539,540,482
482,483,541,540,481,423,424
483,1122,1180,541,482,424
484,1289,542,1235,485,1179,425
485,426,486,484,542,543,425
486,544,487,427,485,426,543
487,428,488,545,544,486,427
488,487,428,546,545,429,489
489,430,429,547,546,490,488
490,491,547,431,489,430
491,547,490,431,432,492
492,433,493,547,432,491
493,433,492,494,548,547
494,433,493,549,495,434,548
495,496,435,434,549,494,550
496,495,435,497,551,436,550
497,552,498,437,436,551,496
498,552,497,553,499,438,437
499,500,554,439,553,498,438
500,554,499,439,501,555,440
501,502,556,555,500,440,441
502,442,503,557,501,556,441
503,442,502,557,443,504,558
504,443,444,559,558,503,505
505,560,559,506,504,444,445
506,505,560,507,446,445,561
507,562,508,447,446,506,561
508,562,507,509,448,563,447
509,449,448,508,510,563,564
510,509,449,564,450,511
511,451,450,630,564,510,452
512,513,455,454,453,565,452
513,455,456,512,514,565
514,457,515,565,513,456,566
515,514,457,458,516,567,566
516,515,458,517,568,459,567
517,516,568,569,518,460,459
518,460,461,569,517,519,570
519,520,571,462,461,518,570
520,521,572,463,462,571,519
521,572,520,522,573,463,464
522,573,521,464,523,574,465
523,575,574,466,465,522,524
524,576,575,525,467,523,466
525,468,526,576,524,577,467
526,525,468,527,578,577,469
527,526,578,579,469,470,528
528,579,580,470,527,471,413
529,471,530,582,581,580,616
530,471,529,582,583,472,531
531,584,583,532,473,530,472
532,533,585,531,473,474,584
533,532,585,474,475,534,586
534,586,587,535,475,533,476
535,587,534,536,476,477
536,478,537,587,535,477
537,478,479,536,538,587
538,587,537,479,539,480
539,538,587,480,481,540
540,539,587,481,541,482
541,1236,1180,483,482,540,587
542,1289,484,543,1285,1287,1286,485,1288
543,1284,544,542,1285,486,485
544,1284,543,545,1283,486,487
545,544,1283,1282,546,488,487
546,489,547,1282,545,488,1281
547,491,490,489,546,685,667,644,617,588,493,548,492,1281
548,549,588,494,493,547
549,494,495,548,588,550,589
550,590,589,495,496,551,549
551,497,496,590,550,552,591
552,497,498,553,591,592,551
553,593,554,592,499,552,498
554,593,553,500,499,555,594
555,595,594,554,501,500,556
556,557,596,501,502,595,555
557,596,556,597,558,502,503
558,559,598,597,557,504,503
559,505,560,598,558,599,504
560,505,559,600,599,506,561
561,562,601,560,600,507,506
562,601,561,507,508,563,602
563,602,562,509,508,564
564,630,602,509,563,510,511
565,718,452,514,513,603,566,512,656,631
566,603,565,514,515,567
567,568,603,515,516,566
568,604,603,516,517,569,567
569,568,517,518,605,604,570
570,606,571,605,518,519,569
571,606,570,607,572,520,519
572,608,607,521,520,573,571
573,608,609,522,521,572,574
574,575,523,609,610,573,522
575,574,523,576,524,610,611
576,575,524,525,612,577,611
577,612,576,578,613,526,525
578,579,614,613,577,526,527
579,615,614,528,580,578,527
580,579,528,529,616,615,471
581,643,616,529,582,699
582,699,583,529,530,581
583,584,531,699,582,530
584,583,531,699,532,585
585,532,533,584,699,586
586,534,587,585,699,533
587,586,534,1236,1290,535,536,699,538,537,539,540,541
588,589,617,548,549,547
589,590,550,588,617,618,549
590,589,550,551,619,591,618
591,592,620,619,552,590,551
592,553,593,620,591,621,552
593,553,554,592,594,622,621
594,595,555,622,593,623,554
595,594,555,624,623,596,556
596,557,556,624,595,625,597
597,598,626,557,558,596,625
598,599,627,626,559,558,597
599,598,627,600,560,559,628
600,599,560,629,628,561,601
601,562,561,630,602,600,629
602,563,562,630,601,564
603,565,566,568,604,631,567
604,605,631,568,603,569
605,631,604,569,570,606,632
606,570,571,633,632,607,605
607,571,606,608,634,633,572
608,573,609,634,607,572,635
609,608,573,574,610,636,635
610,611,637,609,574,575,636
611,637,610,612,638,575,576
612,638,611,576,577,613,639
613,614,640,578,577,639,612
614,641,640,579,615,613,578
615,579,614,641,642,616,580
616,643,642,615,581,580,529
617,618,644,588,589,547
618,644,617,645,619,589,590
619,646,620,645,591,590,618
620,646,619,592,591,621,647
621,620,592,648,647,622,593
622,594,593,648,649,623,621
623,650,649,624,595,622,594
624,651,625,623,595,650,596
625,651,624,652,626,596,597
626,627,598,653,652,597,625
627,598,599,626,628,654,653
628,629,655,654,627,600,599
629,655,628,600,630,601
630,718,452,601,602,564,705,655,629,511
631,605,604,603,565,656,632
632,633,606,631,605,656
633,632,606,607,634,657,656
634,608,607,635,633,657,658
635,658,659,636,608,634,609
636,659,635,660,609,610,637
637,611,610,638,661,660,636
638,662,661,637,612,611,639
639,613,612,662,663,640,638
640,641,614,613,664,663,639
641,640,614,642,665,615,664
642,616,643,665,641,615,666
643,616,642,581,699,666
644,667,645,618,617,547
645,668,667,646,619,644,618
646,619,620,669,668,645,647
647,670,648,669,621,620,646
648,670,647,671,649,621,622
649,671,672,650,623,648,622
650,649,623,673,672,651,624
651,624,625,673,650,652,674
652,651,625,653,675,674,626
653,675,652,626,676,654,627
654,628,627,676,653,655
655,629,628,705,676,654,630
656,718,565,631,632,633,657,677,693,714
657,633,634,658,656,677
658,635,659,657,634,677
659,678,660,658,635,636,677
660,678,659,679,661,636,637
661,679,660,662,638,637,680
662,661,638,639,663,681,680
663,662,639,681,640,664,682
664,665,683,641,640,682,663
665,683,664,642,641,666,684
666,642,665,699,643,684
667,668,645,685,644,547
668,667,645,669,646,685,686
669,686,687,670,668,646,647
670,687,669,688,647,648,671
671,649,672,689,688,670,648
672,671,649,673,690,650,689
673,690,672,650,651,691,674
674,691,673,692,675,651,652
675,653,652,692,674,676
676,705,692,675,655,653,654
677,656,693,657,658,659,678
678,659,660,679,677,693
679,660,661,678,680,693,694
680,681,695,679,661,694,662
681,696,695,680,682,662,663
682,664,683,696,681,697,663
683,665,664,684,698,682,697
684,698,683,665,699,666
685,710,716,686,700,667,668,547,718
686,669,687,700,685,668
687,686,669,670,700,701,688
688,702,689,671,701,687,670
689,702,688,671,703,672,690
690,673,672,703,704,691,689
691,690,673,674,692,705,704
692,705,691,674,676,675
693,656,677,714,678,679,694,706
694,695,680,693,679,706
695,696,681,680,694,706
696,695,681,682,697,707,706
697,698,708,707,696,682,683
698,708,697,684,683,709,699
699,582,583,698,709,666,643,684,581,584,585,586,587,1290
700,686,685,710,687,701
701,700,687,711,702,710,688
702,688,689,711,701,703,712
703,704,713,712,702,690,689
704,713,703,690,705,691
705,713,704,692,691,718,630,676,655
706,707,696,693,714,694,695
707,697,696,706,714,708
708,698,697,714,715,709,707
709,708,715,698,699
710,716,685,700,701,711
711,701,702,717,716,710,712
712,703,702,713,717,711
713,704,703,717,712,705,718
714,656,693,706,707,708,715
715,714,708,709
716,710,685,717,711,718
717,716,711,713,712,718
718,630,452,565,717,713,716,685,705,656
719,1494,1533,721,722,1532,723
720,1494,721,730,729,1527,1529
721,1494,720,730,719,722,731
722,733,732,721,719,723,731
723,1744,734,1532,719,733,722
724,1580,741,1507,1506,725,742
725,742,743,724,1507,1746,744
726,1557,752,1617,751,1608,750
727,1665,1599,754,753,45,728
728,1599,1527,729,755,727,754
729,1527,720,728,755,730,756
730,720,721,731,756,729,757
731,758,732,721,722,730,757
732,722,733,758,731,759,760
733,722,732,761,760,734,723
734,723,1744,735,761,762,733
735,1744,1745,763,736,734,762
736,764,737,1678,1745,763,735
737,764,736,765,1593,1678,738
738,739,766,765,1592,1593,737
739,767,766,738,1591,740,1592
740,741,1580,768,767,739,1591
741,740,1580,724,768,769,742
742,725,743,770,769,724,741
743,772,744,742,725,771,770
744,772,743,745,773,725,1746
745,744,773,1746,1523,746,774
746,747,1510,775,774,1523,745
747,746,1510,776,748,1511,775
748,776,747,1511,1747,1512,777
749,1608,750,780,781,1714,1716
750,749,1608,782,781,751,726
751,784,752,726,782,750,783
752,784,751,1749,785,726,1557
753,727,754,789,788,45
754,727,753,789,755,790,728
755,728,729,791,790,754,756
756,730,729,757,791,792,755
757,756,730,731,792,793,758
758,731,732,759,757,794,793
759,758,732,760,796,794,795
760,761,733,797,796,732,759
761,762,798,797,760,733,734
762,798,761,799,763,734,735
763,736,764,735,799,762,800
764,736,737,765,763,801,800
765,802,801,737,764,738,766
766,767,739,738,765,802,803
767,766,739,768,740,804,803
768,805,804,767,740,741,769
769,770,742,806,805,741,768
770,771,807,769,742,806,743
771,770,807,809,772,808,743
772,743,744,809,771,773,810
773,811,810,744,745,772,774
774,746,775,811,773,812,745
775,746,774,813,776,812,747
776,813,775,747,748,814,777
777,814,815,776,748,1747,778
778,815,816,1747,1748,779,777
779,1748,1716,780,778,816,817
780,818,781,749,1716,779,817
781,750,782,819,818,780,749
782,750,781,751,819,820,783
783,821,820,822,751,782,784
784,785,823,751,752,783,822
785,784,823,1749,752,786,824
786,825,787,1749,1750,785,824
787,825,786,1750,1717,46,826
788,122,82,45,827,753,789
789,753,754,788,790,828,827
790,755,791,754,789,829,828
791,755,790,829,756,792,830
792,831,830,791,756,757,793
793,831,792,757,832,758,794
794,833,795,759,758,793,832
795,835,834,796,833,794,759
796,835,795,760,797,836,759
797,798,761,760,796,837,836
798,838,837,762,761,799,797
799,839,800,762,798,763,838
800,839,799,840,801,764,763
801,765,802,840,800,764,841
802,765,801,766,842,841,803
803,842,802,766,767,804,843
804,805,768,767,803,843,844
805,804,768,769,806,845,844
806,807,846,769,805,845,770
807,846,806,770,771,808,847
808,807,771,809,849,847,848
809,771,772,849,808,810,850
810,773,811,772,809,851,850
811,773,810,852,812,774,851
812,853,852,811,775,813,774
813,775,776,854,814,853,812
814,855,854,777,815,813,776
815,778,816,856,814,777,855
816,857,856,815,778,779,817
817,780,818,857,816,779,858
818,780,781,859,819,817,858
819,781,782,820,860,859,818
820,821,783,860,819,782,861
821,862,863,861,820,783,822
822,783,821,863,864,823,784
823,865,824,784,785,822,864
824,865,823,785,786,866,825
825,786,787,867,866,826,824
826,46,83,123,787,825,867
827,868,122,788,869,828,789
828,870,869,827,829,790,789
829,830,871,828,870,791,790
830,831,792,871,829,791,872
831,830,792,793,873,872,832
832,874,833,873,831,793,794
833,874,832,794,795,834,875
834,835,795,876,877,833,875
835,834,795,878,877,796,836
836,879,878,835,796,797,837
837,798,838,880,797,836,879
838,798,837,880,799,881,839
839,799,800,838,882,881,840
840,800,801,841,883,882,839
841,842,802,883,884,801,840
842,885,884,841,802,803,843
843,844,886,885,842,803,804
844,845,887,886,843,805,804
845,887,844,888,846,805,806
846,847,889,807,806,888,845
847,846,889,807,808,848,890
848,847,808,890,892,891,849
849,809,808,850,893,848,892
850,894,851,849,893,810,809
851,894,850,811,810,852,895
852,812,853,811,896,895,851
853,812,852,897,896,854,813
854,814,855,898,897,813,853
855,814,854,856,899,898,815
856,816,857,855,899,815,900
857,816,856,858,901,817,900
858,859,902,901,857,817,818
859,858,902,818,819,903,860
860,820,819,859,903,904,861
861,821,862,904,905,860,820
862,821,863,861,906,907,905
863,862,821,907,908,822,864
864,822,863,908,823,865,909
865,823,824,910,909,866,864
866,825,867,865,824,911,910
867,825,866,826,123,911,912
868,869,914,122,827,165,913,211
869,828,870,868,914,915,827
870,828,869,915,916,829,871
871,872,917,830,829,916,870
872,871,917,830,918,873,831
873,918,872,919,874,831,832
874,832,833,920,919,875,873
875,920,874,833,834,876,921
876,834,877,921,922,923,875
877,876,834,835,878,924,923
878,879,836,835,877,924,925
879,878,836,880,837,926,925
880,837,838,879,881,926,927
881,928,927,880,838,839,882
882,928,929,839,881,840,883
883,841,884,929,930,840,882
884,842,885,883,841,931,930
885,842,884,931,843,932,886
886,933,932,887,844,843,885
887,933,886,845,844,934,888
888,845,846,934,935,889,887
889,846,847,888,935,936,890
890,937,891,889,847,936,848
891,938,939,937,890,892,848
892,891,848,893,940,939,849
893,940,892,941,894,849,850
894,942,941,850,851,895,893
895,896,943,894,942,852,851
896,895,943,944,897,853,852
897,854,898,944,945,896,853
898,854,897,946,945,899,855
899,855,856,946,947,898,900
900,901,948,947,899,856,857
901,900,948,858,857,902,949
902,858,859,901,903,949,950
903,904,951,950,902,859,860
904,903,951,861,905,952,860
905,953,952,904,861,906,862
906,862,907,955,954,953,905
907,906,862,955,863,908,956
908,956,957,863,907,864,909
909,958,957,910,865,864,908
910,909,958,865,911,866,959
911,959,960,866,867,910,912
912,123,166,960,867,911
913,961,311,211,259,914,868
914,868,869,962,961,915,913
915,914,869,870,916,963,962
916,915,870,871,917,964,963
917,871,872,916,918,965,964
918,965,917,872,966,919,873
919,966,918,920,874,967,873
920,919,874,968,967,875,921
921,969,968,876,922,875,920
922,921,876,923,971,970,969
923,971,922,876,877,972,924
924,878,877,925,973,972,923
925,924,973,878,879,926,974
926,927,975,880,879,974,925
927,881,928,975,926,976,880
928,881,927,929,977,882,976
929,928,977,978,883,930,882
930,978,979,929,883,884,931
931,980,979,884,885,932,930
932,933,886,980,981,885,931
933,932,886,887,981,982,934
934,888,935,982,933,887,983
935,984,936,934,888,983,889
936,984,935,889,890,985,937
937,986,985,890,891,938,936
938,987,986,891,939,988,937
939,938,891,988,989,940,892
940,893,892,989,939,941,990
941,894,942,893,940,990,991
942,894,941,992,991,895,943
943,895,896,944,993,992,942
944,943,896,945,994,993,897
945,898,946,994,944,897,995
946,898,945,899,947,995,996
947,946,899,996,997,948,900
948,949,998,997,900,901,947
949,950,999,998,948,902,901
950,949,999,951,1000,903,902
951,903,904,950,1000,1001,952
952,905,953,1002,1001,951,904
953,905,952,1002,1003,954,906
954,955,1005,1004,1003,953,906
955,906,907,1005,954,956,1006
956,908,957,955,907,1006,1007
957,1008,1007,958,909,956,908
958,1009,1008,957,909,910,959
959,960,1010,911,910,958,1009
960,1010,959,911,166,1011,912
961,962,914,311,1012,913,1013
962,961,914,1014,1013,915,963
963,916,964,915,962,1014,1015
964,916,963,965,1016,917,1015
965,1017,966,918,917,1016,964
966,1018,967,1017,965,918,919
967,1019,1018,966,968,920,919
968,921,969,1020,1019,967,920
969,1020,1021,921,968,970,922
970,1021,969,1023,1022,922,971
971,923,922,970,1023,972,1024
972,923,924,1024,1025,973,971
973,1026,1025,974,924,925,972
974,1026,973,926,975,925,1027
975,1027,1028,927,926,976,974
976,975,927,1028,1029,977,928
977,978,1030,928,929,1029,976
978,930,979,977,1030,929,1031
979,978,930,1032,1031,980,931
980,932,981,979,931,1032,1033
981,980,932,1033,1034,982,933
982,1035,983,1034,981,933,934
983,1035,982,984,935,1036,934
984,935,936,983,1037,985,1036
985,986,937,1038,936,1037,984
986,985,937,987,938,1038,1039
987,986,938,1039,1041,1040,988
988,938,939,1041,987,989,1042
989,1043,1042,939,940,988,990
990,991,1044,989,940,1043,941
991,1045,1044,990,992,942,941
992,991,942,1046,1045,993,943
993,1047,1046,994,992,943,944
994,1048,995,1047,993,945,944
995,1048,994,945,1049,996,946
996,1049,995,1050,946,997,947
997,1051,1050,998,948,996,947
998,949,948,1051,1052,997,999
999,949,950,998,1052,1000,1053
1000,950,951,1001,1053,1054,999
1001,1002,952,951,1000,1054,1055
1002,1003,1056,1001,952,953,1055
1003,1002,1056,954,1004,953,1057
1004,954,1003,1059,1058,1005,1057
1005,955,954,1059,1004,1006,1060
1006,1061,1007,955,956,1005,1060
1007,957,1008,1061,1006,956,1062
1008,1009,958,957,1007,1063,1062
1009,1008,958,1063,1064,1010,959
1010,960,959,1064,1065,1011,1009
1011,212,260,166,960,1010,1065
1012,311,961,366,1013,1066
1013,1014,962,1067,1066,961,1012
1014,1013,962,1068,1067,963,1015
1015,1069,1068,1016,1014,963,964
1016,965,964,1069,1015,1017,1070
1017,1018,1071,965,966,1016,1070
1018,1071,1017,967,1019,966,1072
1019,1072,1073,967,1018,1020,968
1020,969,1021,1019,968,1074,1073
1021,1075,1074,1020,969,1022,970
1022,1075,1021,1023,1077,970,1076
1023,1077,1022,970,971,1024,1078
1024,1079,1078,1025,972,1023,971
1025,1026,973,1080,1079,1024,972
1026,1025,973,974,1027,1081,1080
1027,975,1028,1081,1026,974,1082
1028,1027,975,976,1029,1083,1082
1029,1084,1083,1030,1028,977,976
1030,977,978,1084,1029,1031,1085
1031,1085,1086,1030,1032,979,978
1032,1031,979,1086,1087,1033,980
1033,1088,1034,981,1087,1032,980
1034,1088,1033,1089,981,1035,982
1035,1036,1090,1034,1089,982,983
1036,1035,1090,1091,1037,983,984
1037,1091,1036,1038,1092,984,985
1038,985,986,1092,1037,1093,1039
1039,987,986,1093,1038,1094,1040
1040,1095,1094,987,1041,1096,1039
1041,987,1040,1096,1097,1042,988
1042,989,1043,1098,1041,1097,988
1043,989,1042,1098,1099,1044,990
1044,1045,991,990,1043,1099,1100
1045,1044,991,992,1046,1100,1101
1046,1047,1102,993,992,1045,1101
1047,1048,994,1102,1103,1046,993
1048,994,995,1047,1103,1104,1049
1049,995,996,1104,1048,1105,1050
1050,1051,997,1106,1049,996,1105
1051,1050,997,1106,998,1052,1107
1052,1051,998,999,1053,1108,1107
1053,1054,1109,1000,1052,1108,999
1054,1109,1053,1000,1001,1055,1110
1055,1056,1111,1110,1002,1001,1054
1056,1111,1112,1002,1003,1055,1057
1057,1058,1113,1112,1056,1003,1004
1058,1004,1059,1113,1057,1114,1115
1059,1004,1058,1005,1116,1060,1115
1060,1117,1116,1006,1061,1059,1005
1061,1006,1007,1060,1062,1118,1117
1062,1063,1119,1007,1008,1061,1118
1063,1120,1119,1009,1064,1062,1008
1064,1010,1065,1063,1009,1121,1120
1065,1064,1010,312,367,1121,1011,260
1066,1122,366,1013,1067,1123,1012
1067,1068,1124,1123,1013,1066,1014
1068,1124,1067,1014,1015,1069,1125
1069,1070,1126,1015,1068,1125,1016
1070,1069,1126,1071,1127,1016,1017
1071,1018,1017,1070,1127,1072,1128
1072,1019,1073,1018,1129,1128,1071
1073,1072,1019,1130,1129,1074,1020
1074,1021,1075,1073,1020,1130,1131
1075,1021,1074,1022,1076,1132,1131
1076,1134,1133,1075,1132,1022,1077
1077,1023,1022,1078,1135,1134,1076
1078,1024,1079,1077,1023,1135,1136
1079,1137,1080,1024,1078,1025,1136
1080,1081,1138,1026,1137,1025,1079
1081,1082,1139,1080,1138,1027,1026
1082,1081,1139,1083,1140,1028,1027
1083,1140,1082,1084,1029,1028,1141
1084,1083,1029,1030,1141,1142,1085
1085,1031,1086,1143,1142,1030,1084
1086,1085,1031,1087,1144,1032,1143
1087,1144,1086,1088,1145,1033,1032
1088,1033,1034,1089,1146,1145,1087
1089,1088,1034,1146,1035,1147,1090
1090,1035,1036,1148,1091,1089,1147
1091,1148,1090,1036,1037,1092,1149
1092,1093,1150,1038,1037,1091,1149
1093,1150,1092,1151,1038,1039,1094
1094,1095,1040,1151,1093,1039
1095,1152,1096,1094,1040,1151
1096,1152,1095,1097,1153,1040,1041
1097,1096,1153,1041,1042,1154,1098
1098,1042,1043,1099,1155,1154,1097
1099,1098,1043,1156,1100,1044,1155
1100,1156,1099,1044,1045,1157,1101
1101,1102,1158,1046,1157,1045,1100
1102,1047,1103,1046,1101,1158,1159
1103,1102,1047,1159,1160,1104,1048
1104,1160,1103,1161,1048,1105,1049
1105,1106,1162,1104,1161,1049,1050
1106,1105,1162,1050,1051,1107,1163
1107,1108,1052,1051,1106,1164,1163
1108,1052,1053,1109,1165,1107,1164
1109,1054,1053,1110,1166,1165,1108
1110,1167,1166,1111,1055,1054,1109
1111,1056,1112,1168,1167,1055,1110
1112,1111,1056,1113,1057,1168,1169
1113,1058,1057,1114,1112,1170,1169
1114,1171,1170,1113,1058,1172,1115
1115,1116,1173,1114,1058,1059,1172
1116,1117,1060,1173,1115,1059,1174
1117,1116,1060,1175,1118,1061,1174
1118,1176,1175,1117,1061,1062,1119
1119,1063,1120,1062,1177,1176,1118
1120,1063,1119,1121,1064,1177,1178
1121,1065,367,1064,1120,1179,1178
1122,1180,483,1123,1066,366,424
1123,1122,1180,1181,1067,1124,1066
1124,1068,1067,1123,1181,1182,1125
1125,1182,1124,1183,1069,1068,1126
1126,1069,1070,1183,1184,1127,1125
1127,1070,1071,1126,1185,1184,1128
1128,1186,1129,1072,1071,1127,1185
1129,1186,1187,1130,1073,1128,1072
1130,1129,1073,1187,1188,1131,1074
1131,1189,1188,1130,1074,1075,1132
1132,1075,1076,1133,1190,1131,1189
1133,1134,1076,1192,1132,1190,1191
1134,1133,1076,1135,1193,1192,1077
1135,1193,1134,1194,1077,1078,1136
1136,1194,1195,1137,1078,1079,1135
1137,1196,1195,1080,1138,1079,1136
1138,1080,1081,1139,1137,1196,1197
1139,1081,1082,1198,1197,1138,1140
1140,1083,1082,1139,1199,1198,1141
1141,1199,1200,1142,1084,1083,1140
1142,1085,1143,1141,1200,1084,1201
1143,1202,1201,1085,1142,1086,1144
1144,1087,1086,1145,1203,1202,1143
1145,1088,1087,1144,1203,1146,1204
1146,1088,1089,1147,1205,1204,1145
1147,1206,1148,1146,1089,1205,1090
1148,1090,1091,1206,1147,1207,1149
1149,1092,1150,1207,1148,1091,1208
1150,1093,1092,1149,1151,1208
1151,1208,1152,1150,1093,1094,1095
1152,1095,1096,1208,1151,1423,1263,1335,1153,1209
1153,1096,1097,1154,1209,1152
1154,1153,1209,1098,1155,1097,1210
1155,1098,1154,1210,1211,1099,1156
1156,1099,1100,1155,1211,1157,1212
1157,1156,1100,1158,1213,1101,1212
1158,1101,1102,1159,1214,1213,1157
1159,1103,1160,1215,1214,1158,1102
1160,1216,1161,1159,1103,1104,1215
1161,1216,1160,1104,1217,1162,1105
1162,1105,1106,1217,1161,1218,1163
1163,1219,1164,1107,1106,1162,1218
1164,1219,1163,1108,1165,1220,1107
1165,1166,1221,1220,1109,1108,1164
1166,1167,1110,1165,1221,1222,1109
1167,1166,1110,1168,1111,1222,1223
1168,1167,1111,1112,1169,1223,1224
1169,1113,1170,1168,1112,1225,1224
1170,1114,1171,1113,1169,1225,1226
1171,1114,1170,1228,1227,1226,1172
1172,1171,1228,1114,1229,1173,1115
1173,1230,1174,1229,1116,1115,1172
1174,1230,1173,1231,1175,1117,1116
1175,1176,1118,1231,1174,1117,1232
1176,1175,1118,1119,1177,1233,1232
1177,1178,1234,1119,1176,1120,1233
1178,1177,1234,1235,1121,1179,1120
1179,367,425,484,1235,1121,1178
1180,1236,541,1122,483,1123,1181
1181,1182,1237,1180,1123,1236,1124
1182,1181,1237,1124,1125,1238,1183
1183,1126,1184,1239,1182,1125,1238
1184,1183,1126,1239,1185,1127,1240
1185,1184,1127,1241,1240,1128,1186
1186,1129,1187,1128,1242,1241,1185
1187,1186,1129,1188,1243,1242,1130
1188,1243,1187,1131,1189,1130,1244
1189,1131,1188,1244,1132,1245,1190
1190,1245,1246,1191,1132,1133,1189
1191,1247,1246,1248,1190,1133,1192
1192,1134,1133,1191,1248,1249,1193
1193,1135,1134,1250,1194,1249,1192
1194,1136,1195,1250,1193,1135,1251
1195,1196,1252,1137,1194,1136,1251
1196,1252,1195,1137,1197,1253,1138
1197,1253,1196,1139,1198,1138,1254
1198,1139,1197,1254,1199,1255,1140
1199,1256,1255,1200,1141,1198,1140
1200,1256,1199,1141,1201,1257,1142
1201,1143,1202,1257,1200,1142,1258
1202,1143,1201,1259,1258,1203,1144
1203,1204,1260,1144,1145,1259,1202
1204,1203,1260,1261,1205,1146,1145
1205,1261,1204,1206,1262,1146,1147
1206,1207,1263,1147,1148,1262,1205
1207,1206,1263,1148,1149,1208
1208,1151,1152,1207,1263,1149,1150
1209,1264,1335,1153,1154,1210,1152
1210,1155,1211,1154,1209,1264
1211,1212,1265,1210,1155,1264,1156
1212,1213,1266,1211,1265,1156,1157
1213,1266,1212,1214,1267,1158,1157
1214,1159,1215,1213,1267,1268,1158
1215,1159,1214,1216,1160,1269,1268
1216,1160,1161,1215,1269,1270,1217
1217,1161,1162,1270,1216,1218,1271
1218,1271,1272,1217,1162,1163,1219
1219,1163,1164,1273,1272,1218,1220
1220,1274,1221,1165,1164,1219,1273
1221,1165,1166,1274,1220,1222,1275
1222,1166,1167,1223,1221,1275,1276
1223,1224,1277,1276,1222,1167,1168
1224,1277,1223,1169,1225,1168,1278
1225,1169,1224,1170,1226,1279,1278
1226,1280,1279,1227,1171,1170,1225
1227,1171,1228,1282,1226,1281,1280
1228,1283,1282,1171,1227,1229,1172
1229,1284,1283,1228,1230,1173,1172
1230,1173,1174,1285,1284,1229,1231
1231,1174,1175,1232,1286,1285,1230
1232,1233,1287,1286,1176,1231,1175
1233,1232,1287,1234,1288,1177,1176
1234,1177,1178,1235,1233,1288,1289
1235,1289,484,1179,1234,1178
1236,541,1180,587,1290,1181,1237
1237,1181,1182,1290,1238,1236
1238,1290,1239,1237,1182,1183
1239,1290,1238,1184,1183,1240
1240,1290,1241,1239,1185,1184
1241,1290,1240,1242,1186,1185
1242,1241,1186,1290,1187,1243
1243,1188,1187,1244,1290,1242
1244,1290,1243,1245,1188,1189
1245,1246,1290,1190,1244,1189
1246,1245,1290,1247,1191,1190,1291
1247,1246,1191,1248,1293,1292,1291
1248,1247,1191,1192,1249,1294,1293
1249,1193,1250,1295,1294,1248,1192
1250,1193,1194,1249,1295,1296,1251
1251,1297,1296,1252,1195,1194,1250
1252,1196,1195,1298,1297,1253,1251
1253,1197,1196,1298,1252,1299,1254
1254,1197,1253,1255,1300,1299,1198
1255,1199,1256,1301,1300,1254,1198
1256,1199,1255,1302,1257,1301,1200
1257,1302,1256,1201,1200,1303,1258
1258,1259,1304,1202,1303,1257,1201
1259,1258,1304,1202,1260,1305,1203
1260,1203,1204,1259,1305,1306,1261
1261,1204,1205,1306,1262,1260
1262,1306,1263,1206,1261,1205
1263,1334,1306,1206,1207,1152,1423,1359,1262,1208
1264,1209,1335,1307,1210,1211,1265
1265,1211,1212,1266,1264,1307
1266,1213,1212,1265,1267,1308,1307
1267,1308,1309,1213,1214,1266,1268
1268,1214,1267,1309,1215,1269,1310
1269,1270,1311,1216,1215,1268,1310
1270,1269,1311,1216,1217,1271,1312
1271,1218,1272,1217,1270,1313,1312
1272,1273,1314,1271,1218,1219,1313
1273,1314,1272,1219,1274,1315,1220
1274,1315,1316,1220,1221,1275,1273
1275,1317,1316,1276,1221,1222,1274
1276,1277,1223,1318,1317,1275,1222
1277,1224,1223,1276,1318,1278,1319
1278,1279,1320,1319,1224,1277,1225
1279,1280,1321,1226,1278,1320,1225
1280,1279,1321,1226,1227,1281
1281,1227,1282,547,546,1280,1321,1348,1371,1389,1403,1413,1419,1422,1424
1282,1228,1283,545,546,1227,1281
1283,544,545,1228,1282,1284,1229
1284,543,544,1283,1229,1230,1285
1285,542,543,1286,1231,1230,1284
1286,1287,542,1232,1231,1285
1287,542,1286,1232,1233,1288
1288,1233,1234,1289,1287,542
1289,484,542,1235,1234,1288
1290,1245,1246,1240,1241,1238,1239,587,1236,699,1237,1242,1244,1243,1291,1292
1291,1247,1246,1290,1292
1292,1293,1247,1322,1372,1291,1290,1404
1293,1323,1322,1292,1247,1248,1294
1294,1295,1324,1249,1248,1323,1293
1295,1294,1324,1249,1250,1296,1325
1296,1297,1251,1326,1295,1250,1325
1297,1296,1251,1327,1298,1252,1326
1298,1327,1297,1252,1253,1299,1328
1299,1329,1328,1298,1253,1300,1254
1300,1330,1329,1255,1301,1299,1254
1301,1302,1256,1255,1300,1330,1331
1302,1256,1257,1301,1331,1303,1332
1303,1258,1304,1257,1302,1332,1333
1304,1258,1259,1303,1305,1333,1334
1305,1259,1260,1304,1306,1334
1306,1334,1263,1262,1305,1260,1261
1307,1308,1335,1264,1265,1266
1308,1267,1309,1335,1307,1266,1336
1309,1308,1267,1310,1337,1268,1336
1310,1309,1337,1268,1311,1269,1338
1311,1269,1270,1339,1338,1310,1312
1312,1340,1313,1311,1270,1271,1339
1313,1341,1314,1272,1271,1340,1312
1314,1273,1272,1341,1313,1342,1315
1315,1274,1316,1342,1314,1273,1343
1316,1315,1274,1317,1344,1343,1275
1317,1276,1318,1345,1344,1316,1275
1318,1276,1317,1345,1319,1346,1277
1319,1320,1347,1318,1346,1278,1277
1320,1278,1279,1347,1348,1319,1321
1321,1279,1280,1281,1320,1348
1322,1293,1323,1349,1372,1292
1323,1293,1322,1350,1349,1324,1294
1324,1294,1295,1323,1350,1351,1325
1325,1296,1295,1326,1352,1351,1324
1326,1297,1327,1296,1353,1325,1352
1327,1297,1298,1326,1354,1328,1353
1328,1299,1329,1354,1355,1327,1298
1329,1299,1328,1300,1330,1355,1356
1330,1300,1329,1331,1357,1301,1356
1331,1332,1358,1357,1330,1301,1302
1332,1358,1331,1359,1303,1302,1333
1333,1304,1334,1332,1359,1303
1334,1306,1263,1333,1304,1359,1305
1335,1209,1264,1308,1307,1336,1360,1152,1423,1407
1336,1335,1360,1337,1309,1308
1337,1338,1361,1309,1310,1360,1336
1338,1311,1339,1362,1337,1361,1310
1339,1311,1338,1362,1312,1340,1363
1340,1312,1313,1339,1341,1364,1363
1341,1313,1314,1342,1365,1364,1340
1342,1314,1315,1366,1365,1341,1343
1343,1344,1316,1367,1315,1366,1342
1344,1345,1317,1316,1368,1343,1367
1345,1369,1346,1344,1317,1318,1368
1346,1369,1345,1347,1370,1318,1319
1347,1320,1348,1370,1346,1319,1371
1348,1347,1320,1321,1281,1371
1349,1323,1350,1372,1322
1350,1323,1349,1324,1373,1372,1351
1351,1325,1352,1324,1350,1373,1374
1352,1374,1375,1353,1325,1326,1351
1353,1375,1352,1326,1327,1376,1354
1354,1328,1355,1377,1327,1376,1353
1355,1354,1328,1377,1356,1378,1329
1356,1379,1378,1355,1357,1329,1330
1357,1331,1330,1379,1356,1358
1358,1332,1331,1359,1379,1357
1359,1358,1332,1379,1333,1395,1263,1423,1334
1360,1335,1336,1380,1407,1337,1361
1361,1337,1338,1380,1362,1360
1362,1338,1339,1381,1363,1380,1361
1363,1381,1362,1382,1364,1339,1340
1364,1383,1382,1341,1365,1340,1363
1365,1342,1366,1384,1383,1341,1364
1366,1342,1365,1384,1343,1367,1385
1367,1386,1368,1344,1343,1366,1385
1368,1386,1387,1367,1369,1345,1344
1369,1345,1346,1388,1387,1370,1368
1370,1389,1371,1347,1346,1388,1369
1371,1389,1370,1347,1348,1281
1372,1373,1390,1349,1322,1350,1292,1404
1373,1372,1390,1391,1374,1350,1351
1374,1375,1392,1373,1391,1352,1351
1375,1392,1374,1352,1353,1393,1376
1376,1375,1353,1377,1354,1393,1394
1377,1354,1355,1376,1395,1394,1378
1378,1379,1356,1355,1377,1395
1379,1378,1356,1357,1359,1358,1395
1380,1396,1407,1360,1361,1362,1381
1381,1362,1363,1382,1396,1380
1382,1383,1364,1363,1381,1396,1397
1383,1398,1397,1382,1364,1384,1365
1384,1399,1398,1365,1366,1383,1385
1385,1367,1366,1384,1400,1386,1399
1386,1368,1387,1367,1400,1385,1401
1387,1386,1368,1388,1369,1402,1401
1388,1387,1369,1402,1403,1370,1389
1389,1370,1371,1281,1388,1403
1390,1372,1373,1391,1404
1391,1373,1390,1374,1392,1405,1404
1392,1375,1374,1391,1405,1406,1393
1393,1392,1375,1406,1376,1394
1394,1406,1395,1377,1393,1376
1395,1406,1394,1377,1378,1414,1379,1359
1396,1380,1407,1381,1382,1397
1397,1383,1398,1407,1396,1382,1408
1398,1399,1384,1383,1397,1409,1408
1399,1398,1384,1400,1410,1409,1385
1400,1410,1399,1411,1385,1386,1401
1401,1411,1400,1386,1387,1402,1412
1402,1388,1403,1387,1401,1413,1412
1403,1402,1388,1413,1389,1281
1404,1372,1292,1390,1391,1405,1414
1405,1391,1392,1406,1404,1414
1406,1394,1395,1405,1392,1393,1414
1407,1380,1396,1335,1423,1360,1397,1408,1415
1408,1397,1407,1398,1415,1409
1409,1398,1399,1415,1408,1416,1410
1410,1400,1399,1411,1409,1416,1417
1411,1418,1417,1410,1400,1401,1412
1412,1419,1418,1401,1411,1402,1413
1413,1402,1403,1412,1281,1419
1414,1404,1405,1406,1395
1415,1423,1407,1408,1409,1416,1420
1416,1420,1417,1415,1409,1410
1417,1418,1411,1420,1416,1410,1421
1418,1417,1411,1412,1419,1422,1421
1419,1412,1418,1422,1413,1281
1420,1416,1417,1423,1421,1415
1421,1417,1418,1424,1423,1422,1420
1422,1419,1418,1281,1424,1421
1423,1152,1263,1359,1335,1407,1415,1421,1424,1420
1424,1281,1422,1421,1423
1425,1429,1437,1478,1459,1441,1436
1426,11,10,1469,1602,1525,1442
1427,1493,1479,9,8,1442,2
1428,1431,1433,1432,1430,1434,1435
1429,1438,1439,1425,1437,1436,1440
1430,1444,1450,1443,1431,1432,1428
1431,1443,1449,1428,1433,1430,1445
1432,1430,1428,1444,1452,1434,1446
1433,1451,1447,1428,1431,1435,1445
1434,1446,1432,1455,1428,1435,1448
1435,1433,1447,1434,1428,1448,1454
1436,1441,1457,1439,1456,1425,1429
1437,1463,1440,1429,1425,1487,1459
1438,1439,1429,1453,1461,1458,1440
1439,1438,1429,1460,1456,1436,1458
1440,1463,1437,1429,1438,1481,1453
1441,1436,1457,1464,1462,1478,1425
1442,10,9,1427,1479,1469,1426
1443,1449,1431,1430,1466,1465,1450
1444,1450,1430,1467,1432,1468,1452
1445,1449,1471,1433,1451,1431,1470
1446,1434,1432,1452,1455,1473,1472
1447,1451,1433,1435,1475,1474,1454
1448,1454,1477,1476,1455,1434,1435
1449,1443,1431,1471,1445,1485,1465
1450,1444,1430,1467,1443,1486,1466
1451,1447,1433,1475,1445,1488,1470
1452,1432,1444,1468,1489,1472,1446
1453,1461,1438,1482,1480,1481,1440
1454,1477,1448,1447,1474,1490,1435
1455,1448,1476,1446,1434,1491,1473
1456,1460,1439,1436,1457,1483,1492
1457,1483,1484,1441,1436,1464,1456
1458,1461,1495,1460,1439,1496,1438
1459,1478,1425,1487,1437,1737,1541
1460,1456,1439,1458,1492,1497,1496
1461,1495,1458,1453,1438,1498,1482
1462,1464,1441,1501,1645,1548,1478
1463,1440,1437,1487,1543,1481,1537
1464,1503,1501,1462,1441,1457,1484
1465,1520,1485,1466,1443,1449,1504
1466,1505,1504,1465,1443,1450,1486
1467,1450,1444,1468,1506,1521,1486
1468,1467,1444,1507,1506,1489,1452
1469,1602,1519,1426,1518,1479,1442
1470,1471,1508,1445,1522,1488,1451
1471,1449,1445,1470,1508,1485,1509
1472,1473,1510,1489,1452,1523,1446
1473,1510,1472,1511,1491,1455,1446
1474,1475,1447,1454,1490,1516,1524
1475,1447,1451,1474,1488,1517,1516
1476,1513,1491,1477,1448,1455,1514
1477,1454,1448,1476,1514,1515,1490
1478,1459,1425,1548,1462,1441,1737
1479,1427,1493,1528,1518,1442,1469
1480,1561,1530,1482,1453,1563,1481
1481,1440,1463,1480,1453,1563,1537
1482,1498,1461,1453,1530,1531,1480
1483,1534,1492,1484,1457,1535,1456
1484,1483,1457,1535,1536,1503,1464
1485,1520,1538,1509,1471,1465,1449
1486,1539,1521,1505,1450,1467,1466
1487,1463,1437,1459,1543,1540,1541
1488,1522,1540,1451,1475,1470,1517
1489,1468,1507,1523,1746,1452,1472
1490,1454,1474,1524,1546,1515,1477
1491,1513,1476,1512,1511,1473,1455
1492,1534,1483,1456,1460,1497,1547
1493,2,1550,1551,1528,1427,1479
1494,721,720,1533,719,1529,1549
1495,1461,1458,1554,1496,1498,1558
1496,1555,1497,1495,1554,1460,1458
1497,1555,1560,1547,1496,1492,1460
1498,1495,1558,1461,1482,1562,1531
1499,1564,1502,32,1500,1565,31
1500,33,1526,1566,32,1565,1499
1501,1645,1568,1569,1503,1464,1462
1502,1564,1499,31,30,1571,1743
1503,1501,1464,1569,1573,1484,1536
1504,1505,1466,1578,1465,1520,1577
1505,1504,1466,1486,1539,1579,1578
1506,1507,724,1467,1521,1468,1580
1507,724,1506,1468,725,1746,1489
1508,1470,1471,1544,1522,1509,1545
1509,1538,1559,1485,1471,1545,1508
1510,747,746,1473,1472,1523,1511
1511,748,747,1510,1512,1491,1473
1512,1747,748,1511,1491,1513,1596
1513,1491,1476,1512,1596,1584,1514
1514,1585,1584,1476,1477,1515,1513
1515,1514,1477,1546,1490,1586,1585
1516,1542,1517,1582,1474,1475,1524
1517,1541,1542,1516,1475,1488,1540
1518,1528,1588,1587,1519,1469,1479
1519,1587,1724,1602,1469,1518
1520,1538,1485,1577,1589,1465,1504
1521,1591,1539,1580,1486,1467,1506
1522,1488,1540,1544,1543,1508,1470
1523,746,745,1489,1746,1472,1510
1524,1594,1582,1474,1490,1546,1516
1525,1662,1665,11,1426,1602
1526,1590,1572,1566,33,1500,34
1527,729,720,728,1599,1529,1598
1528,1493,1551,1601,1588,1518,1479
1529,720,1494,1527,1604,1549,1598
1530,1605,1561,1482,1531,1606,1480
1531,1482,1530,1606,1607,1562,1498
1532,1744,1612,1613,723,719,1533
1533,1494,719,1614,1613,1549,1532
1534,1618,1619,1483,1492,1535,1547
1535,1536,1620,1484,1534,1619,1483
1536,1620,1621,1573,1535,1484,1503
1537,1563,1556,1481,1463,1544,1543
1538,1603,1559,1520,1485,1509,1589
1539,1591,1592,1521,1486,1505,1579
1540,1488,1522,1543,1487,1541,1517
1541,1517,1542,1540,1487,1459,1737
1542,1517,1541,1516,1582,1737
1543,1544,1522,1463,1487,1540,1537
1544,1543,1522,1556,1537,1508,1545
1545,1570,1556,1544,1559,1509,1508
1546,1594,1609,1586,1524,1515,1490
1547,1618,1627,1560,1497,1534,1492
1548,1624,1583,1462,1645,1478,1737
1549,1533,1614,1529,1604,1494,1626
1550,2,1493,1551,1740,1738,1638
1551,1550,1493,1528,1639,1601,1638
1552,1553,1631,1630,13,12,1644
1553,1552,1631,1632,14,13,1567
1554,1495,1496,1634,1635,1555,1558
1555,1560,1497,1636,1496,1635,1554
1556,1570,1616,1563,1537,1544,1545
1557,1622,1749,1629,726,752,1617
1558,1634,1640,1562,1495,1498,1554
1559,1538,1603,1509,1628,1570,1545
1560,1555,1497,1637,1636,1547,1627
1561,1605,1530,1625,1480,1616,1563
1562,1640,1558,1643,1607,1498,1531
1563,1537,1556,1561,1616,1480,1481
1564,1499,1502,1682,1565,1571,1680
1565,1682,1564,1500,1566,1683,1499
1566,1683,1684,1590,1526,1500,1565
1567,3,15,1646,1632,14,1553
1568,1694,1695,1569,1696,1645,1501
1569,1698,1573,1568,1694,1501,1503
1570,1616,1556,1628,1642,1545,1559
1571,1611,1743,1564,1502,1680,1681
1572,1590,1526,1687,1689,34,35
1573,1698,1569,1699,1621,1536,1503
1574,1581,1700,1701,1575,22,21
1575,1576,1702,1574,1701,22,23
1576,1575,1702,1633,24,23,1703
1577,1578,1661,1589,1520,1504,1658
1578,1577,1661,1664,1579,1504,1505
1579,1664,1578,1539,1592,1505,1593
1580,741,740,1591,1521,724,1506
1581,1574,1700,20,1600,1704,21
1582,1594,1524,1542,1516,1737,1583
1583,1624,1548,1737,1582,1594,1595
1584,1514,1585,1513,1596,1706,1707
1585,1514,1584,1586,1515,1708,1707
1586,1609,1546,1709,1708,1515,1585
1587,1519,1724,1588,1668,1518,1718
1588,1587,1668,1601,1528,1518,1669
1589,1577,1520,1603,1538,1658,1655
1590,1572,1526,1687,1566,1685,1684
1591,1592,1539,1521,1580,739,740
1592,1591,1539,1579,738,739,1593
1593,1664,1579,1592,737,1678,738
1594,1546,1609,1524,1582,1583,1595
1595,1583,1624,1594,1609,1610,1691
1596,1706,1748,1512,1513,1747,1584
1597,1615,1724,1662,1602,1659
1598,1599,1662,1527,1659,1604,1529
1599,1598,1662,728,1527,727,1665
1600,1705,1704,1581,20,19,1741
1601,1588,1528,1669,1639,1551,1670
1602,1469,1519,1597,1662,1426,1525,1724
1603,1652,1628,1538,1559,1655,1589
1604,1626,1656,1529,1549,1659,1598
1605,1530,1561,1625,1648,1606,1666
1606,1667,1607,1531,1666,1530,1605
1607,1667,1606,1562,1643,1671,1531
1608,749,750,1714,1712,1617,726
1609,1546,1594,1586,1595,1709,1610
1610,1709,1609,1595,1710,1691,1692
1611,1743,1742,1571,1739,1725,1681
1612,1744,1532,1660,1613,1663,1745
1613,1660,1612,1614,1533,1657,1532
1614,1654,1657,1613,1533,1549,1626
1615,1597,1724,1623,1641,1656,1659
1616,1642,1650,1570,1556,1625,1561,1563
1617,1711,1629,1557,726,1712,1608
1618,1534,1619,1627,1728,1547,1729
1619,1534,1618,1730,1620,1535,1729
1620,1536,1621,1730,1619,1731,1535
1621,1536,1620,1699,1573,1732,1731
1622,1713,1715,1629,1557,1749,1750
1623,1647,1649,1718,1615,1724,1641
1624,1691,1696,1583,1548,1645,1595
1625,1647,1648,1605,1561,1616,1650
1626,1604,1656,1549,1654,1614,1653
1627,1728,1727,1618,1547,1560,1637
1628,1652,1603,1642,1570,1559,1651
1629,1713,1622,1711,1710,1557,1617
1630,1723,1719,1552,1631,1720,1644
1631,1720,1721,1553,1552,1632,1630
1632,1553,1631,1721,1646,1722,1567
1633,24,25,1703,1735,1576,1736
1634,1558,1640,1676,1635,1675,1554
1635,1636,1555,1677,1676,1634,1554
1636,1637,1560,1555,1635,1677,1679
1637,1726,1679,1560,1636,1627,1727
1638,1738,1688,1639,1686,1550,1551
1639,1686,1672,1601,1551,1638,1670
1640,1674,1675,1634,1558,1562,1643
1641,1615,1656,1651,1649,1653,1623
1642,1650,1616,1649,1628,1570,1651
1643,1673,1674,1562,1640,1671,1607
1644,1717,1723,1630,1552,12,46
1645,1501,1568,1696,1462,1548,1624
1646,3,1734,1733,1567,1632,1722
1647,1625,1648,1623,1649,1718,1650
1648,1625,1647,1668,1666,1605,1718
1649,1623,1647,1642,1650,1651,1641
1650,1642,1616,1649,1625,1647
1651,1641,1649,1642,1628,1653,1652
1652,1628,1603,1654,1653,1655,1651
1653,1654,1652,1626,1656,1651,1641
1654,1657,1614,1653,1652,1626,1655
1655,1658,1657,1652,1603,1589,1654
1656,1626,1604,1615,1641,1653,1659
1657,1654,1614,1655,1658,1613,1660
1658,1655,1657,1661,1577,1589,1660
1659,1604,1656,1598,1662,1615,1597
1660,1612,1613,1661,1658,1663,1657
1661,1577,1578,1664,1663,1658,1660
1662,1598,1599,1665,1525,1597,1602,1659
1663,1664,1661,1678,1745,1660,1612
1664,1578,1579,1663,1661,1593,1678
1665,1662,1525,727,1599,45,11
1666,1668,1648,1669,1606,1667,1605
1667,1607,1606,1669,1670,1671,1666
1668,1587,1588,1666,1648,1718,1669
1669,1588,1601,1668,1667,1670,1666
1670,1671,1672,1667,1669,1601,1639
1671,1670,1672,1673,1643,1667,1607
1672,1671,1670,1639,1686,1685,1673
1673,1684,1674,1643,1685,1672,1671
1674,1640,1675,1673,1684,1643,1683
1675,1640,1674,1682,1676,1683,1634
1676,1682,1675,1680,1635,1634,1677
1677,1681,1679,1636,1635,1680,1676
1678,736,1745,1663,1593,737,1664
1679,1726,1637,1677,1681,1725,1636
1680,1676,1682,1564,1571,1681,1677
1681,1677,1679,1725,1611,1571,1680
1682,1676,1675,1683,1565,1564,1680
1683,1566,1684,1675,1682,1674,1565
1684,1566,1683,1590,1673,1674,1685
1685,1686,1687,1590,1684,1673,1672
1686,1687,1685,1639,1672,1638,1688
1687,1572,1590,1686,1685,1689,1688
1688,1638,1738,1690,1689,1687,1686
1689,36,1690,1687,1572,35,1688
1690,1,37,36,1689,1688,1738
1691,1624,1696,1697,1692,1595,1610
1692,1693,1697,1691,1610,1713,1710
1693,1692,1697,1719,1723,1715,1713
1694,1720,1698,1695,1568,1569
1695,1720,1694,1568,1697,1719,1696
1696,1691,1624,1568,1695,1645,1697
1697,1695,1719,1693,1692,1691,1696
1698,1720,1694,1569,1573,1699,1721
1699,1732,1722,1573,1698,1621,1721
1700,1574,1581,1704,1730,1701,1729
1701,1729,1728,1574,1575,1700,1702
1702,1576,1575,1701,1728,1703,1727
1703,1633,1735,1726,1576,1702,1727
1704,1705,1600,1700,1730,1581,1731
1705,1704,1600,1741,1733,1731,1732
1706,1596,1748,1584,1707,1716,1714
1707,1708,1712,1585,1706,1584,1714
1708,1707,1712,1709,1711,1586,1585
1709,1711,1708,1710,1586,1609,1610
1710,1629,1711,1709,1610,1692,1713
1711,1709,1708,1629,1710,1712,1617
1712,1707,1708,1714,1608,1711,1617
1713,1622,1715,1629,1693,1692,1710
1714,1712,1608,749,1707,1716,1706
1715,1717,1750,1723,1622,1713,1693
1716,1748,779,1706,780,749,1714
1717,1750,1715,1723,1644,787,46
1718,1623,1647,1648,1668,1724,1587
1719,1630,1723,1697,1695,1720,1693
1720,1694,1698,1631,1721,1695,1719,1630
1721,1631,1720,1632,1722,1698,1699
1722,1732,1699,1733,1646,1632,1721
1723,1717,1715,1630,1719,1644,1693
1724,1519,1587,1615,1597,1623,1602,1718
1725,1681,1679,1735,1739,1726,1611
1726,1637,1679,1735,1703,1727,1725
1727,1728,1627,1702,1703,1637,1726
1728,1729,1701,1627,1727,1618,1702
1729,1728,1701,1618,1700,1730,1619
1730,1700,1704,1620,1619,1731,1729
1731,1704,1705,1732,1621,1620,1730
1732,1722,1699,1733,1705,1731,1621
1733,1722,1732,1741,1734,1646,1705
1734,18,1741,3,1646,1733,17
1735,1633,1703,1736,1726,1725,1739
1736,1739,4,1735,1633,25,26
1737,1548,1478,1459,1541,1542,1583,1582
1738,1638,1688,1740,1550,1,1690
1739,1736,4,1735,1725,1742,1611
1740,1738,1550,7,6,2,1
1741,18,1734,1733,1705,1600,19
1742,1611,1743,29,28,4,1739
1743,1611,1742,30,29,1571,1502
1744,1532,1612,1745,735,723,734
1745,1678,736,1744,735,1663,1612
1746,725,1507,744,745,1489,1523
1747,778,1748,748,1512,777,1596
1748,778,1747,1716,779,1596,1706
1749,1557,1622,786,1750,785,752
1750,1717,1715,787,1622,786,1749
