1,1102,1065,1127,4,3,23
2,1110,16,17,18,1128
3,48,23,25,24,1,4
4,26,5,1,1127,25,3
5,1127,1033,26,4,6,27
6,7,28,1033,1031,5,27
7,512,1085,29,6,28,1031
8,9,1083,1125,30,31
9,10,1084,8,1083,31,32
10,9,1084,34,11,32,33
11,35,34,10,12,1114,1084,1115
12,11,1114,1113,13,36,35
13,37,36,12,1113,14
14,1112,1113,15,38,37,13
15,14,1112,38,39,1111,16
16,1110,2,15,1111,39,40,17
17,16,40,2,18,41,42
18,19,43,17,2,42,1128
19,18,43,20,44,1128,1056
20,45,44,19,21,1057,1056
21,22,46,20,45,1059,1057
22,23,47,1102,1059,46,21
23,22,47,1102,3,48,1
24,25,3,50,49,75,48
25,24,3,51,50,26,4
26,4,5,27,52,51,25
27,53,52,28,6,26,5
28,54,53,29,6,7,27
29,7,512,529,552,28,54
30,31,55,1125,8,551,1121,578
31,30,55,32,56,9,8
32,31,56,10,33,9,57
33,32,10,59,58,57,34
34,35,11,10,59,60,33
35,36,61,34,11,60,12
36,61,35,13,37,62,12
37,38,63,62,13,36,14
38,63,37,64,14,15,39
39,40,65,38,15,64,16
40,65,39,16,17,41,66
41,68,67,66,40,17,42
42,41,17,68,69,18,43
43,18,19,44,70,69,42
44,20,45,19,43,70,71
45,20,44,71,72,46,21
46,73,72,45,22,21,47
47,22,23,48,74,73,46
48,3,23,75,74,47,24
49,105,75,50,77,76,24
50,77,49,51,25,24,78
51,79,52,78,50,25,26
52,79,51,80,53,27,26
53,54,28,81,80,52,27
54,53,28,81,82,29,552
55,30,31,83,640,56,578
56,84,83,31,32,57,55
57,58,85,56,84,33,32
58,85,57,87,59,86,33
59,87,58,34,60,33,88
60,59,34,61,89,35,88
61,36,35,62,90,89,60
62,91,90,37,63,61,36
63,38,37,92,91,64,62
64,92,63,38,39,65,93
65,40,39,64,93,66,94
66,67,95,41,40,65,94
67,68,41,66,95,97,96
68,67,41,98,97,42,69
69,43,70,99,68,42,98
70,43,44,71,69,99,100
71,44,45,70,100,101,72
72,46,73,102,71,101,45
73,46,72,102,74,103,47
74,73,103,48,75,47,104
75,105,49,104,48,74,24
76,138,106,77,107,49,105
77,76,107,108,78,50,49
78,109,79,77,108,51,50
79,110,109,78,80,51,52
80,111,110,79,81,53,52
81,111,112,53,54,80,82
82,552,579,112,608,81,54
83,55,640,84,56,114,113
84,115,114,83,56,57,85
85,58,57,116,115,86,84
86,117,116,118,85,58,87
87,58,59,88,119,86,118
88,119,87,120,89,59,60
89,121,120,88,61,60,90
90,91,122,62,121,61,89
91,123,122,90,62,63,92
92,123,124,63,91,64,93
93,125,124,64,92,65,94
94,95,126,125,66,93,65
95,126,94,66,67,96,127
96,95,127,97,129,67,128
97,68,98,129,96,67,130
98,68,97,130,131,99,69
99,100,132,69,70,98,131
100,99,132,70,71,101,133
101,134,133,71,100,72,102
102,73,72,101,134,135,103
103,135,102,73,74,136,104
104,137,105,136,75,103,74
105,137,104,138,75,49,76
106,138,174,140,107,76,139
107,141,140,106,108,76,77
108,141,107,77,78,109,142
109,79,110,78,108,142,143
110,143,144,79,109,111,80
111,110,80,145,112,144,81
112,145,111,81,82,608,146
113,676,147,83,114,640
114,84,115,148,147,83,113
115,84,114,116,149,85,148
116,86,117,150,149,115,85
117,86,116,118,152,151,150
118,117,86,119,153,152,87
119,154,120,153,118,88,87
120,154,119,89,121,88,155
121,89,120,156,155,122,90
122,91,123,90,157,156,121
123,91,122,157,158,92,124
124,123,92,93,125,158,159
125,93,124,94,126,160,159
126,95,94,127,161,160,125
127,126,161,95,96,128,162
128,164,163,162,96,127,129
129,97,96,128,164,165,130
130,97,98,129,166,165,131
131,167,166,98,130,99,132
132,99,100,133,168,167,131
133,169,134,101,168,132,100
134,169,133,101,170,135,102
135,134,170,102,171,136,103
136,172,137,104,171,135,103
137,173,172,138,104,105,136
138,106,174,76,173,137,105
139,106,174,214,175,176,140
140,107,141,106,177,176,139
141,107,140,108,177,142,178
142,178,179,109,143,141,108
143,110,144,180,142,109,179
144,143,110,180,111,181,145
145,111,112,146,182,181,144
146,641,183,182,145,112,608
147,676,113,114,148,184,185
148,114,147,186,149,115,185
149,116,150,115,187,186,148
150,116,149,117,187,188,151
151,189,188,117,152,190,150
152,191,190,117,151,118,153
153,119,118,152,191,192,154
154,119,120,193,155,153,192
155,193,154,120,194,156,121
156,157,122,195,194,155,121
157,123,158,156,122,195,196
158,157,123,159,197,124,196
159,158,197,160,198,125,124
160,199,161,126,125,198,159
161,199,160,126,127,162,200
162,128,163,127,161,200,201
163,203,202,201,128,164,162
164,204,203,128,163,129,165
165,205,166,129,164,204,130
166,167,131,206,205,165,130
167,166,131,206,132,168,207
168,208,207,133,169,132,167
169,133,134,208,209,170,168
170,210,209,169,171,134,135
171,170,210,135,136,172,211
172,173,137,136,211,212,171
173,172,137,138,213,174,212
174,138,106,213,173,139,214
175,256,214,216,215,176,139
176,177,217,216,175,139,140
177,218,217,176,140,141,178
178,142,179,141,177,218,219
179,178,142,219,180,220,143
180,143,144,220,179,181,221
181,182,222,221,144,180,145
182,181,222,223,146,145,183
183,641,146,715,223,182,677
184,714,756,185,224,676,147
185,225,224,186,184,148,147
186,187,226,148,149,225,185
187,188,227,226,186,149,150
188,187,227,151,189,228,150
189,230,229,151,188,228,190
190,231,230,191,152,151,189
191,190,152,192,232,231,153
192,232,191,193,233,153,154
193,154,155,234,233,192,194
194,234,235,195,156,193,155
195,156,157,196,236,235,194
196,197,237,236,195,158,157
197,237,196,158,159,238,198
198,160,159,238,197,199,239
199,160,161,240,200,198,239
200,161,162,240,199,241,201
201,202,242,163,200,162,241
202,242,201,203,163,243,244
203,202,163,204,245,164,244
204,245,203,164,246,205,165
205,166,206,165,247,246,204
206,166,205,248,247,207,167
207,208,168,249,248,206,167
208,207,168,169,209,249,250
209,170,210,208,169,251,250
210,170,209,171,252,251,211
211,252,253,172,212,171,210
212,254,253,211,172,213,173
213,255,214,173,174,254,212
214,256,175,255,213,174,139
215,257,301,216,175,258,256
216,258,259,215,175,176,217
217,177,218,176,216,259,260
218,177,217,219,261,260,178
219,220,262,261,218,178,179
220,262,219,221,263,180,179
221,220,263,264,181,222,180
222,181,182,223,264,265,221
223,182,222,715,183,266,265
224,185,225,801,267,184,756
225,185,224,267,268,226,186
226,187,186,269,268,227,225
227,270,269,187,188,228,226
228,271,229,189,188,270,227
229,189,230,273,272,271,228
230,231,190,189,229,273,274
231,230,190,274,191,232,275
232,276,275,192,191,231,233
233,277,234,193,276,232,192
234,194,235,278,277,233,193
235,234,194,279,278,195,236
236,196,237,195,280,279,235
237,197,196,236,280,238,281
238,281,237,197,198,282,239
239,282,238,198,199,283,240
240,199,200,241,284,283,239
241,285,284,240,200,201,242
242,202,201,286,243,285,241
243,288,287,286,242,202,244
244,289,288,202,203,243,245
245,204,203,244,289,290,246
246,291,290,205,247,245,204
247,205,246,248,292,206,291
248,292,247,206,207,293,249
249,208,207,250,294,248,293
250,251,209,208,294,249,295
251,295,296,250,209,252,210
252,253,297,211,296,251,210
253,252,297,254,212,298,211
254,299,298,253,212,255,213
255,299,300,213,214,254,256
256,300,301,214,175,215,255
257,301,215,302,303,258,348
258,216,259,303,304,257,215
259,258,216,304,217,305,260
260,218,217,259,261,305,306
261,262,219,218,260,306,307
262,308,263,220,219,261,307
263,308,262,220,221,309,264
264,221,263,309,310,265,222
265,310,311,264,222,223,266
266,223,265,757,311,715
267,312,313,801,224,225,268
268,314,313,267,225,269,226
269,270,227,315,314,268,226
270,269,227,316,315,271,228
271,228,229,272,317,316,270
272,229,273,318,317,319,271
273,229,230,272,274,320,319
274,230,231,321,320,275,273
275,276,232,322,321,274,231
276,275,232,233,277,323,322
277,324,323,234,278,233,276
278,234,277,325,324,279,235
279,325,278,235,326,236,280
280,327,326,236,237,279,281
281,328,282,238,237,280,327
282,328,281,238,239,283,329
283,282,239,329,330,284,240
284,285,331,241,330,283,240
285,284,331,241,332,286,242
286,242,243,287,332,333,285
287,288,334,243,286,333
288,287,334,289,244,243,335
289,288,244,336,335,290,245
290,246,291,337,336,289,245
291,338,292,246,290,337,247
292,338,291,339,248,247,293
293,340,339,292,248,294,249
294,341,340,250,249,293,295
295,341,342,251,296,250,294
296,297,343,295,251,342,252
297,296,343,252,253,344,298
298,299,345,254,253,297,344
299,346,345,298,254,255,300
300,256,301,299,255,347,346
301,348,347,257,215,300,256
302,349,350,257,303,393,348
303,302,257,350,351,258,304
304,352,351,303,258,259,305
305,353,352,304,259,306,260
306,307,354,353,305,260,261
307,355,354,306,308,262,261
308,262,263,307,309,355,356
309,357,356,263,308,264,310
310,265,311,264,309,357,358
311,359,358,310,265,266,757
312,267,313,801,892,847,360
313,314,361,312,267,268,360
314,361,313,268,362,315,269
315,316,270,363,362,314,269
316,315,270,364,317,271,363
317,365,318,364,272,271,316
318,367,366,365,317,272,319
319,367,368,320,318,272,273
320,274,321,369,368,319,273
321,322,370,369,274,320,275
322,370,321,276,323,275,371
323,324,277,371,372,276,322
324,323,277,325,278,372,373
325,324,278,279,326,373,374
326,325,279,280,327,375,374
327,375,376,280,326,281,328
328,281,282,377,376,329,327
329,282,283,377,328,378,330
330,379,378,331,329,283,284
331,284,285,379,380,330,332
332,380,333,286,331,285
333,380,332,334,418,286,287
334,287,288,418,466,333,381,335,419
335,289,336,381,334,288
336,289,335,337,290,381
337,336,290,338,382,291,381
338,291,292,339,382,383,337
339,338,292,293,340,384,383
340,293,339,385,341,294,384
341,386,385,295,342,340,294
342,341,295,296,343,387,386
343,296,297,342,344,387,388
344,389,345,297,343,388,298
345,299,346,298,389,344,390
346,299,345,390,391,347,300
347,301,348,392,391,346,300
348,301,347,392,393,302,257
349,395,394,430,393,302,350
350,351,396,349,302,303,395
351,396,350,352,304,303,397
352,397,398,351,304,353,305
353,352,305,306,398,399,354
354,400,399,307,355,306,353
355,307,354,401,356,400,308
356,309,357,402,401,355,308
357,309,356,402,403,358,310
358,311,359,404,403,357,310
359,311,358,802,757,404,848
360,313,361,405,312,892
361,314,313,362,405,360
362,361,405,315,363,314
363,364,405,315,316,362
364,363,405,317,365,316
365,317,318,364,366,405
366,475,489,318,367,457,436,406,499,365,405,927
367,318,366,406,319,368
368,367,319,406,407,320,369
369,408,407,370,321,320,368
370,322,321,369,408,371,409
371,410,372,323,322,370,409
372,410,371,324,373,411,323
373,372,324,411,412,374,325
374,413,375,412,373,326,325
375,327,376,413,374,414,326
376,375,327,377,328,415,414
377,376,328,329,415,416,378
378,379,330,416,377,329,417
379,331,380,378,330,417,418
380,332,333,379,331,418
381,334,335,336,419,382,337
382,419,383,338,337,381
383,419,382,338,420,339,384
384,339,340,420,383,421,385
385,386,341,422,421,340,384
386,385,341,342,422,423,387
387,424,388,343,342,423,386
388,424,387,389,425,343,344
389,390,426,388,425,344,345
390,389,426,427,391,345,346
391,427,390,347,392,346,428
392,429,428,347,348,391,393
393,430,349,392,429,348,302
394,349,395,431,456,430,432
395,349,394,432,350,433,396
396,397,434,351,350,395,433
397,352,398,396,434,435,351
398,397,352,399,435,353
399,400,435,398,354,353
400,435,399,354,355,401
401,402,356,435,355,400
402,401,356,357,435,403
403,435,402,357,358,404
404,358,403,435,930,359,848,893
405,363,364,927,928,365,366,361,362,360,892,929
406,436,407,367,366,368
407,437,436,369,408,406,368
408,409,438,369,407,370,437
409,438,408,371,410,370,439
410,371,372,440,411,409,439
411,441,440,373,372,412,410
412,442,413,441,374,411,373
413,374,375,414,442,412,443
414,415,444,375,413,443,376
415,445,444,414,376,377,416
416,415,377,446,445,417,378
417,418,446,416,379,378
418,334,466,333,417,446,379,380
419,447,483,382,383,504,334,466,381,420
420,421,447,419,383,384
421,385,422,447,420,384
422,385,421,386,423,447,448
423,422,386,448,424,449,387
424,449,450,387,388,425,423
425,388,389,424,426,451,450
426,389,390,425,451,427,452
427,390,391,428,453,426,452
428,429,392,454,427,453,391
429,430,455,428,392,454,393
430,455,456,429,393,349,394
431,474,456,394,432,498
432,433,498,431,394,395
433,498,432,434,395,396
434,396,397,498,433,435
435,400,399,398,401,402,403,397,434,498,930,404
436,437,407,457,366,406
437,436,407,458,457,438,408
438,409,408,439,458,437,459
439,440,460,459,410,409,438
440,441,461,439,460,411,410
441,461,440,462,442,412,411
442,463,443,412,413,462,441
443,464,463,442,444,414,413
444,415,445,465,464,414,443
445,466,465,415,444,446,416
446,417,418,466,445,416
447,483,419,421,420,422,448,467
448,467,447,423,422,449
449,424,450,467,448,423
450,451,468,467,449,424,425
451,450,468,469,425,426,452
452,470,453,426,427,451,469
453,470,452,427,428,471,454
454,428,429,453,471,472,455
455,430,456,429,472,473,454
456,455,430,474,431,394,473
457,458,437,366,436,475
458,457,437,438,475,476,459
459,460,477,439,476,438,458
460,477,459,439,440,461,478
461,441,440,462,479,460,478
462,479,461,441,480,463,442
463,443,464,442,481,480,462
464,443,463,481,444,465,482
465,466,445,444,464,482
466,465,445,418,334,419,482,503,504,446
467,450,468,448,447,483,449
468,450,451,467,469,483
469,483,484,468,470,451,452
470,485,484,452,453,469,471
471,485,470,486,472,453,454
472,473,487,486,455,471,454
473,474,488,472,487,455,456
474,488,473,456,431,498
475,489,476,366,458,457
476,489,475,477,490,459,458
477,460,459,491,490,476,478
478,492,491,460,461,477,479
479,462,461,480,492,478,493
480,494,481,479,462,493,463
481,494,480,463,464,482
482,494,503,481,464,466,465
483,447,419,469,484,504,468,467,495
484,470,485,483,469,495
485,470,484,471,495,486
486,471,485,495,487,496,472
487,497,496,472,473,486,488
488,474,473,498,497,487
489,475,476,366,499,490
490,500,499,491,477,489,476
491,492,478,501,500,490,477
492,491,478,493,502,479,501
493,502,492,480,479,503,494
494,480,481,482,503,493
495,484,483,485,486,504,496
496,497,487,504,486,495
497,496,487,504,498,488,505
498,433,432,434,474,488,431,497,505,435,930
499,489,366,490,500,506,927
500,501,506,490,499,491
501,500,506,507,491,502,492
502,493,492,503,507,501
503,502,507,493,494,482,466
504,483,419,497,496,466,495,505
505,504,497,498
506,500,501,507,499
507,501,506,502,503
508,514,513,509,1069,1046,1064
509,516,515,508,514,1046,510
510,1046,1091,517,516,509
511,522,521,1019,1020,1040,523
512,7,1085,513,530,29,1064,1086,529
513,514,508,512,530,1064,531
514,513,508,509,515,532,531
515,516,509,534,533,514,532
516,515,509,534,517,535,510
517,536,535,1091,518,510,516
518,537,536,1076,1091,519,517
519,520,538,537,1076,518,1044
520,519,538,521,539,1044,1040
521,520,539,511,522,1040,540
522,511,521,540,541,542,523
523,543,542,522,524,1020,511
524,1020,1021,525,544,543,523
525,1021,524,545,1129,544,1022
526,1123,1124,527,548,547,1070
527,526,548,1070,528,550,549
528,527,1070,550,1121,551
529,552,553,530,29,512
530,512,513,554,553,529,531
531,530,513,532,555,514,554
532,515,514,555,531,556,533
533,534,515,557,556,532,558
534,533,515,516,559,558,535
535,536,517,559,560,516,534
536,518,537,535,517,561,560
537,518,536,519,538,562,561
538,519,520,537,539,562,563
539,520,521,538,540,563,564
540,521,539,522,564,565,541
541,542,567,566,540,522,565
542,541,567,568,523,543,522
543,569,568,523,542,524,544
544,570,569,545,524,543,525
545,570,544,525,1129,571,546
546,572,547,1129,1124,571,545
547,1124,526,548,573,572,546
548,574,573,526,527,547,549
549,576,575,550,574,527,548
550,577,576,549,528,527,551
551,30,1121,528,578,577,550
552,579,82,529,553,29,54
553,530,554,552,529,580,579
554,580,581,530,553,555,531
555,581,554,582,532,531,556
556,582,583,533,557,532,555
557,533,556,583,558,585,584
558,585,586,559,557,534,533
559,560,587,535,586,558,534
560,587,559,535,561,536,588
561,536,537,562,560,589,588
562,563,590,589,537,538,561
563,562,590,539,538,591,564
564,592,591,539,540,563,565
565,592,593,540,564,566,541
566,541,567,595,594,565,593
567,541,542,568,566,595,596
568,569,543,542,567,597,596
569,568,543,544,570,598,597
570,544,569,598,599,545,571
571,600,599,572,570,545,546
572,600,571,601,546,547,573
573,574,548,602,547,572,601
574,573,548,575,603,602,549
575,604,603,549,576,574,605
576,577,550,606,549,575,605
577,576,550,606,607,578,551
578,607,640,577,55,30,551
579,552,82,608,553,580,609
580,554,581,553,610,579,609
581,580,554,555,610,611,582
582,612,583,611,581,556,555
583,584,613,612,582,556,557
584,613,583,615,585,614,557
585,558,586,615,584,616,557
586,585,558,617,587,616,559
587,560,559,588,617,586,618
588,619,618,589,561,560,587
589,620,619,562,590,561,588
590,562,563,589,621,620,591
591,621,622,564,592,563,590
592,564,591,565,593,623,622
593,592,565,623,624,594,566
594,566,595,624,625,593,626
595,627,626,596,566,594,567
596,595,627,567,568,597,628
597,598,569,629,568,596,628
598,570,599,597,569,630,629
599,571,600,598,570,631,630
600,571,599,631,572,601,632
601,633,632,600,572,573,602
602,573,574,603,634,601,633
603,575,604,574,634,602,635
604,575,603,636,635,605,637
605,576,606,604,637,575,638
606,576,577,605,607,638,639
607,640,639,578,577,606
608,609,642,112,82,579,146,641
609,642,608,579,580,643,610
610,580,581,611,644,643,609
611,581,582,610,644,645,612
612,582,583,645,646,611,613
613,584,583,612,646,614,647
614,649,615,648,584,647,613
615,649,614,650,584,585,616
616,617,651,650,586,615,585
617,651,616,586,587,618,652
618,588,619,587,652,617,653
619,654,653,588,618,620,589
620,619,589,654,655,590,621
621,591,622,590,620,656,655
622,657,623,621,591,656,592
623,657,622,592,593,624,658
624,658,659,593,623,625,594
625,626,661,659,624,594,660
626,625,661,595,627,662,594
627,595,626,596,628,663,662
628,629,664,597,596,627,663
629,665,630,664,597,598,628
630,665,629,598,599,666,631
631,599,600,667,666,630,632
632,601,633,668,667,600,631
633,601,632,669,668,634,602
634,603,602,669,633,670,635
635,604,636,670,634,603,671
636,604,635,637,673,671,672
637,673,636,604,605,674,638
638,639,675,674,637,605,606
639,640,607,675,638,676,606
640,55,83,639,607,578,113,676
641,183,146,677,642,608
642,609,608,677,641,643,678
643,644,610,609,642,679,678
644,645,680,643,610,611,679
645,680,644,646,681,611,612
646,645,681,682,612,647,613
647,683,682,646,614,648,613
648,649,614,685,684,647,683
649,685,686,614,615,648,650
650,649,615,651,616,686,687
651,688,687,617,616,650,652
652,653,689,688,651,618,617
653,690,654,619,652,689,618
654,690,653,619,620,655,691
655,692,691,654,620,621,656
656,657,693,621,655,692,622
657,656,693,622,623,694,658
658,659,695,694,657,624,623
659,695,658,696,660,624,625
660,696,659,698,697,661,625
661,625,626,698,660,662,699
662,663,700,699,661,627,626
663,700,662,664,701,628,627
664,663,701,702,629,665,628
665,702,703,629,630,666,664
666,704,703,667,631,665,630
667,666,631,704,632,668,705
668,669,633,632,667,705,706
669,668,633,634,706,707,670
670,671,708,634,635,669,707
671,672,709,670,708,636,635
672,671,709,673,711,710,636
673,674,712,672,711,637,636
674,713,712,673,637,638,675
675,639,638,676,714,674,713
676,113,147,714,675,184,640,639
677,641,642,715,716,183,678
678,717,716,643,679,677,642
679,680,718,643,644,678,717
680,645,644,718,679,719,681
681,645,646,680,719,682,720
682,683,721,647,646,681,720
683,682,721,647,722,684,648
684,722,723,685,648,683,724
685,649,686,684,648,725,724
686,685,649,650,687,726,725
687,688,651,727,726,686,650
688,687,651,728,727,652,689
689,652,653,729,728,688,690
690,653,654,729,689,691,730
691,692,655,690,654,730,731
692,691,655,732,731,656,693
693,656,657,694,692,732,733
694,657,658,693,695,734,733
695,659,658,734,735,696,694
696,659,660,735,695,736,697
697,737,736,698,660,738,696
698,697,660,738,661,739,699
699,662,700,740,739,698,661
700,663,662,699,741,740,701
701,663,664,742,741,702,700
702,665,703,701,664,742,743
703,702,665,666,704,744,743
704,666,703,744,705,745,667
705,746,745,704,668,667,706
706,747,746,668,669,707,705
707,669,706,748,747,708,670
708,670,671,749,748,707,709
709,671,672,749,750,710,708
710,751,750,711,752,709,672
711,752,753,672,673,710,712
712,674,713,754,753,673,711
713,674,712,754,755,714,675
714,184,756,676,675,755,713
715,758,757,223,183,266,677,716
716,717,678,715,677,758,759
717,718,760,716,678,759,679
718,717,760,761,680,679,719
719,762,761,720,718,680,681
720,719,762,763,721,682,681
721,722,764,682,683,720,763
722,764,721,684,723,765,683
723,767,724,722,684,766,765
724,767,723,768,725,685,684
725,768,724,769,726,686,685
726,727,687,725,686,769,770
727,688,728,726,687,771,770
728,688,727,771,772,729,689
729,773,772,730,728,689,690
730,773,774,729,691,690,731
731,774,775,692,732,730,691
732,692,731,775,733,776,693
733,734,777,776,732,693,694
734,735,778,695,777,733,694
735,778,734,695,779,736,696
736,737,697,780,779,735,696
737,736,697,781,780,738,782
738,698,697,782,737,739,783
739,740,699,738,698,784,783
740,739,699,785,741,700,784
741,785,740,700,742,786,701
742,786,741,701,787,743,702
743,787,742,788,744,703,702
744,704,703,789,745,788,743
745,746,705,704,789,744,790
746,706,747,745,705,791,790
747,791,792,706,746,707,748
748,708,749,707,747,793,792
749,708,748,709,750,794,793
750,751,710,749,709,794,795
751,796,795,752,797,750,710
752,753,798,711,797,751,710
753,752,798,711,754,712,799
754,753,712,713,755,800,799
755,713,754,801,756,714,800
756,714,184,801,755,224
757,715,758,802,359,266,311
758,715,757,802,803,759,716
759,758,803,804,760,716,717
760,717,718,761,805,804,759
761,719,762,760,718,806,805
762,719,761,720,763,806,807
763,720,762,807,808,764,721
764,722,721,809,808,765,763
765,764,722,810,809,723,766
766,723,767,765,810,811,812
767,723,724,812,813,766,768
768,724,725,769,814,767,813
769,768,725,814,815,726,770
770,771,727,769,726,815,816
771,770,727,817,816,772,728
772,773,729,818,817,771,728
773,772,729,774,819,730,818
774,819,773,731,775,820,730
775,774,731,820,776,821,732
776,821,775,733,732,777,822
777,823,822,734,733,778,776
778,735,734,823,777,779,824
779,780,736,735,778,824,825
780,779,736,825,826,781,737
781,780,737,782,827,826
782,781,827,738,737,783,828
783,739,784,738,782,828,829
784,785,830,740,739,783,829
785,740,741,830,784,786,831
786,742,741,831,785,787,832
787,833,832,786,742,743,788
788,833,787,789,834,743,744
789,788,834,744,745,790,835
790,746,791,745,789,835,836
791,747,792,837,746,790,836
792,791,747,837,793,748,838
793,838,839,794,749,748,792
794,840,839,793,749,750,795
795,796,751,794,750,841,840
796,795,751,797,843,842,841
797,752,751,843,796,844,798
798,752,753,845,799,844,797
799,846,800,845,798,754,753
800,846,799,754,755,847,801
801,224,267,312,755,756,847,800
802,359,757,758,803,849,848
803,802,758,849,759,850,804
804,851,850,805,760,803,759
805,852,851,804,760,806,761
806,852,805,761,807,853,762
807,853,806,854,763,762,808
808,809,764,854,855,807,763
809,808,764,810,765,855,856
810,856,857,809,765,766,811
811,859,812,858,810,766,857
812,767,813,859,811,860,766
813,812,767,860,768,861,814
814,861,862,769,815,768,813
815,816,863,862,814,769,770
816,863,815,817,864,770,771
817,772,818,865,864,816,771
818,772,817,865,866,819,773
819,774,773,867,820,866,818
820,868,821,775,774,867,819
821,869,868,820,776,775,822
822,823,777,821,869,776,870
823,822,777,871,870,778,824
824,778,779,823,871,825
825,780,826,871,779,824
826,913,962,825,780,871,912,781,827
827,781,782,872,913,828,826
828,782,827,783,829,872
829,873,830,784,828,872,783
830,874,873,785,784,831,829
831,875,874,830,786,785,832
832,876,875,787,833,831,786
833,877,876,787,832,788,834
834,835,878,877,788,789,833
835,834,878,879,836,789,790
836,879,880,835,837,791,790
837,791,792,881,880,838,836
838,793,839,882,881,837,792
839,838,793,840,794,882,883
840,839,794,884,883,795,841
841,842,796,795,840,885,884
842,886,885,841,796,843,887
843,888,887,844,797,796,842
844,889,845,888,843,798,797
845,890,846,889,844,798,799
846,799,800,891,847,890,845
847,891,846,892,312,801,800
848,359,404,802,849,893
849,850,893,802,803,848
850,804,851,893,849,803
851,804,850,852,805,893
852,851,805,806,853,893,894
853,807,806,852,854,894,895
854,853,807,808,855,895,896
855,854,808,897,856,896,809
856,810,857,898,897,855,809
857,856,810,898,858,899,811
858,859,811,899,857,901,900
859,811,812,858,860,902,901
860,903,861,813,812,859,902
861,814,862,903,860,904,813
862,861,814,863,815,904,905
863,816,815,862,906,864,905
864,817,816,906,863,865,907
865,817,818,864,866,908,907
866,908,909,865,818,867,819
867,909,910,868,820,866,819
868,869,821,911,910,820,867
869,868,821,912,870,911,822
870,871,823,912,869,822
871,870,823,912,825,826,824
872,827,913,828,829,873
873,874,830,829,913,914,872
874,831,875,873,830,915,914
875,831,874,916,915,832,876
876,917,877,833,832,875,916
877,917,876,833,834,878,918
878,834,835,877,918,919,879
879,836,880,835,920,878,919
880,881,921,879,836,920,837
881,880,921,837,838,882,922
882,839,838,923,922,883,881
883,840,884,839,924,882,923
884,885,925,924,840,883,841
885,884,925,926,842,886,841
886,926,927,842,885,887
887,843,888,927,886,842
888,843,887,844,927,889
889,844,845,927,890,888
890,845,846,891,928,927,889
891,846,847,892,890,928,929
892,891,847,312,405,360,929
893,850,849,851,852,848,404,930,894
894,930,895,893,852,853
895,930,894,896,853,854
896,930,895,897,854,855
897,930,896,856,898,855
898,930,899,856,897,857
899,930,898,858,857,900
900,931,930,932,901,899,858
901,932,900,858,859,902,933
902,933,934,903,859,860,901
903,860,861,904,935,934,902
904,935,903,861,862,936,905
905,904,862,936,937,906,863
906,937,905,938,863,864,907
907,906,864,938,908,939,865
908,939,940,866,909,907,865
909,941,940,867,910,908,866
910,911,868,909,867,941
911,941,912,910,868,869
912,941,911,962,996,870,871,869,978,826
913,826,962,942,827,872,873,914
914,913,873,942,915,874
915,916,875,942,943,914,874
916,915,875,944,943,876,917
917,876,877,918,944,916,945
918,877,878,919,917,946,945
919,918,878,947,920,879,946
920,947,948,880,921,879,919
921,880,881,920,948,949,922
922,882,923,949,950,921,881
923,882,922,924,951,950,883
924,884,925,923,951,952,883
925,884,885,926,953,952,924
926,925,885,886,927,953
927,928,405,926,886,366,499,890,889,953,972,888,887
928,927,405,891,890,929
929,405,892,928,891
930,898,899,931,900,987,498,435,404,893,894,895,896,897
931,932,954,930,900,987
932,931,954,900,901,933,955
933,955,956,934,902,932,901
934,956,957,935,933,902,903
935,934,957,904,903,958,936
936,935,904,905,958,937,959
937,960,938,959,905,906,936
938,939,961,960,937,906,907
939,908,940,938,961,907
940,941,909,961,939,908
941,940,909,911,912,961,978,910
942,913,962,943,915,914
943,944,916,942,962,963,915
944,943,916,963,917,945,964
945,965,946,918,917,944,964
946,965,945,966,918,947,919
947,920,948,919,967,966,946
948,947,920,968,949,921,967
949,968,948,950,969,921,922
950,923,951,970,949,969,922
951,923,924,950,970,952,971
952,953,972,925,971,924,951
953,952,972,925,927,926
954,931,932,987,955,973
955,933,956,932,974,954,973
956,955,933,934,957,975,974
957,956,934,935,976,975,958
958,977,959,957,935,976,936
959,977,958,960,937,978,936
960,937,938,959,978,961
961,941,940,938,939,960,978
962,826,913,912,996,942,943,963,979,997
963,943,944,964,979,962
964,980,965,944,945,963,979
965,945,946,981,966,980,964
966,981,965,946,947,967,982
967,983,982,968,948,947,966
968,983,967,948,949,969,984
969,949,950,970,968,985,984
970,986,985,950,951,971,969
971,952,972,970,986,951
972,952,953,1004,1005,927,971,995,986,1001
973,954,987,955,974
974,955,956,975,973,987,988
975,976,957,956,974,989,988
976,975,957,958,977,989
977,958,959,976,978,989
978,989,977,959,912,941,996,960,961
979,963,964,962,997,990,980
980,964,965,981,990,979
981,965,966,980,982,991,990
982,983,967,992,966,981,991
983,982,967,968,993,992,984
984,969,985,968,983,993,994
985,986,970,995,969,984,994
986,985,970,995,972,971
987,930,931,954,973,974,988,996
988,989,975,987,974,996
989,988,975,976,978,977,996
990,997,991,981,979,980
991,997,990,981,982,998,992
992,993,983,982,998,999,991
993,992,983,1000,999,984,994
994,1001,1000,993,984,985,995
995,986,972,985,994,1001
996,912,962,987,988,989,978
997,990,991,962,979,998,1002
998,1002,999,997,991,992
999,1002,998,1000,993,1003,992
1000,999,993,994,1001,1003,1004
1001,994,1000,995,972,1004
1002,998,999,1003,1005,997
1003,1002,999,1000,1004,1005
1004,972,1005,1003,1000,1001
1005,1004,972,1003,1002
1006,1012,1014,1015,1013,1007,1017
1007,1016,1023,1006,1012,1013,1019
1008,1010,1025,1068,1034,1011,1009
1009,1011,1024,1035,1073,1008,1034
1010,1018,1011,1008,1025,1026,1027
1011,1024,1009,1018,1010,1008,1028
1012,1014,1029,1016,1030,1006,1007
1013,1006,1015,1020,1019,1007,1021
1014,1012,1029,1036,1017,1037,1006
1015,1032,1017,1006,1013,1021,1022
1016,1007,1023,1012,1030,1041,1038
1017,1036,1014,1039,1032,1015,1006
1018,1011,1010,1028,1043,1042,1026
1019,1023,1040,1020,511,1013,1007
1020,1019,511,1021,524,1013,523
1021,1020,524,525,1015,1013,1022
1022,1032,1071,1015,1129,1021,525
1023,1040,1044,1016,1007,1038,1019
1024,1011,1009,1048,1035,1028,1047
1025,1010,1008,1068,1027,1060,1053
1026,1049,1045,1042,1018,1010,1027
1027,1062,1045,1010,1025,1026,1060
1028,1050,1047,1011,1024,1018,1043
1029,1014,1012,1037,1051,1053,1030
1030,1052,1051,1012,1016,1041,1029
1031,1054,1120,1033,1085,7,6
1032,1017,1039,1015,1072,1071,1022
1033,1054,1031,5,1127,6,1055
1034,1068,1008,1009,1073,1067,1077
1035,1024,1048,1009,1073,1058,1063
1036,1017,1014,1037,1039,1066,1067
1037,1014,1029,1036,1053,1068,1067
1038,1044,1076,1075,1041,1016,1023
1039,1074,1072,1017,1032,1066,1036
1040,1044,1023,1019,520,521,511
1041,1078,1052,1075,1038,1016,1030
1042,1079,1043,1018,1026,1049,1081
1043,1050,1080,1042,1079,1018,1028
1044,1040,1023,1076,1038,520,519
1045,1049,1026,1062,1027,1094,1093
1046,1069,508,510,1091,1090,509
1047,1050,1103,1104,1048,1028,1024
1048,1024,1035,1104,1105,1047,1063
1049,1026,1045,1042,1081,1097,1094
1050,1103,1047,1108,1080,1043,1028
1051,1052,1030,1061,1053,1029,1060
1052,1051,1030,1078,1041,1061,1088
1053,1051,1029,1060,1025,1068,1037
1054,1120,1031,1033,1055,1096,1095
1055,1127,1065,1054,1033,1096,1098
1056,1101,1057,1109,1128,19,20
1057,1056,1101,1100,1059,21,20
1058,1035,1073,1116,1117,1063,1118
1059,1100,1057,1102,22,1099,21
1060,1061,1062,1027,1025,1053,1051
1061,1062,1060,1106,1052,1051,1088
1062,1061,1060,1045,1027,1106,1093
1063,1116,1115,1105,1048,1035,1058
1064,1087,1086,1069,508,513,512
1065,1102,1,1127,1055,1098
1066,1074,1039,1036,1067,1077,1119
1067,1068,1034,1037,1066,1036,1077
1068,1008,1034,1025,1053,1037,1067
1069,1046,508,1087,1089,1064,1090
1070,527,528,1122,1123,526,1121
1071,1124,1072,1032,1022,1129
1072,1039,1074,1124,1071,1123,1032
1073,1009,1035,1118,1077,1058,1034
1074,1039,1072,1066,1122,1123,1119
1075,1090,1078,1041,1038,1091,1076
1076,1044,1038,518,1091,1075,519
1077,1073,1118,1067,1066,1034,1119
1078,1090,1089,1052,1041,1075,1088
1079,1101,1080,1100,1042,1043,1081
1080,1079,1101,1050,1108,1043,1109
1081,1099,1100,1097,1079,1042,1049
1082,1086,1085,1107,1092,1120,1087
1083,9,8,1125,1084,1117,1116
1084,10,9,11,1083,1116,1115
1085,1086,1082,512,7,1031,1120
1086,1085,1082,1087,1064,512
1087,1064,1086,1069,1089,1107,1082
1088,1107,1106,1061,1078,1052,1089
1089,1090,1078,1069,1087,1107,1088
1090,1089,1078,1075,1091,1046,1069
1091,1076,518,510,1046,1090,1075,517
1092,1107,1082,1120,1095,1093,1106
1093,1094,1095,1092,1045,1062,1106
1094,1095,1096,1097,1093,1049,1045
1095,1092,1120,1094,1096,1054,1093
1096,1097,1098,1094,1095,1054,1055
1097,1096,1098,1099,1081,1094,1049
1098,1097,1096,1102,1099,1065,1055
1099,1081,1100,1102,1098,1097,1059
1100,1059,1057,1081,1099,1101,1079
1101,1056,1057,1079,1080,1100,1109
1102,23,22,1065,1,1099,1098,1059
1103,1050,1047,1104,1108,1112,1111
1104,1047,1103,1112,1048,1105,1113
1105,1113,1114,1115,1048,1104,1063
1106,1061,1062,1093,1107,1092,1088
1107,1082,1092,1087,1106,1088,1089
1108,1050,1103,1080,1110,1111,1109
1109,1101,1056,1080,1108,1128,1110
1110,1108,1111,2,16,1128,1109
1111,1108,1110,1103,15,16,1112
1112,14,1113,1104,1103,15,1111
1113,1112,14,1114,1105,12,13,1104
1114,12,11,1113,1105,1115
1115,1105,1114,11,1084,1116,1063
1116,1084,1083,1117,1115,1063,1058
1117,1083,1125,1116,1058,1118,1126
1118,1073,1077,1058,1117,1126,1119
1119,1077,1118,1066,1126,1122,1074
1120,1054,1031,1092,1095,1082,1085
1121,30,551,1126,1125,1122,528,1070
1122,1123,1074,1070,1119,1126,1121
1123,526,1124,1072,1122,1074,1070
1124,1071,1072,1123,526,1129,547,546
1125,8,30,1083,1117,1126,1121
1126,1118,1117,1125,1121,1119,1122
1127,1065,1055,5,1033,1,4
1128,1056,1109,18,2,19,1110
1129,545,525,1071,1124,1022,546
