1,11,1344,38,12,13,2
2,1267,1344,3,14,1,13
3,1345,15,1263,1267,14,2
4,5,20,1327,1282,19,1281
5,4,20,21,22,6,1281
6,23,22,1281,1280,5,1346
7,29,28,8,1347,1294,1339
8,7,29,1339,9,31,30
9,1339,8,31,32,1338,10
10,1338,1337,1348,33,9,32
11,1,1344,38,1340,1324,37
12,13,40,39,68,1,38
13,40,12,14,41,1,2
14,41,13,15,42,3,2
15,43,42,16,1345,14,3
16,17,1227,15,43,1345,44
17,16,1227,1328,44,622,583
18,19,46,45,1327,1326
19,18,46,4,20,47,1327
20,4,5,21,19,48,47
21,50,49,20,5,22,48
22,6,23,50,21,51,5
23,1346,24,52,6,22,51
24,1346,23,52,53,25,1333
25,1332,1333,54,53,26,24
26,1331,27,25,1332,54,55
27,1347,28,26,1331,56,55
28,1347,27,56,29,7,57
29,28,7,8,58,57,30
30,58,59,60,29,31,8
31,61,60,9,8,30,32
32,31,9,33,62,61,10
33,34,63,1348,32,62,10
34,33,63,1348,1322,35,64
35,34,1322,1323,36,65,64
36,66,37,65,35,1323,1324
37,66,36,67,38,11,1324
38,11,1,12,68,67,37
39,69,101,12,68,40,70
40,71,70,13,12,39,41
41,72,42,71,40,14,13
42,72,41,73,15,43,14
43,74,73,15,42,16,44
44,17,622,74,43,16,75
45,46,76,683,651,18,1326
46,18,19,45,76,47,77
47,78,77,46,48,20,19
48,79,78,49,47,21,20
49,80,79,50,21,81,48
50,49,21,82,81,22,51
51,82,83,52,23,22,50
52,23,24,83,51,53,84
53,25,54,85,84,24,52
54,25,53,85,86,55,26
55,87,86,54,26,27,56
56,27,28,57,87,55,88
57,29,58,56,28,89,88
58,30,59,90,89,29,57
59,58,30,60,92,91,90
60,59,30,31,61,93,92
61,94,93,31,60,62,32
62,95,94,61,63,32,33
63,33,34,95,62,96,64
64,96,63,35,65,97,34
65,98,97,36,35,64,66
66,36,37,98,99,67,65
67,100,68,37,38,99,66
68,100,101,12,39,38,67
69,101,39,102,138,103,70
70,71,40,103,104,39,69
71,70,40,41,104,105,72
72,41,42,73,105,71,106
73,107,106,74,43,72,42
74,73,43,108,75,107,44
75,622,109,108,74,44
76,45,46,77,111,110,683
77,47,78,76,111,46,112
78,47,77,112,113,79,48
79,80,49,114,113,78,48
80,79,49,115,114,81,116
81,80,116,50,82,117,49
82,118,117,50,81,51,83
83,84,119,82,51,118,52
84,119,83,53,85,120,52
85,121,120,54,86,53,84
86,55,87,85,54,121,122
87,122,123,55,86,56,88
88,124,123,87,56,89,57
89,58,90,125,57,124,88
90,58,89,125,126,91,59
91,92,59,90,126,127,128
92,91,59,129,128,93,60
93,61,94,92,60,129,130
94,61,93,131,130,62,95
95,96,132,62,94,131,63
96,95,132,133,97,63,64
97,65,98,133,96,134,64
98,65,97,135,134,99,66
99,136,100,98,135,67,66
100,68,101,136,137,99,67
101,137,138,69,39,100,68
102,138,69,103,177,139,140
103,141,140,70,104,102,69
104,103,70,71,141,142,105
105,143,142,106,104,71,72
106,73,107,143,105,144,72
107,73,106,145,144,74,108
108,74,75,146,145,109,107
109,622,75,652,146,108,719,684
110,111,76,147,683,718,757
111,148,112,76,77,110,147
112,148,111,78,77,113,149
113,150,149,114,112,78,79
114,115,151,80,150,113,79
115,151,114,80,153,116,152
116,153,154,117,115,80,81
117,116,154,82,118,81,155
118,82,117,119,156,155,83
119,157,156,120,84,83,118
120,119,157,158,85,121,84
121,85,120,86,122,158,159
122,87,123,121,86,159,160
123,122,87,124,88,161,160
124,123,88,162,125,161,89
125,89,90,126,163,162,124
126,125,90,163,91,127,164
127,164,165,126,91,166,128
128,127,91,166,129,92,167
129,168,167,128,92,130,93
130,94,131,168,129,169,93
131,170,169,94,130,132,95
132,95,96,133,171,170,131
133,132,96,171,97,134,172
134,172,133,135,173,97,98
135,136,174,173,134,98,99
136,135,174,100,137,99,175
137,101,138,176,136,100,175
138,137,101,102,69,176,177
139,178,220,177,102,140,179
140,141,103,179,139,180,102
141,181,180,140,103,104,142
142,105,143,182,181,104,141
143,105,142,106,182,183,144
144,184,145,183,107,106,143
145,184,144,146,185,108,107
146,185,145,108,109,719,186
147,187,757,188,148,111,110
148,111,112,149,189,188,147
149,150,190,113,189,148,112
150,149,190,113,114,151,191
151,115,114,192,191,150,152
152,194,153,193,192,115,151
153,116,154,194,152,115,195
154,153,116,196,155,117,195
155,156,197,196,154,117,118
156,119,157,155,197,198,118
157,199,158,119,156,198,120
158,199,157,200,120,159,121
159,201,200,122,160,158,121
160,201,202,159,122,123,161
161,203,162,124,123,160,202
162,203,161,124,125,204,163
163,125,126,205,204,164,162
164,127,165,205,163,206,126
165,164,127,207,206,208,166
166,167,209,208,165,127,128
167,209,166,210,168,129,128
168,211,169,167,129,130,210
169,170,212,131,211,168,130
170,212,169,131,213,132,171
171,133,132,170,213,214,172
172,215,173,214,171,134,133
173,216,215,172,135,134,174
174,135,136,216,173,217,175
175,137,176,174,136,217,218
176,138,137,218,219,175,177
177,102,139,138,176,220,219
178,139,220,221,265,179,222
179,180,223,222,140,139,178
180,181,141,179,223,224,140
181,180,141,182,225,224,142
182,225,181,142,226,143,183
183,184,144,227,226,143,182
184,228,185,144,145,183,227
185,228,184,146,145,186,229
186,229,185,799,719,146,758
187,188,230,147,757,798,843
188,230,187,189,231,147,148
189,231,188,232,190,149,148
190,233,232,191,149,150,189
191,192,234,233,190,151,150
192,234,191,151,193,152,235
193,152,194,236,237,192,235
194,152,153,193,238,237,195
195,239,238,154,196,153,194
196,155,197,154,195,239,240
197,155,156,240,241,196,198
198,156,157,197,199,242,241
199,243,242,157,158,200,198
200,199,158,159,201,244,243
201,160,202,159,200,244,245
202,201,160,161,203,246,245
203,161,162,204,202,247,246
204,247,248,205,163,162,203
205,204,163,249,248,164,206
206,250,249,165,207,164,205
207,251,250,165,206,252,208
208,209,253,252,166,207,165
209,208,253,167,166,254,210
210,254,209,167,168,255,211
211,256,255,212,168,169,210
212,170,169,213,256,211,257
213,212,170,257,214,258,171
214,258,213,259,215,171,172
215,173,216,259,260,172,214
216,173,215,174,261,260,217
217,174,216,261,175,262,218
218,263,219,176,217,175,262
219,263,218,264,220,176,177
220,264,219,139,178,265,177
221,267,266,313,265,178,222
222,179,223,178,268,267,221
223,179,180,222,224,269,268
224,180,223,181,270,225,269
225,182,181,271,270,224,226
226,272,271,182,225,227,183
227,228,273,272,184,226,183
228,184,185,273,227,274,229
229,186,185,799,274,228,275
230,276,942,188,187,891,843,231
231,276,277,189,188,232,230
232,190,233,277,278,189,231
233,190,232,278,279,191,234
234,280,279,192,191,233,235
235,281,236,280,234,193,192
236,193,237,283,282,281,235
237,284,283,238,194,236,193
238,237,194,195,239,285,284
239,240,286,195,238,285,196
240,197,241,239,286,287,196
241,240,197,288,287,242,198
242,243,199,288,241,289,198
243,242,199,244,200,289,290
244,200,201,243,291,290,245
245,292,246,244,291,202,201
246,292,245,293,247,202,203
247,204,248,293,246,203,294
248,247,204,295,294,205,249
249,250,296,205,248,206,295
250,296,249,207,251,206,297
251,207,250,299,298,252,297
252,208,253,300,299,251,207
253,208,209,252,254,301,300
254,253,209,301,302,210,255
255,256,303,211,302,254,210
256,255,303,211,212,304,257
257,258,305,213,212,304,256
258,257,305,214,213,306,259
259,215,260,306,258,307,214
260,308,261,259,215,216,307
261,308,260,309,216,217,262
262,217,261,309,310,263,218
263,218,219,264,310,311,262
264,219,263,220,265,312,311
265,312,264,221,178,313,220
266,267,221,364,314,313,315
267,316,315,266,221,268,222
268,269,317,267,316,222,223
269,268,317,223,224,318,270
270,271,225,224,319,318,269
271,270,225,226,272,320,319
272,320,321,226,271,273,227
273,322,321,228,227,272,274
274,275,323,228,229,273,322
275,323,844,274,229,799
276,942,230,325,324,231,277
277,278,326,232,276,231,325
278,279,327,277,326,233,232
279,278,327,280,234,233,328
280,279,234,281,235,329,328
281,330,282,236,329,235,280
282,331,330,281,332,283,236
283,284,237,333,332,282,236
284,283,237,333,334,285,238
285,335,334,286,284,239,238
286,336,287,239,240,335,285
287,336,337,288,286,241,240
288,289,338,337,287,241,242
289,338,288,339,242,243,290
290,291,340,244,339,289,243
291,341,340,290,244,245,292
292,245,246,293,342,341,291
293,292,342,246,247,343,294
294,295,344,248,343,293,247
295,344,294,248,345,296,249
296,250,249,297,346,345,295
297,347,346,296,250,298,251
298,348,347,299,251,297,349
299,252,300,298,251,350,349
300,350,351,252,299,301,253
301,300,253,254,352,351,302
302,255,303,352,353,301,254
303,255,256,353,354,302,304
304,303,256,257,354,355,305
305,257,258,355,356,306,304
306,356,305,258,259,307,357
307,306,259,358,308,260,357
308,260,261,309,359,358,307
309,308,261,359,360,310,262
310,263,311,360,361,309,262
311,310,263,312,362,264,361
312,265,264,363,313,311,362
313,363,312,266,364,221,265
314,315,366,364,266,365,414
315,316,267,366,314,367,266
316,315,267,368,317,268,367
317,368,316,268,269,369,318
318,317,269,369,370,319,270
319,371,370,318,270,320,271
320,372,371,272,321,319,271
321,322,273,320,272,373,372
322,321,273,373,374,323,274
323,275,844,274,322,374,375
324,325,276,992,942,376
325,324,276,376,377,326,277
326,277,278,327,378,377,325
327,278,279,378,379,328,326
328,380,329,379,327,280,279
329,380,328,330,281,381,280
330,282,331,281,329,382,381
331,282,330,383,384,332,382
332,283,333,384,385,331,282
333,385,386,334,283,332,284
334,333,386,387,335,285,284
335,388,387,336,334,285,286
336,287,337,335,388,286,389
337,338,390,336,287,288,389
338,337,390,289,288,391,339
339,289,338,391,392,340,290
340,291,341,290,392,339,393
341,394,393,291,340,342,292
342,343,395,394,341,292,293
343,395,342,396,294,344,293
344,295,294,345,397,396,343
345,397,344,398,295,346,296
346,398,399,297,347,296,345
347,399,348,297,346,298
348,563,510,486,399,347,349,400,298,451
349,350,400,348,299,298
350,349,400,300,351,299
351,350,300,401,352,400,301
352,401,351,402,353,302,301
353,303,354,403,402,352,302
354,353,303,404,403,304,355
355,305,356,404,354,304,405
356,405,406,355,305,306,357
357,358,407,406,356,307,306
358,407,408,357,307,308,359
359,309,308,358,408,409,360
360,361,410,310,359,309,409
361,410,360,310,411,362,311
362,311,312,412,363,411,361
363,412,413,312,313,364,362
364,266,314,414,413,313,363
365,416,366,314,464,415,414
366,315,314,416,365,417,367
367,368,418,366,315,417,316
368,316,317,367,418,369,419
369,420,419,368,317,318,370
370,371,319,369,318,420,421
371,372,320,370,319,422,421
372,371,320,321,373,422,423
373,322,374,321,372,424,423
374,373,322,375,425,424,323
375,892,943,425,374,844,323,426
376,377,428,324,325,992,427
377,428,376,378,429,325,326
378,327,379,430,377,429,326
379,328,380,378,327,431,430
380,328,329,379,381,432,431
381,382,330,433,432,380,329
382,383,434,331,381,330,433
383,435,436,434,382,384,331
384,436,383,385,437,331,332
385,333,386,438,437,384,332
386,385,333,334,439,387,438
387,388,335,439,386,334,440
388,387,335,336,441,440,389
389,390,442,441,337,336,388
390,337,338,391,443,389,442
391,338,390,443,444,339,392
392,393,445,339,340,391,444
393,341,394,445,446,392,340
394,341,393,447,446,342,395
395,343,342,396,394,447,448
396,395,343,344,397,448,449
397,345,344,396,398,450,449
398,346,399,345,397,450
399,398,346,347,348,510,450
400,349,350,348,451,401,351
401,451,400,351,352,402
402,451,452,401,403,352,353
403,453,404,354,353,402,452
404,405,454,453,403,354,355
405,404,454,455,356,406,355
406,407,456,405,356,455,357
407,456,406,457,358,408,357
408,407,358,409,458,457,359
409,458,408,410,459,359,360
410,459,409,361,360,460,411
411,412,461,410,460,361,362
412,461,462,363,413,411,362
413,463,462,412,363,414,364
414,413,463,364,464,365,314
415,416,466,498,464,465,365
416,417,467,415,466,365,366
417,418,468,467,416,366,367
418,417,468,367,368,469,419
419,469,418,369,420,368,470
420,369,419,470,471,421,370
421,422,371,420,471,472,370
422,421,371,372,423,472
423,424,472,422,372,373
424,472,423,373,374,425
425,375,374,424,472,426
426,993,472,425,375,943
427,992,376,428,1074,1040
428,429,1074,377,376,427
429,428,1074,430,377,378
430,429,1074,379,431,378
431,380,432,379,430,1074
432,381,433,380,431,1074
433,382,381,434,432,1074
434,383,382,435,1073,433,1074
435,383,436,581,577,434,473,569,557,541,522,499,1072,1073
436,435,383,473,384,437
437,385,438,384,474,473,436
438,385,437,439,475,386,474
439,438,475,386,387,440,476
440,477,476,441,388,439,387
441,478,477,442,440,388,389
442,389,390,478,441,479,443
443,390,391,444,480,442,479
444,443,391,481,480,445,392
445,393,446,392,482,481,444
446,445,393,483,482,394,447
447,484,483,394,446,448,395
448,484,447,396,395,485,449
449,485,448,396,450,397
450,510,485,399,449,397,398
451,402,452,400,401,486,348
452,453,486,451,402,403
453,403,404,486,452,487,454
454,404,405,455,487,488,453
455,454,405,406,456,489,488
456,407,406,457,490,455,489
457,458,491,456,407,490,408
458,457,491,409,408,459,492
459,410,409,458,492,460,493
460,461,494,459,410,493,411
461,494,460,412,462,495,411
462,463,496,413,461,412,495
463,464,497,462,496,413,414
464,497,463,498,415,365,414
465,521,556,498,415,466
466,467,556,415,416,465
467,466,556,417,416,468
468,469,556,417,418,467
469,468,556,470,418,419
470,556,469,419,471,420
471,556,470,420,472,421
472,424,423,993,426,556,471,421,1041,422,425
473,435,436,437,474,499
474,499,500,475,437,438,473
475,438,439,476,501,500,474
476,440,477,501,475,502,439
477,478,441,440,476,503,502
478,477,441,442,479,504,503
479,480,505,504,478,442,443
480,481,506,505,479,444,443
481,507,506,482,445,480,444
482,508,507,481,446,483,445
483,447,484,509,508,446,482
484,510,509,447,483,448,485
485,510,450,484,448,449
486,563,348,453,452,487,451,549,511,532
487,486,453,454,488,511
488,489,511,487,454,455
489,511,488,512,490,455,456
490,512,489,456,457,513,491
491,457,458,514,513,490,492
492,514,515,458,459,491,493
493,494,516,460,459,515,492
494,495,517,461,460,516,493
495,517,494,496,518,462,461
496,462,463,497,519,518,495
497,464,463,519,496,520,498
498,520,497,464,521,465,415
499,474,500,522,435,473
500,523,522,501,499,474,475
501,476,475,500,523,502,524
502,525,524,476,501,503,477
503,504,526,525,478,477,502
504,526,503,527,479,478,505
505,506,528,480,479,527,504
506,481,507,528,529,505,480
507,482,508,481,506,530,529
508,482,507,531,509,530,483
509,531,508,510,484,483
510,509,484,563,348,531,399,485,450
511,489,488,486,487,532,512
512,489,490,513,532,511
513,532,512,491,514,490,533
514,492,515,491,513,533,534
515,514,492,535,534,493,516
516,494,493,535,536,515,517
517,495,494,537,518,516,536
518,537,517,519,538,496,495
519,497,496,518,538,539,520
520,540,539,497,498,519,521
521,465,556,540,520,498
522,500,523,541,435,499
523,541,542,524,500,522,501
524,525,543,502,523,542,501
525,544,543,526,503,524,502
526,504,503,527,525,544,545
527,504,526,546,545,528,505
528,506,529,546,547,505,527
529,528,506,548,547,530,507
530,531,548,507,508,529
531,548,530,508,509,510,563
532,513,512,486,511,533,549
533,534,549,532,513,514
534,549,533,550,535,515,514
535,534,515,516,536,551,550
536,535,516,551,552,517,537
537,553,552,517,518,536,538
538,554,553,539,518,519,537
539,555,554,540,538,520,519
540,555,539,520,556,521
541,523,542,557,435,522
542,558,557,541,523,524,543
543,525,544,559,558,524,542
544,525,543,560,559,545,526
545,560,544,546,561,527,526
546,545,561,528,547,562,527
547,563,562,546,528,529,548
548,531,530,529,547,563
549,534,533,550,563,580,486,532,574,564
550,549,534,535,551,564
551,536,552,535,550,564
552,553,537,551,536,565,564
553,552,537,554,538,566,565
554,539,555,553,538,566,567
555,539,554,568,567,540,556
556,468,469,470,466,467,521,465,568,555,540,471,472,1041
557,542,558,569,435,541
558,559,570,542,557,569,543
559,570,558,560,544,571,543
560,572,571,559,544,545,561
561,573,572,545,546,560,562
562,547,563,573,561,546
563,510,348,486,549,580,547,562,573,548,531
564,565,574,550,551,549,552
565,566,553,574,564,552
566,567,575,565,553,554,574
567,576,575,566,555,568,554
568,580,576,555,567,556
569,570,577,558,557,435
570,569,577,559,558,578,571
571,572,560,578,570,579,559
572,571,560,561,573,579
573,581,579,561,572,562,563
574,565,564,549,580,575,566
575,567,576,566,580,574
576,580,568,567,575
577,569,570,581,435,578
578,570,571,577,581,579
579,581,573,578,571,572
580,576,568,563,549,574,575
581,435,577,579,573,578
582,1310,1313,587,588,586,1292
583,1275,584,596,622,1328,17
584,1275,583,597,596,585,1312
585,584,1312,586,598,1292,597
586,587,599,1292,582,598,585
587,582,588,599,586,600,601
588,587,582,1313,589,602,601
589,1314,1313,1315,603,602,588
590,606,607,1196,1183,1220,591
591,592,608,607,590,1183,1180
592,608,591,1180,609,610,593
593,1165,594,611,610,1180,592
594,1166,1158,612,611,593,1165
595,1330,619,1329,617,1350,618
596,623,622,597,584,583
597,596,584,598,624,585,623
598,599,625,597,624,586,585
599,625,598,626,600,587,586
600,626,599,587,628,601,627
601,602,629,628,600,587,588
602,601,629,603,589,630,588
603,604,1315,631,630,602,589
604,603,1315,631,605,632,1259
605,1259,1220,604,632,633,606
606,590,607,634,633,605,1220
607,606,590,634,635,608,591
608,592,591,607,635,636,609
609,608,592,637,636,638,610
610,638,639,611,609,593,592
611,612,594,639,610,640,593
612,611,594,1158,640,641,613
613,614,642,641,1159,612,1158
614,642,643,613,1159,1160,615
615,616,644,643,614,1349,1160
616,644,615,645,617,1349,1350
617,645,616,1350,595,618,646
618,619,648,595,617,647,646
619,649,620,1330,595,648,618
620,649,619,650,1330,621,1343,1288
621,651,1326,620,1343,650
622,623,596,109,75,652,44,17,583
623,622,596,597,624,653,652
624,597,598,623,653,654,625
625,599,598,624,626,654,655
626,599,600,625,656,655,627
627,658,628,656,626,600,657
628,658,627,629,659,600,601
629,601,602,660,659,630,628
630,631,603,661,629,660,602
631,630,603,604,661,662,632
632,663,662,604,605,633,631
633,664,634,632,663,605,606
634,664,633,607,635,606,665
635,634,607,608,666,636,665
636,666,635,667,637,608,609
637,667,668,636,638,669,609
638,610,639,637,669,670,609
639,638,610,640,671,670,611
640,671,639,672,641,611,612
641,673,672,642,613,640,612
642,674,673,614,643,613,641
643,615,644,642,614,675,674
644,616,615,643,675,676,645
645,616,617,677,646,644,676
646,647,618,677,645,617,678
647,679,680,646,618,678,648
648,619,649,618,681,647,680
649,619,620,650,648,681,682
650,683,682,649,620,651,621
651,650,683,45,621,1326
652,109,622,653,623,685,684
653,623,624,652,685,654,686
654,686,687,655,624,653,625
655,687,654,625,656,688,626
656,657,689,688,655,626,627
657,689,656,690,627,658,691
658,627,628,692,659,691,657
659,693,692,629,660,658,628
660,629,659,630,661,693,694
661,630,631,662,694,695,660
662,663,632,631,661,695,696
663,662,632,633,664,697,696
664,633,634,663,697,665,698
665,698,699,634,664,666,635
666,635,636,700,699,665,667
667,637,668,701,700,636,666
668,703,702,667,637,701,669
669,670,704,637,638,668,703
670,671,705,704,669,639,638
671,640,639,670,705,672,706
672,673,641,707,671,640,706
673,642,674,672,641,707,708
674,642,673,675,709,708,643
675,644,676,709,674,643,710
676,675,644,711,710,645,677
677,712,678,645,646,676,711
678,712,677,713,646,647,679
679,647,680,715,713,678,714
680,716,681,679,647,715,648
681,716,680,649,682,648,717
682,650,683,681,649,718,717
683,650,682,651,45,110,76,718
684,685,652,719,109,720
685,684,652,653,686,721,720
686,687,722,654,685,653,721
687,686,722,654,655,723,688
688,656,655,689,724,687,723
689,657,656,724,688,725,690
690,727,726,691,725,689,657
691,727,728,690,692,658,657
692,729,728,659,693,658,691
693,659,692,730,729,660,694
694,730,731,661,695,660,693
695,694,661,732,731,662,696
696,733,697,732,695,662,663
697,733,696,663,664,698,734
698,665,699,734,735,697,664
699,698,665,700,736,735,666
700,699,736,701,737,667,666
701,700,737,667,702,738,668
702,668,703,740,739,738,701
703,741,740,668,702,704,669
704,741,703,705,670,742,669
705,670,671,704,743,742,706
706,707,672,744,671,705,743
707,745,708,672,673,706,744
708,745,707,709,746,673,674
709,747,710,675,674,746,708
710,747,709,711,676,748,675
711,749,748,710,676,677,712
712,713,750,677,678,711,749
713,712,750,751,678,714,679
714,752,751,713,715,753,679
715,679,680,716,753,754,714
716,680,681,715,755,754,717
717,756,755,681,716,682,718
718,683,110,682,717,757,756
719,186,146,109,684,720,758
720,759,758,685,721,684,719
721,759,760,685,686,722,720
722,686,687,723,721,760,761
723,722,687,761,762,688,724
724,762,763,725,689,688,723
725,763,764,724,690,726,689
726,764,765,690,727,725,766
727,691,728,690,726,767,766
728,692,729,727,691,768,767
729,692,728,768,769,730,693
730,694,731,729,693,770,769
731,730,694,770,771,695,732
732,772,733,695,731,696,771
733,772,732,696,697,773,734
734,735,774,698,773,733,697
735,734,774,698,775,736,699
736,776,737,699,700,775,735
737,777,738,776,736,700,701
738,777,737,702,701,778,739
739,702,740,780,779,778,738
740,741,703,702,739,781,780
741,740,703,781,704,742,782
742,741,782,743,705,704,783
743,744,784,742,705,706,783
744,745,785,743,784,707,706
745,785,744,707,708,746,786
746,709,708,747,787,786,745
747,709,710,748,787,746,788
748,789,788,749,711,747,710
749,748,711,750,712,790,789
750,712,713,751,749,791,790
751,752,714,713,750,792,791
752,751,714,792,793,753,794
753,795,754,752,794,715,714
754,795,753,716,755,715,796
755,796,797,756,717,716,754
756,755,717,757,798,797,718
757,147,187,756,798,110,718
758,799,186,759,720,800,719
759,721,760,801,758,720,800
760,761,802,759,721,801,722
761,760,802,722,803,723,762
762,763,804,803,724,761,723
763,762,804,725,764,724,805
764,763,725,726,765,805,806
765,808,807,764,726,766,806
766,727,767,808,765,809,726
767,727,766,728,768,810,809
768,728,729,769,811,767,810
769,768,729,811,770,730,812
770,769,730,812,771,813,731
771,813,770,814,731,732,772
772,732,733,773,815,814,771
773,733,734,772,815,816,774
774,816,817,734,735,773,775
775,818,817,735,736,776,774
776,736,737,818,775,777,819
777,737,738,819,820,778,776
778,821,820,779,739,777,738
779,739,780,778,823,822,821
780,824,781,739,779,823,740
781,824,780,740,741,825,782
782,741,742,781,825,783,826
783,826,827,784,742,743,782
784,743,744,785,828,827,783
785,745,744,784,828,829,786
786,830,829,785,746,745,787
787,831,830,788,747,746,786
788,748,789,831,787,747,832
789,748,788,832,749,790,833
790,834,833,749,789,791,750
791,751,792,790,834,835,750
792,751,791,752,793,836,835
793,838,837,794,792,752,836
794,793,838,752,753,795,839
795,753,754,796,794,840,839
796,755,797,841,754,795,840
797,796,755,756,842,841,798
798,756,757,187,843,797,842
799,845,844,229,186,758,800,275
800,846,845,799,758,759,801
801,847,846,802,759,760,800
802,760,761,847,801,803,848
803,802,848,762,804,761,849
804,762,763,803,849,805,850
805,806,851,850,763,804,764
806,851,805,852,764,765,807
807,765,808,853,852,854,806
808,765,807,766,809,855,854
809,856,855,808,766,767,810
810,856,857,767,768,811,809
811,768,769,812,857,858,810
812,811,769,813,859,770,858
813,814,860,859,812,771,770
814,860,813,771,861,815,772
815,862,861,816,814,772,773
816,774,817,862,815,773,863
817,818,775,816,774,864,863
818,817,775,864,776,819,865
819,777,820,866,865,818,776
820,821,778,819,777,866,867
821,820,778,779,822,868,867
822,779,823,868,821,869,870
823,779,780,822,870,824,871
824,780,781,871,872,825,823
825,873,826,872,781,824,782
826,873,825,783,827,874,782
827,875,874,826,783,828,784
828,876,875,784,785,827,829
829,786,830,877,876,785,828
830,878,877,786,829,831,787
831,879,878,830,787,788,832
832,833,880,789,788,831,879
833,834,881,880,832,790,789
834,833,881,790,882,791,835
835,882,834,883,791,836,792
836,793,837,792,884,835,883
837,793,838,884,885,836,886
838,793,837,794,839,887,886
839,795,840,838,887,794,888
840,841,796,795,839,889,888
841,842,797,796,840,890,889
842,841,797,891,890,843,798
843,798,187,230,891,842
844,799,845,323,275,375,892
845,799,844,800,846,893,892
846,801,847,800,845,893,894
847,801,846,802,894,895,848
848,802,803,847,895,849,896
849,896,897,803,804,850,848
850,851,898,897,805,849,804
851,806,805,850,898,899,852
852,900,853,899,806,851,807
853,900,852,807,901,902,854
854,807,808,855,903,853,902
855,856,809,904,903,808,854
856,855,809,904,905,810,857
857,906,905,856,810,811,858
858,906,907,859,857,811,812
859,908,907,858,813,812,860
860,814,813,908,859,909,861
861,815,862,909,910,860,814
862,911,863,815,861,910,816
863,911,862,912,816,817,864
864,817,818,863,865,913,912
865,866,819,913,864,818,914
866,865,819,914,915,820,867
867,868,821,866,820,915,916
868,822,821,867,917,916,869
869,870,919,822,917,918,868
870,871,920,869,919,822,823
871,824,872,870,920,823,921
872,922,873,871,824,825,921
873,922,872,825,826,923,874
874,827,875,924,923,873,826
875,828,876,925,924,827,874
876,828,875,926,925,877,829
877,878,830,927,876,926,829
878,877,830,879,831,928,927
879,878,831,928,929,880,832
880,833,832,881,930,929,879
881,833,834,930,880,882,931
882,883,932,834,881,931,835
883,882,932,884,933,835,836
884,837,885,883,933,836,934
885,886,936,884,837,935,934
886,885,936,838,887,937,837
887,938,937,888,838,839,886
888,939,889,887,938,840,839
889,939,888,940,840,890,841
890,842,891,941,940,889,841
891,842,890,230,843,942,941
892,375,943,844,845,893,944
893,945,944,894,845,846,892
894,945,893,846,847,946,895
895,947,946,894,847,848,896
896,849,897,947,948,895,848
897,850,898,896,849,948,949
898,850,851,897,899,949,950
899,898,851,900,852,950,951
900,852,853,899,901,952,951
901,952,953,853,902,954,900
902,955,954,901,853,854,903
903,956,904,855,854,902,955
904,856,905,956,903,855,957
905,904,856,906,857,958,957
906,858,907,905,857,958,959
907,906,858,859,908,960,959
908,859,907,960,961,909,860
909,910,962,861,908,961,860
910,909,962,861,911,862,963
911,862,863,910,964,912,963
912,913,965,964,911,863,864
913,912,965,865,864,966,914
914,866,915,865,913,966,967
915,967,968,916,914,866,867
916,968,915,867,917,868
917,968,918,869,916,868
918,968,917,1017,1139,1057,869,919,969,1086
919,869,870,918,969,920
920,870,871,919,969,970,921
921,971,922,871,872,920,970
922,872,873,971,972,921,923
923,972,973,922,873,874,924
924,875,925,974,973,874,923
925,975,974,875,924,876,926
926,876,925,975,927,976,877
927,928,878,877,926,976,977
928,977,978,879,878,927,929
929,979,978,928,879,880,930
930,881,880,979,980,931,929
931,882,932,980,981,881,930
932,882,883,933,931,982,981
933,983,982,883,884,932,934
934,885,935,884,984,983,933
935,936,986,885,934,984,985
936,885,886,937,987,986,935
937,938,887,988,987,936,886
938,937,887,939,989,888,988
939,888,889,938,989,990,940
940,991,941,890,990,939,889
941,942,891,991,940,890,992
942,276,230,992,324,941,891
943,375,892,944,993,426
944,943,993,893,945,994,892
945,893,944,894,994,995,946
946,895,947,996,945,894,995
947,895,946,996,896,948,997
948,947,896,897,949,997,998
949,948,897,898,950,998,999
950,1000,951,949,898,999,899
951,1000,950,1001,952,899,900
952,1002,1001,901,953,951,900
953,1004,954,952,901,1002,1003
954,955,902,1004,953,1005,901
955,954,902,1005,1006,956,903
956,903,904,957,1007,1006,955
957,958,905,904,956,1007,1008
958,906,905,957,1008,959,1009
959,960,907,906,1009,958,1010
960,1011,1010,959,907,908,961
961,960,908,1011,962,1012,909
962,909,910,1013,1012,961,963
963,1013,1014,962,964,911,910
964,965,1015,1014,911,912,963
965,912,913,1016,966,964,1015
966,1016,1017,965,913,914,967
967,915,968,966,914,1017
968,917,918,1017,967,915,916
969,918,919,1086,920,970,1018
970,1018,971,969,920,921
971,922,972,921,1018,970,1019
972,923,973,971,922,1020,1019
973,972,923,1020,1021,924,974
974,975,925,1022,924,973,1021
975,974,925,1022,926,1023,976
976,977,1024,926,927,975,1023
977,1024,976,928,978,927,1025
978,929,979,977,928,1025,1026
979,929,978,930,980,1027,1026
980,931,981,979,930,1028,1027
981,982,1029,980,931,1028,932
982,1029,981,1030,983,933,932
983,984,1031,1030,982,933,934
984,1031,983,934,935,1032,985
985,1034,1033,986,1032,984,935
986,1035,1034,985,936,935,987
987,937,988,936,1036,1035,986
988,937,938,987,989,1037,1036
989,938,939,990,1038,1037,988
990,991,1039,1038,989,939,940
991,940,941,992,1040,1039,990
992,942,324,991,1040,376,427,941
993,943,944,472,426,1041,994
994,1041,995,944,945,993
995,1041,994,945,946,996
996,946,947,997,1041,995
997,998,1041,996,948,947
998,997,1041,948,949,999
999,998,1041,949,950,1000
1000,950,951,1001,999,1041
1001,1002,952,1000,951,1041,1042
1002,1001,952,953,1043,1042,1003
1003,1002,953,1044,1045,1043,1004
1004,1046,1005,953,954,1003,1045
1005,1046,1004,955,1006,954,1047
1006,1048,1007,1005,955,956,1047
1007,1048,1049,1006,956,957,1008
1008,1049,1050,1007,957,958,1009
1009,959,958,1008,1050,1010,1051
1010,960,1011,1009,1051,959,1052
1011,1053,1052,960,1010,961,1012
1012,962,1013,1054,1053,1011,961
1013,962,1012,963,1014,1055,1054
1014,1056,1055,1013,963,1015,964
1015,1014,1056,964,965,1016,1057
1016,966,1017,965,1015,1057
1017,1016,966,968,918,967,1057
1018,1019,1058,970,971,969,1086
1019,1018,1058,1020,971,972
1020,1021,1059,1058,1019,973,972
1021,1059,1060,1020,973,1022,974
1022,974,975,1023,1061,1021,1060
1023,1022,1061,1062,975,976,1024
1024,977,976,1025,1063,1062,1023
1025,1024,977,978,1026,1064,1063
1026,979,1027,978,1025,1065,1064
1027,1065,1066,980,1028,979,1026
1028,1029,1067,981,1066,980,1027
1029,982,981,1028,1067,1030,1068
1030,982,1029,983,1031,1068,1069
1031,984,983,1030,1070,1069,1032
1032,984,985,1031,1033,1071,1070
1033,985,1034,1072,1071,1032
1034,986,1035,985,1033,1072
1035,986,1034,1036,1072,987
1036,1035,1072,1037,988,987
1037,1038,989,1072,1036,988
1038,990,989,1072,1039,1037
1039,1072,1073,991,990,1038,1040
1040,991,992,1073,1039,1074,427
1041,997,998,994,995,996,556,472,993,999,1000,1001,1042,1043
1042,1043,1002,1041,1001
1043,1042,1002,1041,1003,1044,1075
1044,1003,1045,1043,1075
1045,1046,1076,1044,1003,1075,1004
1046,1076,1045,1004,1005,1047,1077
1047,1046,1005,1006,1078,1077,1048
1048,1007,1049,1006,1079,1078,1047
1049,1048,1007,1008,1050,1079,1080
1050,1051,1081,1049,1008,1080,1009
1051,1050,1081,1052,1082,1009,1010
1052,1053,1011,1082,1051,1083,1010
1053,1052,1011,1054,1012,1083,1084
1054,1053,1012,1085,1084,1055,1013
1055,1056,1014,1054,1013,1085
1056,1055,1014,1015,1085,1057
1057,1139,1125,1107,1085,1056,1015,918,1016,1017
1058,1020,1059,1018,1019,1086
1059,1021,1060,1020,1087,1086,1058
1060,1059,1021,1061,1088,1087,1022
1061,1060,1088,1022,1023,1062,1089
1062,1023,1061,1024,1063,1090,1089
1063,1064,1091,1090,1024,1062,1025
1064,1063,1091,1025,1026,1065,1092
1065,1027,1066,1026,1092,1093,1064
1066,1067,1094,1093,1028,1065,1027
1067,1028,1029,1066,1094,1068,1095
1068,1030,1069,1095,1067,1029,1096
1069,1031,1070,1068,1030,1097,1096
1070,1031,1069,1097,1071,1032,1098
1071,1098,1072,1033,1032,1070
1072,1039,1073,1038,1035,1036,1034,1098,1071,1033,435,1037,1118,1134
1073,1072,1039,435,434,1074,1040
1074,428,429,430,434,1073,433,432,427,1040,431
1075,1043,1044,1045,1076,1099,1119,1146
1076,1046,1045,1077,1100,1075,1099
1077,1101,1100,1076,1047,1078,1046
1078,1047,1077,1048,1079,1102,1101
1079,1102,1103,1049,1048,1078,1080
1080,1103,1104,1079,1049,1081,1050
1081,1050,1051,1082,1105,1104,1080
1082,1081,1105,1052,1051,1083,1106
1083,1082,1052,1053,1106,1084,1107
1084,1085,1054,1083,1053,1107
1085,1084,1054,1057,1107,1056,1055
1086,1059,1087,969,918,1018,1058,1139,1108
1087,1059,1086,1060,1088,1108
1088,1108,1109,1060,1061,1089,1087
1089,1109,1110,1090,1062,1061,1088
1090,1063,1091,1111,1062,1089,1110
1091,1063,1064,1090,1092,1111,1112
1092,1065,1093,1113,1064,1091,1112
1093,1114,1113,1066,1094,1092,1065
1094,1114,1115,1066,1067,1093,1095
1095,1115,1116,1068,1067,1096,1094
1096,1117,1116,1095,1097,1068,1069
1097,1118,1117,1069,1070,1098,1096
1098,1071,1072,1070,1118,1097
1099,1076,1075,1100,1119
1100,1077,1101,1076,1120,1099,1119
1101,1077,1100,1120,1102,1121,1078
1102,1103,1122,1121,1101,1079,1078
1103,1122,1102,1079,1080,1104,1123
1104,1105,1081,1103,1080,1123,1124
1105,1081,1082,1104,1124,1125,1106
1106,1083,1082,1107,1105,1125
1107,1106,1083,1084,1057,1085,1125
1108,1088,1109,1087,1086,1139,1126
1109,1108,1088,1089,1110,1126
1110,1109,1089,1126,1090,1111,1127
1111,1112,1128,1090,1091,1110,1127
1112,1111,1128,1092,1113,1091,1129
1113,1114,1093,1130,1092,1129,1112
1114,1094,1115,1113,1093,1130,1131
1115,1114,1094,1095,1116,1132,1131
1116,1115,1095,1133,1132,1096,1117
1117,1097,1118,1096,1116,1134,1133
1118,1097,1117,1098,1072,1134
1119,1099,1075,1100,1120,1135,1146
1120,1136,1121,1100,1101,1119,1135
1121,1136,1120,1102,1101,1137,1122
1122,1103,1102,1138,1137,1123,1121
1123,1122,1138,1103,1104,1124
1124,1123,1104,1138,1125,1105
1125,1138,1124,1105,1147,1057,1139,1106,1107
1126,1109,1110,1127,1108,1139
1127,1110,1111,1128,1140,1126,1139
1128,1111,1112,1140,1127,1129,1141
1129,1113,1130,1142,1141,1128,1112
1130,1113,1114,1131,1143,1129,1142
1131,1130,1143,1132,1144,1115,1114
1132,1116,1133,1145,1144,1131,1115
1133,1116,1132,1134,1117,1145
1134,1155,1152,1118,1117,1072,1133,1145,1156
1135,1136,1146,1120,1119
1136,1120,1121,1137,1147,1135,1146
1137,1122,1138,1147,1136,1121
1138,1122,1137,1123,1124,1125,1147
1139,1057,1125,918,1086,1108,1126,1127,1140,1148
1140,1128,1127,1148,1141,1139
1141,1129,1142,1149,1148,1140,1128
1142,1149,1150,1143,1129,1141,1130
1143,1150,1142,1130,1131,1144,1151
1144,1151,1152,1145,1132,1131,1143
1145,1144,1132,1152,1133,1134
1146,1135,1136,1119,1075,1147
1147,1137,1136,1146,1138,1125
1148,1141,1149,1140,1139,1153,1156
1149,1142,1150,1141,1148,1153
1150,1149,1142,1143,1151,1154,1153
1151,1155,1154,1144,1152,1150,1143
1152,1151,1144,1155,1134,1145
1153,1154,1150,1149,1156,1148
1154,1155,1151,1150,1153,1156
1155,1154,1151,1152,1134,1156
1156,1155,1134,1154,1153,1148
1157,1172,1177,1201,1162,1173,1189
1158,594,1166,612,1167,1159,613
1159,1167,1169,614,613,1160,1158
1160,614,1159,1169,1216,615,1349
1161,1163,1164,1165,1168,1166,1171
1162,1176,1174,1175,1172,1157,1173
1163,1161,1164,1165,1180,1183,1179
1164,1161,1163,1181,1171,1182,1179
1165,1180,1163,593,594,1161,1166
1166,594,1158,1168,1161,1165,1167
1167,1159,1169,1168,1170,1158,1166
1168,1178,1170,1167,1171,1166,1161
1169,1216,1210,1159,1167,1170,1160
1170,1178,1168,1167,1169,1210,1199
1171,1164,1181,1178,1168,1184,1161
1172,1177,1157,1162,1175,1187,1186
1173,1189,1208,1193,1162,1157,1176
1174,1176,1162,1175,1188,1185,1191
1175,1162,1172,1190,1186,1188,1174
1176,1174,1162,1173,1193,1203,1185
1177,1172,1157,1192,1201,1187,1194
1178,1170,1168,1171,1184,1200,1199
1179,1195,1196,1182,1183,1163,1164
1180,1165,1163,1183,591,592,593
1181,1164,1171,1182,1198,1184,1197
1182,1164,1181,1198,1207,1195,1179
1183,1163,1180,590,1196,1179,591
1184,1200,1178,1171,1181,1197,1209
1185,1191,1204,1174,1203,1176,1202
1186,1187,1205,1211,1175,1190,1172
1187,1177,1194,1206,1205,1186,1172
1188,1191,1212,1213,1190,1175,1174
1189,1208,1173,1157,1201,1237,1341
1190,1175,1186,1211,1214,1213,1188
1191,1204,1215,1212,1188,1185,1174
1192,1342,1244,1217,1194,1177,1201
1193,1208,1239,1173,1176,1203,1234
1194,1217,1192,1177,1187,1206,1218
1195,1179,1196,1219,1207,1225,1182
1196,1195,1179,1219,1220,590,1183
1197,1221,1226,1209,1198,1181,1184
1198,1181,1182,1222,1221,1207,1197
1199,1210,1170,1200,1178,1228,1223
1200,1184,1178,1199,1223,1209,1224
1201,1177,1192,1244,1157,1189,1341
1202,1253,1203,1229,1204,1251,1185
1203,1253,1202,1185,1176,1193,1234
1204,1215,1191,1185,1230,1229,1202
1205,1206,1187,1232,1211,1231,1186
1206,1187,1205,1232,1233,1194,1218
1207,1235,1222,1198,1195,1225,1182
1208,1239,1193,1189,1173,1236,1237
1209,1197,1226,1184,1236,1200,1224
1210,1216,1169,1170,1242,1228,1199
1211,1231,1243,1205,1186,1190,1214
1212,1191,1215,1188,1213,1245,1248
1213,1188,1212,1190,1214,1246,1245
1214,1250,1243,1211,1190,1246,1213
1215,1204,1191,1212,1248,1252,1230
1216,1169,1210,1242,1268,1349,1160
1217,1192,1194,1254,1342,1255,1218
1218,1257,1233,1206,1255,1194,1217
1219,1195,1196,1220,1225,1259,1258
1220,1259,605,1196,1219,590,606
1221,1197,1226,1240,1222,1241,1198
1222,1221,1241,1249,1235,1198,1207
1223,1238,1260,1224,1200,1199,1228
1224,1223,1238,1209,1200,1237,1236
1225,1258,1264,1207,1195,1219,1235
1226,1197,1221,1240,1209,1236,1239
1227,17,16,1328,1345,1262,1325
1228,1242,1210,1199,1223,1260,1265
1229,1251,1270,1271,1230,1204,1202
1230,1271,1229,1204,1215,1272,1252
1231,1277,1278,1211,1243,1205,1232
1232,1206,1205,1279,1278,1233,1231
1233,1279,1280,1206,1232,1257,1218
1234,1240,1247,1203,1193,1253,1239
1235,1249,1222,1264,1269,1207,1225
1236,1208,1237,1226,1209,1224,1239
1237,1238,1341,1236,1208,1189,1224
1238,1237,1341,1223,1260,1224,1261
1239,1208,1193,1234,1240,1236,1226
1240,1247,1234,1221,1226,1239,1241
1241,1256,1247,1240,1249,1221,1222
1242,1273,1268,1210,1228,1216,1265
1243,1231,1211,1214,1250,1293,1277
1244,1342,1192,1201,1286,1341,1261
1245,1298,1246,1297,1212,1248,1213
1246,1298,1245,1295,1250,1214,1213
1247,1240,1234,1276,1253,1241,1256
1248,1252,1299,1245,1212,1215,1297
1249,1296,1256,1241,1269,1222,1235
1250,1295,1246,1214,1243,1293,1294
1251,1270,1229,1291,1276,1253,1202
1252,1299,1248,1302,1272,1215,1230
1253,1276,1251,1202,1203,1247,1234
1254,1217,1342,1255,1283,1284,1285
1255,1257,1282,1283,1254,1217,1218
1256,1296,1301,1249,1276,1241,1247
1257,1281,1282,1255,1280,1233,1218
1258,1264,1225,1315,1314,1259,1219
1259,1220,605,1219,604,1315,1258
1260,1223,1238,1261,1265,1228
1261,1286,1266,1341,1244,1238,1260,1265
1262,1318,1325,1263,1345,1227
1263,1318,1262,1319,3,1345,1267
1264,1258,1225,1314,1311,1235,1269
1265,1266,1274,1260,1228,1261,1242,1273
1266,1274,1265,1286,1261,1285,1287
1267,1319,1263,2,1344,3,1320
1268,1242,1273,1349,1216,1329,1350
1269,1308,1296,1249,1235,1264,1311
1270,1251,1229,1291,1316,1304,1271
1271,1230,1229,1270,1316,1317,1272
1272,1321,1302,1252,1271,1317,1230
1273,1242,1268,1329,1265,1274
1274,1287,1288,1266,1265,1330,1273,1329
1275,584,583,1328,1290,1312,1300
1276,1301,1306,1251,1253,1256,1247,1291
1277,1231,1278,1243,1293,1331,1332
1278,1231,1277,1279,1232,1333,1332
1279,1280,1346,1233,1232,1278,1333
1280,1279,1346,1233,1281,6,1257
1281,1282,1257,1280,6,4,5
1282,1281,1257,1327,4,1255,1283
1283,1289,1284,1282,1327,1255,1254
1284,1289,1283,1285,1254,1287
1285,1284,1254,1286,1342,1266,1287
1286,1266,1261,1244,1342,1285
1287,1289,1343,1288,1274,1266,1285,1284
1288,1287,1274,1330,1343,620
1289,1284,1283,1343,1287,1326,1327
1290,1300,1305,1328,1275,1303,1325
1291,1270,1251,1306,1304,1276
1292,586,582,1310,585,1312,1309
1293,1243,1277,1250,1294,1331,1347
1294,1293,1250,7,1347,1339,1295
1295,1250,1246,1298,1338,1339,1294
1296,1301,1256,1249,1308,1269,1307
1297,1298,1337,1336,1245,1299,1248
1298,1297,1337,1246,1245,1295,1338
1299,1252,1248,1336,1297,1335,1302
1300,1290,1305,1309,1312,1275
1301,1296,1256,1306,1276,1307
1302,1272,1321,1334,1335,1252,1299
1303,1318,1304,1305,1290,1325,1306
1304,1316,1270,1306,1291,1318,1303
1305,1306,1307,1300,1290,1303,1309
1306,1305,1307,1301,1276,1304,1291,1303
1307,1305,1306,1309,1308,1301,1296
1308,1296,1269,1311,1309,1307,1310
1309,1307,1308,1312,1292,1310,1300,1305
1310,582,1313,1311,1292,1308,1309
1311,1310,1313,1264,1314,1269,1308
1312,585,584,1292,1309,1300,1275
1313,582,1310,1314,589,1311,588
1314,1315,1258,589,1313,1264,1311
1315,1314,1258,604,603,589,1259
1316,1270,1304,1271,1319,1318,1317
1317,1320,1319,1316,1271,1321,1272
1318,1262,1325,1263,1319,1316,1304,1303
1319,1320,1317,1263,1318,1267,1316
1320,1317,1319,1344,1340,1321,1267
1321,1272,1302,1340,1320,1317,1334
1322,1348,34,35,1323,1336,1335
1323,35,1322,36,1324,1334,1335
1324,1334,1340,11,1323,36,37
1325,1262,1318,1227,1290,1328,1303
1326,651,621,1289,1327,18,45,1343
1327,1282,4,1283,19,18
1328,17,1227,583,1290,1275,1325
1329,1268,1273,1330,595,1274,1350
1330,619,595,1329,1274,1288,620
1331,26,27,1277,1332,1347,1293
1332,25,1333,26,1277,1331,1278
1333,1332,25,24,1346,1279,1278
1334,1335,1302,1324,1340,1321,1323
1335,1336,1322,1334,1302,1323,1299
1336,1297,1337,1335,1322,1348,1299
1337,1298,1297,1338,10,1336,1348
1338,1337,10,1295,1339,9,1298
1339,9,8,1295,1338,7,1294
1340,1344,1320,1324,1334,1321,11
1341,1238,1237,1201,1189,1244,1261
1342,1244,1192,1217,1254,1286,1285
1343,1289,1287,1288,621,620,1326
1344,1,11,1267,2,1340,1320
1345,1227,16,15,1262,3,1263
1346,24,23,1280,1279,1333,6
1347,28,27,7,1331,1294,1293
1348,1322,34,1336,33,1337,10
1349,1268,1216,616,615,1350,1160
1350,617,595,1268,1329,1349,616
