1,2464,23,5,4,2769,2770
2,9,2357,2597,10,11,2596
3,17,16,2556,15,2585,2703,2771
4,73,23,24,25,5,1
5,26,25,2770,6,4,1
6,2770,2068,5,7,27,26
7,2074,2057,6,2068,28,27
8,2677,2499,39,9,40,2357
9,8,40,10,41,2,2357
10,43,11,41,9,42,2
11,43,10,44,2,2596,12
12,45,2773,2596,11,44,2595
13,2632,2555,14,54,2774,53
14,15,2556,54,13,2555,55
15,14,2556,3,16,56,55
16,3,17,58,57,15,56
17,3,16,58,18,59,2771
18,2501,2771,19,59,17,60
19,2502,2284,18,2501,61,60
20,2775,69,70,21,2305,2176
21,2200,22,2176,71,70,20
22,2200,21,2464,23,72,71
23,72,73,2464,1,22,4
24,127,73,4,74,25,75
25,5,26,75,24,76,4
26,5,25,76,77,27,6
27,78,77,26,6,7,28
28,79,78,7,2074,27,29
29,2299,30,79,28,80,2074
30,2541,2686,80,81,29,2299,31
31,2541,30,32,82,81
32,82,31,2541,83,2510,33
33,34,84,83,2510,32,2511
34,2683,2511,84,33,85,35
35,2772,2700,85,34,2683,1023
36,86,37,2781,2371,1069,2780
37,87,86,2781,2202,38,36
38,88,39,2499,2202,87,37
39,88,38,8,2499,40,89
40,8,9,41,90,89,39
41,10,9,42,90,40,91
42,91,92,93,10,43,41
43,93,94,10,11,44,42
44,43,11,94,12,45,95
45,46,2773,12,96,95,44
46,45,2773,96,97,2571,47
47,98,48,2572,97,46,2571
48,99,98,2572,2750,47,2776
49,50,102,2076,101,2077,2777
50,49,102,51,103,2076,2206
51,104,103,50,2554,52,2206
52,105,53,2554,2774,51,104
53,105,52,106,54,13,2774
54,14,13,107,106,55,53
55,108,107,56,15,14,54
56,57,109,55,15,108,16
57,109,110,111,58,16,56
58,111,57,17,16,59,112
59,60,113,18,17,112,58
60,114,61,113,59,18,19
61,114,60,62,115,19,2284
62,63,116,61,115,2725,2284
63,116,62,64,117,2321,2725
64,63,117,2321,2320,65,118
65,119,118,66,64,2320,2319
66,120,67,119,65,2451,2319
67,120,66,2451,121,2710,68
68,2710,2775,69,122,121,67
69,68,2775,122,123,20,70
70,124,71,123,69,21,20
71,124,70,72,125,22,21
72,23,73,126,125,22,71
73,72,23,24,127,4,126
74,128,129,75,184,127,24
75,74,129,130,25,24,76
76,131,130,25,75,77,26
77,78,132,131,27,76,26
78,132,77,28,79,27,133
79,28,78,29,133,134,80
80,30,81,135,29,79,134
81,80,30,135,82,136,31
82,136,81,32,31,83,137
83,84,138,137,82,33,32
84,83,138,139,85,34,33
85,139,84,140,1023,1124,34,35
86,1123,1069,37,87,36,141
87,37,86,38,88,142,141
88,38,39,143,142,87,89
89,90,144,40,39,143,88
90,91,145,41,40,89,144
91,42,92,146,145,90,41
92,91,42,93,147,146,148
93,43,94,42,92,149,148
94,93,43,149,150,44,95
95,96,45,44,94,151,150
96,95,45,46,152,151,97
97,153,98,96,46,152,47
98,48,99,154,47,153,97
99,48,98,100,155,154,2776
100,99,155,2777,2776,101,156
101,157,156,100,102,49,2777
102,157,158,49,50,103,101
103,104,159,158,51,50,102
104,103,159,51,105,160,52
105,52,53,106,160,104,161
106,162,161,53,105,54,107
107,55,108,163,54,106,162
108,55,107,163,56,109,164
109,57,110,165,56,164,108
110,109,57,165,167,166,111
111,57,58,168,112,110,167
112,169,113,59,58,168,111
113,170,169,112,114,60,59
114,170,113,60,61,115,171
115,61,62,114,171,116,172
116,63,62,173,172,115,117
117,63,64,174,173,118,116
118,119,65,175,117,174,64
119,118,65,66,175,176,120
120,66,67,176,119,177,121
121,178,177,122,120,67,68
122,179,123,178,121,69,68
123,179,122,180,69,70,124
124,70,71,125,181,180,123
125,126,72,181,124,71,182
126,125,72,182,73,127,183
127,24,73,183,126,184,74
128,74,129,186,185,245,184
129,128,74,75,130,187,186
130,76,131,129,75,188,187
131,132,77,189,76,130,188
132,78,77,131,189,133,190
133,190,132,79,78,134,191
134,191,133,79,192,135,80
135,81,80,192,193,134,136
136,82,81,194,137,193,135
137,195,194,83,82,136,138
138,83,84,139,195,137,196
139,138,84,85,140,197,196
140,198,197,85,139,1181,1124
141,199,1123,200,142,87,86
142,143,201,88,200,141,87
143,201,142,88,202,89,144
144,203,202,89,90,145,143
145,91,146,90,204,203,144
146,147,205,204,91,145,92
147,146,205,206,148,207,92
148,208,207,147,92,93,149
149,93,94,150,148,208,209
150,210,209,149,94,151,95
151,211,152,96,95,150,210
152,211,151,96,153,97,212
153,97,98,152,212,213,154
154,98,99,155,214,213,153
155,99,100,154,214,215,156
156,101,157,100,155,216,215
157,217,158,101,156,102,216
158,217,157,159,103,102,218
159,103,104,158,160,219,218
160,105,104,159,220,219,161
161,162,106,220,221,105,160
162,161,106,222,163,221,107
163,107,108,222,162,164,223
164,224,165,223,109,163,108
165,224,164,109,110,225,166
166,167,227,226,225,110,165
167,227,228,166,110,111,168
168,229,228,169,111,112,167
169,113,170,112,168,229,230
170,113,169,114,230,231,171
171,231,232,170,114,115,172
172,173,233,116,232,171,115
173,172,233,234,174,116,117
174,234,173,117,118,175,235
175,176,236,118,119,174,235
176,177,237,175,236,119,120
177,237,176,121,178,238,120
178,121,177,122,179,238,239
179,122,123,180,178,240,239
180,123,179,240,241,124,181
181,125,124,180,242,182,241
182,242,181,126,125,243,183
183,244,184,182,243,127,126
184,244,183,127,245,128,74
185,246,247,128,186,245,308
186,128,185,248,187,247,129
187,249,248,186,129,130,188
188,189,250,249,130,187,131
189,188,250,132,131,251,190
190,252,251,133,132,189,191
191,134,133,190,192,253,252
192,135,193,253,191,134,254
193,194,255,192,135,254,136
194,195,137,193,255,136,256
195,194,137,257,256,196,138
196,258,197,257,195,139,138
197,258,259,196,198,140,139
198,1242,1305,197,140,259,1181
199,1180,1123,1241,260,200,141
200,201,261,260,199,141,142
201,200,261,143,142,202,262
202,203,144,263,143,201,262
203,202,144,263,145,204,264
204,265,264,205,146,145,203
205,146,147,265,266,206,204
206,268,207,147,205,267,266
207,208,269,268,206,148,147
208,269,207,148,270,209,149
209,271,270,150,210,208,149
210,150,209,272,271,151,211
211,151,152,212,273,210,272
212,273,274,213,211,153,152
213,274,212,153,214,154,275
214,276,215,275,154,155,213
215,277,276,214,216,155,156
216,277,215,278,217,157,156
217,157,158,218,279,278,216
218,217,279,158,159,219,280
219,220,160,159,218,281,280
220,161,221,219,160,281,282
221,220,161,162,222,282,283
222,283,284,162,163,221,223
223,285,224,164,163,284,222
224,285,223,286,225,164,165
225,286,224,287,226,165,166
226,289,288,287,225,166,227
227,167,228,166,289,226,290
228,227,167,229,168,290,291
229,228,168,169,291,230,292
230,169,170,229,292,231,293
231,171,232,294,293,230,170
232,231,171,294,295,172,233
233,172,173,295,232,296,234
234,173,174,235,297,296,233
235,297,298,234,174,175,236
236,175,176,235,237,299,298
237,177,176,299,300,238,236
238,237,177,300,301,178,239
239,301,302,238,178,179,240
240,241,303,302,180,179,239
241,303,240,180,242,304,181
242,304,241,181,182,305,243
243,244,306,182,242,305,183
244,243,306,307,245,183,184
245,128,185,308,307,244,184
246,185,247,374,308,310,309
247,246,185,310,311,186,248
248,249,187,186,247,311,312
249,248,187,188,250,313,312
250,188,189,251,249,314,313
251,190,252,250,189,314,315
252,190,251,191,315,316,253
253,316,317,192,191,252,254
254,318,255,317,253,192,193
255,319,318,193,194,256,254
256,320,319,255,257,195,194
257,196,258,256,195,320,321
258,197,259,196,257,322,321
259,258,197,322,323,198,1305
260,1304,324,199,1241,200,261
261,200,201,325,324,260,262
262,202,263,326,325,201,261
263,264,327,326,202,203,262
264,204,265,327,263,328,203
265,204,264,329,328,205,266
266,267,330,265,205,206,329
267,330,266,268,332,331,206
268,206,207,333,269,332,267
269,208,207,333,268,334,270
270,271,209,208,269,334,335
271,270,209,210,272,335,336
272,337,336,210,271,273,211
273,338,337,212,274,211,272
274,339,275,273,212,338,213
275,339,274,214,276,340,213
276,215,277,341,214,275,340
277,215,276,341,216,342,278
278,343,342,216,217,277,279
279,217,218,343,344,278,280
280,344,279,218,345,281,219
281,346,345,219,220,280,282
282,346,347,220,281,283,221
283,348,347,222,284,282,221
284,283,222,285,223,349,348
285,223,224,286,350,284,349
286,350,285,224,225,287,351
287,352,288,226,225,286,351
288,352,287,289,226,353,354
289,288,226,355,354,227,290
290,356,291,228,227,289,355
291,356,290,228,229,357,292
292,358,357,293,291,229,230
293,358,292,294,359,231,230
294,295,360,359,293,231,232
295,294,360,361,296,232,233
296,295,361,297,362,234,233
297,296,362,235,298,234,363
298,297,235,363,364,236,299
299,237,300,365,236,298,364
300,299,237,365,301,366,238
301,367,366,239,302,300,238
302,240,303,301,239,367,368
303,241,240,368,369,302,304
304,242,241,303,369,305,370
305,306,371,304,242,370,243
306,371,305,243,244,372,307
307,373,372,245,308,244,306
308,246,374,245,307,185,373
309,444,375,310,376,246,374
310,309,376,311,377,247,246
311,378,377,310,312,247,248
312,311,378,379,313,249,248
313,380,314,250,379,312,249
314,381,315,251,380,313,250
315,381,314,251,252,382,316
316,253,317,383,382,315,252
317,316,253,383,384,318,254
318,385,384,319,255,254,317
319,318,255,256,320,386,385
320,256,319,386,387,321,257
321,320,387,388,322,258,257
322,388,389,259,258,323,321
323,1371,1305,390,322,259,389
324,1304,260,325,261,392,391
325,324,261,392,326,262,393
326,327,394,263,393,325,262
327,264,263,326,394,328,395
328,265,329,396,264,327,395
329,265,328,396,330,397,266
330,267,266,331,398,397,329
331,332,400,398,399,267,330
332,400,331,401,268,267,333
333,402,401,268,269,334,332
334,403,402,333,269,270,335
335,404,336,270,271,334,403
336,404,335,272,337,271,405
337,338,273,272,336,406,405
338,406,407,337,273,274,339
339,274,275,408,407,340,338
340,409,408,341,276,339,275
341,276,277,410,409,342,340
342,278,343,277,341,410,411
343,412,411,344,278,342,279
344,413,412,343,279,280,345
345,281,346,280,344,414,413
346,282,347,281,345,414,415
347,348,283,415,416,346,282
348,347,283,416,417,349,284
349,350,418,417,348,285,284
350,349,418,286,285,351,419
351,352,420,350,286,419,287
352,287,288,420,351,353,421
353,423,354,288,352,422,421
354,423,353,289,355,288,424
355,425,356,289,354,290,424
356,290,291,425,355,426,357
357,292,358,356,291,426,427
358,292,357,359,428,293,427
359,358,428,294,293,429,360
360,294,295,361,430,359,429
361,295,360,431,362,430,296
362,431,361,363,432,296,297
363,362,432,297,298,364,433
364,433,434,298,363,365,299
365,299,300,366,435,434,364
366,367,301,300,365,436,435
367,366,301,302,368,437,436
368,303,369,438,367,302,437
369,368,303,439,438,304,370
370,371,440,439,369,304,305
371,306,305,441,440,372,370
372,373,307,371,441,442,306
373,372,307,374,443,308,442
374,373,443,246,308,309,444
375,444,309,516,446,445,376
376,447,446,309,310,377,375
377,378,311,447,448,310,376
378,377,311,312,449,448,379
379,380,450,312,313,449,378
380,379,450,381,451,313,314
381,314,315,451,380,382,452
382,316,383,453,381,315,452
383,316,382,453,454,384,317
384,318,385,455,454,383,317
385,318,384,386,456,319,455
386,387,457,385,456,319,320
387,388,458,386,457,320,321
388,459,458,387,322,389,321
389,388,322,323,390,460,459
390,460,1513,1441,1371,323,389
391,392,461,324,1304,1440,1370
392,461,462,391,325,324,393
393,394,326,463,462,392,325
394,326,327,395,464,393,463
395,464,465,394,327,396,328
396,466,465,397,328,329,395
397,396,466,467,330,329,398
398,331,399,330,468,467,397
399,468,469,398,331,470,400
400,332,331,470,471,401,399
401,472,471,402,333,400,332
402,401,333,472,473,334,403
403,473,474,334,402,335,404
404,335,336,475,474,403,405
405,475,476,337,406,404,336
406,338,407,476,477,337,405
407,406,338,478,408,477,339
408,478,407,479,339,409,340
409,410,341,480,479,408,340
410,481,480,409,341,411,342
411,343,412,481,482,410,342
412,343,411,344,413,482,483
413,344,412,484,483,345,414
414,345,346,415,413,484,485
415,347,416,414,346,486,485
416,415,347,348,486,487,417
417,488,418,348,349,487,416
418,349,350,489,488,419,417
419,489,418,350,351,490,420
420,352,351,421,491,490,419
421,491,420,492,352,353,422
422,493,494,423,353,492,421
423,353,354,495,424,494,422
424,495,423,354,355,425,496
425,355,356,426,496,497,424
426,498,497,425,356,357,427
427,358,428,357,499,498,426
428,358,359,427,500,499,429
429,428,359,501,500,430,360
430,501,502,431,361,360,429
431,361,362,430,502,432,503
432,362,363,504,503,431,433
433,364,434,505,363,504,432
434,433,364,505,365,435,506
435,436,507,365,434,366,506
436,507,435,366,437,367,508
437,436,367,368,438,508,509
438,439,369,509,510,368,437
439,511,510,438,369,440,370
440,371,441,370,511,439,512
441,513,512,371,440,372,442
442,514,443,441,372,373,513
443,373,374,515,444,514,442
444,515,443,309,375,516,374
445,517,590,518,446,375,516
446,376,447,519,518,445,375
447,376,446,377,448,519,520
448,447,377,520,521,378,449
449,522,521,379,450,378,448
450,379,380,449,522,451,523
451,452,524,381,380,450,523
452,451,524,525,453,381,382
453,382,383,454,526,525,452
454,455,384,453,526,527,383
455,454,384,528,527,456,385
456,529,457,385,386,528,455
457,530,458,529,456,386,387
458,388,459,530,457,531,387
459,388,458,531,532,460,389
460,533,1513,390,532,389,459
461,392,462,534,391,1440,1512
462,461,392,534,535,463,393
463,536,535,464,462,393,394
464,395,465,537,536,463,394
465,396,466,538,537,464,395
466,396,465,397,467,539,538
467,468,540,397,466,398,539
468,399,469,540,467,541,398
469,468,399,470,541,542,543
470,400,471,544,469,399,543
471,472,401,470,400,545,544
472,471,401,402,473,546,545
473,403,474,472,402,546,547
474,473,403,547,404,475,548
475,405,476,549,548,404,474
476,475,405,406,477,549,550
477,476,406,407,478,551,550
478,407,408,479,477,552,551
479,478,408,553,480,409,552
480,481,410,553,554,479,409
481,480,410,411,482,555,554
482,481,411,412,483,556,555
483,557,484,413,556,482,412
484,557,483,413,558,485,414
485,558,559,484,415,486,414
486,560,559,416,415,487,485
487,561,488,416,417,560,486
488,489,418,561,487,417,562
489,488,418,419,562,563,490
490,563,564,489,491,420,419
491,565,564,421,420,490,492
492,421,491,566,493,422,565
493,422,494,566,567,492
494,495,568,493,422,423,567
495,568,494,423,424,569,496
496,425,497,569,495,570,424
497,498,426,496,425,570,571
498,497,426,571,572,499,427
499,572,573,498,428,500,427
500,574,573,428,499,501,429
501,430,502,574,500,575,429
502,501,430,431,575,576,503
503,504,432,576,502,431,577
504,578,577,503,432,505,433
505,433,434,504,578,506,579
506,507,580,579,435,434,505
507,436,435,581,508,506,580
508,581,507,582,436,437,509
509,438,510,437,508,583,582
510,439,511,584,583,509,438
511,439,510,584,585,440,512
512,513,441,586,585,511,440
513,512,441,587,514,442,586
514,442,443,587,513,588,515
515,443,444,588,589,516,514
516,444,375,445,515,590,589
517,518,592,591,664,590,445
518,592,517,445,593,446,519
519,594,593,446,447,518,520
520,448,521,594,595,519,447
521,596,595,520,448,522,449
522,521,449,596,450,523,597
523,524,598,522,597,450,451
524,451,452,598,523,525,599
525,526,600,453,524,452,599
526,600,525,453,454,527,601
527,526,454,528,455,601,602
528,527,455,456,602,603,529
529,456,457,604,603,528,530
530,457,458,531,529,605,604
531,530,458,532,606,605,459
532,533,607,606,531,460,459
533,460,1513,607,532,608,1587
534,535,610,609,462,461,1512
535,463,536,611,610,534,462
536,463,535,464,537,612,611
537,465,538,464,536,612,613
538,539,614,465,537,466,613
539,615,614,538,540,466,467
540,468,467,539,615,616,541
541,469,468,542,616,540,617
542,543,619,541,469,618,617
543,544,620,619,542,470,469
544,543,620,470,471,545,621
545,546,622,621,472,471,544
546,473,472,622,623,547,545
547,624,623,548,546,473,474
548,549,475,625,624,547,474
549,475,476,625,626,550,548
550,551,627,626,476,549,477
551,550,627,552,478,477,628
552,553,629,479,551,478,628
553,630,554,480,629,479,552
554,630,553,631,481,555,480
555,556,482,631,632,481,554
556,483,557,555,482,633,632
557,483,484,556,558,633,634
558,485,559,484,557,635,634
559,558,485,560,486,636,635
560,559,486,561,487,636,637
561,487,488,638,562,637,560
562,638,561,488,639,563,489
563,564,640,490,639,562,489
564,491,565,563,640,490,641
565,491,564,642,641,566,492
566,567,642,493,492,565
567,922,642,643,566,568,493,494
568,495,494,643,567,569
569,495,496,643,570,568
570,644,643,571,496,497,569
571,572,645,570,644,497,498
572,571,645,573,646,498,499
573,574,500,646,572,499,647
574,573,500,575,648,501,647
575,648,574,649,501,576,502
576,577,650,575,649,502,503
577,578,504,576,650,651,503
578,577,504,505,651,579,652
579,652,653,506,580,505,578
580,506,507,581,653,654,579
581,507,508,655,654,582,580
582,583,656,508,581,509,655
583,582,656,657,584,510,509
584,583,510,511,657,585,658
585,584,511,658,512,586,659
586,660,659,512,585,587,513
587,660,661,588,513,514,586
588,515,589,662,661,587,514
589,663,590,662,588,515,516
590,663,664,589,517,445,516
591,665,731,664,666,592,517
592,667,666,518,517,591,593
593,519,594,667,592,668,518
594,519,593,668,669,595,520
595,596,521,669,670,594,520
596,595,521,522,671,597,670
597,671,672,522,523,596,598
598,673,672,524,523,597,599
599,673,598,524,600,674,525
600,526,525,675,674,601,599
601,675,600,602,676,526,527
602,676,601,527,528,603,677
603,604,529,678,677,602,528
604,678,679,603,529,605,530
605,604,679,680,606,531,530
606,680,681,532,531,607,605
607,533,532,608,682,681,606
608,682,607,533,1587,1660,1723
609,683,1659,610,534,1586,1512
610,535,611,534,609,683,684
611,535,610,684,685,536,612
612,686,685,536,537,613,611
613,614,687,686,538,537,612
614,539,615,538,688,687,613
615,539,614,688,540,616
616,688,615,540,541,617
617,542,618,541,688,616
618,542,617,619,689,688
619,620,690,543,542,689,618
620,619,690,543,544,691,621
621,620,691,692,622,545,544
622,693,623,546,692,545,621
623,693,622,546,624,547,694
624,625,695,694,623,547,548
625,624,695,549,626,696,548
626,625,549,550,627,696,697
627,697,698,550,551,628,626
628,699,698,627,552,629,551
629,700,699,630,553,552,628
630,553,554,631,700,629,701
631,632,702,630,554,701,555
632,703,702,631,633,555,556
633,634,704,557,632,703,556
634,705,635,633,704,557,558
635,705,634,706,636,559,558
636,706,635,559,560,637,707
637,638,561,636,560,708,707
638,561,562,637,708,639,709
639,562,638,563,640,710,709
640,711,710,563,564,639,641
641,565,642,640,711,564
642,567,922,770,711,565,641,566
643,644,570,922,712,567,568,569
644,643,570,571,645,712
645,571,572,712,644,646
646,573,572,645,712,713,647
647,646,573,713,714,648,574
648,575,574,649,714,715,647
649,650,716,648,575,715,576
650,716,649,576,577,651,717
651,717,718,652,650,577,578
652,579,653,718,651,719,578
653,652,579,719,720,654,580
654,655,581,721,720,653,580
655,654,581,656,722,582,721
656,723,657,582,583,722,655
657,723,656,583,584,724,658
658,725,724,659,657,584,585
659,725,658,726,660,586,585
660,727,726,659,661,587,586
661,728,727,660,662,588,587
662,663,729,728,661,589,588
663,662,729,590,664,730,589
664,731,591,663,590,517,730
665,591,731,788,732,733,666
666,592,667,591,733,665,734
667,592,666,668,735,734,593
668,667,735,736,669,593,594
669,736,668,737,595,670,594
670,738,737,669,595,596,671
671,597,672,596,670,738,739
672,671,597,598,673,740,739
673,598,672,740,599,741,674
674,742,741,675,600,673,599
675,674,600,742,676,743,601
676,677,744,743,675,602,601
677,744,676,745,603,602,678
678,604,679,603,746,745,677
679,678,604,605,746,747,680
680,606,681,748,747,605,679
681,680,606,607,748,682
682,608,607,1723,748,681
683,609,1659,684,749,1722,610
684,611,685,749,683,610
685,612,686,684,611,749
686,613,687,612,685,749
687,614,688,613,686,749
688,614,615,749,908,687,616,689,618,617
689,802,845,880,690,750,619,908,688,618
690,619,620,750,689,691
691,692,751,750,620,690,621
692,693,752,691,751,621,622
693,752,692,753,622,623,694
694,624,695,754,753,693,623
695,624,625,694,696,755,754
696,695,625,756,697,626,755
697,627,698,756,696,757,626
698,697,627,758,699,628,757
699,758,759,700,629,698,628
700,701,760,699,629,759,630
701,760,700,761,630,631,702
702,632,703,631,762,761,701
703,632,702,704,763,762,633
704,633,634,764,763,703,705
705,634,635,706,764,704,765
706,635,636,766,707,705,765
707,708,767,766,706,636,637
708,767,707,768,638,637,709
709,769,768,708,710,638,639
710,640,711,770,769,709,639
711,640,710,770,642,641
712,922,643,645,644,713,771,646
713,771,712,646,647,714
714,715,771,713,647,648
715,771,714,648,649,772,716
716,650,649,717,773,772,715
717,716,773,651,718,774,650
718,775,774,717,651,652,719
719,653,720,652,718,775,776
720,719,653,721,654,776,777
721,778,722,720,654,655,777
722,779,723,656,778,655,721
723,724,780,656,657,779,722
724,723,780,658,725,781,657
725,658,724,659,726,781,782
726,783,782,725,659,727,660
727,661,728,726,660,783,784
728,661,727,662,729,784,785
729,730,786,662,663,728,785
730,729,786,731,787,663,664
731,591,665,788,787,664,730
732,733,790,788,665,836,789
733,732,790,665,666,734,791
734,792,791,735,667,733,666
735,667,668,736,793,734,792
736,668,735,793,794,737,669
737,795,794,736,738,670,669
738,737,795,670,739,796,671
739,796,797,738,672,671,740
740,672,673,798,741,797,739
741,742,674,798,740,799,673
742,741,674,675,800,743,799
743,800,742,676,675,801,744
744,677,676,745,743,801
745,744,677,801,678,746
746,678,679,745,801,747
747,748,801,680,746,679
748,1723,1781,747,801,680,682,681
749,688,908,1651,1999,686,687,685,684,683,1720,1722,1721
750,691,751,690,689,802
751,803,802,691,692,752,750
752,693,692,753,804,803,751
753,754,805,694,752,693,804
754,806,805,753,694,755,695
755,696,756,695,806,807,754
756,696,697,757,755,808,807
757,756,697,698,758,809,808
758,699,759,698,810,757,809
759,758,699,810,811,700,760
760,701,700,811,812,761,759
761,762,702,812,760,813,701
762,763,814,813,761,702,703
763,762,814,764,815,704,703
764,816,815,765,763,704,705
765,817,816,764,766,705,706
766,706,707,767,817,765,818
767,708,707,766,768,819,818
768,767,708,769,820,819,709
769,768,820,709,770,710
770,711,710,993,978,944,895,820,769,642,922
771,713,712,715,714,922,772,821
772,773,821,771,716,715
773,772,821,716,717,774
774,775,822,718,717,773,821
775,822,774,718,719,776,823
776,823,824,777,775,719,720
777,824,776,720,721,778,825
778,779,722,721,825,826,777
779,722,723,780,827,778,826
780,723,724,779,827,781,828
781,780,828,724,725,782,829
782,726,783,781,725,829,830
783,726,782,784,831,727,830
784,831,783,727,728,785,832
785,728,784,832,833,786,729
786,729,730,787,834,833,785
787,834,835,788,731,730,786
788,835,787,665,732,731,836
789,838,837,875,836,790,732
790,839,838,732,733,791,789
791,734,792,790,839,733,840
792,734,791,840,841,735,793
793,842,841,736,735,794,792
794,795,737,793,736,842,843
795,794,737,843,844,738,796
796,739,797,738,795,844
797,796,739,844,798,740
798,844,797,740,741,799
799,798,741,844,800,742
800,844,799,742,743,801
801,879,844,953,747,748,1781,800,743,744,745,746
802,751,803,845,689,750
803,751,802,846,845,804,752
804,805,847,846,753,752,803
805,847,804,754,806,753,848
806,754,805,848,755,807,849
807,849,850,808,756,806,755
808,851,850,807,756,809,757
809,852,810,758,757,808,851
810,759,811,852,809,853,758
811,810,759,760,812,854,853
812,855,813,811,760,761,854
813,814,762,855,812,856,761
814,762,763,815,857,813,856
815,814,857,764,816,858,763
816,764,815,765,817,859,858
817,765,816,859,766,860,818
818,861,819,767,766,860,817
819,861,818,767,768,820
820,861,895,768,769,770,819
821,772,773,771,922,774,822,862
822,775,774,821,862,823
823,776,824,775,862,822
824,823,776,777,863,825,862
825,863,824,778,826,777,864
826,825,778,864,865,827,779
827,779,780,828,866,865,826
828,867,829,780,781,827,866
829,867,828,781,782,830,868
830,831,869,868,782,829,783
831,869,870,832,830,784,783
832,831,870,784,785,871,833
833,872,871,834,832,785,786
834,787,835,873,872,833,786
835,834,787,788,836,874,873
836,874,875,835,789,788,732
837,907,876,789,838,877,875
838,790,839,789,837,877,878
839,790,838,791,878,879,840
840,791,792,841,879,839
841,842,793,840,879,792
842,841,793,794,879,843
843,795,844,879,842,794
844,843,795,879,801,796,797,798,799,800
845,803,846,880,802,689
846,881,880,847,803,845,804
847,805,804,881,882,848,846
848,849,883,806,805,882,847
849,850,884,848,883,807,806
850,849,884,807,851,808,885
851,850,808,886,885,852,809
852,887,853,809,810,886,851
853,854,811,887,888,852,810
854,853,811,855,889,888,812
855,812,813,889,890,854,856
856,813,814,857,855,891,890
857,858,892,814,815,856,891
858,857,892,893,859,816,815
859,817,816,893,858,860,894
860,895,894,859,817,861,818
861,820,895,818,819,860
862,896,863,922,821,822,823,824
863,864,896,862,824,825
864,896,863,865,825,826
865,896,897,864,866,826,827
866,898,897,865,867,828,827
867,828,829,898,866,868,899
868,869,900,830,899,867,829
869,831,870,900,868,830,901
870,869,831,832,901,902,871
871,833,872,903,832,870,902
872,903,904,833,871,834,873
873,904,905,835,874,834,872
874,836,875,906,835,905,873
875,906,907,874,836,837,789
876,907,837,932,953,877
877,878,953,837,838,876
878,877,953,838,839,879
879,844,801,953,840,841,878,839,842,843
880,881,846,908,845,689
881,880,846,847,882,909,908
882,883,910,881,847,909,848
883,910,882,848,849,911,884
884,849,850,885,912,911,883
885,851,886,912,913,850,884
886,851,885,852,887,914,913
887,914,915,888,853,852,886
888,916,915,887,889,854,853
889,916,888,855,890,854,917
890,889,855,891,918,856,917
891,892,919,890,918,857,856
892,857,858,893,920,919,891
893,858,859,892,921,920,894
894,860,895,921,859,893
895,861,820,860,894,944,921,770
896,864,863,865,897,862,922
897,896,865,866,898,922
898,899,923,866,897,922,867
899,923,898,900,924,868,867
900,869,868,899,924,901,925
901,900,869,870,902,926,925
902,926,901,870,927,903,871
903,904,928,872,871,927,902
904,928,903,872,873,905,929
905,904,873,930,929,874,906
906,875,907,874,930,931,905
907,837,876,906,875,931,932
908,909,933,881,749,688,970,982,954,880,689
909,933,910,908,881,882
910,933,909,883,882,934,911
911,934,910,935,912,883,884
912,911,935,885,913,884,936
913,937,936,914,912,885,886
914,938,937,887,915,913,886
915,914,887,916,888,939,938
916,939,940,915,888,917,889
917,940,916,941,889,918,890
918,942,941,919,890,891,917
919,943,920,942,892,891,918
920,943,919,944,921,893,892
921,895,944,920,894,893
922,643,712,567,642,771,821,896,862,770,945,923,897,898
923,899,898,945,922,924
924,899,900,923,945,925
925,946,945,924,900,901,926
926,902,901,925,946,947,927
927,947,948,928,903,926,902
928,929,949,904,903,927,948
929,949,928,950,930,905,904
930,950,929,905,906,931,951
931,932,952,951,930,906,907
932,931,952,876,953,907
933,954,934,909,910,908
934,954,933,910,911,935,955
935,934,911,955,956,936,912
936,913,937,956,957,935,912
937,913,936,957,938,958,914
938,958,959,939,937,914,915
939,959,938,916,940,960,915
940,939,916,960,961,941,917
941,942,962,940,961,918,917
942,941,962,963,919,943,918
943,919,920,942,963,944
944,978,963,770,895,921,943,920
945,922,923,946,925,924,964
946,947,964,945,925,926
947,946,964,927,948,926
948,947,927,928,964,949,965
949,929,928,950,965,948,966
950,951,967,929,930,949,966
951,967,950,952,931,968,930
952,931,932,969,968,951,953
953,932,876,877,878,879,801,952,969,1781
954,933,934,955,970,908
955,970,971,956,935,954,934
956,936,957,955,971,935,972
957,956,936,972,958,973,937
958,938,959,974,973,957,937
959,958,938,939,960,975,974
960,961,976,975,959,939,940
961,960,976,962,977,940,941
962,961,977,941,942,963,978
963,962,978,944,942,943
964,946,947,945,948,979,965
965,979,964,949,948,966
966,950,949,979,965,967
967,951,950,980,979,968,966
968,969,981,952,967,951,980
969,968,981,952,953
970,955,971,982,908,954
971,970,955,972,983,982,956
972,984,983,973,971,956,957
973,958,974,985,984,972,957
974,958,973,986,985,975,959
975,976,960,987,986,974,959
976,960,961,975,988,987,977
977,961,962,978,988,976
978,993,988,770,977,962,963,944
979,964,965,980,967,966
980,979,967,968,981
981,968,969,980
982,989,994,983,971,970,908
983,989,982,972,984,971
984,990,989,985,973,972,983
985,986,974,984,990,991,973
986,985,974,992,991,987,975
987,993,992,986,975,976,988
988,978,993,976,987,977
989,994,982,984,990,983
990,995,994,984,989,985,991
991,992,986,996,995,990,985
992,987,993,991,986,996
993,987,992,978,988,996,770
994,989,982,995,990
995,994,990,996,991
996,992,991,993,995
997,2035,2201,1003,1004,1005,2036
998,2490,2622,2244,1009,1011,1010
999,1016,2003,1017,1000,2247
1000,1019,1018,1001,2247,999,1017
1001,1020,1019,2247,2380,1000,2379
1002,2201,1003,2473,1027,1028
1003,997,1004,1028,1029,2201,1002
1004,1003,997,1005,1030,1031,1029
1005,1004,997,1031,1032,2036,1006
1006,2098,2036,1033,2778,1005,1032
1007,1042,2087,2002,2088,1043,1008
1008,2002,2622,1043,1044,1009,1007
1009,1008,2622,998,1045,1044,1010
1010,998,1009,1046,1047,1045,1011
1011,1048,1047,2244,1012,998,1010
1012,1013,1049,2048,2244,1011,1048
1013,1012,1049,1050,2013,1014,2048
1014,2779,2126,2013,1013,1051,1050
1015,1060,1059,2003,1016,2110,2075
1016,999,2003,1017,1015,1060,1061
1017,1062,1018,999,1016,1061,1000
1018,1062,1017,1000,1019,1064,1063
1019,1020,1001,1000,1018,1064,1065
1020,1066,1065,2379,2250,1019,1001,1021
1021,1022,2213,1020,2250,1066,1067
1022,1021,2213,2307,2780,1068,1067
1023,2772,1070,1124,85,35
1024,2078,1074,2001,2006,1025,1075
1025,1026,2000,1076,2001,1024,1075
1026,1025,2000,1076,1027,1077,2473
1027,1028,1078,1026,1077,1002,2473
1028,1003,1029,1078,1027,1002,1079
1029,1080,1079,1028,1003,1004,1030
1030,1004,1031,1029,1082,1080,1081
1031,1083,1082,1005,1032,1030,1004
1032,1083,1084,1033,1031,1005,1006
1033,1034,1085,1006,2778,1084,1032
1034,1085,1086,1033,2778,2737,1035
1035,2737,2345,1036,1086,1034,1087
1036,2215,1037,1088,1087,2345,1035
1037,2215,1036,1038,2239,1088,1089
1038,1037,2239,2530,1089,2783,1090
1039,1040,2273,1092,1091,2783,2531
1040,1039,2273,1092,2086,1093,1041
1041,1094,1042,2087,1093,1040,2086
1042,1094,1041,2087,1007,1043,1095
1043,1008,1044,1042,1007,1096,1095
1044,1043,1008,1045,1009,1096,1097
1045,1044,1009,1097,1098,1010,1046
1046,1098,1099,1010,1047,1100,1045
1047,1048,1011,1101,1100,1046,1010
1048,1047,1011,1012,1049,1102,1101
1049,1012,1013,1050,1048,1103,1102
1050,1051,1104,1049,1013,1103,1014
1051,1050,1104,1105,1052,2779,1014
1052,1053,1106,2666,2449,1105,1051,2779
1053,1106,1052,2666,1107,1054,2469
1054,1055,1108,2468,1107,1053,2469
1055,1108,1054,2468,1056,1109,2525
1056,2525,1057,1055,1109,1110
1057,2364,2665,1056,2525,1111,1110,1058
1058,1059,1112,2110,2364,1057,1111
1059,1112,1058,1015,1060,1113,2110
1060,1114,1113,1015,1059,1016,1061
1061,1060,1016,1115,1062,1017,1114
1062,1115,1116,1063,1017,1018,1061
1063,1116,1062,1018,1064,1117,1118
1064,1018,1019,1119,1065,1063,1118
1065,1066,1020,1119,1064,1019,1120
1066,1065,1020,1120,1121,1021,1067
1067,1122,1121,1068,1066,1022,1021
1068,1067,1122,2780,1069,1022,1123
1069,86,1123,2780,36,1068
1070,1124,1125,2772,1023,2782,1071
1071,1126,1125,2782,1070,1072,2698
1072,1126,1127,1071,2698,2260,1073
1073,2078,1074,1072,1127,2260,1128
1074,2078,1024,1128,1129,1073,1075
1075,1130,1129,1024,1025,1074,1076
1076,1077,1131,1025,1026,1130,1075
1077,1131,1076,1078,1132,1026,1027
1078,1079,1133,1132,1077,1028,1027
1079,1133,1078,1080,1029,1028,1134
1080,1079,1029,1030,1081,1134,1135
1081,1136,1135,1082,1137,1080,1030
1082,1031,1083,1137,1081,1138,1030
1083,1031,1082,1032,1084,1138,1139
1084,1139,1140,1083,1032,1033,1085
1085,1034,1086,1033,1084,1141,1140
1086,1085,1034,1142,1141,1035,1087
1087,1036,1088,1143,1035,1086,1142
1088,1036,1087,1143,1144,1037,1089
1089,1145,1090,1037,1038,1088,1144
1090,1145,1089,2783,1091,1146,1038
1091,2783,1090,1146,1147,1092,1039
1092,1040,1039,1148,1093,1147,1091
1093,1149,1094,1148,1092,1040,1041
1094,1041,1042,1149,1093,1095,1150
1095,1151,1096,1094,1042,1043,1150
1096,1151,1095,1043,1044,1152,1097
1097,1044,1096,1098,1153,1045,1152
1098,1046,1099,1154,1097,1153,1045
1099,1098,1046,1154,1156,1100,1155
1100,1101,1047,1157,1156,1099,1046
1101,1100,1047,1157,1158,1102,1048
1102,1159,1103,1158,1101,1049,1048
1103,1160,1159,1102,1104,1050,1049
1104,1050,1051,1105,1160,1103,1161
1105,1162,1161,1051,1104,1052,1106
1106,1053,1052,1163,1107,1162,1105
1107,1164,1108,1163,1054,1106,1053
1108,1164,1107,1055,1054,1109,1165
1109,1165,1108,1166,1055,1056,1110
1110,1111,1057,1167,1166,1056,1109
1111,1110,1057,1167,1058,1112,1168
1112,1059,1058,1169,1113,1168,1111
1113,1060,1114,1169,1112,1059,1170
1114,1060,1113,1171,1170,1115,1061
1115,1062,1116,1172,1171,1061,1114
1116,1115,1062,1063,1117,1173,1172
1117,1173,1174,1116,1063,1118,1175
1118,1176,1119,1064,1063,1175,1117
1119,1176,1118,1064,1065,1120,1177
1120,1066,1121,1178,1177,1065,1119
1121,1122,1067,1120,1066,1179,1178
1122,1121,1067,1068,1123,1180,1179
1123,86,1069,199,1180,141,1122,1068
1124,1070,1125,1182,1181,1023,85,140
1125,1124,1070,1071,1126,1183,1182
1126,1072,1127,1071,1125,1184,1183
1127,1185,1184,1126,1072,1073,1128
1128,1074,1129,1186,1073,1127,1185
1129,1128,1074,1130,1075,1187,1186
1130,1129,1075,1187,1131,1188,1076
1131,1077,1076,1132,1189,1188,1130
1132,1131,1189,1078,1077,1190,1133
1133,1079,1078,1134,1191,1132,1190
1134,1133,1191,1079,1192,1135,1080
1135,1081,1136,1193,1192,1134,1080
1136,1081,1135,1194,1193,1137,1195
1137,1196,1138,1082,1081,1136,1195
1138,1196,1137,1082,1197,1139,1083
1139,1084,1140,1197,1138,1083,1198
1140,1139,1084,1199,1198,1085,1141
1141,1086,1142,1200,1199,1085,1140
1142,1086,1141,1143,1201,1200,1087
1143,1202,1201,1142,1088,1087,1144
1144,1145,1203,1202,1088,1143,1089
1145,1146,1204,1144,1203,1089,1090
1146,1145,1204,1205,1147,1091,1090
1147,1205,1146,1206,1148,1092,1091
1148,1206,1207,1092,1093,1147,1149
1149,1208,1207,1150,1093,1094,1148
1150,1149,1208,1094,1095,1151,1209
1151,1095,1096,1152,1210,1209,1150
1152,1211,1210,1151,1096,1153,1097
1153,1152,1211,1212,1097,1098,1154
1154,1099,1098,1213,1212,1155,1153
1155,1214,1213,1215,1156,1154,1099
1156,1216,1215,1155,1157,1099,1100
1157,1158,1217,1101,1216,1156,1100
1158,1157,1217,1101,1159,1218,1102
1159,1160,1103,1102,1219,1158,1218
1160,1159,1103,1219,1220,1161,1104
1161,1162,1105,1220,1160,1221,1104
1162,1161,1105,1222,1221,1163,1106
1163,1164,1223,1222,1107,1106,1162
1164,1107,1108,1223,1163,1165,1224
1165,1109,1108,1166,1164,1224,1225
1166,1165,1109,1167,1226,1110,1225
1167,1168,1227,1226,1110,1111,1166
1168,1167,1227,1169,1112,1228,1111
1169,1229,1228,1112,1113,1168,1170
1170,1171,1230,1229,1114,1113,1169
1171,1230,1170,1231,1172,1115,1114
1172,1232,1173,1171,1231,1116,1115
1173,1117,1174,1233,1232,1116,1172
1174,1173,1117,1234,1233,1175,1235
1175,1176,1236,1118,1117,1174,1235
1176,1118,1119,1237,1177,1236,1175
1177,1238,1178,1237,1120,1176,1119
1178,1238,1177,1179,1121,1120,1239
1179,1180,1240,1178,1121,1122,1239
1180,1240,1241,199,1123,1179,1122
1181,1124,1182,1242,198,140
1182,1124,1181,1242,1183,1243,1125
1183,1243,1182,1244,1125,1126,1184
1184,1185,1127,1245,1126,1244,1183
1185,1184,1127,1245,1246,1128,1186
1186,1187,1247,1128,1129,1246,1185
1187,1186,1247,1129,1130,1248,1188
1188,1189,1131,1130,1249,1248,1187
1189,1131,1132,1188,1249,1250,1190
1190,1191,1251,1250,1189,1132,1133
1191,1251,1190,1133,1134,1192,1252
1192,1135,1193,1252,1191,1253,1134
1193,1135,1192,1136,1194,1253,1254
1194,1255,1254,1195,1256,1136,1193
1195,1196,1257,1256,1194,1137,1136
1196,1137,1138,1258,1257,1195,1197
1197,1196,1138,1139,1259,1258,1198
1198,1140,1199,1259,1197,1139,1260
1199,1140,1198,1200,1141,1261,1260
1200,1262,1261,1201,1199,1141,1142
1201,1143,1202,1262,1263,1200,1142
1202,1143,1201,1263,1144,1203,1264
1203,1144,1145,1202,1264,1204,1265
1204,1145,1146,1205,1266,1265,1203
1205,1266,1204,1206,1267,1146,1147
1206,1207,1268,1267,1205,1148,1147
1207,1206,1268,1269,1208,1149,1148
1208,1207,1149,1150,1270,1209,1269
1209,1270,1208,1151,1150,1210,1271
1210,1211,1152,1151,1271,1272,1209
1211,1210,1152,1273,1272,1212,1153
1212,1274,1273,1211,1154,1213,1153
1213,1214,1275,1274,1155,1154,1212
1214,1275,1213,1155,1215,1277,1276
1215,1155,1214,1277,1278,1156,1216
1216,1156,1215,1278,1279,1157,1217
1217,1157,1158,1280,1279,1218,1216
1218,1158,1159,1281,1280,1219,1217
1219,1220,1282,1160,1159,1281,1218
1220,1219,1282,1283,1160,1161,1221
1221,1222,1162,1220,1283,1284,1161
1222,1221,1162,1285,1223,1284,1163
1223,1224,1286,1285,1222,1164,1163
1224,1286,1223,1164,1165,1287,1225
1225,1226,1288,1287,1224,1165,1166
1226,1288,1225,1227,1167,1166,1289
1227,1290,1228,1167,1168,1226,1289
1228,1229,1169,1290,1227,1168,1291
1229,1228,1169,1291,1292,1230,1170
1230,1171,1170,1231,1292,1229,1293
1231,1294,1293,1230,1171,1172,1232
1232,1233,1173,1295,1172,1231,1294
1233,1232,1173,1174,1234,1295,1296
1234,1174,1233,1235,1298,1296,1297
1235,1234,1298,1299,1236,1175,1174
1236,1300,1237,1176,1175,1299,1235
1237,1238,1301,1177,1176,1300,1236
1238,1301,1237,1177,1178,1302,1239
1239,1302,1238,1179,1240,1178,1303
1240,1180,1241,1179,1304,1303,1239
1241,1240,1180,199,260,1304
1242,198,1305,1181,1182,1243,1306
1243,1306,1242,1183,1182,1244,1307
1244,1184,1245,1183,1243,1307,1308
1245,1246,1309,1184,1185,1244,1308
1246,1309,1245,1185,1186,1247,1310
1247,1186,1187,1246,1310,1248,1311
1248,1312,1311,1247,1187,1188,1249
1249,1189,1188,1250,1248,1312,1313
1250,1249,1189,1313,1314,1190,1251
1251,1191,1190,1252,1315,1250,1314
1252,1192,1191,1253,1316,1315,1251
1253,1317,1316,1254,1252,1192,1193
1254,1194,1255,1317,1318,1253,1193
1255,1194,1254,1256,1320,1319,1318
1256,1321,1320,1257,1195,1194,1255
1257,1196,1258,1195,1321,1256,1322
1258,1196,1257,1322,1197,1259,1323
1259,1324,1323,1260,1197,1258,1198
1260,1324,1259,1325,1261,1199,1198
1261,1200,1262,1260,1325,1326,1199
1262,1263,1327,1201,1200,1261,1326
1263,1327,1262,1201,1202,1328,1264
1264,1328,1263,1203,1202,1265,1329
1265,1204,1266,1203,1264,1329,1330
1266,1331,1267,1205,1204,1265,1330
1267,1331,1266,1206,1205,1268,1332
1268,1206,1207,1269,1267,1332,1333
1269,1268,1207,1208,1270,1333,1334
1270,1208,1209,1269,1271,1335,1334
1271,1336,1335,1210,1272,1270,1209
1272,1271,1210,1211,1273,1336,1337
1273,1211,1272,1337,1338,1212,1274
1274,1212,1273,1339,1338,1213,1275
1275,1339,1340,1276,1214,1213,1274
1276,1340,1275,1342,1341,1277,1214
1277,1343,1342,1276,1214,1215,1278
1278,1277,1215,1343,1279,1344,1216
1279,1344,1278,1345,1280,1217,1216
1280,1281,1346,1345,1279,1218,1217
1281,1282,1347,1280,1346,1218,1219
1282,1219,1220,1281,1347,1283,1348
1283,1220,1282,1221,1348,1284,1349
1284,1285,1350,1283,1349,1221,1222
1285,1286,1351,1284,1350,1222,1223
1286,1351,1285,1352,1224,1223,1287
1287,1352,1286,1353,1288,1224,1225
1288,1226,1225,1354,1353,1287,1289
1289,1290,1355,1354,1288,1227,1226
1290,1227,1228,1356,1355,1289,1291
1291,1290,1228,1229,1292,1357,1356
1292,1291,1229,1357,1293,1358,1230
1293,1359,1358,1231,1294,1292,1230
1294,1360,1359,1231,1293,1232,1295
1295,1232,1233,1361,1296,1294,1360
1296,1362,1297,1234,1233,1361,1295
1297,1362,1296,1364,1363,1234,1298
1298,1365,1299,1234,1235,1297,1364
1299,1365,1298,1366,1235,1236,1300
1300,1301,1367,1366,1236,1237,1299
1301,1368,1367,1300,1238,1237,1302
1302,1238,1239,1303,1369,1301,1368
1303,1302,1369,1304,1240,1239,1370
1304,260,324,391,1303,1240,1241,1370
1305,1371,323,198,1242,259,1306,1372
1306,1373,1372,1243,1242,1307,1305
1307,1373,1306,1243,1244,1374,1308
1308,1375,1309,1374,1245,1307,1244
1309,1246,1245,1310,1376,1375,1308
1310,1376,1309,1247,1246,1377,1311
1311,1248,1312,1310,1377,1378,1247
1312,1379,1378,1248,1311,1313,1249
1313,1250,1314,1379,1380,1312,1249
1314,1313,1250,1315,1381,1380,1251
1315,1382,1381,1316,1314,1252,1251
1316,1382,1383,1315,1253,1317,1252
1317,1384,1383,1253,1316,1254,1318
1318,1317,1254,1319,1385,1384,1255
1319,1385,1386,1318,1387,1255,1320
1320,1256,1321,1255,1319,1388,1387
1321,1256,1320,1257,1322,1388,1389
1322,1258,1257,1321,1389,1323,1390
1323,1324,1259,1390,1391,1258,1322
1324,1323,1259,1260,1391,1325,1392
1325,1260,1324,1261,1393,1392,1326
1326,1394,1393,1327,1262,1261,1325
1327,1263,1262,1328,1394,1395,1326
1328,1263,1264,1327,1395,1396,1329
1329,1330,1397,1396,1265,1264,1328
1330,1397,1329,1398,1265,1266,1331
1331,1266,1267,1332,1399,1398,1330
1332,1399,1331,1400,1267,1268,1333
1333,1334,1401,1268,1332,1269,1400
1334,1401,1333,1335,1270,1269,1402
1335,1271,1336,1403,1334,1270,1402
1336,1271,1335,1337,1404,1272,1403
1337,1404,1336,1273,1272,1405,1338
1338,1337,1405,1273,1406,1274,1339
1339,1275,1340,1407,1406,1274,1338
1340,1339,1275,1276,1407,1341,1408
1341,1409,1408,1340,1276,1342,1410
1342,1343,1277,1411,1276,1341,1410
1343,1342,1277,1411,1278,1344,1412
1344,1413,1345,1279,1278,1343,1412
1345,1413,1344,1280,1346,1279,1414
1346,1414,1415,1347,1280,1281,1345
1347,1281,1282,1415,1346,1416,1348
1348,1416,1347,1283,1282,1417,1349
1349,1350,1418,1283,1284,1417,1348
1350,1418,1419,1284,1285,1351,1349
1351,1286,1285,1352,1350,1420,1419
1352,1351,1286,1287,1353,1420,1421
1353,1352,1287,1422,1421,1288,1354
1354,1288,1353,1289,1355,1423,1422
1355,1356,1290,1289,1424,1423,1354
1356,1355,1290,1357,1291,1425,1424
1357,1358,1426,1356,1291,1425,1292
1358,1293,1359,1426,1357,1427,1292
1359,1293,1358,1294,1360,1428,1427
1360,1294,1359,1428,1429,1295,1361
1361,1295,1296,1362,1360,1430,1429
1362,1296,1297,1361,1363,1431,1430
1363,1364,1297,1433,1432,1362,1431
1364,1363,1297,1365,1434,1298,1433
1365,1298,1299,1366,1435,1364,1434
1366,1300,1367,1365,1299,1436,1435
1367,1301,1368,1300,1366,1436,1437
1368,1369,1438,1301,1367,1302,1437
1369,1368,1438,1302,1303,1439,1370
1370,1439,1440,391,1303,1304,1369
1371,323,1305,390,1372,1441
1372,1373,1306,1442,1305,1371,1441
1373,1372,1306,1442,1307,1374,1443
1374,1308,1375,1307,1373,1443,1444
1375,1308,1309,1374,1444,1445,1376
1376,1310,1309,1446,1445,1375,1377
1377,1378,1447,1446,1310,1376,1311
1378,1448,1447,1377,1379,1312,1311
1379,1378,1312,1448,1449,1313,1380
1380,1381,1450,1379,1313,1449,1314
1381,1315,1382,1380,1450,1451,1314
1382,1315,1381,1383,1452,1451,1316
1383,1384,1317,1452,1382,1316,1453
1384,1383,1317,1453,1318,1454,1385
1385,1319,1386,1318,1384,1454,1455
1386,1456,1457,1385,1319,1387,1455
1387,1458,1457,1386,1388,1319,1320
1388,1389,1459,1321,1458,1387,1320
1389,1459,1460,1388,1321,1322,1390
1390,1323,1391,1461,1460,1389,1322
1391,1461,1462,1392,1390,1323,1324
1392,1463,1393,1462,1391,1324,1325
1393,1464,1463,1392,1326,1394,1325
1394,1326,1393,1465,1395,1464,1327
1395,1465,1466,1394,1396,1327,1328
1396,1397,1467,1466,1395,1329,1328
1397,1396,1467,1468,1398,1330,1329
1398,1468,1397,1399,1469,1331,1330
1399,1469,1398,1332,1331,1400,1470
1400,1401,1471,1399,1332,1470,1333
1401,1400,1471,1334,1333,1472,1402
1402,1403,1473,1335,1401,1334,1472
1403,1402,1473,1336,1404,1335,1474
1404,1337,1336,1405,1403,1474,1475
1405,1404,1337,1338,1475,1476,1406
1406,1407,1477,1476,1405,1339,1338
1407,1477,1406,1339,1340,1478,1408
1408,1341,1409,1340,1479,1478,1407
1409,1341,1408,1480,1479,1410,1481
1410,1481,1482,1411,1342,1409,1341
1411,1483,1482,1343,1342,1410,1412
1412,1344,1343,1413,1484,1483,1411
1413,1485,1484,1344,1345,1414,1412
1414,1346,1415,1486,1485,1413,1345
1415,1414,1346,1486,1487,1347,1416
1416,1415,1347,1348,1488,1487,1417
1417,1489,1418,1488,1416,1348,1349
1418,1350,1419,1489,1417,1349,1490
1419,1418,1350,1420,1351,1490,1491
1420,1419,1351,1352,1491,1492,1421
1421,1353,1422,1352,1493,1492,1420
1422,1353,1421,1423,1354,1494,1493
1423,1424,1495,1355,1354,1422,1494
1424,1425,1496,1423,1495,1356,1355
1425,1426,1497,1496,1424,1357,1356
1426,1358,1357,1498,1497,1425,1427
1427,1359,1428,1358,1426,1499,1498
1428,1500,1499,1360,1429,1359,1427
1429,1501,1500,1428,1360,1430,1361
1430,1502,1501,1429,1362,1431,1361
1431,1503,1432,1363,1362,1430,1502
1432,1503,1431,1433,1363,1505,1504
1433,1432,1363,1506,1505,1364,1434
1434,1364,1365,1435,1507,1506,1433
1435,1366,1365,1436,1434,1508,1507
1436,1509,1437,1367,1366,1435,1508
1437,1509,1436,1367,1368,1438,1510
1438,1368,1369,1439,1510,1511,1437
1439,1370,1440,1369,1438,1512,1511
1440,1439,1370,391,461,1512
1441,1442,1514,1513,390,1372,1371
1442,1514,1441,1372,1373,1443,1515
1443,1374,1373,1442,1515,1516,1444
1444,1445,1517,1375,1516,1374,1443
1445,1446,1518,1517,1444,1376,1375
1446,1518,1445,1376,1519,1377,1447
1447,1378,1448,1377,1446,1519,1520
1448,1378,1447,1520,1521,1449,1379
1449,1521,1448,1379,1522,1450,1380
1450,1380,1381,1523,1522,1449,1451
1451,1523,1524,1450,1381,1382,1452
1452,1525,1524,1383,1382,1451,1453
1453,1383,1384,1526,1454,1452,1525
1454,1526,1453,1384,1385,1527,1455
1455,1386,1385,1454,1527,1528,1456
1456,1386,1457,1529,1528,1530,1455
1457,1456,1386,1387,1458,1530,1531
1458,1387,1457,1531,1532,1388,1459
1459,1389,1460,1388,1533,1532,1458
1460,1461,1534,1459,1389,1390,1533
1461,1391,1462,1534,1460,1390,1535
1462,1461,1391,1392,1536,1535,1463
1463,1393,1464,1392,1462,1536,1537
1464,1393,1463,1465,1538,1537,1394
1465,1395,1466,1538,1464,1394,1539
1466,1465,1395,1396,1467,1540,1539
1467,1396,1397,1466,1468,1541,1540
1468,1397,1398,1469,1542,1467,1541
1469,1399,1398,1542,1468,1470,1543
1470,1399,1469,1544,1543,1400,1471
1471,1400,1401,1545,1544,1470,1472
1472,1401,1471,1545,1546,1402,1473
1473,1402,1403,1547,1546,1474,1472
1474,1475,1548,1547,1473,1403,1404
1475,1548,1474,1404,1405,1476,1549
1476,1475,1405,1549,1477,1550,1406
1477,1407,1406,1478,1551,1476,1550
1478,1477,1551,1552,1479,1407,1408
1479,1480,1409,1553,1552,1478,1408
1480,1479,1409,1481,1554,1553
1481,1410,1482,1554,1480,1555,1409
1482,1481,1410,1483,1411,1555,1556
1483,1482,1411,1557,1556,1412,1484
1484,1413,1485,1558,1557,1412,1483
1485,1413,1484,1414,1486,1559,1558
1486,1415,1487,1414,1560,1559,1485
1487,1486,1415,1561,1488,1560,1416
1488,1562,1561,1417,1489,1487,1416
1489,1563,1490,1417,1418,1488,1562
1490,1563,1489,1419,1491,1564,1418
1491,1490,1419,1420,1565,1564,1492
1492,1420,1491,1421,1493,1566,1565
1493,1566,1567,1422,1494,1421,1492
1494,1568,1567,1495,1422,1493,1423
1495,1569,1568,1496,1423,1424,1494
1496,1495,1569,1425,1424,1497,1570
1497,1498,1426,1425,1570,1571,1496
1498,1497,1426,1499,1427,1572,1571
1499,1500,1428,1498,1427,1572,1573
1500,1499,1428,1429,1501,1574,1573
1501,1430,1502,1429,1500,1575,1574
1502,1430,1501,1503,1576,1575,1431
1503,1431,1432,1502,1576,1504,1577
1504,1579,1578,1505,1432,1503,1577
1505,1580,1579,1506,1504,1432,1433
1506,1581,1580,1507,1434,1505,1433
1507,1508,1582,1506,1434,1435,1581
1508,1582,1507,1436,1509,1583,1435
1509,1436,1437,1510,1584,1583,1508
1510,1584,1509,1438,1511,1585,1437
1511,1512,1586,1585,1510,1438,1439
1512,1511,1586,609,534,1440,461,1439
1513,533,460,390,1441,1588,1587,1514
1514,1589,1588,1442,1441,1513,1515
1515,1516,1590,1589,1514,1442,1443
1516,1590,1515,1443,1444,1517,1591
1517,1518,1592,1445,1444,1516,1591
1518,1446,1445,1517,1592,1519,1593
1519,1520,1594,1518,1446,1593,1447
1520,1448,1521,1595,1519,1594,1447
1521,1520,1448,1595,1449,1522,1596
1522,1450,1523,1597,1596,1521,1449
1523,1451,1524,1598,1450,1522,1597
1524,1525,1452,1523,1451,1598,1599
1525,1524,1452,1526,1600,1599,1453
1526,1525,1600,1453,1454,1527,1601
1527,1602,1601,1526,1454,1455,1528
1528,1529,1456,1603,1455,1602,1527
1529,1528,1456,1603,1605,1530,1604
1530,1457,1531,1456,1606,1605,1529
1531,1607,1532,1458,1606,1530,1457
1532,1607,1531,1458,1459,1533,1608
1533,1609,1534,1460,1459,1532,1608
1534,1461,1460,1609,1533,1610,1535
1535,1536,1462,1461,1534,1610,1611
1536,1535,1462,1463,1611,1537,1612
1537,1538,1464,1536,1463,1612,1613
1538,1614,1613,1465,1464,1537,1539
1539,1615,1614,1538,1540,1466,1465
1540,1467,1541,1616,1615,1539,1466
1541,1616,1617,1542,1468,1467,1540
1542,1469,1468,1618,1617,1543,1541
1543,1619,1618,1542,1470,1544,1469
1544,1545,1471,1470,1543,1620,1619
1545,1544,1471,1620,1472,1546,1621
1546,1622,1621,1473,1547,1545,1472
1547,1623,1622,1473,1546,1548,1474
1548,1475,1474,1623,1547,1624,1549
1549,1625,1624,1548,1475,1550,1476
1550,1625,1549,1476,1477,1551,1626
1551,1477,1478,1552,1626,1550
1552,1479,1553,1551,1478,1626
1553,1479,1552,1554,1480,1626,1813,1627
1554,1481,1480,1555,1553,1627
1555,1482,1481,1554,1628,1627,1556
1556,1483,1557,1629,1628,1482,1555
1557,1483,1556,1629,1630,1558,1484
1558,1631,1630,1557,1559,1484,1485
1559,1632,1631,1560,1486,1558,1485
1560,1633,1632,1559,1486,1561,1487
1561,1488,1562,1487,1634,1633,1560
1562,1488,1561,1635,1563,1634,1489
1563,1489,1490,1635,1562,1564,1636
1564,1563,1490,1491,1565,1637,1636
1565,1637,1638,1566,1491,1564,1492
1566,1493,1567,1639,1638,1565,1492
1567,1494,1568,1640,1639,1566,1493
1568,1494,1567,1641,1640,1569,1495
1569,1568,1495,1496,1570,1642,1641
1570,1643,1642,1497,1571,1569,1496
1571,1572,1644,1570,1497,1498,1643
1572,1571,1644,1499,1498,1573,1645
1573,1574,1646,1645,1500,1499,1572
1574,1647,1646,1573,1500,1501,1575
1575,1576,1502,1501,1574,1648,1647
1576,1649,1648,1502,1503,1577,1575
1577,1649,1576,1503,1504,1578,1650
1578,1579,1504,1651,1577,1650
1579,1578,1504,1580,1505,1651,1652
1580,1506,1581,1579,1505,1653,1652
1581,1506,1580,1582,1654,1507,1653
1582,1508,1507,1655,1654,1583,1581
1583,1509,1584,1656,1655,1508,1582
1584,1657,1656,1510,1509,1583,1585
1585,1586,1511,1584,1510,1658,1657
1586,1659,1658,1511,1512,609,1585
1587,608,533,1660,1513,1588
1588,1589,1514,1661,1513,1587,1660
1589,1588,1514,1661,1515,1590,1662
1590,1516,1515,1662,1663,1589,1591
1591,1663,1590,1664,1592,1517,1516
1592,1517,1518,1593,1665,1664,1591
1593,1592,1665,1666,1518,1519,1594
1594,1667,1666,1519,1520,1595,1593
1595,1596,1668,1520,1521,1667,1594
1596,1595,1668,1522,1597,1521,1669
1597,1522,1596,1669,1523,1598,1670
1598,1671,1599,1524,1523,1670,1597
1599,1672,1671,1598,1524,1525,1600
1600,1673,1672,1525,1526,1601,1599
1601,1674,1673,1527,1602,1526,1600
1602,1527,1601,1674,1675,1603,1528
1603,1675,1676,1529,1528,1604,1602
1604,1678,1677,1676,1605,1603,1529
1605,1679,1606,1678,1604,1529,1530
1606,1679,1680,1531,1607,1605,1530
1607,1531,1532,1606,1608,1681,1680
1608,1607,1681,1532,1533,1682,1609
1609,1533,1534,1610,1683,1682,1608
1610,1684,1611,1609,1534,1683,1535
1611,1684,1610,1612,1685,1536,1535
1612,1686,1685,1611,1536,1537,1613
1613,1686,1687,1538,1614,1612,1537
1614,1538,1613,1615,1539,1687,1688
1615,1614,1539,1689,1688,1540,1616
1616,1689,1690,1541,1617,1540,1615
1617,1616,1541,1690,1618,1691,1542
1618,1543,1619,1692,1691,1617,1542
1619,1620,1693,1543,1618,1692,1544
1620,1619,1693,1544,1545,1694,1621
1621,1622,1546,1620,1545,1694,1695
1622,1623,1547,1621,1546,1696,1695
1623,1622,1547,1548,1696,1697,1624
1624,1549,1625,1697,1623,1548
1625,1549,1624,1550,1697,1626
1626,1697,1813,1551,1550,1625,1552,1553
1627,1628,1698,1760,1813,1555,1554,1553
1628,1698,1627,1555,1556,1629
1629,1556,1628,1557,1630,1699,1698
1630,1631,1700,1558,1557,1629,1699
1631,1559,1632,1630,1700,1558,1701
1632,1559,1631,1702,1701,1633,1560
1633,1632,1560,1702,1703,1634,1561
1634,1703,1704,1633,1561,1562,1635
1635,1704,1705,1562,1563,1634,1636
1636,1705,1706,1637,1563,1564,1635
1637,1565,1638,1706,1636,1564,1707
1638,1637,1565,1566,1708,1639,1707
1639,1640,1567,1566,1708,1638,1709
1640,1639,1567,1641,1568,1709,1710
1641,1640,1568,1642,1569,1711,1710
1642,1643,1570,1711,1712,1569,1641
1643,1713,1712,1642,1570,1644,1571
1644,1571,1572,1643,1713,1714,1645
1645,1573,1646,1715,1714,1644,1572
1646,1647,1574,1573,1716,1645,1715
1647,1646,1574,1648,1717,1716,1575
1648,1717,1647,1576,1649,1575,1718
1649,1719,1650,1576,1648,1577,1718
1650,1719,1649,1578,1577,1651
1651,749,1999,1720,1652,1579,1578,1650,1719,1780,1832
1652,1651,1720,1653,1579,1580
1653,1654,1720,1581,1652,1580
1654,1655,1720,1582,1581,1653
1655,1654,1720,1582,1583,1656
1656,1657,1584,1583,1720,1655
1657,1656,1584,1658,1585,1720,1721
1658,1659,1586,1722,1657,1585,1721
1659,1658,1586,609,683,1722
1660,608,1587,1723,1588,1661,1724
1661,1589,1588,1725,1724,1660,1662
1662,1590,1663,1661,1589,1726,1725
1663,1726,1727,1662,1590,1591,1664
1664,1592,1665,1591,1663,1727,1728
1665,1592,1593,1666,1728,1729,1664
1666,1667,1594,1665,1593,1729,1730
1667,1668,1731,1666,1594,1595,1730
1668,1731,1667,1595,1596,1732,1669
1669,1670,1733,1668,1596,1597,1732
1670,1734,1733,1598,1671,1669,1597
1671,1735,1672,1599,1598,1670,1734
1672,1735,1671,1599,1736,1600,1673
1673,1600,1672,1674,1601,1736,1737
1674,1673,1601,1602,1675,1737,1738
1675,1676,1739,1603,1674,1602,1738
1676,1675,1739,1677,1740,1603,1604
1677,1676,1740,1678,1742,1604,1741
1678,1679,1743,1742,1677,1604,1605
1679,1743,1678,1606,1680,1605,1744
1680,1679,1606,1607,1745,1744,1681
1681,1607,1608,1680,1745,1746,1682
1682,1683,1747,1608,1609,1681,1746
1683,1748,1684,1610,1609,1682,1747
1684,1610,1611,1748,1683,1749,1685
1685,1750,1686,1749,1612,1611,1684
1686,1613,1687,1750,1685,1751,1612
1687,1686,1613,1752,1751,1614,1688
1688,1615,1689,1614,1753,1687,1752
1689,1616,1690,1615,1688,1754,1753
1690,1755,1691,1689,1616,1617,1754
1691,1755,1690,1756,1692,1618,1617
1692,1756,1691,1619,1618,1693,1757
1693,1619,1620,1694,1758,1757,1692
1694,1758,1693,1695,1759,1620,1621
1695,1759,1694,1621,1696,1622
1696,1759,1695,1697,1623,1622
1697,1626,1813,1696,1759,1623,1624,1625
1698,1628,1627,1699,1760,1629
1699,1760,1698,1700,1761,1630,1629
1700,1701,1762,1630,1631,1699,1761
1701,1632,1702,1700,1762,1631,1763
1702,1632,1701,1703,1764,1633,1763
1703,1702,1764,1704,1765,1633,1634
1704,1635,1705,1766,1765,1703,1634
1705,1704,1635,1636,1706,1767,1766
1706,1705,1636,1637,1768,1707,1767
1707,1637,1638,1768,1769,1706,1708
1708,1638,1639,1707,1709,1770,1769
1709,1771,1710,1640,1639,1708,1770
1710,1771,1709,1711,1641,1640,1772
1711,1712,1773,1642,1641,1710,1772
1712,1643,1713,1773,1711,1774,1642
1713,1643,1712,1644,1774,1775,1714
1714,1776,1775,1645,1715,1713,1644
1715,1645,1714,1777,1716,1776,1646
1716,1646,1647,1717,1778,1777,1715
1717,1648,1647,1778,1716,1718,1779
1718,1719,1780,1779,1649,1648,1717
1719,1649,1650,1780,1718,1651
1720,1654,1655,1651,749,1721,1657,1656,1653,1652
1721,1720,749,1658,1722,1657
1722,1659,1658,683,749,1721
1723,748,1781,1724,682,1660,608
1724,1725,1781,1723,1661,1660
1725,1724,1781,1726,1661,1662
1726,1725,1781,1663,1727,1662
1727,1726,1663,1781,1782,1728,1664
1728,1665,1729,1782,1727,1664,1783
1729,1728,1665,1666,1730,1784,1783
1730,1731,1785,1729,1666,1784,1667
1731,1668,1667,1785,1730,1786,1732
1732,1787,1733,1786,1731,1668,1669
1733,1734,1670,1787,1732,1669,1788
1734,1733,1670,1671,1788,1789,1735
1735,1671,1672,1736,1789,1734,1790
1736,1735,1672,1790,1791,1673,1737
1737,1792,1791,1736,1673,1674,1738
1738,1793,1792,1739,1674,1675,1737
1739,1675,1676,1738,1793,1794,1740
1740,1676,1677,1795,1794,1739,1741
1741,1677,1742,1740,1796,1795,1797
1742,1678,1677,1741,1743,1798,1797
1743,1679,1678,1744,1799,1742,1798
1744,1800,1799,1743,1680,1745,1679
1745,1801,1800,1680,1744,1746,1681
1746,1747,1802,1745,1801,1681,1682
1747,1746,1802,1803,1748,1682,1683
1748,1803,1747,1749,1804,1683,1684
1749,1748,1804,1685,1750,1684,1805
1750,1806,1805,1685,1686,1751,1749
1751,1752,1687,1686,1806,1750,1807
1752,1751,1687,1807,1753,1808,1688
1753,1808,1752,1809,1754,1689,1688
1754,1755,1810,1809,1753,1689,1690
1755,1690,1691,1756,1811,1754,1810
1756,1811,1755,1691,1692,1812,1757
1757,1758,1813,1812,1693,1692,1756
1758,1694,1693,1813,1757,1759
1759,1695,1694,1758,1813,1696,1697
1760,1699,1698,1859,1813,1627,1761,1814
1761,1699,1700,1760,1814,1762
1762,1763,1815,1700,1701,1814,1761
1763,1762,1815,1816,1764,1702,1701
1764,1702,1703,1763,1816,1765,1817
1765,1817,1818,1704,1766,1703,1764
1766,1704,1765,1819,1767,1818,1705
1767,1819,1766,1820,1705,1706,1768
1768,1820,1821,1707,1769,1706,1767
1769,1770,1822,1821,1768,1707,1708
1770,1769,1822,1708,1709,1771,1823
1771,1709,1710,1770,1772,1824,1823
1772,1773,1825,1824,1711,1710,1771
1773,1826,1825,1772,1712,1711,1774
1774,1713,1775,1826,1773,1827,1712
1775,1714,1776,1828,1774,1713,1827
1776,1714,1775,1828,1829,1777,1715
1777,1830,1829,1715,1716,1778,1776
1778,1831,1830,1779,1717,1716,1777
1779,1780,1718,1831,1778,1832,1717
1780,1719,1718,1779,1832,1651
1781,1724,1725,748,1723,1726,1727,801,953,1876,1985,1782,1833
1782,1783,1833,1727,1781,1728
1783,1782,1833,1784,1728,1729
1784,1833,1783,1729,1730,1785
1785,1731,1730,1833,1786,1784
1786,1833,1785,1787,1732,1731
1787,1732,1733,1786,1788,1834,1833
1788,1789,1835,1834,1787,1733,1734
1789,1835,1788,1790,1836,1734,1735
1790,1789,1836,1736,1791,1837,1735
1791,1790,1736,1837,1838,1737,1792
1792,1738,1793,1839,1838,1737,1791
1793,1794,1840,1738,1792,1739,1839
1794,1793,1840,1795,1740,1739,1841
1795,1794,1740,1842,1796,1841,1741
1796,1842,1795,1843,1741,1797,1844
1797,1844,1845,1796,1741,1798,1742
1798,1799,1846,1742,1743,1845,1797
1799,1744,1800,1846,1798,1743,1847
1800,1744,1799,1745,1801,1848,1847
1801,1849,1848,1745,1800,1746,1802
1802,1746,1747,1850,1803,1801,1849
1803,1851,1850,1747,1748,1802,1804
1804,1748,1749,1805,1852,1851,1803
1805,1806,1750,1804,1852,1749,1853
1806,1805,1750,1751,1807,1854,1853
1807,1855,1808,1751,1752,1806,1854
1808,1855,1807,1809,1856,1753,1752
1809,1856,1808,1753,1810,1857,1754
1810,1857,1858,1809,1754,1755,1811
1811,1756,1755,1810,1812,1858
1812,1858,1811,1757,1813,1756
1813,1697,1626,1858,1895,1859,1924,1946,1758,1757,1812,1760,1759,1627,1553
1814,1761,1760,1762,1815,1859
1815,1762,1763,1816,1814,1859,1860
1816,1815,1763,1764,1860,1861,1817
1817,1765,1818,1764,1862,1861,1816
1818,1817,1765,1766,1863,1819,1862
1819,1766,1767,1820,1863,1818,1864
1820,1768,1821,1864,1865,1819,1767
1821,1820,1768,1822,1769,1866,1865
1822,1769,1770,1867,1866,1821,1823
1823,1868,1867,1771,1824,1770,1822
1824,1772,1825,1869,1771,1823,1868
1825,1826,1870,1773,1772,1869,1824
1826,1870,1825,1827,1871,1773,1774
1827,1872,1871,1826,1774,1775,1828
1828,1776,1829,1775,1873,1872,1827
1829,1830,1777,1874,1873,1828,1776
1830,1829,1777,1778,1831,1875,1874
1831,1778,1830,1779,1832,1875
1832,1780,1779,1651,1831,1875,1910,1937,1999,1958
1833,1782,1783,1784,1785,1786,1876,1834,1781,1787
1834,1876,1835,1788,1833,1787
1835,1876,1834,1789,1788,1836
1836,1837,1876,1789,1790,1835
1837,1836,1876,1791,1838,1790
1838,1792,1839,1877,1837,1791,1876
1839,1792,1838,1877,1793,1878,1840
1840,1793,1794,1841,1879,1839,1878
1841,1840,1879,1794,1795,1842,1880
1842,1795,1796,1843,1841,1881,1880
1843,1842,1796,1882,1881,1844,1883
1844,1797,1845,1884,1883,1796,1843
1845,1844,1797,1846,1798,1885,1884
1846,1799,1798,1886,1885,1845,1847
1847,1848,1800,1846,1799,1886,1887
1848,1849,1801,1888,1800,1847,1887
1849,1848,1801,1888,1850,1889,1802
1850,1803,1851,1889,1849,1890,1802
1851,1803,1850,1891,1890,1852,1804
1852,1804,1805,1853,1892,1851,1891
1853,1893,1854,1892,1852,1805,1806
1854,1893,1853,1806,1807,1894,1855
1855,1807,1808,1856,1894,1854,1895
1856,1809,1808,1855,1895,1857
1857,1810,1858,1809,1856,1895
1858,1813,1895,1857,1810,1812,1811
1859,1924,1813,1760,1814,1815,1860,1896
1860,1859,1815,1816,1861,1896
1861,1860,1816,1817,1862,1897,1896
1862,1863,1898,1817,1861,1818,1897
1863,1898,1862,1818,1819,1864,1899
1864,1820,1865,1863,1819,1899,1900
1865,1900,1901,1821,1866,1864,1820
1866,1822,1867,1902,1901,1821,1865
1867,1822,1866,1868,1823,1903,1902
1868,1869,1904,1867,1823,1903,1824
1869,1868,1904,1905,1870,1825,1824
1870,1826,1825,1871,1906,1905,1869
1871,1872,1827,1907,1826,1906,1870
1872,1871,1827,1828,1873,1908,1907
1873,1829,1874,1828,1872,1909,1908
1874,1829,1873,1875,1910,1909,1830
1875,1874,1910,1830,1831,1832
1876,1836,1837,1834,1835,1911,1985,1781,1833,1838,1877
1877,1838,1839,1878,1911,1876
1878,1879,1911,1877,1839,1840
1879,1878,1911,1840,1841,1880
1880,1911,1879,1881,1841,1842
1881,1843,1882,1911,1880,1842
1882,1843,1881,1911,1883,1912,1913
1883,1884,1844,1882,1843,1913,1914
1884,1883,1844,1915,1885,1914,1845
1885,1886,1846,1845,1916,1915,1884
1886,1885,1846,1887,1917,1916,1847
1887,1886,1917,1888,1918,1847,1848
1888,1918,1919,1848,1849,1887,1889
1889,1920,1919,1850,1849,1890,1888
1890,1851,1891,1850,1889,1921,1920
1891,1851,1890,1852,1921,1892,1922
1892,1893,1853,1922,1923,1852,1891
1893,1853,1854,1892,1894,1923
1894,1854,1855,1893,1923,1895
1895,1858,1813,1946,1923,1894,1855,1856,1857
1896,1924,1897,1861,1860,1859
1897,1924,1896,1861,1862,1898,1925
1898,1863,1862,1899,1897,1925,1926
1899,1898,1863,1864,1926,1900,1927
1900,1927,1928,1865,1901,1864,1899
1901,1900,1865,1866,1902,1929,1928
1902,1866,1901,1929,1867,1930,1903
1903,1867,1868,1902,1904,1930,1931
1904,1868,1869,1932,1905,1931,1903
1905,1906,1933,1932,1904,1869,1870
1906,1905,1933,1907,1934,1871,1870
1907,1908,1935,1872,1934,1871,1906
1908,1935,1907,1909,1936,1872,1873
1909,1910,1937,1936,1908,1874,1873
1910,1874,1875,1937,1909,1832
1911,1878,1879,1985,1876,1880,1877,1881,1882,1912
1912,1913,1938,1985,1911,1882
1913,1912,1938,1939,1882,1883,1914
1914,1883,1884,1915,1939,1940,1913
1915,1941,1916,1884,1885,1914,1940
1916,1941,1915,1886,1885,1917,1942
1917,1886,1887,1943,1942,1918,1916
1918,1944,1943,1888,1919,1887,1917
1919,1889,1920,1918,1888,1944,1945
1920,1889,1919,1921,1946,1890,1945
1921,1920,1946,1922,1890,1891
1922,1921,1946,1892,1923,1891
1923,1922,1892,1946,1895,1893,1894
1924,1896,1897,1859,1813,1977,1992,1925,1947
1925,1924,1897,1898,1926,1947
1926,1899,1898,1947,1925,1948,1927
1927,1900,1928,1899,1948,1926,1949
1928,1950,1929,1927,1900,1901,1949
1929,1950,1928,1901,1902,1930,1951
1930,1952,1931,1951,1929,1902,1903
1931,1952,1930,1904,1932,1953,1903
1932,1904,1905,1933,1931,1954,1953
1933,1905,1906,1955,1934,1932,1954
1934,1955,1933,1935,1956,1907,1906
1935,1908,1907,1957,1956,1934,1936
1936,1909,1908,1937,1958,1957,1935
1937,1910,1909,1832,1958,1936
1938,1912,1913,1939,1985,1959
1939,1913,1938,1959,1960,1914,1940
1940,1960,1961,1939,1914,1915,1941
1941,1915,1916,1961,1940,1942,1962
1942,1963,1943,1917,1962,1941,1916
1943,1963,1942,1944,1918,1964,1917
1944,1943,1918,1919,1964,1945
1945,1964,1946,1919,1944,1920
1946,1964,1945,1920,1921,1922,1923,1895,1976,1813
1947,1977,1924,1926,1925,1948,1965
1948,1965,1949,1947,1926,1927
1949,1965,1948,1950,1966,1927,1928
1950,1928,1929,1966,1949,1951,1967
1951,1952,1968,1930,1929,1967,1950
1952,1951,1968,1930,1931,1969,1953
1953,1970,1954,1931,1932,1952,1969
1954,1971,1970,1953,1932,1933,1955
1955,1933,1934,1956,1972,1954,1971
1956,1972,1955,1957,1935,1934,1973
1957,1936,1958,1956,1935,1973
1958,1937,1936,1957,1973,1984,1832,1999,1991,1996
1959,1939,1960,1985,1938,1974
1960,1940,1961,1959,1939,1975,1974
1961,1960,1940,1975,1976,1941,1962
1962,1963,1942,1976,1961,1941
1963,1942,1943,1964,1962,1976
1964,1945,1946,1963,1943,1976,1944
1965,1948,1949,1977,1966,1947
1966,1950,1949,1977,1965,1978,1967
1967,1968,1979,1978,1951,1950,1966
1968,1951,1952,1967,1979,1980,1969
1969,1980,1981,1952,1968,1953,1970
1970,1954,1971,1981,1982,1953,1969
1971,1982,1983,1954,1970,1955,1972
1972,1984,1983,1956,1955,1971,1973
1973,1958,1984,1957,1956,1972
1974,1959,1960,1985,1975
1975,1961,1976,1960,1974,1985
1976,1975,1961,1985,1962,1963,1964,1946
1977,1992,1924,1947,1965,1966,1978,1986
1978,1977,1966,1986,1979,1967
1979,1987,1986,1967,1968,1980,1978
1980,1969,1981,1987,1979,1968,1988
1981,1980,1969,1982,1989,1970,1988
1982,1971,1983,1989,1981,1970,1990
1983,1982,1971,1972,1984,1990,1991
1984,1972,1983,1973,1958,1991
1985,1911,1876,1781,1912,1938,1959,1974,1975,1976
1986,1979,1987,1978,1977,1992
1987,1979,1986,1980,1992,1988,1993
1988,1989,1994,1993,1987,1980,1981
1989,1982,1981,1994,1988,1995,1990
1990,1983,1991,1996,1989,1995,1982
1991,1990,1983,1984,1996,1958
1992,1977,1924,1986,1987,1993,1997
1993,1988,1994,1987,1992,1997
1994,1989,1988,1995,1993,1998,1997
1995,1996,1999,1989,1994,1990,1998
1996,1995,1999,1990,1991,1958
1997,1994,1998,1993,1992
1998,1994,1995,1997,1999
1999,1651,749,1995,1996,1832,1958,1998
2000,1026,1025,2474,2195,2001,2473
2001,2105,2195,2006,1024,1025,2000
2002,2622,1008,2088,2183,1007
2003,999,1016,1015,2075,2208,2247
2004,2088,2087,2086,2084,2085,2083
2005,2104,2073,2056,2081,2107,2114
2006,2001,2105,2078,2106,2116,1024
2007,2070,2103,2082,2055,2112,2117
2008,2118,2109,2111,2080,2069,2054
2009,2066,2108,2053,2079,2119,2115
2010,2077,2120,2052,2076,2072,2113
2011,2046,2047,2141,2095,2097,2142
2012,2136,2137,2051,2102,2050,2090
2013,1014,1013,2048,2043,2094,2126
2014,2042,2049,2101,2145,2093,2144
2015,2156,2098,2059,2132,2035,2036
2016,2058,2034,2157,2139,2071,2131
2017,2067,2148,2033,2061,2133,2159
2018,2062,2032,2065,2138,2158,2140
2019,2154,2155,2151,2152,2091,2153
2020,2031,2063,2143,2147,2064,2146
2021,2040,2123,2167,2092,2168,2029
2022,2089,2027,2186,2177,2041,2125
2023,2179,2121,2038,2030,2100,2178
2024,2096,2028,2122,2175,2174,2039
2025,2026,2099,2190,2124,2187,2037
2026,2099,2184,2127,2037,2025,2185
2027,2022,2089,2135,2041,2181,2182
2028,2192,2189,2024,2096,2130,2039
2029,2040,2134,2021,2193,2188,2092
2030,2100,2191,2038,2129,2194,2023
2031,2160,2196,2020,2063,2064,2166
2032,2062,2018,2162,2169,2198,2065
2033,2017,2067,2164,2061,2197,2165
2034,2199,2161,2058,2016,2071,2180
2035,2015,2036,997,2201,2163,2059
2036,2098,1006,2035,2015,1005,997
2037,2127,2221,2026,2124,2222,2025
2038,2129,2030,2217,2218,2121,2023
2039,2130,2226,2122,2225,2028,2024
2040,2029,2134,2123,2234,2235,2021
2041,2240,2135,2241,2125,2022,2027
2042,2049,2014,2224,2242,2171,2093
2043,2094,2209,2013,2048,2170,2212
2044,2060,2045,2372,2128,2373,2366
2045,2060,2172,2371,2372,2044,2781
2046,2047,2011,2173,2243,2236,2095
2047,2046,2011,2220,2223,2097,2173
2048,2013,1013,2043,2170,1012,2244
2049,2042,2014,2171,2230,2229,2101
2050,2012,2051,2090,2296,2295,2294
2051,2293,2233,2012,2102,2294,2050
2052,2206,2076,2010,2072,2203,2245
2053,2246,2207,2009,2079,2204,2066
2054,2069,2205,2219,2080,2249,2008
2055,2070,2210,2248,2082,2007,2216
2056,2253,2232,2073,2005,2081,2214
2057,2074,2227,2252,7,2228,2068
2058,2259,2161,2034,2016,2131,2258
2059,2015,2132,2267,2268,2163,2035
2060,2128,2262,2172,2045,2263,2044
2061,2279,2280,2017,2133,2164,2033
2062,2018,2032,2162,2271,2272,2140
2063,2231,2238,2160,2031,2020,2146
2064,2031,2166,2020,2286,2287,2143
2065,2288,2169,2032,2018,2289,2138
2066,2009,2108,2270,2053,2204,2291
2067,2283,2165,2017,2148,2033,2282
2068,2770,6,7,2309,2057,2228
2069,2054,2205,2109,2254,2008,2255
2070,2292,2210,2055,2007,2103,2269
2071,2139,2298,2297,2180,2016,2034
2072,2266,2265,2203,2052,2010,2113
2073,2104,2005,2056,2264,2214,2257
2074,2057,2227,2299,7,28,29
2075,2300,2208,2110,2281,2003,1015
2076,2206,2052,2010,50,49,2077
2077,2120,2355,2777,2010,2076,49
2078,1024,1074,1073,2006,2106,2260
2079,2053,2009,2277,2278,2115,2207
2080,2302,2290,2111,2054,2219,2008
2081,2232,2056,2301,2285,2005,2107
2082,2007,2055,2112,2276,2275,2216
2083,2261,2304,2256,2084,2004,2085
2084,2273,2306,2261,2086,2004,2083
2085,2303,2183,2088,2004,2083,2256
2086,1040,2273,2084,2004,2087,1041
2087,2004,2088,1042,1041,1007,2086
2088,2004,2087,2002,2183,2085,1007
2089,2320,2181,2022,2027,2319,2177
2090,2327,2136,2338,2050,2012,2296
2091,2155,2019,2211,2337,2151,2339
2092,2188,2330,2167,2021,2331,2029
2093,2340,2334,2144,2014,2224,2042
2094,2043,2209,2126,2013,2315,2316
2095,2141,2344,2011,2046,2350,2236
2096,2347,2346,2024,2028,2189,2174
2097,2318,2220,2317,2047,2011,2142
2098,2426,2778,2015,2156,1006,2036
2099,2351,2187,2026,2184,2352,2025
2100,2178,2354,2030,2191,2023,2353
2101,2014,2145,2229,2049,2336,2335
2102,2051,2012,2137,2332,2333,2233
2103,2070,2007,2117,2325,2326,2269
2104,2073,2005,2114,2311,2312,2257
2105,2116,2323,2359,2001,2195,2006
2106,2314,2313,2116,2006,2078,2260
2107,2285,2360,2324,2114,2081,2005
2108,2009,2066,2341,2119,2362,2270
2109,2008,2118,2149,2308,2254,2069
2110,1058,2364,2075,2281,1015,1059
2111,2290,2543,2080,2008,2118,2404
2112,2328,2117,2007,2082,2329,2275
2113,2342,2120,2072,2010,2265,2343
2114,2324,2107,2005,2363,2104,2311
2115,2349,2277,2079,2009,2119,2348
2116,2105,2323,2365,2313,2106,2006
2117,2328,2112,2367,2325,2103,2007
2118,2150,2149,2008,2109,2111,2404
2119,2108,2341,2369,2009,2348,2115
2120,2342,2368,2355,2077,2010,2113
2121,2023,2179,2389,2217,2388,2038
2122,2225,2394,2175,2024,2039,2393
2123,2040,2234,2168,2390,2021,2391
2124,2222,2037,2428,2190,2427,2025
2125,2241,2041,2022,2410,2409,2186
2126,2315,2449,2779,1014,2094,2013
2127,2037,2221,2408,2026,2407,2185
2128,2262,2060,2667,2366,2044,2444
2129,2418,2417,2038,2030,2218,2194
2130,2420,2419,2192,2226,2028,2039
2131,2157,2401,2402,2258,2058,2016
2132,2399,2156,2015,2059,2400,2267
2133,2159,2425,2061,2017,2280,2430
2134,2029,2040,2434,2235,2193,2435
2135,2182,2423,2240,2041,2424,2027
2136,2012,2137,2429,2397,2090,2327
2137,2012,2136,2102,2332,2397,2398
2138,2438,2433,2018,2065,2289,2158
2139,2071,2298,2157,2016,2432,2439
2140,2411,2158,2018,2062,2412,2271
2141,2095,2344,2011,2431,2395,2142
2142,2097,2317,2011,2141,2395,2396
2143,2147,2020,2440,2287,2064,2437
2144,2405,2436,2334,2093,2014,2145
2145,2406,2405,2014,2101,2144,2335
2146,2231,2063,2310,2020,2147,2361
2147,2767,2437,2143,2020,2146,2361
2148,2282,2416,2017,2067,2415,2159
2149,2370,2308,2150,2118,2274,2109
2150,2149,2118,2403,2237,2404,2274
2151,2019,2152,2091,2337,2441,2413
2152,2019,2151,2413,2414,2153,2358
2153,2521,2522,2358,2154,2152,2019
2154,2155,2019,2153,2521,2251,2520
2155,2154,2019,2091,2211,2356,2251
2156,2132,2399,2015,2098,2442,2426
2157,2401,2131,2016,2139,2432,2443
2158,2411,2446,2433,2138,2018,2140
2159,2447,2425,2133,2415,2148,2017
2160,2238,2456,2063,2031,2196,2457
2161,2259,2058,2199,2034,2462,2463
2162,2032,2062,2198,2467,2465,2272
2163,2059,2035,2472,2471,2201,2268
2164,2454,2455,2279,2197,2061,2033
2165,2283,2067,2477,2476,2197,2033
2166,2196,2452,2064,2031,2453,2286
2167,2021,2092,2331,2470,2458,2168
2168,2458,2459,2390,2123,2021,2167
2169,2460,2198,2032,2288,2461,2065
2170,2490,2244,2489,2043,2048,2212
2171,2230,2493,2494,2242,2049,2042
2172,2060,2045,2781,2202,2263,2498
2173,2243,2505,2223,2047,2504,2046
2174,2497,2347,2096,2485,2024,2175
2175,2485,2486,2122,2024,2393,2174
2176,21,2200,20,2305,2524,2523
2177,2186,2022,2451,2319,2450,2089
2178,2100,2354,2487,2179,2500,2023
2179,2023,2121,2487,2178,2388,2488
2180,2297,2492,2071,2199,2491,2034
2181,2089,2320,2321,2322,2027,2182
2182,2135,2423,2448,2322,2027,2181
2183,2002,2088,2085,2303,2621,2622
2184,2099,2026,2185,2512,2352,2513
2185,2512,2514,2407,2127,2026,2184
2186,2410,2503,2177,2022,2450,2125
2187,2351,2099,2495,2496,2190,2025
2188,2330,2092,2193,2506,2029,2507
2189,2509,2346,2192,2028,2508,2096
2190,2187,2495,2529,2427,2124,2025
2191,2100,2030,2194,2526,2527,2353
2192,2028,2189,2420,2130,2536,2508
2193,2435,2538,2134,2188,2506,2029
2194,2539,2418,2191,2030,2526,2129
2195,2475,2474,2001,2105,2359,2000
2196,2457,2528,2452,2166,2031,2160
2197,2454,2478,2164,2477,2033,2165
2198,2169,2460,2032,2162,2467,2623
2199,2034,2161,2491,2180,2540,2463
2200,22,21,2176,2524,2464,2537
2201,2035,997,1003,1002,2163,2472,2473
2202,2498,2499,38,2781,2172,37
2203,2266,2072,2547,2245,2052,2546
2204,2053,2246,2549,2548,2291,2066
2205,2553,2249,2552,2255,2054,2069
2206,2076,2052,2245,2554,51,50
2207,2246,2053,2561,2278,2560,2079
2208,2075,2300,2385,2382,2247,2003
2209,2558,2557,2094,2043,2212,2316
2210,2292,2070,2055,2248,2375,2377
2211,2155,2091,2356,2550,2551,2339
2212,2559,2489,2170,2209,2043,2558
2213,1022,1021,2376,2250,2374,2307
2214,2073,2264,2056,2585,2586,2253
2215,1037,1036,2535,2345,2239,2534
2216,2384,2276,2082,2055,2383,2248
2217,2389,2121,2562,2563,2218,2038
2218,2563,2217,2417,2564,2038,2129
2219,2574,2302,2573,2249,2054,2080
2220,2047,2223,2318,2097,2588,2587
2221,2408,2518,2127,2037,2222,2519
2222,2519,2645,2124,2037,2428,2221
2223,2589,2504,2220,2047,2588,2173
2224,2242,2042,2567,2566,2340,2093
2225,2226,2569,2122,2394,2039,2568
2226,2570,2569,2225,2419,2130,2039
2227,2074,2057,2252,2299,2607,2603
2228,2057,2252,2605,2606,2068,2309
2229,2611,2336,2101,2049,2612,2230
2230,2171,2493,2049,2613,2612,2229
2231,2637,2238,2063,2146,2310,2392
2232,2056,2253,2630,2633,2081,2301
2233,2293,2051,2634,2635,2333,2102
2234,2594,2235,2040,2123,2391,2593
2235,2594,2234,2040,2595,2434,2134
2236,2599,2601,2350,2243,2046,2095
2237,2609,2403,2422,2274,2150,2608
2238,2637,2231,2160,2456,2063,2678
2239,1038,1037,2215,2533,2530,2534
2240,2624,2625,2041,2135,2424,2241
2241,2625,2626,2125,2041,2409,2240
2242,2494,2171,2224,2042,2590,2566
2243,2505,2600,2173,2599,2046,2236
2244,998,2490,2170,1012,1011,2048
2245,2547,2203,2602,2554,2206,2052
2246,2053,2207,2561,2204,2591,2548
2247,2380,2382,1001,2208,2003,1000,999
2248,2055,2210,2377,2383,2216,2381
2249,2205,2553,2573,2219,2054,2592
2250,1020,2379,1021,2378,2376,2213
2251,2520,2518,2154,2155,2519,2356
2252,2227,2057,2603,2228,2605,2604
2253,2631,2630,2056,2232,2586,2214
2254,2255,2684,2682,2308,2109,2069
2255,2552,2205,2254,2684,2685,2069
2256,2619,2303,2304,2083,2618,2085
2257,2104,2312,2073,2264,2702,2701
2258,2131,2058,2259,2402,2679,2680
2259,2161,2058,2258,2680,2681,2462
2260,2698,2314,1072,2106,1073,2078
2261,2083,2304,2306,2084,2616,2615
2262,2128,2060,2263,2673,2674,2444
2263,2498,2675,2060,2172,2262,2674
2264,2073,2214,2702,2703,2257,2585
2265,2266,2072,2711,2343,2113,2712
2266,2072,2265,2203,2546,2712,2713
2267,2059,2268,2400,2132,2689,2688
2268,2267,2059,2471,2163,2690,2689
2269,2667,2366,2326,2103,2070,2292
2270,2291,2706,2707,2362,2108,2066
2271,2644,2412,2062,2272,2643,2140
2272,2465,2642,2271,2062,2162,2643
2273,1040,1039,2084,2306,2532,2531,2086
2274,2149,2370,2237,2422,2421,2150
2275,2480,2481,2276,2329,2082,2112
2276,2479,2480,2275,2082,2216,2384
2277,2578,2577,2349,2115,2278,2079
2278,2207,2560,2277,2079,2577,2576
2279,2483,2482,2061,2280,2455,2164
2280,2279,2061,2133,2430,2484,2483
2281,2387,2300,2445,2075,2110,2364
2282,2663,2662,2416,2148,2067,2283
2283,2067,2165,2476,2664,2663,2282
2284,2502,19,2725,62,61,2724
2285,2107,2360,2715,2301,2716,2081
2286,2166,2453,2287,2580,2579,2064
2287,2580,2581,2286,2064,2440,2143
2288,2289,2727,2726,2461,2169,2065
2289,2727,2288,2065,2728,2438,2138
2290,2080,2302,2543,2111,2544,2545
2291,2270,2706,2704,2549,2204,2066
2292,2210,2070,2366,2373,2269,2375
2293,2635,2638,2051,2233,2294,2639
2294,2051,2293,2295,2050,2640,2639
2295,2466,2296,2640,2641,2050,2294
2296,2466,2295,2687,2338,2090,2050
2297,2180,2492,2071,2298,2745,2751
2298,2751,2752,2139,2071,2297,2439
2299,2074,2227,2607,29,30,2686
2300,2387,2281,2075,2208,2385,2386
2301,2715,2285,2714,2633,2232,2081
2302,2080,2290,2574,2219,2545,2575
2303,2256,2619,2085,2183,2620,2621
2304,2083,2261,2617,2618,2256,2616
2305,2775,2710,2523,2709,20,2176
2306,2084,2273,2614,2615,2261,2532
2307,1022,2780,2371,2372,2374,2213
2308,2149,2370,2636,2682,2254,2109
2309,2705,2606,2068,2770,2228,2769
2310,2743,2738,2231,2146,2392,2361
2311,2721,2363,2104,2114,2722,2312
2312,2104,2257,2701,2723,2722,2311
2313,2106,2314,2695,2696,2116,2365
2314,2106,2313,2696,2698,2260,2697
2315,2126,2449,2661,2094,2316,2660
2316,2659,2557,2209,2315,2094,2660
2317,2318,2097,2646,2647,2142,2396
2318,2097,2220,2317,2647,2587,2649
2319,65,2320,66,2451,2177,2089
2320,2089,2181,2321,64,65,2319
2321,2725,2322,64,63,2181,2320
2322,2724,2725,2321,2448,2181,2182
2323,2692,2359,2105,2116,2693,2365
2324,2719,2718,2114,2107,2360,2363
2325,2367,2521,2117,2522,2326,2103
2326,2668,2667,2522,2325,2103,2269
2327,2764,2429,2090,2136,2338,2765
2328,2117,2112,2516,2517,2329,2367
2329,2515,2481,2328,2112,2275,2516
2330,2670,2671,2188,2092,2507,2331
2331,2092,2167,2671,2672,2330,2470
2332,2333,2758,2102,2137,2398,2759
2333,2332,2758,2102,2757,2634,2233
2334,2144,2436,2340,2093,2652,2653
2335,2101,2336,2145,2734,2733,2406
2336,2229,2611,2101,2735,2335,2734
2337,2091,2151,2339,2755,2441,2754
2338,2687,2296,2327,2090,2765,2766
2339,2337,2755,2091,2551,2211,2756
2340,2652,2651,2093,2334,2567,2224
2341,2108,2119,2629,2362,2369,2628
2342,2120,2368,2113,2747,2748,2343
2343,2747,2746,2711,2265,2113,2342
2344,2095,2141,2657,2656,2431,2350
2345,2736,2737,2535,2215,1035,1036
2346,2732,2509,2189,2096,2347,2731
2347,2497,2730,2174,2096,2346,2731
2348,2369,2584,2583,2349,2119,2115
2349,2277,2115,2348,2583,2578,2582
2350,2658,2601,2657,2236,2344,2095
2351,2187,2099,2648,2650,2352,2496
2352,2351,2099,2650,2184,2513,2654
2353,2761,2354,2760,2527,2100,2191
2354,2178,2100,2353,2761,2762,2500
2355,2750,2368,2776,2777,2120,2077
2356,2550,2211,2519,2645,2155,2251
2357,2,9,8,2598,2677,2597
2358,2153,2522,2668,2414,2669,2152
2359,2323,2692,2105,2691,2195,2475
2360,2107,2285,2716,2717,2718,2324
2361,2146,2147,2767,2768,2743,2310
2362,2707,2270,2708,2629,2341,2108
2363,2720,2719,2721,2311,2324,2114
2364,1057,2665,2110,1058,2445,2281
2365,2694,2695,2693,2323,2116,2313
2366,2269,2667,2128,2044,2292,2373
2367,2325,2521,2117,2517,2520,2328
2368,2342,2120,2748,2749,2750,2355
2369,2584,2348,2627,2628,2119,2341
2370,2149,2308,2274,2565,2636,2421
2371,2372,2045,2780,2307,2781,36
2372,2371,2045,2373,2374,2044,2307
2373,2372,2374,2044,2292,2366,2375
2374,2376,2375,2373,2372,2213,2307
2375,2374,2376,2210,2292,2373,2377
2376,2374,2375,2213,2250,2377,2378
2377,2210,2248,2375,2381,2378,2376
2378,2250,2379,2380,2381,2377,2376
2379,1020,2250,2378,2380,1001
2380,2247,2382,1001,2378,2379,2381
2381,2383,2382,2248,2377,2378,2380
2382,2380,2247,2383,2381,2385,2208
2383,2381,2382,2216,2248,2385,2384
2384,2479,2386,2216,2276,2385,2383
2385,2384,2383,2382,2300,2208,2386
2386,2479,2384,2478,2385,2300,2387
2387,2477,2445,2300,2281,2386,2478
2388,2389,2583,2121,2179,2582,2488
2389,2583,2584,2388,2217,2121,2562
2390,2168,2459,2747,2391,2746,2123
2391,2747,2390,2748,2234,2123,2593
2392,2740,2637,2738,2739,2310,2231
2393,2739,2740,2394,2486,2175,2122
2394,2122,2225,2740,2393,2741,2568
2395,2654,2431,2650,2396,2141,2142
2396,2650,2395,2648,2646,2317,2142
2397,2136,2429,2137,2398,2761,2762
2398,2332,2759,2760,2137,2397,2761
2399,2132,2156,2400,2735,2442,2734
2400,2399,2132,2267,2733,2734,2688
2401,2157,2131,2402,2758,2757,2443
2402,2401,2758,2131,2759,2679,2258
2403,2609,2237,2150,2404,2610,2542
2404,2542,2543,2118,2150,2111,2403
2405,2436,2144,2730,2731,2145,2406
2406,2732,2731,2145,2405,2733,2335
2407,2516,2515,2185,2514,2127,2408
2408,2221,2518,2517,2127,2407,2516
2409,2627,2626,2410,2125,2628,2241
2410,2186,2503,2629,2628,2125,2409
2411,2446,2158,2647,2649,2140,2412
2412,2644,2271,2411,2140,2646,2647
2413,2152,2414,2441,2672,2671,2151
2414,2669,2358,2152,2413,2671,2670
2415,2660,2416,2659,2447,2159,2148
2416,2282,2148,2660,2415,2661,2662
2417,2719,2418,2129,2564,2720,2218
2418,2718,2539,2194,2719,2417,2129
2419,2130,2420,2226,2570,2693,2694
2420,2130,2419,2692,2536,2192,2693
2421,2696,2697,2422,2274,2565,2370
2422,2237,2274,2421,2695,2696,2608
2423,2135,2182,2722,2424,2448,2723
2424,2135,2240,2722,2423,2624,2721
2425,2159,2447,2133,2430,2656,2657
2426,2098,2778,2442,2156,2736,2737
2427,2428,2639,2640,2190,2529,2124
2428,2639,2638,2427,2124,2222,2645
2429,2136,2397,2327,2764,2762,2763
2430,2425,2656,2655,2133,2280,2484
2431,2395,2654,2655,2656,2344,2141
2432,2754,2755,2443,2157,2139,2439
2433,2653,2438,2158,2446,2138,2652
2434,2435,2597,2596,2595,2235,2134
2435,2193,2538,2434,2597,2598,2134
2436,2405,2144,2730,2334,2729,2653
2437,2767,2147,2765,2143,2440,2764
2438,2653,2433,2138,2728,2289,2729
2439,2752,2753,2298,2139,2754,2432
2440,2143,2287,2581,2437,2764,2763
2441,2753,2672,2754,2413,2151,2337
2442,2426,2156,2399,2735,2736
2443,2757,2401,2755,2432,2157,2756
2444,2673,2262,2667,2128,2669,2668
2445,2477,2387,2281,2364,2665,2476
2446,2652,2651,2649,2411,2158,2433
2447,2159,2425,2658,2657,2415,2659
2448,2723,2724,2423,2322,2182
2449,2126,2315,2661,2666,1052,2779
2450,2709,2503,2710,2451,2186,2177
2451,67,66,2319,2710,2450,2177
2452,2196,2166,2528,2576,2577,2453
2453,2578,2579,2577,2166,2286,2452
2454,2478,2197,2455,2480,2164,2479
2455,2481,2480,2482,2454,2164,2279
2456,2160,2238,2457,2544,2744,2678
2457,2456,2544,2545,2528,2196,2160
2458,2459,2168,2751,2167,2470,2752
2459,2458,2168,2390,2746,2745,2751
2460,2169,2198,2768,2623,2743,2461
2461,2288,2726,2460,2743,2738,2169
2462,2463,2716,2717,2681,2259,2161
2463,2462,2716,2715,2161,2540,2199
2464,1,23,22,2769,2705,2537,2200
2465,2467,2466,2642,2272,2641,2162
2466,2296,2295,2467,2465,2641,2687
2467,2466,2465,2198,2162,2623,2687
2468,1055,1054,2469,2663,2664,2525
2469,2666,2662,2663,2468,1054,1053
2470,2752,2753,2167,2458,2672,2331
2471,2690,2691,2472,2163,2268,2475
2472,2473,2474,2475,2471,2163,2201
2473,2472,2474,1002,2201,1027,1026,2000
2474,2475,2195,2472,2473,2000
2475,2474,2195,2472,2471,2691,2359
2476,2477,2445,2165,2665,2283,2664
2477,2387,2445,2476,2165,2478,2197
2478,2454,2197,2479,2386,2387,2477
2479,2276,2480,2454,2478,2384,2386
2480,2481,2455,2276,2479,2454,2275
2481,2480,2455,2482,2515,2329,2275
2482,2481,2455,2483,2279,2515,2514
2483,2482,2279,2280,2484,2514,2512
2484,2512,2513,2655,2280,2430,2483
2485,2727,2728,2486,2175,2497,2174
2486,2393,2739,2726,2727,2485,2175
2487,2500,2581,2179,2178,2488,2580
2488,2580,2579,2388,2179,2582,2487
2489,2559,2212,2490,2170,2621,2620
2490,998,2622,2244,2170,2489,2621
2491,2492,2712,2199,2180,2540,2713
2492,2711,2745,2491,2712,2297,2180
2493,2230,2171,2494,2615,2614,2613
2494,2493,2171,2242,2616,2615,2590
2495,2643,2642,2187,2496,2190,2529
2496,2495,2187,2643,2644,2351,2648
2497,2347,2730,2174,2728,2485,2729
2498,2499,2202,2676,2677,2263,2675,2172
2499,2677,8,2498,2202,39,38
2500,2763,2581,2487,2762,2178,2354
2501,18,2771,2703,2702,19,2502
2502,2724,2701,2284,19,2501,2702
2503,2186,2410,2629,2709,2450,2708
2504,2589,2223,2617,2618,2505,2173
2505,2243,2600,2619,2618,2173,2504
2506,2674,2675,2188,2193,2538,2507
2507,2670,2330,2506,2674,2673,2188
2508,2509,2689,2690,2189,2192,2536
2509,2732,2346,2189,2689,2688,2508
2510,2685,2684,2511,32,2541,33
2511,2683,34,2682,2684,2510,33
2512,2484,2513,2185,2514,2184,2483
2513,2512,2484,2655,2654,2352,2184
2514,2512,2185,2407,2515,2482,2483
2515,2516,2407,2482,2514,2329,2481
2516,2328,2517,2515,2407,2408,2329
2517,2408,2518,2328,2516,2520,2367
2518,2408,2221,2517,2520,2251,2519
2519,2645,2356,2222,2251,2518,2221
2520,2518,2251,2154,2521,2517,2367
2521,2153,2522,2154,2325,2367,2520
2522,2521,2153,2358,2668,2326,2325
2523,2709,2708,2524,2707,2305,2176
2524,2706,2537,2523,2707,2200,2176
2525,1056,1057,1055,2468,2665,2664
2526,2681,2680,2527,2539,2194,2191
2527,2680,2679,2526,2760,2191,2353
2528,2457,2196,2545,2575,2576,2452
2529,2642,2641,2640,2190,2427,2495
2530,2532,2531,2783,2533,2239,1038
2531,2532,2530,2783,2273,1039
2532,2531,2530,2306,2273,2533,2614
2533,2530,2239,2613,2534,2614,2532
2534,2612,2613,2533,2535,2239,2215
2535,2215,2345,2611,2612,2534,2736
2536,2691,2690,2692,2420,2192,2508
2537,2524,2706,2704,2705,2464,2200
2538,2193,2435,2598,2676,2506,2675
2539,2718,2418,2194,2717,2681,2526
2540,2713,2714,2463,2715,2199,2491
2541,30,2686,31,32,2685,2510
2542,2404,2543,2744,2610,2403,2742
2543,2290,2111,2544,2542,2404,2744
2544,2457,2456,2543,2290,2545,2744
2545,2457,2544,2290,2302,2575,2528
2546,2714,2633,2266,2203,2713,2547
2547,2245,2203,2602,2546,2633,2630
2548,2591,2604,2605,2246,2549,2204
2549,2291,2704,2606,2605,2548,2204
2550,2356,2211,2551,2638,2635,2645
2551,2550,2211,2339,2635,2756,2634
2552,2205,2255,2607,2553,2686,2685
2553,2205,2249,2603,2607,2552,2592
2554,52,2774,2632,2602,2245,51,2206
2555,2632,13,2586,2556,14,2631
2556,2586,2555,15,14,3,2585
2557,2209,2558,2658,2659,2316,2601
2558,2209,2557,2599,2601,2559,2212
2559,2212,2489,2600,2599,2620,2558
2560,2207,2278,2574,2561,2575,2576
2561,2573,2591,2207,2246,2560,2574
2562,2626,2563,2584,2627,2389,2217
2563,2562,2626,2625,2218,2217,2564
2564,2720,2417,2624,2218,2625,2563
2565,2699,2700,2421,2697,2636,2370
2566,2224,2567,2590,2242,2588,2589
2567,2651,2587,2224,2566,2340,2588
2568,2742,2610,2569,2225,2394,2741
2569,2570,2226,2610,2609,2225,2568
2570,2569,2226,2694,2608,2419,2609
2571,2773,46,47,2572,2594
2572,48,2750,47,2749,2571,2593,2594
2573,2591,2561,2219,2249,2574,2592
2574,2302,2219,2573,2575,2560,2561
2575,2545,2302,2574,2528,2560,2576
2576,2560,2575,2528,2452,2577,2278
2577,2578,2277,2278,2576,2452,2453
2578,2577,2277,2453,2579,2349,2582
2579,2580,2488,2453,2578,2582,2286
2580,2579,2488,2287,2581,2487,2286
2581,2763,2500,2487,2287,2580,2440
2582,2349,2583,2388,2579,2578,2488
2583,2348,2349,2584,2582,2389,2388
2584,2369,2348,2583,2562,2627,2389
2585,2703,3,2586,2556,2214,2264
2586,2556,2555,2631,2253,2585,2214
2587,2567,2651,2588,2220,2649,2318
2588,2223,2589,2587,2220,2567,2566
2589,2223,2504,2617,2588,2566,2590
2590,2494,2242,2616,2566,2617,2589
2591,2592,2604,2573,2561,2548,2246
2592,2604,2591,2573,2553,2249,2603
2593,2748,2749,2594,2234,2391,2572
2594,2235,2234,2595,2773,2593,2572,2571
2595,2594,2773,2596,12,2235,2434
2596,12,11,2,2597,2595,2434
2597,2357,2,2598,2596,2435,2434
2598,2677,2676,2538,2357,2597,2435
2599,2600,2559,2236,2601,2243,2558
2600,2505,2243,2599,2559,2619,2620
2601,2599,2236,2658,2350,2558,2557
2602,2631,2630,2245,2547,2632,2554
2603,2227,2252,2553,2607,2592,2604
2604,2592,2591,2548,2605,2252,2603
2605,2604,2252,2548,2228,2606,2549
2606,2309,2705,2704,2605,2228,2549
2607,2299,2227,2603,2553,2552,2686
2608,2570,2694,2237,2609,2695,2422
2609,2610,2569,2237,2403,2608,2570
2610,2742,2568,2569,2609,2403,2542
2611,2229,2336,2535,2612,2735,2736
2612,2230,2613,2535,2611,2534,2229
2613,2230,2612,2534,2493,2614,2533
2614,2306,2615,2493,2613,2533,2532
2615,2494,2616,2306,2614,2493,2261
2616,2494,2615,2590,2617,2304,2261
2617,2304,2618,2589,2504,2616,2590
2618,2304,2617,2505,2619,2504,2256
2619,2256,2303,2505,2618,2600,2620
2620,2619,2600,2303,2621,2559,2489
2621,2303,2620,2183,2622,2490,2489
2622,2002,1008,2490,998,1009,2183,2621
2623,2768,2460,2766,2687,2467,2198
2624,2240,2625,2424,2721,2720,2564
2625,2240,2624,2626,2241,2563,2564
2626,2562,2563,2625,2241,2627,2409
2627,2369,2628,2409,2626,2562,2584
2628,2627,2369,2629,2410,2341,2409
2629,2503,2410,2628,2708,2362,2341
2630,2631,2602,2253,2232,2633,2547
2631,2602,2630,2253,2586,2632,2555
2632,2555,13,2774,2554,2602,2631
2633,2546,2714,2547,2232,2630,2301
2634,2757,2756,2635,2233,2551,2333
2635,2293,2638,2634,2233,2550,2551
2636,2308,2682,2565,2700,2683,2370
2637,2238,2231,2392,2740,2741,2678
2638,2293,2635,2550,2639,2428,2645
2639,2638,2428,2427,2640,2293,2294
2640,2641,2295,2529,2294,2639,2427
2641,2465,2642,2640,2295,2466,2529
2642,2465,2272,2641,2495,2643,2529
2643,2495,2642,2272,2271,2644,2496
2644,2412,2271,2643,2648,2646,2496
2645,2519,2356,2222,2550,2428,2638
2646,2648,2644,2647,2412,2317,2396
2647,2411,2649,2646,2412,2317,2318
2648,2646,2644,2351,2650,2396,2496
2649,2651,2446,2411,2647,2587,2318
2650,2395,2396,2648,2351,2352,2654
2651,2652,2340,2446,2567,2587,2649
2652,2651,2340,2446,2653,2433,2334
2653,2729,2436,2438,2433,2652,2334
2654,2395,2431,2655,2513,2650,2352
2655,2430,2656,2431,2654,2513,2484
2656,2430,2425,2655,2431,2657,2344
2657,2658,2447,2656,2425,2350,2344
2658,2657,2447,2659,2557,2601,2350
2659,2658,2557,2316,2660,2415,2447
2660,2415,2416,2316,2659,2661,2315
2661,2449,2315,2660,2416,2662,2666
2662,2663,2282,2666,2469,2416,2661
2663,2662,2282,2664,2283,2469,2468
2664,2663,2283,2476,2468,2665,2525
2665,2364,1057,2445,2476,2664,2525
2666,2662,2469,1052,2449,1053,2661
2667,2668,2326,2269,2366,2128,2444
2668,2667,2326,2358,2522,2669,2444
2669,2444,2668,2414,2358,2673,2670
2670,2671,2330,2507,2673,2669,2414
2671,2670,2330,2413,2414,2672,2331
2672,2441,2753,2413,2671,2331,2470
2673,2674,2262,2444,2670,2507,2669
2674,2506,2675,2673,2262,2263,2507
2675,2674,2506,2498,2263,2676,2538
2676,2677,2598,2498,2675,2538
2677,2676,2598,8,2499,2498,2357
2678,2238,2456,2741,2742,2744,2637
2679,2402,2759,2527,2680,2760,2258
2680,2681,2526,2527,2679,2258,2259
2681,2680,2526,2717,2539,2259,2462
2682,2511,2684,2254,2308,2636,2683
2683,34,2511,2682,35,2636,2700
2684,2685,2510,2255,2254,2682,2511
2685,2684,2510,2541,2686,2255,2552
2686,2541,30,2299,2607,2685,2552
2687,2623,2766,2338,2296,2466,2467
2688,2689,2509,2732,2733,2267,2400
2689,2509,2688,2508,2690,2267,2268
2690,2691,2536,2689,2508,2471,2268
2691,2536,2690,2471,2692,2359,2475
2692,2323,2359,2693,2420,2536,2691
2693,2692,2323,2420,2419,2365,2694
2694,2570,2608,2365,2695,2419,2693
2695,2694,2365,2313,2696,2608,2422
2696,2421,2697,2695,2313,2422,2314
2697,2421,2696,2565,2699,2698,2314
2698,2697,2699,2782,1071,1072,2314,2260
2699,2565,2700,2772,2697,2782,2698
2700,2565,2699,2772,2636,35,2683
2701,2724,2502,2312,2257,2702,2723
2702,2703,2264,2257,2501,2502,2701
2703,2585,3,2702,2264,2771,2501
2704,2706,2291,2537,2606,2705,2549
2705,2309,2606,2704,2464,2769,2537
2706,2270,2291,2524,2537,2704,2707
2707,2362,2270,2524,2523,2706,2708
2708,2709,2523,2629,2362,2707,2503
2709,2708,2523,2450,2503,2305,2710
2710,2775,2305,68,67,2451,2450,2709
2711,2265,2343,2746,2492,2745,2712
2712,2492,2491,2711,2713,2266,2265
2713,2540,2714,2712,2266,2491,2546
2714,2546,2633,2713,2540,2715,2301
2715,2716,2463,2540,2714,2285,2301
2716,2463,2462,2717,2360,2715,2285
2717,2716,2462,2681,2539,2360,2718
2718,2719,2324,2539,2418,2717,2360
2719,2720,2363,2324,2718,2418,2417
2720,2363,2719,2564,2417,2721,2624
2721,2311,2363,2722,2624,2424,2720
2722,2424,2423,2311,2721,2312,2723
2723,2724,2701,2448,2423,2312,2722
2724,2322,2725,2502,2701,2723,2284,2448
2725,2724,2322,62,2284,2321,63
2726,2727,2288,2461,2739,2738,2486
2727,2289,2288,2726,2485,2728,2486
2728,2485,2727,2497,2289,2438,2729
2729,2730,2436,2653,2497,2728,2438
2730,2347,2497,2405,2436,2731,2729
2731,2405,2730,2732,2406,2346,2347
2732,2509,2346,2731,2406,2688,2733
2733,2688,2732,2406,2734,2400,2335
2734,2735,2399,2335,2336,2733,2400
2735,2399,2442,2734,2336,2611,2736
2736,2345,2737,2611,2735,2535,2426,2442
2737,2736,2345,1035,2426,2778,1034
2738,2743,2310,2739,2392,2726,2461
2739,2393,2740,2738,2392,2726,2486
2740,2392,2637,2741,2739,2393,2394
2741,2637,2740,2678,2742,2394,2568
2742,2568,2610,2678,2741,2542,2744
2743,2738,2310,2768,2460,2461,2361
2744,2543,2544,2542,2456,2678,2742
2745,2492,2711,2746,2459,2751,2297
2746,2747,2343,2711,2459,2390,2745
2747,2746,2343,2391,2390,2342,2748
2748,2368,2749,2593,2747,2342,2391
2749,2748,2368,2593,2750,2572
2750,48,2572,2368,2355,2776,2749
2751,2298,2752,2745,2459,2458,2297
2752,2439,2753,2298,2751,2470,2458
2753,2441,2672,2439,2752,2754,2470
2754,2755,2432,2753,2441,2439,2337
2755,2754,2432,2443,2337,2339,2756
2756,2757,2634,2755,2339,2443,2551
2757,2401,2443,2756,2634,2758,2333
2758,2402,2401,2757,2333,2332,2759
2759,2332,2398,2402,2758,2760,2679
2760,2759,2398,2679,2527,2353,2761
2761,2353,2354,2398,2397,2762,2760
2762,2761,2397,2429,2763,2500,2354
2763,2581,2500,2762,2764,2440,2429
2764,2327,2429,2437,2440,2763,2765
2765,2767,2437,2766,2764,2327,2338
2766,2623,2687,2768,2767,2765,2338
2767,2147,2437,2765,2766,2361,2768
2768,2623,2460,2743,2766,2767,2361
2769,2464,1,2705,2309,2770
2770,2068,6,5,2309,1,2769
2771,2501,18,3,2703,17
2772,2700,2699,1070,1023,35,2782
2773,46,45,12,2595,2594,2571
2774,52,2554,2632,13,53
2775,2710,2305,68,69,20
2776,2777,100,2750,2355,99,48
2777,100,2776,2355,2077,49,101
2778,2098,2426,1033,1006,2737,1034
2779,1014,2126,1052,1051,2449
2780,1022,2307,2371,1069,36,1068
2781,2172,2202,37,36,2371,2045
2782,2772,2699,1070,1071,2698
2783,2531,2530,1091,1090,1038,1039
