1,23,1095,3,4,1094,1049
2,18,1083,17,16,1113,1112
3,1,23,4,47,24,25
4,26,25,5,3,1,1049
5,1073,6,1049,4,26,27
6,1073,5,7,28,1072,27
7,28,6,29,1070,8,1072
8,530,29,512,508,1070,7
9,1128,10,1062,30,31,1085
10,11,33,1128,9,32,31
11,33,10,1098,1128,34,12
12,35,34,1034,1098,13,11
13,1034,12,35,36,1033,14
14,1033,1038,15,36,13,37
15,16,1113,38,37,1038,14
16,17,39,2,15,1113,38
17,39,16,2,40,18,41
18,2,1083,19,17,42,41
19,1083,18,42,20,43,1056
20,21,44,1056,1055,43,19
21,1082,22,1055,45,44,20
22,21,1082,45,23,1095,46
23,1,1095,3,22,47,46
24,48,74,49,25,47,3
25,4,26,49,24,50,3
26,4,25,5,27,51,50
27,28,52,5,6,51,26
28,7,6,29,53,27,52
29,530,54,8,53,28,7
30,1062,9,552,529,31,55,579
31,30,55,32,56,9,10
32,33,10,57,56,58,31
33,11,10,32,58,34,59
34,35,12,60,59,33,11
35,34,12,60,61,36,13
36,61,35,62,13,37,14
37,15,38,62,63,36,14
38,15,37,39,16,64,63
39,17,16,38,65,64,40
40,65,39,17,41,67,66
41,42,68,40,17,18,67
42,68,41,18,19,43,69
43,44,70,42,69,20,19
44,45,71,43,70,21,20
45,71,44,46,72,21,22
46,72,45,73,23,47,22
47,24,74,73,23,3,46
48,24,74,104,76,75,49
49,50,77,24,25,76,48
50,51,78,77,26,49,25
51,50,78,79,52,27,26
52,79,51,53,80,27,28
53,81,80,54,29,28,52
54,530,29,82,81,553,53
55,30,31,579,56,83,609
56,57,84,32,83,31,55
57,58,86,84,85,56,32
58,57,86,32,33,87,59
59,88,87,60,34,58,33
60,88,59,35,34,61,89
61,89,90,35,36,62,60
62,37,63,91,90,61,36
63,62,37,91,64,38,92
64,39,65,63,38,93,92
65,39,64,93,94,40,66
66,96,95,94,67,65,40
67,68,97,96,66,41,40
68,42,41,67,97,98,69
69,42,43,99,70,98,68
70,43,44,71,99,69,100
71,45,44,100,101,70,72
72,46,45,71,101,102,73
73,102,72,103,74,47,46
74,24,48,104,103,47,73
75,138,104,105,76,106,48
76,106,75,48,77,107,49
77,108,107,78,50,76,49
78,109,79,50,51,108,77
79,109,78,110,80,51,52
80,111,110,79,81,53,52
81,112,111,80,53,54,82
82,113,112,54,81,553,580
83,84,115,56,55,609,114
84,116,115,57,85,56,83
85,84,57,116,117,118,86
86,57,58,119,87,118,85
87,59,88,119,86,120,58
88,121,120,59,87,60,89
89,61,90,122,121,88,60
90,89,61,91,123,122,62
91,123,90,124,63,62,92
92,93,125,124,91,63,64
93,125,92,64,65,94,126
94,126,127,95,66,93,65
95,66,96,94,129,128,127
96,66,95,67,97,130,129
97,67,68,96,130,98,131
98,68,97,131,132,99,69
99,98,132,69,70,100,133
100,133,134,71,101,70,99
101,100,71,72,102,135,134
102,103,136,101,72,135,73
103,102,136,137,104,74,73
104,75,138,137,103,74,48
105,140,139,174,138,75,106
106,140,105,141,107,76,75
107,142,141,106,108,77,76
108,143,142,107,109,78,77
109,78,79,144,110,108,143
110,144,145,109,111,80,79
111,81,112,146,145,110,80
112,81,111,113,82,146,147
113,112,82,184,147,580,642,610
114,115,148,641,609,83,715,676
115,148,149,84,116,83,114
116,84,115,150,149,117,85
117,151,150,118,152,116,85
118,117,152,153,119,85,86
119,154,153,120,118,86,87
120,88,121,154,119,155,87
121,88,120,156,155,89,122
122,157,156,89,121,123,90
123,124,158,91,90,157,122
124,125,159,123,158,91,92
125,124,159,93,92,126,160
126,94,127,161,160,125,93
127,126,94,128,162,161,95
128,164,163,162,127,95,129
129,130,165,164,95,128,96
130,96,97,165,129,166,131
131,167,166,97,98,130,132
132,98,131,99,168,133,167
133,100,134,168,132,169,99
134,133,100,170,169,135,101
135,136,171,170,134,101,102
136,135,171,102,103,172,137
137,173,138,104,172,136,103
138,173,137,75,104,174,105
139,140,105,174,175,213,176
140,139,105,141,177,106,176
141,142,107,140,177,106,178
142,108,143,141,107,179,178
143,108,142,144,180,179,109
144,110,145,181,180,143,109
145,144,110,182,181,111,146
146,111,145,183,182,147,112
147,184,183,113,146,112
148,115,149,185,715,114
149,148,115,185,186,150,116
150,117,151,187,186,149,116
151,117,150,188,187,152,189
152,190,189,117,118,153,151
153,118,152,154,119,190,191
154,153,119,120,155,192,191
155,121,156,120,154,193,192
156,122,157,121,155,194,193
157,122,156,158,123,194,195
158,123,124,157,195,196,159
159,124,125,197,196,160,158
160,126,161,125,197,159,198
161,198,199,127,162,126,160
162,163,200,128,127,161,199
163,128,164,202,201,162,200
164,128,163,202,165,203,129
165,164,203,130,129,166,204
166,167,205,131,165,130,204
167,166,205,131,206,168,132
168,169,207,206,132,133,167
169,168,207,134,170,208,133
170,208,209,134,169,171,135
171,135,136,170,209,172,210
172,136,137,171,173,210,211
173,137,138,174,212,172,211
174,105,139,173,212,138,213
175,255,213,215,214,139,176
176,216,215,177,175,139,140
177,216,176,140,141,217,178
178,218,179,142,177,141,217
179,218,178,142,143,219,180
180,181,144,143,179,219,220
181,180,144,182,145,221,220
182,181,145,183,222,146,221
183,184,147,182,222,223,146
184,642,677,183,147,224,223,113
185,148,149,186,225,715,757
186,187,226,150,185,149,225
187,226,186,150,151,188,227
188,151,187,189,229,228,227
189,152,190,230,229,151,188
190,152,189,153,191,231,230
191,192,232,154,190,231,153
192,191,232,193,233,155,154
193,234,233,192,155,194,156
194,235,234,195,193,157,156
195,236,235,196,194,157,158
196,195,236,197,237,159,158
197,196,237,159,160,238,198
198,161,199,238,239,197,160
199,240,239,198,161,162,200
200,162,163,199,241,240,201
201,202,163,243,242,241,200
202,201,163,164,243,244,203
203,164,165,204,202,244,245
204,203,165,245,246,205,166
205,166,167,246,204,247,206
206,247,248,168,207,205,167
207,168,169,249,208,206,248
208,250,249,170,209,207,169
209,208,170,250,171,210,251
210,252,251,211,209,171,172
211,252,253,212,210,172,173
212,254,253,211,173,174,213
213,255,175,254,212,174,139
214,255,301,256,215,175,257
215,176,216,258,214,175,257
216,176,215,259,258,177,217
217,177,216,260,218,259,178
218,178,179,219,260,217,261
219,262,220,218,179,180,261
220,262,219,180,263,221,181
221,220,263,264,182,181,222
222,223,265,264,182,183,221
223,222,265,184,224,266,183
224,184,223,266,267,716,677
225,226,186,269,185,268,757
226,187,186,225,269,270,227
227,228,271,270,188,226,187
228,272,271,273,227,229,188
229,230,274,273,189,228,188
230,274,229,231,275,189,190
231,232,276,275,230,190,191
232,276,231,191,192,277,233
233,234,278,193,277,192,232
234,279,278,233,193,235,194
235,236,195,234,194,280,279
236,235,195,196,281,280,237
237,282,281,196,197,236,238
238,239,283,198,237,197,282
239,240,199,284,238,283,198
240,239,199,284,241,285,200
241,285,240,200,286,201,242
242,243,288,287,286,201,241
243,288,242,202,244,201,289
244,243,202,290,289,203,245
245,290,291,244,203,246,204
246,245,291,292,247,204,205
247,206,248,293,292,246,205
248,247,206,293,294,249,207
249,250,208,295,294,207,248
250,296,251,295,249,208,209
251,296,250,210,252,209,297
252,253,298,210,251,211,297
253,254,212,252,298,211,299
254,253,212,300,299,213,255
255,213,175,254,301,300,214
256,349,302,301,257,303,214
257,303,256,304,258,215,214
258,259,305,216,304,257,215
259,258,305,216,306,217,260
260,217,218,259,307,261,306
261,218,219,307,260,308,262
262,219,220,309,308,261,263
263,264,310,220,262,309,221
264,263,310,311,222,265,221
265,312,266,222,223,264,311
266,312,265,224,267,223,313
267,802,313,266,224,716,758
268,314,269,225,757,849,801
269,314,268,270,315,225,226
270,269,315,316,271,226,227
271,272,317,228,316,270,227
272,319,318,271,317,228,273
273,274,320,229,319,272,228
274,275,321,230,229,320,273
275,274,321,231,230,322,276
276,232,231,277,323,322,275
277,276,232,324,323,233,278
278,234,279,233,277,325,324
279,234,278,280,326,235,325
280,326,327,281,279,235,236
281,237,282,327,280,236,328
282,237,281,283,329,328,238
283,330,329,282,238,239,284
284,239,240,330,331,285,283
285,241,240,332,286,331,284
286,287,242,332,285,333,241
287,286,242,333,334,335,288
288,243,242,335,287,336,289
289,290,337,244,288,243,336
290,337,289,338,244,245,291
291,292,339,338,290,245,246
292,291,339,340,293,247,246
293,292,340,247,248,294,341
294,295,249,342,341,293,248
295,250,296,294,249,342,343
296,344,343,250,251,295,297
297,344,296,252,298,345,251
298,252,253,346,345,297,299
299,254,300,347,346,298,253
300,254,299,348,347,255,301
301,256,349,255,300,348,214
302,349,256,303,351,350,392
303,351,302,257,256,352,304
304,305,258,257,303,352,353
305,258,259,354,353,304,306
306,307,355,354,259,305,260
307,306,355,308,356,260,261
308,356,307,309,357,261,262
309,310,358,357,308,262,263
310,358,309,311,359,263,264
311,359,310,264,360,312,265
312,265,266,311,360,361,313
313,267,802,362,361,312,266
314,315,363,268,269,849,894
315,364,363,314,316,269,270
316,364,315,317,270,271
317,271,272,316,364,318
318,319,272,364,317,365
319,318,272,320,366,365,273
320,319,366,367,274,321,273
321,322,368,274,275,367,320
322,368,321,323,369,275,276
323,277,324,370,369,322,276
324,325,371,277,323,278,370
325,371,324,326,372,278,279
326,372,325,327,373,280,279
327,373,326,374,280,281,328
328,375,374,329,327,281,282
329,283,330,375,328,282,376
330,283,329,284,331,377,376
331,330,284,285,377,378,332
332,285,286,379,378,331,333
333,379,332,286,287,334
334,418,449,417,380,335,379,333,287
335,380,334,287,288,336
336,380,337,288,335,289
337,290,289,380,336,338
338,290,337,339,291,380,381
339,291,292,340,338,381,382
340,341,383,292,339,382,293
341,340,383,342,384,294,293
342,341,384,294,295,343,385
343,296,344,386,385,342,295
344,296,343,386,387,297,345
345,346,298,388,344,387,297
346,345,298,299,347,388,389
347,299,346,300,348,390,389
348,349,391,300,347,390,301
349,256,302,348,391,301,392
350,351,302,393,394,428,392
351,395,394,303,302,350,352
352,303,351,395,396,353,304
353,305,354,397,396,352,304
354,305,353,355,306,397,398
355,306,307,398,399,354,356
356,400,357,399,308,307,355
357,400,356,309,308,401,358
358,310,309,401,357,359,402
359,403,402,311,310,358,360
360,359,403,361,404,311,312
361,360,404,362,312,313
362,404,361,313,802,850
363,364,315,314,892,894,893
364,363,315,316,317,365,891,318,892
365,438,464,405,366,891,319,364,318
366,319,320,367,405,365
367,406,405,320,366,368,321
368,407,406,322,321,367,369
369,408,407,323,370,368,322
370,409,371,323,369,324,408
371,325,324,409,370,372,410
372,326,325,371,373,411,410
373,327,326,374,412,411,372
374,328,375,373,412,327,413
375,328,374,413,329,414,376
376,415,414,377,330,375,329
377,330,331,376,415,378,416
378,379,417,332,377,331,416
379,417,378,332,333,334
380,336,337,334,335,338,418,381
381,382,418,380,338,339
382,418,381,383,340,339
383,382,418,340,341,419,384
384,420,419,341,342,385,383
385,343,386,420,384,421,342
386,343,344,387,385,422,421
387,386,344,345,422,423,388
388,345,346,424,423,387,389
389,390,425,347,424,388,346
390,426,425,391,389,347,348
391,427,392,348,349,390,426
392,427,391,428,302,349,350
393,430,394,350,428,429,457
394,351,395,430,431,393,350
395,351,394,432,431,352,396
396,395,432,433,352,353,397
397,434,433,398,353,354,396
398,355,399,435,397,434,354
399,356,400,398,355,436,435
400,356,357,399,436,437,401
401,437,400,357,358,402
402,359,403,437,401,358
403,359,402,437,404,360
404,437,403,360,361,362,492,850,957
405,367,406,365,366,438
406,367,405,368,407,439,438
407,368,406,369,408,439,440
408,409,441,369,407,440,370
409,370,371,441,408,410,442
410,372,411,371,442,409,443
411,373,412,444,372,443,410
412,373,374,413,445,444,411
413,375,374,414,446,445,412
414,415,376,447,413,375,446
415,414,376,448,447,377,416
416,449,448,415,377,417,378
417,379,378,334,449,416
418,382,381,334,449,383,419,450,492,499,380
419,384,420,383,418,450
420,384,419,450,385,421
421,422,386,450,420,385
422,421,386,450,387,423,451
423,424,452,451,422,387,388
424,425,453,423,452,388,389
425,426,390,424,453,454,389
426,425,390,455,427,391,454
427,391,392,455,426,428,456
428,427,392,393,350,456,457
429,393,430,457,478,459,458
430,394,431,460,459,393,429
431,395,432,430,394,461,460
432,395,431,461,462,433,396
433,434,463,462,432,397,396
434,463,433,435,397,398
435,463,434,398,399,436
436,437,463,399,400,435
437,463,436,403,402,400,401,404,492
438,439,464,365,405,406
439,465,440,464,438,407,406
440,465,439,441,408,407,466
441,409,408,440,442,467,466
442,468,443,410,409,467,441
443,444,469,468,442,411,410
444,443,469,470,445,412,411
445,470,471,446,413,412,444
446,472,471,447,414,413,445
447,473,472,415,448,414,446
448,415,447,449,473,416
449,334,418,489,499,473,417,448,416
450,474,492,419,420,418,422,421,451
451,452,474,423,422,450
452,423,424,451,474,453
453,424,425,454,452,474
454,455,475,425,453,474,426
455,426,427,454,475,476,456
456,477,476,455,427,428,457
457,456,428,429,478,477,393
458,479,491,478,480,459,429
459,481,480,460,430,458,429
460,459,430,461,431,481
461,460,431,481,462,432
462,463,481,433,461,432
463,492,481,434,433,437,436,462,435
464,439,438,365,493,507,482,465,891
465,439,440,482,466,464
466,441,467,483,482,465,440
467,483,484,468,442,441,466
468,469,485,442,443,484,467
469,468,485,443,444,470,486
470,445,471,444,469,487,486
471,488,487,470,445,446,472
472,447,473,488,489,446,471
473,449,489,447,472,448
474,450,492,451,452,454,475,490,453
475,454,455,476,490,474
476,490,475,455,456,477
477,456,476,490,478,457
478,490,477,491,458,457,429
479,458,491,480,492
480,481,459,479,492,458
481,492,463,480,459,462,460,461
482,465,466,493,483,464
483,467,484,494,493,466,482
484,483,467,495,485,468,494
485,468,469,495,484,486,496
486,469,485,497,496,487,470
487,488,471,498,497,486,470
488,487,471,489,499,498,472
489,449,499,473,488,472
490,476,475,474,492,491,477,478
491,458,479,490,492,478
492,450,474,418,481,463,490,491,479,480,437,404
493,504,507,494,483,500,464,482
494,495,500,493,483,484
495,500,494,484,485,501,496
496,497,502,486,501,495,485
497,496,502,486,498,487,503
498,499,503,497,487,488
499,489,449,498,503,488,506,418
500,501,504,495,494,493
501,505,502,504,500,495,496
502,505,501,496,497,503,506
503,498,499,497,502,506
504,501,500,505,507,493
505,501,502,506,507,504
506,505,507,502,503,499
507,505,506,504,493,464
508,512,8,1124,1071,1070
509,510,1022,515,514,1086,1021
510,509,1022,515,516,1129,517
511,1106,522,1023,524,1105,523
512,530,531,8,508,513,1124
513,514,532,1086,512,1124,531
514,533,515,513,532,1086,509
515,533,514,510,516,534,509
516,536,535,517,515,510,534
517,537,536,518,516,1129,510
518,538,537,517,519,1076,1129
519,539,520,538,518,1076,1015
520,540,521,1013,1015,539,519
521,540,520,1013,1106,541,522
522,1106,511,523,542,541,521
523,544,524,542,543,522,511
524,544,523,545,525,1023,511
525,526,1010,546,545,1023,524
526,525,1010,546,1063,1127,547
527,1054,1053,1130,528,550,549
528,552,551,529,527,1054,550
529,528,552,1062,1060,30,1054
530,54,29,512,531,8,553,554
531,530,512,555,554,532,513
532,556,555,533,531,513,514
533,514,515,557,556,532,534
534,558,557,535,516,533,515
535,536,516,534,560,558,559
536,537,517,535,516,560,561
537,536,517,518,538,561,562
538,518,537,519,539,563,562
539,564,563,520,540,519,538
540,520,521,541,539,564,565
541,540,521,565,566,542,522
542,523,543,566,541,522,567
543,568,569,542,523,544,567
544,523,524,545,543,569,570
545,571,570,544,524,525,546
546,572,571,525,545,526,547
547,548,1127,573,526,572,546
548,547,1127,573,574,1130,549
549,575,550,1130,548,527,574
550,551,576,575,549,527,528
551,528,552,576,550,577,578
552,528,551,529,30,579,578
553,581,554,82,54,580,530
554,581,553,531,555,582,530
555,556,532,531,554,582,583
556,555,532,557,533,583,584
557,534,558,556,533,585,584
558,534,557,535,559,585,586
559,588,560,535,558,586,587
560,536,561,589,588,559,535
561,590,589,560,536,537,562
562,591,563,538,537,561,590
563,591,592,562,564,539,538
564,563,539,592,540,593,565
565,541,540,564,593,594,566
566,595,594,541,542,565,567
567,596,568,595,566,542,543
568,543,569,598,596,567,597
569,568,543,598,599,570,544
570,545,571,600,599,569,544
571,545,570,572,546,601,600
572,571,546,601,573,547,602
573,548,547,574,603,572,602
574,603,573,548,604,575,549
575,549,550,576,605,604,574
576,551,550,575,605,577,606
577,576,551,578,608,606,607
578,608,609,579,552,551,577
579,609,578,55,30,552
580,610,581,553,82,113
581,553,554,582,611,610,580
582,611,581,554,583,612,555
583,612,582,555,556,584,613
584,557,585,583,613,614,556
585,557,584,615,614,586,558
586,615,616,587,585,558,559
587,616,586,559,588,617,618
588,559,560,589,619,587,618
589,561,590,619,620,560,588
590,561,589,621,591,620,562
591,563,592,562,621,590,622
592,591,563,564,593,622,623
593,592,564,623,624,565,594
594,625,624,595,566,565,593
595,594,566,626,625,596,567
596,597,627,567,568,595,626
597,627,596,598,568,629,628
598,569,568,599,630,597,629
599,600,631,570,630,598,569
600,599,631,632,601,571,570
601,600,571,572,602,633,632
602,634,603,573,601,572,633
603,634,602,635,574,573,604
604,605,636,574,575,603,635
605,636,604,575,576,637,606
606,577,607,637,638,605,576
607,639,640,606,577,638,608
608,641,640,578,609,577,607
609,608,578,579,83,55,114,641
610,580,581,611,643,642,113
611,582,581,610,612,644,643
612,583,582,611,613,644,645
613,646,645,583,584,614,612
614,585,615,646,613,584,647
615,586,616,647,648,585,614
616,615,586,649,617,587,648
617,651,650,649,616,587,618
618,652,651,619,588,617,587
619,589,620,588,618,652,653
620,619,589,654,653,621,590
621,590,591,654,620,655,622
622,656,655,621,623,591,592
623,656,622,657,624,592,593
624,594,625,657,623,593,658
625,594,624,659,658,626,595
626,659,625,595,596,627,660
627,628,661,597,596,660,626
628,627,661,629,663,597,662
629,663,664,598,630,628,597
630,664,665,599,598,631,629
631,599,600,632,630,665,666
632,631,600,667,666,633,601
633,667,632,634,668,601,602
634,602,603,635,669,668,633
635,634,603,669,636,670,604
636,605,604,635,670,637,671
637,605,636,606,638,671,672
638,673,672,637,606,607,639
639,607,640,675,674,673,638
640,639,607,641,608,675,676
641,640,608,676,114,609
642,677,184,643,678,610,113
643,642,678,610,644,679,611
644,680,679,612,645,643,611
645,646,613,681,680,644,612
646,645,613,614,682,681,647
647,615,648,683,682,614,646
648,647,615,616,684,683,649
649,616,617,650,648,685,684
650,687,686,617,651,649,685
651,617,650,652,618,688,687
652,651,618,688,619,689,653
653,654,620,690,689,619,652
654,653,620,621,655,690,691
655,656,622,654,621,691,692
656,655,622,623,692,657,693
657,693,694,656,623,624,658
658,695,694,659,625,657,624
659,660,696,658,625,695,626
660,696,659,627,661,697,626
661,627,628,662,698,697,660
662,661,698,700,699,663,628
663,629,664,701,700,628,662
664,663,629,702,665,630,701
665,702,664,630,666,703,631
666,667,632,665,703,704,631
667,666,632,633,668,705,704
668,634,669,706,705,633,667
669,634,668,635,706,707,670
670,635,636,707,669,708,671
671,672,709,708,637,670,636
672,671,709,638,673,710,637
673,638,672,674,711,639,710
674,711,673,639,712,675,713
675,676,714,639,640,713,674
676,675,714,640,641,114,715
677,642,184,717,678,716,224
678,717,677,642,643,679,718
679,680,719,644,678,718,643
680,681,645,720,679,719,644
681,680,645,720,646,682,721
682,683,647,646,681,721,722
683,682,647,684,648,723,722
684,724,723,683,648,685,649
685,686,725,724,684,650,649
686,725,685,687,650,727,726
687,686,650,651,688,728,727
688,652,651,687,728,729,689
689,730,729,690,653,688,652
690,691,731,689,653,730,654
691,731,690,692,732,654,655
692,732,691,655,656,693,733
693,657,694,656,733,692,734
694,658,695,693,657,735,734
695,658,694,696,736,735,659
696,660,659,736,695,737,697
697,738,737,661,698,660,696
698,739,738,661,662,697,699
699,741,700,739,740,662,698
700,741,699,742,662,701,663
701,702,743,742,700,663,664
702,664,665,701,743,744,703
703,745,704,665,666,702,744
704,745,703,705,746,666,667
705,747,746,704,706,668,667
706,748,707,668,669,705,747
707,748,706,669,670,708,749
708,750,749,707,671,709,670
709,671,672,751,750,710,708
710,711,752,709,751,672,673
711,674,673,753,752,710,712
712,713,755,754,674,711,753
713,714,756,712,755,675,674
714,675,676,756,713,715,757
715,148,185,114,676,714,757
716,267,224,717,677,758
717,759,758,677,678,716,718
718,678,679,717,760,759,719
719,761,760,679,680,718,720
720,680,681,762,761,719,721
721,762,720,763,682,722,681
722,721,682,764,763,683,723
723,684,724,765,764,683,722
724,765,766,684,723,685,725
725,686,685,726,767,766,724
726,725,767,768,769,727,686
727,686,687,769,726,728,770
728,771,729,687,688,770,727
729,730,689,771,728,688,772
730,729,689,772,773,690,731
731,773,774,691,690,732,730
732,692,691,731,774,775,733
733,693,692,732,734,776,775
734,776,777,733,735,693,694
735,736,778,695,734,777,694
736,696,695,735,778,779,737
737,780,779,738,736,696,697
738,698,739,780,737,697,781
739,740,782,698,738,781,699
740,739,782,784,741,699,783
741,699,700,742,784,740,785
742,741,700,785,786,743,701
743,701,702,742,744,786,787
744,787,788,743,702,745,703
745,703,704,746,789,788,744
746,705,747,745,789,704,790
747,705,746,791,748,790,706
748,706,707,791,747,792,749
749,708,750,792,793,707,748
750,794,751,708,749,709,793
751,752,795,794,750,709,710
752,795,751,753,711,710,796
753,754,797,752,711,712,796
754,798,797,753,799,755,712
755,712,713,799,754,800,756
756,801,800,714,713,757,755
757,268,225,185,714,756,715,801
758,759,717,803,716,267,802
759,758,717,803,760,718,804
760,761,805,719,759,718,804
761,760,805,806,762,720,719
762,761,720,721,807,763,806
763,807,762,721,808,764,722
764,809,808,763,723,765,722
765,724,766,810,723,764,809
766,765,724,811,767,725,810
767,811,766,725,726,768,812
768,767,726,814,769,812,813
769,814,768,726,727,770,815
770,816,815,771,728,727,769
771,816,770,728,729,817,772
772,730,773,817,771,729,818
773,731,774,772,730,819,818
774,773,731,820,775,732,819
775,820,774,821,732,733,776
776,821,822,734,777,733,775
777,778,823,776,734,735,822
778,735,736,823,777,779,824
779,825,780,737,736,778,824
780,825,779,737,826,738,781
781,782,739,827,826,780,738
782,739,740,781,828,827,783
783,784,830,782,740,828,829
784,830,783,831,785,740,741
785,831,784,832,786,742,741
786,787,833,832,785,742,743
787,788,834,833,786,744,743
788,787,834,835,744,745,789
789,836,835,745,746,788,790
790,747,791,789,746,836,837
791,747,748,792,790,838,837
792,839,838,791,748,749,793
793,792,749,750,794,840,839
794,750,751,795,841,840,793
795,752,751,841,794,842,796
796,843,797,753,842,752,795
797,798,754,753,843,844,796
798,797,754,845,844,799,846
799,754,755,800,847,846,798
800,756,801,847,799,755,848
801,756,800,849,848,757,268
802,850,851,267,313,803,362,758
803,759,758,851,802,852,804
804,852,803,760,759,805,853
805,760,761,806,854,853,804
806,805,761,854,807,855,762
807,808,856,855,806,762,763
808,856,807,809,764,857,763
809,858,857,808,764,765,810
810,765,766,809,811,858,859
811,766,767,810,860,859,812
812,768,813,860,811,767,861
813,812,768,863,814,862,861
814,768,769,863,813,864,815
815,816,770,769,814,865,864
816,815,770,771,866,817,865
817,866,816,771,818,867,772
818,867,817,819,868,773,772
819,869,868,818,820,774,773
820,870,869,774,775,821,819
821,776,822,871,870,820,775
822,821,776,872,823,777,871
823,872,822,778,777,873,824
824,778,779,874,825,823,873
825,779,780,826,875,874,824
826,825,875,780,781,827
827,828,782,781,826,875
828,827,782,829,875,783
829,875,828,830,783,915,945,876,916
830,784,783,876,831,829
831,784,785,876,830,832,877
832,833,878,785,786,831,877
833,878,879,787,786,832,834
834,787,788,835,880,879,833
835,788,834,836,789,880,881
836,882,881,835,789,790,837
837,883,838,836,790,791,882
838,792,839,883,837,884,791
839,792,838,885,840,793,884
840,885,839,794,841,793,886
841,887,842,795,794,840,886
842,887,841,796,843,888,795
843,797,844,889,888,796,842
844,845,890,843,797,889,798
845,844,890,891,846,798
846,891,845,892,799,798,847
847,800,799,893,848,892,846
848,893,847,894,801,849,800
849,801,848,268,314,894
850,802,851,362,404,957,895
851,850,802,895,852,803
852,895,851,803,804,853
853,854,805,895,852,804
854,853,805,806,896,895,855
855,807,806,896,854,856,897
856,808,807,897,855,857,898
857,809,858,898,899,808,856
858,809,857,859,900,899,810
859,901,900,858,810,811,860
860,861,902,901,811,859,812
861,902,860,903,812,813,862
862,813,861,903,904,863,905
863,813,814,862,905,906,864
864,907,865,863,814,906,815
865,907,864,866,908,815,816
866,909,908,816,817,865,867
867,910,909,818,817,866,868
868,869,911,910,819,818,867
869,868,911,870,820,912,819
870,821,871,869,820,913,912
871,821,870,913,914,822,872
872,822,823,915,914,871,873
873,823,872,824,874,915
874,825,875,824,873,915
875,825,826,874,827,829,828,915
876,830,831,877,916,829
877,917,916,876,831,878,832
878,833,879,917,918,832,877
879,880,919,878,833,918,834
880,879,919,881,920,834,835
881,880,920,836,882,835,921
882,836,881,837,922,921,883
883,837,838,922,923,884,882
884,923,924,839,885,838,883
885,886,925,924,839,840,884
886,885,925,887,926,841,840
887,927,926,841,842,886,888
888,843,889,842,887,927,928
889,843,844,890,929,928,888
890,844,845,929,889,891
891,845,846,365,464,364,892,890,929,989,1005
892,891,846,363,364,893,847
893,847,848,894,363,892
894,893,848,314,363,849
895,851,852,930,896,853,850,957,854
896,930,895,854,855,897
897,898,930,856,855,896
898,899,930,897,857,856
899,930,898,931,857,900,858
900,859,901,858,899,931,932
901,933,932,859,900,860,902
902,861,860,934,933,901,903
903,935,904,934,861,902,862
904,935,903,862,936,905,937
905,904,862,937,938,863,906
906,905,863,938,939,864,907
907,939,940,864,865,908,906
908,909,941,866,907,940,865
909,908,941,866,867,910,942
910,868,911,867,909,942,943
911,868,869,910,943,944,912
912,944,913,870,911,869
913,944,912,870,871,914
914,872,915,913,871,944
915,872,914,945,990,980,944,873,874,875,829
916,877,917,876,829,945
917,878,918,877,916,946,945
918,917,878,879,947,946,919
919,879,880,947,948,918,920
920,880,881,919,921,949,948
921,950,949,922,882,920,881
922,883,923,921,882,951,950
923,922,883,884,924,952,951
924,925,885,953,923,884,952
925,885,886,924,954,953,926
926,927,887,886,925,955,954
927,926,887,955,956,888,928
928,889,929,888,927,956
929,890,889,928,891,956,976,989
930,899,898,895,896,931,897,957
931,930,899,900,932,957
932,901,933,957,900,931
933,901,932,957,934,958,902
934,933,958,959,935,903,902
935,960,936,959,934,903,904
936,960,935,937,962,904,961
937,963,938,962,936,904,905
938,963,937,905,964,939,906
939,907,940,965,938,964,906
940,941,966,939,907,965,908
941,908,909,966,940,942
942,909,910,966,941,943
943,944,966,911,910,942
944,966,943,912,913,911,980,915,914
945,990,915,829,916,917,946,967,981
946,947,967,918,917,945
947,946,967,918,919,948,968
948,949,969,947,919,920,968
949,948,969,970,950,921,920
950,970,949,971,951,921,922
951,971,950,972,952,923,922
952,973,972,953,924,923,951
953,925,954,924,974,952,973
954,974,975,925,953,955,926
955,927,956,975,954,976,926
956,955,927,928,929,976
957,932,933,404,850,895,930,931,958,977
958,933,934,977,959,957
959,934,935,977,958,960
960,935,936,977,959,961
961,962,936,977,960,978,979
962,937,936,961,963,979,980
963,937,938,962,980,964
964,980,965,963,938,939
965,966,980,964,939,940
966,944,943,965,980,941,940,942
967,946,947,968,981,945
968,982,969,948,947,967,981
969,982,983,948,949,970,968
970,949,950,971,984,983,969
971,950,951,970,972,984,985
972,973,952,986,951,971,985
973,972,952,953,974,987,986
974,954,975,953,973,987,988
975,974,954,955,976,989,988
976,955,975,956,929,989
977,958,959,960,961,957,978
978,977,961,979,980
979,978,980,961,962
980,965,966,964,978,979,963,962,944,915
981,967,968,982,945,990
982,969,983,968,991,981,990
983,982,969,984,970,992,991
984,983,970,971,992,993,985
985,994,993,986,972,971,984
986,987,995,973,972,985,994
987,996,995,988,986,973,974
988,987,996,975,989,974
989,1001,1005,929,976,975,891,988,996
990,945,915,991,997,982,1002,981
991,992,983,982,990,997
992,991,983,997,998,993,984
993,985,994,998,992,984,999
994,999,1000,995,985,993,986
995,1000,994,987,996,986,1001
996,987,995,988,1001,989
997,990,991,1002,992,998
998,999,1003,997,992,993,1002
999,994,1000,998,1003,993,1004
1000,999,994,995,1001,1005,1004
1001,989,1005,996,1000,995
1002,997,990,998,1003,1006
1003,998,999,1006,1002,1004
1004,1000,1005,999,1006,1003
1005,1001,989,891,1000,1004,1006
1006,1003,1002,1004,1005
1007,1038,1033,1029,1032,1028,1037
1008,1036,1041,1042,1050,1125,1068
1009,1035,1046,1025,1039,1027,1045
1010,526,525,1023,1052,1064,1063
1011,1044,1066,1043,1020,1021,1065
1012,1053,1024,1031,1060,1016,1054
1013,1040,1077,521,520,1015,1106
1014,1018,1051,1048,1017,1078,1079
1015,1076,1075,1040,1013,520,519
1016,1104,1057,1069,1031,1024,1012
1017,1055,1018,1081,1082,1014,1048
1018,1055,1017,1051,1014,1056,1067
1019,1059,1047,1026,1058,1091,1090
1020,1022,1021,1011,1043,1096,1097
1021,1022,1020,1011,1086,509,1044
1022,1021,1020,1096,510,509,1129
1023,1010,1052,525,524,1105,511
1024,1053,1123,1012,1069,1016,1114
1025,1103,1102,1101,1027,1035,1009
1026,1047,1101,1058,1019,1027,1088,1087
1027,1088,1039,1026,1101,1025,1009
1028,1099,1100,1029,1007,1034,1033
1029,1032,1109,1007,1028,1100,1108
1030,1062,1085,1084,1061,1031,1057
1031,1030,1057,1016,1060,1012,1062
1032,1029,1109,1007,1110,1111,1037
1033,1007,1038,14,1034,13,1028
1034,12,1098,13,1033,1028,1099
1035,1115,1116,1046,1009,1025,1103
1036,1041,1008,1073,1074,1050,1072
1037,1111,1112,1032,1007,1113,1038
1038,1007,1033,15,1113,14,1037
1039,1088,1027,1121,1120,1009,1045
1040,1119,1118,1075,1015,1077,1013
1041,1036,1008,1092,1093,1042,1074
1042,1008,1041,1089,1092,1125
1043,1065,1121,1011,1020,1097,1120
1044,1124,1071,1066,1011,1086,1021
1045,1118,1119,1120,1039,1009,1046
1046,1035,1009,1117,1116,1045,1118
1047,1026,1101,1080,1126,1102,1059,1019
1048,1092,1093,1079,1014,1017,1081
1049,1073,5,1094,1074,4,1
1050,1068,1071,1070,1072,1036,1008
1051,1067,1111,1018,1014,1078,1110
1052,1010,1023,1064,1105,1116,1117
1053,1123,1024,1054,527,1130,1012
1054,527,1053,529,1060,1012,528
1055,1018,1017,21,1082,20,1056
1056,1083,1067,20,1055,1018,19
1057,1107,1126,1061,1016,1104,1030,1031
1058,1090,1089,1026,1019,1087
1059,1108,1109,1047,1019,1080,1091
1060,1062,529,1031,1012,1054
1061,1099,1084,1107,1100,1057,1030
1062,9,30,529,1060,1030,1085,1031
1063,1064,1114,1123,1010,526,1127
1064,1010,1052,1063,1114,1116,1115
1065,1043,1121,1122,1066,1011
1066,1122,1065,1068,1044,1011,1071
1067,1111,1051,1056,1083,1018,1112
1068,1071,1050,1122,1066,1008,1125
1069,1103,1104,1114,1115,1016,1024
1070,1071,1050,508,8,7,1072
1071,1068,1050,1124,508,1070,1044,1066
1072,7,6,1070,1050,1073,1036
1073,1036,1074,6,5,1049,1072
1074,1036,1073,1094,1049,1093,1041
1075,1119,1097,1076,1096,1015,1040
1076,1096,1075,1015,519,518,1129
1077,1117,1105,1106,1118,1040,1013
1078,1090,1091,1079,1051,1110,1014
1079,1092,1048,1078,1090,1014,1089
1080,1126,1047,1059,1108,1107
1081,1082,1017,1095,1094,1093,1048
1082,1081,1017,21,22,1055,1095
1083,18,2,19,1056,1067,1112
1084,1061,1099,1085,1030,1128,1098
1085,1062,1030,9,1128,1084
1086,513,514,509,1021,1044,1124
1087,1125,1089,1058,1026,1088,1122
1088,1027,1039,1121,1026,1087,1122
1089,1087,1125,1090,1058,1042,1092,1079
1090,1078,1091,1079,1058,1089,1019
1091,1090,1078,1059,1019,1109,1110
1092,1093,1048,1079,1041,1089,1042
1093,1092,1048,1041,1094,1081,1074
1094,1081,1095,1074,1049,1,1093
1095,1081,1082,1,23,22,1094
1096,1076,1075,1022,1020,1097,1129
1097,1119,1075,1120,1096,1043,1020
1098,1034,12,11,1128,1084,1099
1099,1028,1100,1061,1084,1098,1034
1100,1028,1099,1061,1107,1108,1029
1101,1026,1047,1102,1025,1027
1102,1104,1103,1101,1047,1025,1126
1103,1104,1102,1025,1069,1035,1115
1104,1103,1102,1069,1126,1016,1057
1105,1077,1117,1106,1023,1052,511
1106,1077,1105,511,522,521,1013
1107,1057,1126,1061,1100,1108,1080
1108,1059,1109,1100,1107,1080,1029
1109,1032,1029,1108,1059,1091,1110
1110,1078,1051,1032,1111,1109,1091
1111,1037,1112,1067,1051,1032,1110
1112,1037,1111,1113,2,1083,1067
1113,16,15,1038,1037,2,1112
1114,1115,1069,1063,1064,1024,1123
1115,1035,1116,1114,1069,1064,1103
1116,1035,1115,1117,1046,1052,1064
1117,1077,1105,1118,1046,1116,1052
1118,1119,1040,1045,1117,1077,1046
1119,1075,1097,1120,1118,1040,1045
1120,1097,1119,1121,1039,1043,1045
1121,1043,1065,1088,1039,1122,1120
1122,1065,1066,1068,1087,1125,1088,1121
1123,1053,1024,1127,1130,1063,1114
1124,508,1071,1044,513,512,1086
1125,1087,1089,1042,1008,1122,1068
1126,1107,1057,1080,1047,1104,1102
1127,548,547,1123,1130,526,1063
1128,10,9,1085,1098,11,1084
1129,518,1076,517,510,1022,1096
1130,527,1053,1127,1123,549,548
