1,1727,33,4,5,1741,1742
2,1638,1657,15,16,1559,14
3,25,1738,1724,1642,23,24
4,33,69,5,35,34,1
5,35,4,36,6,1742,1
6,37,36,5,7,1742,1743
7,1525,1743,38,37,6,8
8,9,39,38,7,1513,1525
9,8,39,1514,1513,40,10
10,40,810,773,9,1679,1514
11,41,772,1509,1688,42,12
12,42,43,13,1516,11,1509
13,14,44,12,43,1516,1559
14,13,44,15,45,2,1559
15,14,45,46,47,16,2
16,48,47,17,1657,15,2
17,16,1657,1719,1745,49,48
18,19,52,1588,1574,51,1746
19,20,53,1574,1566,52,18
20,53,19,21,54,1566,1567
21,54,20,1581,1567,22,55
22,55,56,1581,1642,23,21
23,1642,22,3,57,56,24
24,57,58,59,25,23,3
25,3,1738,26,60,59,24
26,60,25,1738,61,1747,1744
27,62,1747,28,63,1580,1587
28,29,64,1580,1572,63,27
29,65,30,1573,28,64,1572
30,65,29,1573,1584,31,66
31,67,66,1584,30,1648,32
32,1727,33,1648,31,68,67
33,4,69,1727,1,32,68
34,71,70,108,69,35,4
35,5,4,72,71,34,36
36,72,73,6,37,35,5
37,74,73,6,36,38,7
38,75,39,37,7,8,74
39,75,38,8,9,40,76
40,10,810,39,9,77,76
41,11,772,78,42,809
42,12,43,79,78,41,11
43,42,12,79,80,44,13
44,81,80,13,14,43,45
45,82,81,44,46,14,15
46,83,82,45,47,84,15
47,46,84,16,48,85,15
48,16,47,85,86,49,17
49,50,87,1745,17,86,48
50,49,87,1745,1746,88,51
51,50,88,89,18,52,1746
52,19,18,90,89,51,53
53,20,19,54,90,91,52
54,21,20,53,91,55,92
55,22,56,93,21,54,92
56,55,22,23,57,93,94
57,95,58,24,23,56,94
58,95,57,24,59,96,97
59,24,25,98,97,58,60
60,26,25,99,98,61,59
61,99,60,1747,62,26,100
62,27,1747,61,100,63,101
63,28,27,101,62,102,64
64,103,102,28,29,63,65
65,29,30,104,103,66,64
66,31,67,105,104,30,65
67,31,66,68,106,105,32
68,69,107,33,106,67,32
69,33,4,34,108,107,68
70,110,109,34,71,108,150
71,34,70,110,111,72,35
72,111,112,36,73,71,35
73,112,113,72,36,74,37
74,73,37,113,114,38,75
75,38,39,115,114,74,76
76,116,115,77,40,75,39
77,851,810,40,116,76,117
78,41,42,850,809,118,79,160
79,43,42,119,118,78,80
80,44,81,120,119,43,79
81,44,80,45,82,121,120
82,45,81,121,46,83,122
83,46,82,124,123,84,122
84,85,125,83,124,46,47
85,84,125,126,86,48,47
86,85,126,127,87,48,49
87,49,50,128,127,86,88
88,89,129,50,87,128,51
89,88,129,52,90,51,130
90,91,131,53,52,89,130
91,131,90,53,54,132,92
92,133,132,93,55,54,91
93,94,134,55,56,92,133
94,93,134,56,57,95,135
95,136,135,57,58,94,96
96,138,137,97,136,95,58
97,98,59,138,96,139,58
98,99,60,97,59,140,139
99,98,60,100,141,61,140
100,141,99,62,61,101,142
101,143,142,63,62,100,102
102,103,64,144,143,101,63
103,102,64,145,104,144,65
104,145,103,105,66,146,65
105,147,146,106,104,66,67
106,105,147,148,107,68,67
107,108,149,148,69,68,106
108,70,34,69,107,149,150
109,110,70,151,195,150,152
110,109,70,71,111,153,152
111,110,71,72,112,153,154
112,73,113,111,72,154,155
113,112,73,156,114,74,155
114,157,156,113,74,115,75
115,116,158,76,157,114,75
116,115,158,76,77,117,159
117,116,77,159,940,894,851
118,119,161,160,79,78
119,162,161,118,80,120,79
120,121,163,162,80,119,81
121,122,164,163,120,81,82
122,123,165,121,164,82,83
123,165,122,83,124,166,167
124,83,123,84,167,168,125
125,84,85,169,168,124,126
126,170,169,127,85,125,86
127,128,171,170,126,87,86
128,171,127,129,172,87,88
129,128,172,88,89,130,173
130,90,131,89,174,129,173
131,91,90,174,175,132,130
132,133,176,92,175,131,91
133,176,132,177,92,93,134
134,178,177,93,94,135,133
135,95,136,179,178,94,134
136,95,135,180,179,137,96
137,182,181,180,136,96,138
138,96,137,97,182,139,183
139,184,183,140,138,97,98
140,185,184,139,98,141,99
141,100,99,186,142,140,185
142,101,143,186,141,187,100
143,188,187,101,142,102,144
144,189,188,145,102,103,143
145,103,104,189,144,190,146
146,105,147,191,190,145,104
147,105,146,191,106,192,148
148,107,149,193,192,147,106
149,107,108,148,194,193,150
150,70,109,108,195,194,149
151,152,197,195,109,196,243
152,153,198,197,151,109,110
153,152,198,111,110,154,199
154,111,112,155,153,199,200
155,201,200,154,112,156,113
156,114,157,202,113,155,201
157,114,156,203,158,202,115
158,203,204,115,116,157,159
159,205,204,117,940,116,158
160,161,206,118,78,850,939,893
161,206,160,119,162,118,207
162,208,163,119,161,120,207
163,208,162,121,120,164,209
164,121,122,210,209,165,163
165,123,122,211,210,164,166
166,167,213,123,165,211,212
167,213,166,123,168,214,124
168,125,169,215,214,167,124
169,216,170,126,125,168,215
170,216,169,126,127,171,217
171,128,127,217,170,172,218
172,128,129,171,218,173,219
173,220,174,219,172,130,129
174,131,175,220,173,130,221
175,222,176,174,131,132,221
176,133,132,222,175,177,223
177,178,224,133,176,134,223
178,177,224,134,225,135,179
179,180,226,135,178,225,136
180,179,226,136,181,227,137
181,137,182,227,180,229,228
182,137,181,230,229,183,138
183,231,230,182,184,139,138
184,185,140,231,183,232,139
185,233,232,184,140,141,186
186,141,142,187,234,185,233
187,188,143,142,186,234,235
188,187,143,144,189,235,236
189,236,237,144,188,145,190
190,191,238,145,189,237,146
191,190,238,147,146,192,239
192,193,148,191,147,239,240
193,192,148,240,241,194,149
194,242,195,241,193,149,150
195,242,194,151,109,243,150
196,244,294,243,151,197,245
197,152,151,246,198,196,245
198,152,153,246,197,247,199
199,248,200,153,154,198,247
200,248,199,201,155,249,154
201,250,202,200,155,249,156
202,250,201,156,157,203,251
203,158,204,157,251,252,202
204,203,158,205,159,253,252
205,204,159,1043,253,990,940
206,207,255,161,160,254,939
207,255,206,161,256,208,162
208,162,163,209,257,256,207
209,208,257,258,210,164,163
210,259,258,211,209,164,165
211,259,210,165,260,166,212
212,213,262,261,260,211,166
213,167,166,262,212,263,214
214,263,213,168,167,264,215
215,264,265,169,168,216,214
216,169,170,217,266,265,215
217,266,216,171,170,218,267
218,268,267,171,172,217,219
219,268,218,173,172,269,220
220,269,270,221,173,174,219
221,220,270,175,174,222,271
222,175,176,223,272,221,271
223,224,177,273,176,222,272
224,274,273,177,178,225,223
225,224,178,179,274,275,226
226,179,180,227,276,225,275
227,277,276,181,180,228,226
228,229,279,277,227,278,181
229,228,279,230,182,181,280
230,183,231,229,182,280,281
231,183,230,282,281,184,232
232,233,185,282,283,231,184
233,232,185,284,283,186,234
234,186,187,285,284,233,235
235,286,285,187,188,236,234
236,189,237,287,286,235,188
237,238,288,287,236,189,190
238,288,237,190,191,239,289
239,238,289,192,191,240,290
240,290,239,193,192,291,241
241,292,242,240,291,193,194
242,243,293,194,195,292,241
243,242,293,196,294,195,151
244,196,294,295,296,348,245
245,197,246,296,244,297,196
246,247,298,197,198,245,297
247,298,246,198,299,248,199
248,199,200,299,300,249,247
249,200,248,301,250,300,201
250,201,202,301,249,302,251
251,252,303,302,203,202,250
252,251,303,253,204,304,203
253,252,204,205,1043,304,305
254,206,939,255,306,1042,989
255,207,206,307,306,254,256
256,308,307,257,207,208,255
257,309,308,208,209,258,256
258,210,259,310,257,209,309
259,210,258,211,310,311,260
260,261,312,311,212,259,211
261,260,312,212,262,314,313
262,213,212,261,263,315,314
263,213,214,315,262,264,316
264,215,265,214,263,317,316
265,266,318,264,215,216,317
266,217,216,318,265,267,319
267,218,268,320,319,266,217
268,321,269,218,267,320,219
269,220,270,321,268,322,219
270,269,220,221,323,271,322
271,324,323,272,270,221,222
272,324,271,273,325,222,223
273,224,274,272,325,326,223
274,224,273,327,326,225,275
275,328,327,274,276,225,226
276,227,277,329,275,328,226
277,227,276,329,228,330,278
278,332,331,279,277,330,228
279,228,229,278,332,333,280
280,334,281,230,229,279,333
281,334,280,282,231,335,230
282,336,283,232,281,231,335
283,337,336,284,233,282,232
284,337,283,233,234,285,338
285,339,338,286,235,234,284
286,285,235,339,340,287,236
287,341,340,237,288,286,236
288,238,237,287,341,289,342
289,238,239,288,342,343,290
290,344,343,240,239,291,289
291,345,344,292,290,240,241
292,345,346,241,242,291,293
293,242,243,347,346,294,292
294,348,347,196,244,243,293
295,244,296,349,405,348,350
296,295,244,297,351,245,350
297,296,351,352,245,246,298
298,247,246,299,297,353,352
299,248,300,298,247,354,353
300,299,248,355,301,354,249
301,355,300,356,249,250,302
302,303,357,356,301,251,250
303,302,357,251,252,358,304
304,359,358,303,252,253,305
305,1155,359,253,304,1098,1043
306,307,255,360,361,254,1042
307,306,255,362,361,256,308
308,257,309,363,362,256,307
309,257,308,363,364,310,258
310,365,311,258,259,364,309
311,312,366,260,365,310,259
312,366,311,260,261,313,367
313,369,314,368,367,312,261
314,262,261,370,315,369,313
315,263,262,370,314,316,371
316,372,371,317,264,263,315
317,265,318,373,372,316,264
318,374,373,266,265,319,317
319,374,375,318,267,320,266
320,267,268,321,376,319,375
321,268,269,322,376,320,377
322,321,269,377,378,270,323
323,271,324,379,378,270,322
324,271,323,272,379,380,325
325,272,273,326,380,324,381
326,274,327,273,325,382,381
327,382,383,274,326,275,328
328,275,327,384,383,276,329
329,276,277,330,385,384,328
330,385,386,329,277,278,331
331,332,278,388,330,387,386
332,331,278,279,333,388,389
333,332,279,389,390,280,334
334,391,390,280,281,335,333
335,392,391,336,281,334,282
336,337,283,393,392,282,335
337,336,283,393,394,284,338
338,395,394,285,339,337,284
339,285,338,286,396,395,340
340,397,341,287,396,286,339
341,397,340,287,288,398,342
342,343,399,398,289,288,341
343,399,342,344,290,400,289
344,345,291,400,401,343,290
345,344,291,401,402,292,346
346,293,347,345,292,403,402
347,348,294,293,346,403,404
348,347,294,405,404,295,244
349,407,406,405,295,350,464
350,408,407,349,295,351,296
351,409,352,296,297,350,408
352,409,351,297,298,353,410
353,298,352,410,354,411,299
354,300,299,411,353,355,412
355,300,301,356,412,413,354
356,357,414,413,355,301,302
357,302,303,414,356,358,415
358,357,303,304,359,415,416
359,1155,305,304,358,416,417
360,1097,1041,361,418,306,1042,1154
361,360,418,419,362,307,306
362,363,308,419,420,361,307
363,362,308,364,421,420,309
364,421,363,422,309,365,310
365,310,311,366,423,422,364
366,312,311,423,424,365,367
367,368,425,313,312,424,366
368,425,367,427,426,369,313
369,428,427,370,313,314,368
370,429,428,314,315,371,369
371,316,372,430,429,370,315
372,373,431,316,371,317,430
373,431,372,318,374,432,317
374,432,433,318,373,375,319
375,434,433,374,376,319,320
376,435,377,321,320,434,375
377,435,376,436,321,322,378
378,379,323,322,377,436,437
379,380,438,378,323,437,324
380,379,438,324,325,381,439
381,439,440,382,326,325,380
382,327,383,441,381,326,440
383,382,327,441,442,328,384
384,328,383,443,442,385,329
385,330,386,384,443,444,329
386,385,330,387,445,444,331
387,446,388,445,386,331
388,446,387,331,332,447,389
389,333,332,447,388,448,390
390,334,391,448,389,333,449
391,334,390,449,450,392,335
392,450,451,391,335,393,336
393,336,337,451,452,394,392
394,453,395,338,452,393,337
395,453,394,338,396,339,454
396,397,340,395,339,455,454
397,340,341,396,398,455,456
398,457,456,342,399,397,341
399,343,342,457,458,398,400
400,459,401,344,343,458,399
401,459,400,460,344,402,345
402,461,460,403,401,345,346
403,461,462,402,347,404,346
404,405,348,403,347,463,462
405,404,348,349,295,463,464
406,407,349,466,465,521,464
407,406,349,466,408,467,350
408,467,407,350,468,351,409
409,351,352,410,469,468,408
410,469,409,352,353,470,411
411,354,353,470,410,412,471
412,471,411,355,413,472,354
413,356,414,412,355,473,472
414,357,356,413,473,415,474
415,358,357,414,474,475,416
416,415,358,475,359,417,476
417,416,359,477,476,1211,1155
418,360,361,419,1210,478,1154
419,362,420,361,418,478,479
420,480,479,419,362,363,421
421,364,363,422,481,480,420
422,364,421,423,482,365,481
423,483,424,366,365,482,422
424,483,423,366,484,367,425
425,368,367,485,484,426,424
426,486,485,487,427,425,368
427,428,488,487,426,369,368
428,370,429,489,488,427,369
429,370,428,430,371,490,489
430,491,490,431,429,371,372
431,432,492,373,372,491,430
432,492,431,374,433,493,373
433,432,374,375,434,494,493
434,375,433,495,494,435,376
435,495,496,376,377,436,434
436,496,497,377,435,437,378
437,498,438,436,497,379,378
438,498,437,379,380,499,439
439,381,440,380,500,499,438
440,439,381,501,441,382,500
441,382,383,502,501,442,440
442,441,383,443,503,502,384
443,444,504,503,442,384,385
444,443,504,445,386,385
445,387,386,596,504,444,446
446,650,701,714,687,387,388,596,558,445,447,505
447,448,505,388,389,446
448,449,505,447,389,390
449,448,505,450,506,390,391
450,451,507,392,449,506,391
451,508,507,450,393,452,392
452,451,393,394,453,508,509
453,394,395,454,510,452,509
454,510,453,455,396,395,511
455,397,456,512,511,454,396
456,512,513,398,457,455,397
457,398,456,399,458,513,514
458,457,399,400,514,515,459
459,400,401,460,458,515,516
460,461,402,459,401,517,516
461,460,402,403,462,517,518
462,461,403,519,463,404,518
463,520,464,519,462,405,404
464,521,520,463,406,349,405
465,406,466,573,521,523,522
466,406,407,524,523,467,465
467,525,524,408,407,468,466
468,525,467,408,526,469,409
469,410,409,468,470,526,527
470,528,527,469,410,411,471
471,412,411,472,529,528,470
472,473,530,471,529,412,413
473,530,472,414,413,531,474
474,415,414,532,531,473,475
475,476,533,415,474,532,416
476,477,534,475,533,417,416
477,476,534,1211,1262,1305,417
478,535,1210,418,536,479,419
479,480,420,536,537,478,419
480,538,537,479,420,481,421
481,538,480,482,539,422,421
482,540,483,423,422,539,481
483,423,424,484,540,482
484,483,540,485,425,424
485,426,486,484,540,425
486,426,485,541,487,540
487,541,486,542,426,427,488
488,543,489,428,427,542,487
489,543,488,428,490,544,429
490,491,430,544,489,545,429
491,490,430,431,492,545,546
492,432,431,493,547,491,546
493,548,494,547,432,492,433
494,548,493,433,495,434,549
495,435,496,550,494,434,549
496,495,435,436,497,550,551
497,496,436,551,498,552,437
498,437,438,497,552,499,553
499,554,553,498,438,500,439
500,555,554,501,439,440,499
501,441,502,555,500,440,556
502,441,501,442,503,556,557
503,443,442,502,557,504
504,596,557,443,444,503,445
505,448,449,447,446,506,558
506,558,507,449,450,505
507,451,508,559,558,506,450
508,451,507,559,452,509,560
509,561,560,510,508,452,453
510,454,453,561,509,511,562
511,563,562,455,512,510,454
512,456,513,564,563,455,511
513,512,456,564,457,565,514
514,515,566,565,513,457,458
515,566,514,516,567,458,459
516,515,567,568,517,460,459
517,568,516,460,569,461,518
518,517,461,570,519,569,462
519,570,518,462,463,520,571
520,464,521,463,572,571,519
521,464,520,572,573,465,406
522,610,573,574,575,523,465
523,524,576,466,522,575,465
524,525,467,523,576,466,577
525,524,467,468,526,577,578
526,468,525,469,578,527,579
527,470,528,526,469,579,580
528,529,580,470,527,471
529,580,528,471,472,530
530,473,472,531,580,529
531,580,530,474,532,473
532,474,531,580,475,533
533,475,476,532,580,534,1305
534,476,477,533,1305
535,536,1259,1210,478,1260,1261
536,479,537,1258,535,1259,478
537,480,538,536,479,1257,1258
538,480,537,1256,539,1257,481
539,1256,538,540,482,1255,481
540,483,484,482,638,661,679,611,581,541,485,486,1255,1424,539
541,486,487,581,540,542
542,488,543,582,581,541,487
543,488,489,583,582,544,542
544,584,545,490,489,583,543
545,585,546,584,544,490,491
546,586,585,545,547,492,491
547,548,587,493,586,546,492
548,587,547,493,494,588,549
549,550,589,588,548,494,495
550,496,551,495,590,589,549
551,591,552,550,496,497,590
552,591,551,592,553,497,498
553,499,554,592,552,593,498
554,499,553,555,500,593,594
555,554,500,595,594,501,556
556,596,595,555,501,502,557
557,504,596,556,502,503
558,559,507,506,650,446,505,597,625
559,558,507,508,560,597
560,561,509,508,559,597
561,560,509,510,598,562,597
562,563,511,598,561,510,599
563,512,564,562,511,599,600
564,512,513,563,565,601,600
565,514,566,602,601,513,564
566,515,514,565,602,567,603
567,604,603,515,516,566,568
568,516,517,604,567,605,569
569,605,606,568,517,570,518
570,606,607,569,571,518,519
571,608,572,607,570,520,519
572,573,609,608,571,521,520
573,609,572,521,522,610,465
574,637,694,575,610,522
575,574,694,522,523,576
576,523,524,577,694,575
577,576,694,524,525,578
578,525,526,577,694,579
579,578,694,580,526,527
580,529,528,1305,1345,694,579,527,531,530,532,533
581,582,611,540,542,541
582,611,581,583,543,612,542
583,613,612,582,543,544,584
584,544,545,585,614,613,583
585,546,586,545,584,614,615
586,546,585,587,616,547,615
587,548,547,586,616,617,588
588,618,617,549,589,548,587
589,590,619,550,549,618,588
590,589,619,591,620,551,550
591,551,552,592,621,620,590
592,622,621,552,553,591,593
593,623,622,553,592,554,594
594,595,624,555,623,593,554
595,624,596,594,556,555
596,504,557,624,595,556,687,446,445
597,625,598,558,559,561,560
598,561,562,625,597,599
599,626,625,598,562,563,600
600,627,626,601,564,563,599
601,628,602,565,600,564,627
602,628,601,565,566,603,629
603,567,604,566,602,630,629
604,567,603,630,631,568,605
605,632,631,569,606,568,604
606,605,569,633,607,570,632
607,633,634,606,570,608,571
608,609,635,571,572,634,607
609,608,635,573,572,636,610
610,636,609,637,522,573,574
611,582,581,638,540,612
612,613,583,639,582,611,638
613,612,583,614,640,639,584
614,640,641,615,613,585,584
615,642,616,641,614,586,585
616,642,615,617,643,586,587
617,643,616,618,588,644,587
618,617,588,645,619,589,644
619,589,590,645,646,620,618
620,646,647,621,591,590,619
621,592,622,620,647,648,591
622,593,623,592,621,649,648
623,624,649,593,622,594
624,595,596,623,649,594,687
625,597,598,558,626,599,650
626,600,627,625,599,650
627,600,626,601,651,628,650
628,601,602,629,652,651,627
629,628,652,630,653,602,603
630,629,653,604,603,631,654
631,605,632,630,604,654,655
632,605,631,655,656,606,633
633,607,634,606,657,656,632
634,658,657,633,607,608,635
635,659,636,608,609,658,634
636,659,635,660,609,610,637
637,574,694,610,636,660
638,661,540,639,611,612
639,640,662,612,613,661,638
640,614,641,613,639,662,663
641,663,664,615,642,640,614
642,615,616,641,664,665,643
643,617,616,642,665,666,644
644,666,667,617,643,645,618
645,667,668,646,619,618,644
646,669,668,647,620,645,619
647,670,669,646,620,648,621
648,670,647,622,649,621
649,623,624,687,670,622,648
650,446,701,671,688,558,625,626,651,627
651,650,671,652,627,628
652,628,629,653,651,671
653,629,630,652,671,654,672
654,630,631,655,653,672,673
655,654,631,656,674,632,673
656,674,655,632,657,633,675
657,658,634,656,633,675,676
658,659,677,657,634,676,635
659,658,677,678,660,635,636
660,678,659,636,694,637
661,638,540,662,679,639
662,639,640,663,680,661,679
663,641,664,681,680,662,640
664,663,641,642,665,682,681
665,664,642,666,683,682,643
666,665,683,644,667,684,643
667,645,668,685,666,644,684
668,667,645,646,669,685,686
669,686,687,647,670,646,668
670,647,669,687,648,649
671,650,688,672,651,652,653
672,688,671,654,653,673
673,689,688,674,655,654,672
674,656,655,673,689,690,675
675,691,690,674,676,657,656
676,692,691,658,677,675,657
677,658,659,676,692,693,678
678,659,660,694,677,693
679,706,712,714,695,661,662,680,540
680,681,695,663,662,679
681,696,682,695,680,663,664
682,696,681,683,697,665,664
683,697,698,665,666,682,684
684,698,699,666,667,683,685
685,667,668,686,684,699,700
686,669,687,700,685,668
687,686,669,714,446,700,670,649,624,596
688,650,671,701,689,673,672
689,688,673,674,690,701
690,691,675,689,674,702,701
691,690,675,702,676,692,703
692,676,691,704,703,693,677
693,704,692,705,677,694,678
694,637,574,576,577,575,678,660,693,705,578,579,580,1345
695,681,680,706,696,679
696,681,682,707,697,706,695
697,707,696,683,698,708,682
698,684,699,697,683,708,709
699,698,684,700,709,685
700,699,709,714,686,687,685
701,446,650,688,689,690,702,710
702,703,710,690,691,701
703,710,702,691,692,704
704,692,703,710,711,693,705
705,704,711,693,694
706,695,696,712,679,707
707,696,697,713,712,706,708
708,697,698,713,707,709
709,699,700,714,713,708,698
710,703,702,701,704,711
711,704,710,705
712,706,679,714,707,713
713,707,712,714,708,709
714,709,700,687,446,712,679,713
715,1589,1628,726,716,725,1627
716,1627,1748,728,727,726,715
717,1487,1488,736,735,1527,718
718,737,738,719,736,1488,717
719,739,738,718,1488,1465,1467
720,1475,1472,721,744,743,1473
721,745,744,722,746,1475,720
722,747,746,721,723,1478,1475
723,722,1478,1505,1749,748,747
724,1694,1695,752,753,725,1589
725,753,724,726,754,1589,715
726,715,716,725,754,755,727
727,728,716,757,756,755,726
728,727,716,758,729,757,1748
729,1748,1707,758,728,759,730
730,760,759,731,729,1707,1621
731,730,760,761,732,1621,1540
732,761,731,762,733,1539,1540
733,762,732,763,1538,734,1539
734,764,763,1538,1527,735,733
735,764,765,717,736,734,1527
736,766,765,717,735,718,737
737,738,768,767,718,736,766
738,737,768,739,719,718,769
739,738,719,1467,740,770,769
740,1467,1469,741,771,739,770
741,772,771,740,1502,1688,1469
742,1473,1489,743,777,776,1528
743,777,742,1473,744,720,778
744,745,721,779,720,743,778
745,744,721,746,780,781,779
746,722,747,721,745,781,782
747,722,746,782,783,723,748
748,784,783,1749,749,723,747
749,1750,750,1749,785,748,784
750,1750,1706,749,751,786,785
751,752,1695,1706,750,786,787
752,1695,724,751,788,787,753
753,724,725,754,789,752,788
754,789,753,790,755,725,726
755,790,754,756,791,727,726
756,757,727,792,791,755,793
757,794,758,756,727,728,793
758,794,757,728,729,759,795
759,760,730,795,796,758,729
760,759,730,796,797,731,761
761,731,732,798,762,797,760
762,799,798,761,732,733,763
763,734,764,762,733,800,799
764,735,765,734,763,801,800
765,766,736,764,735,802,801
766,765,736,802,803,767,737
767,804,805,737,768,803,766
768,737,738,767,805,806,769
769,770,807,738,768,739,806
770,807,769,739,740,771,808
771,772,741,740,770,808,809
772,771,741,11,41,1688,809
773,810,10,1679,1543,811,774
774,811,812,775,1542,1543,773
775,774,1542,1528,812,776,813
776,1528,742,775,777,813,814
777,743,742,778,815,814,776
778,744,779,743,777,815,816
779,817,816,780,745,744,778
780,745,781,817,818,819,779
781,746,782,820,780,745,819
782,821,783,747,781,746,820
783,821,782,748,784,747,822
784,823,785,748,783,822,749
785,749,750,823,784,824,786
786,750,751,824,785,825,787
787,788,752,826,825,786,751
788,827,789,787,752,826,753
789,827,788,790,828,754,753
790,828,789,829,754,755,791
791,792,756,755,790,830,829
792,831,832,791,756,793,830
793,833,832,794,757,792,756
794,757,758,833,793,834,795
795,834,835,759,796,794,758
796,760,797,836,835,795,759
797,796,760,836,761,798,837
798,799,762,761,838,837,797
799,798,762,800,763,838,839
800,840,801,764,799,763,839
801,840,800,765,802,764,841
802,765,801,766,841,842,803
803,767,804,843,842,802,766
804,767,805,845,844,803,843
805,804,767,845,806,846,768
806,847,846,805,768,807,769
807,770,769,848,847,806,808
808,771,770,809,849,807,848
809,850,78,41,771,808,772,849
810,40,10,851,77,811,773
811,851,810,774,812,773,852
812,853,852,811,774,813,775
813,854,853,812,775,776,814
814,815,777,776,854,813,855
815,855,856,814,777,778,816
816,817,857,856,779,778,815
817,818,858,816,857,780,779
818,858,817,780,819,859,860
819,781,820,780,818,860,861
820,861,862,781,782,819,821
821,782,783,863,822,862,820
822,863,864,784,783,821,823
823,824,865,784,785,864,822
824,865,823,785,786,825,866
825,867,866,787,826,824,786
826,787,825,827,868,867,788
827,788,789,868,826,828,869
828,790,789,869,870,829,827
829,828,790,871,830,870,791
830,871,829,831,872,792,791
831,830,872,792,832,874,873
832,831,792,793,833,875,874
833,793,832,875,794,834,876
834,795,835,877,833,794,876
835,878,877,834,795,836,796
836,837,879,835,796,797,878
837,836,879,880,798,838,797
838,881,880,798,837,799,839
839,840,882,799,838,881,800
840,839,882,800,801,841,883
841,884,883,842,801,840,802
842,884,841,843,803,802,885
843,842,803,804,844,886,885
844,845,804,843,887,886,888
845,844,804,805,846,888,889
846,806,847,805,845,890,889
847,890,891,806,846,848,807
848,892,849,847,807,808,891
849,892,848,809,850,808,893
850,809,78,160,849,893
851,77,810,811,894,117,852
852,853,812,894,895,811,851
853,852,812,854,896,813,895
854,853,896,855,897,813,814
855,897,854,815,856,898,814
856,857,816,855,815,899,898
857,816,817,856,900,899,858
858,818,817,857,900,901,859
859,902,901,858,818,860,903
860,904,861,859,818,819,903
861,820,862,904,860,819,905
862,861,820,906,863,905,821
863,822,864,906,862,907,821
864,863,822,908,865,907,823
865,824,823,908,864,909,866
866,867,825,910,909,865,824
867,868,911,866,825,910,826
868,911,867,827,826,869,912
869,828,870,913,827,912,868
870,869,828,914,913,829,871
871,872,915,829,830,914,870
872,871,915,830,831,916,873
873,917,916,918,831,874,872
874,875,919,918,831,832,873
875,833,832,920,919,874,876
876,920,921,833,834,877,875
877,835,878,922,921,834,876
878,923,922,835,877,879,836
879,836,837,880,923,878,924
880,879,837,881,838,925,924
881,926,925,880,838,839,882
882,839,840,883,927,926,881
883,884,841,882,840,927,928
884,883,841,885,929,842,928
885,884,929,930,886,842,843
886,931,887,930,885,844,843
887,932,931,933,886,844,888
888,889,934,844,845,933,887
889,888,934,890,846,845,935
890,847,891,889,846,936,935
891,890,847,892,848,936,937
892,848,849,938,893,891,937
893,938,892,160,850,939,849
894,852,895,117,851,940,942,941
895,894,852,943,942,896,853
896,853,854,943,895,944,897
897,945,944,855,854,896,898
898,946,945,897,899,856,855
899,900,947,946,898,856,857
900,947,899,901,948,857,858
901,902,949,859,900,948,858
902,901,949,859,951,950,903
903,904,952,859,860,902,951
904,952,903,860,861,905,953
905,954,906,904,861,862,953
906,862,863,955,954,905,907
907,864,863,908,956,955,906
908,864,865,956,957,907,909
909,910,958,957,866,908,865
910,867,866,959,911,909,958
911,868,867,959,910,960,912
912,961,960,869,913,911,868
913,914,870,869,912,961,962
914,913,870,963,962,915,871
915,916,964,871,872,963,914
916,915,964,965,873,917,872
917,873,916,965,966,967,918
918,967,968,919,917,874,873
919,968,918,969,875,920,874
920,969,970,921,876,875,919
921,970,920,971,876,922,877
922,923,878,877,971,921,972
923,922,878,924,973,879,972
924,923,973,974,925,880,879
925,926,881,880,975,974,924
926,976,927,925,881,975,882
927,976,926,882,928,977,883
928,927,977,883,929,884,978
929,978,979,884,885,928,930
930,885,886,979,980,929,931
931,887,932,981,980,886,930
932,983,933,887,931,982,981
933,983,932,887,934,984,888
934,888,889,933,984,935,985
935,934,889,890,936,986,985
936,891,890,937,987,935,986
937,987,988,938,892,891,936
938,892,893,939,937,988,989
939,206,254,989,160,938,893
940,941,990,159,117,894,205
941,990,940,942,991,894
942,943,895,991,992,894,941
943,944,993,942,895,896,992
944,945,994,943,993,897,896
945,994,944,897,946,995,898
946,947,996,899,995,945,898
947,900,899,946,996,997,948
948,949,998,900,901,997,947
949,999,998,948,901,902,950
950,1000,999,951,902,949,1001
951,950,902,1001,952,903,1002
952,904,903,1003,953,1002,951
953,1003,952,1004,954,904,905
954,906,955,1004,953,905,1005
955,906,954,1006,1005,956,907
956,908,957,1006,955,907,1007
957,956,908,1007,1008,958,909
958,909,910,959,957,1009,1008
959,1010,1009,910,911,958,960
960,1011,1010,912,961,959,911
961,912,960,1012,1011,913,962
962,914,963,1013,913,1012,961
963,914,962,915,1014,964,1013
964,915,916,1014,963,965,1015
965,1016,966,964,916,1015,917
966,1016,965,1018,1017,967,917
967,1019,1018,966,968,918,917
968,967,1019,918,969,1020,919
969,920,970,1020,968,1021,919
970,969,920,921,1022,1021,971
971,972,1023,970,921,1022,922
972,1023,971,1024,973,923,922
973,974,1025,923,924,1024,972
974,1025,973,1026,924,975,925
975,1027,1026,974,925,926,976
976,926,927,1028,1027,977,975
977,927,928,978,1029,976,1028
978,929,979,1030,1029,977,928
979,978,929,1031,980,1030,930
980,981,931,1031,979,930,1032
981,980,931,1033,1032,932,982
982,1035,1034,983,932,1033,981
983,932,933,982,1036,984,1035
984,985,1037,933,934,1036,983
985,984,1037,986,1038,934,935
986,1038,985,1039,987,935,936
987,937,988,936,1039,986,1040
988,987,937,1041,989,1040,938
989,254,939,1041,988,1042,938
990,941,940,1043,205,1044,991
991,1045,992,942,1044,990,941
992,1045,991,942,943,993,1046
993,1047,1046,943,944,992,994
994,1048,1047,945,944,993,995
995,1048,994,1049,946,945,996
996,1050,1049,946,947,997,995
997,998,1051,1050,996,948,947
998,999,949,948,1051,997,1052
999,998,949,1053,1052,950,1000
1000,950,999,1001,1055,1054,1053
1001,951,950,1002,1056,1055,1000
1002,1003,952,951,1001,1056,1057
1003,952,953,1002,1057,1058,1004
1004,1059,1058,953,954,1003,1005
1005,1059,1060,1006,955,1004,954
1006,1005,955,956,1061,1007,1060
1007,1062,1008,1061,1006,957,956
1008,1009,1063,1062,1007,957,958
1009,1063,1008,1010,959,1064,958
1010,960,1011,1009,959,1064,1065
1011,960,1010,1065,961,1012,1066
1012,961,1011,1067,1013,962,1066
1013,962,963,1067,1012,1068,1014
1014,1015,1069,1068,963,964,1013
1015,1069,1014,1070,965,964,1016
1016,1017,1071,965,966,1070,1015
1017,1016,1071,1018,1073,966,1072
1018,1017,1073,966,967,1019,1074
1019,1075,1074,967,1018,1020,968
1020,1075,1019,969,968,1076,1021
1021,1020,969,1077,1076,1022,970
1022,1078,1077,1021,970,1023,971
1023,1078,1079,972,971,1022,1024
1024,1023,972,1080,1079,973,1025
1025,1081,1026,974,973,1080,1024
1026,1027,1082,1081,1025,974,975
1027,1082,1026,1083,1028,976,975
1028,1027,976,1029,1084,977,1083
1029,1085,1030,978,1084,977,1028
1030,1085,1029,978,979,1031,1086
1031,1032,1087,979,980,1030,1086
1032,1087,1031,1033,981,980,1088
1033,1032,981,1034,1089,982,1088
1034,982,1035,1091,1090,1089,1033
1035,1092,1091,982,1034,1036,983
1036,1093,1037,1092,983,984,1035
1037,984,985,1093,1036,1038,1094
1038,1094,1095,986,985,1039,1037
1039,1095,1038,986,987,1096,1040
1040,988,1041,1096,1039,987,1097
1041,1097,360,1042,988,989,1040
1042,360,1041,254,306,989
1043,205,253,990,1044,1098,305
1044,1098,1043,990,991,1099,1045
1045,991,992,1046,1100,1044,1099
1046,993,1047,1045,992,1100,1101
1047,993,1046,1048,994,1102,1101
1048,1047,994,1102,1103,995,1049
1049,996,1050,1104,1103,1048,995
1050,996,1049,1104,1105,1051,997
1051,998,997,1052,1106,1105,1050
1052,1053,999,1051,1106,998,1107
1053,1052,999,1107,1000,1054,1108
1054,1055,1110,1000,1053,1108,1109
1055,1111,1110,1056,1054,1001,1000
1056,1111,1112,1055,1057,1002,1001
1057,1112,1113,1058,1056,1002,1003
1058,1059,1004,1057,1113,1114,1003
1059,1058,1004,1005,1060,1114,1115
1060,1059,1005,1115,1116,1006,1061
1061,1117,1116,1006,1007,1062,1060
1062,1117,1118,1007,1008,1061,1063
1063,1009,1008,1064,1119,1118,1062
1064,1119,1063,1010,1009,1120,1065
1065,1010,1011,1121,1120,1064,1066
1066,1122,1121,1012,1011,1065,1067
1067,1012,1013,1123,1122,1066,1068
1068,1123,1124,1069,1014,1013,1067
1069,1015,1014,1068,1124,1070,1125
1070,1126,1125,1016,1071,1069,1015
1071,1016,1017,1127,1126,1070,1072
1072,1128,1073,1017,1071,1127
1073,1017,1018,1128,1072,1129,1074
1074,1075,1019,1130,1018,1073,1129
1075,1074,1019,1130,1020,1131,1076
1076,1077,1132,1075,1020,1131,1021
1077,1076,1132,1022,1078,1021,1133
1078,1133,1134,1022,1077,1023,1079
1079,1078,1023,1080,1135,1134,1024
1080,1136,1135,1079,1081,1024,1025
1081,1025,1026,1137,1136,1080,1082
1082,1027,1026,1083,1138,1081,1137
1083,1082,1027,1084,1139,1138,1028
1084,1085,1029,1140,1139,1028,1083
1085,1086,1141,1029,1030,1084,1140
1086,1141,1085,1142,1087,1031,1030
1087,1032,1031,1142,1086,1143,1088
1088,1143,1144,1087,1032,1089,1033
1089,1090,1145,1034,1033,1088,1144
1090,1145,1089,1034,1147,1146,1091
1091,1092,1035,1034,1090,1148,1147
1092,1091,1035,1093,1149,1036,1148
1093,1094,1150,1036,1037,1092,1149
1094,1038,1095,1151,1093,1150,1037
1095,1094,1038,1039,1151,1096,1152
1096,1152,1153,1097,1039,1040,1095
1097,1041,360,1154,1153,1096,1040
1098,1155,305,1044,1043,1099,1156
1099,1100,1157,1098,1044,1156,1045
1100,1157,1099,1045,1046,1158,1101
1101,1047,1046,1100,1159,1158,1102
1102,1048,1047,1103,1160,1159,1101
1103,1160,1161,1104,1049,1102,1048
1104,1162,1161,1103,1049,1050,1105
1105,1163,1162,1104,1050,1106,1051
1106,1164,1107,1051,1052,1163,1105
1107,1164,1106,1052,1053,1108,1165
1108,1166,1165,1107,1053,1054,1109
1109,1168,1167,1166,1110,1054,1108
1110,1055,1111,1054,1169,1168,1109
1111,1055,1110,1056,1112,1170,1169
1112,1113,1171,1170,1111,1056,1057
1113,1171,1112,1057,1114,1172,1058
1114,1113,1172,1058,1173,1115,1059
1115,1114,1173,1174,1116,1060,1059
1116,1061,1117,1175,1174,1115,1060
1117,1061,1116,1175,1062,1118,1176
1118,1177,1176,1119,1117,1062,1063
1119,1064,1063,1120,1178,1177,1118
1120,1179,1178,1119,1064,1065,1121
1121,1122,1066,1065,1120,1179,1180
1122,1121,1066,1180,1181,1067,1123
1123,1181,1182,1068,1124,1067,1122
1124,1123,1068,1182,1183,1069,1125
1125,1126,1070,1183,1124,1069
1126,1183,1127,1125,1070,1071
1127,1238,1183,1289,1426,1290,1126,1071,1072,1128
1128,1072,1073,1129,1290,1184,1127
1129,1184,1130,1128,1073,1074
1130,1131,1185,1075,1074,1184,1129
1131,1130,1185,1075,1186,1132,1076
1132,1076,1077,1131,1186,1187,1133
1133,1078,1134,1188,1187,1132,1077
1134,1133,1078,1188,1189,1135,1079
1135,1136,1080,1079,1189,1134,1190
1136,1135,1080,1191,1190,1137,1081
1137,1138,1192,1136,1081,1082,1191
1138,1137,1192,1193,1139,1083,1082
1139,1193,1138,1194,1140,1084,1083
1140,1139,1084,1195,1141,1085,1194
1141,1086,1085,1142,1196,1195,1140
1142,1141,1086,1087,1197,1143,1196
1143,1198,1144,1088,1087,1197,1142
1144,1198,1199,1143,1145,1088,1089
1145,1090,1089,1200,1146,1199,1144
1146,1200,1145,1201,1202,1090,1147
1147,1148,1203,1090,1146,1091,1202
1148,1147,1203,1149,1092,1091,1204
1149,1150,1205,1204,1092,1093,1148
1150,1205,1206,1151,1093,1094,1149
1151,1094,1095,1207,1152,1206,1150
1152,1096,1153,1208,1095,1207,1151
1153,1097,1154,1208,1209,1152,1096
1154,1097,1153,1210,418,360,1209
1155,359,305,1098,1156,1211,417
1156,1098,1099,1155,1157,1211,1212
1157,1100,1099,1156,1212,1213,1158
1158,1214,1213,1159,1100,1157,1101
1159,1158,1214,1160,1215,1102,1101
1160,1216,1161,1103,1159,1215,1102
1161,1216,1160,1103,1217,1162,1104
1162,1161,1104,1163,1105,1218,1217
1163,1162,1105,1106,1164,1218,1219
1164,1106,1107,1220,1219,1163,1165
1165,1108,1166,1221,1164,1107,1220
1166,1222,1221,1108,1165,1109,1167
1167,1168,1109,1166,1222,1223,1224
1168,1167,1109,1225,1169,1110,1224
1169,1226,1225,1111,1170,1168,1110
1170,1112,1171,1227,1111,1169,1226
1171,1113,1112,1170,1227,1228,1172
1172,1113,1114,1228,1171,1229,1173
1173,1172,1229,1114,1230,1174,1115
1174,1175,1231,1230,1173,1115,1116
1175,1174,1231,1116,1117,1232,1176
1176,1233,1232,1177,1118,1117,1175
1177,1234,1233,1176,1178,1119,1118
1178,1179,1120,1119,1235,1234,1177
1179,1178,1120,1236,1235,1180,1121
1180,1236,1179,1122,1181,1237,1121
1181,1123,1182,1180,1122,1237,1238
1182,1181,1123,1238,1124,1183
1183,1238,1127,1182,1124,1126,1125
1184,1129,1130,1239,1290,1128,1185
1185,1130,1131,1186,1239,1184
1186,1240,1187,1239,1131,1185,1132
1187,1240,1186,1241,1188,1133,1132
1188,1241,1242,1187,1189,1134,1133
1189,1188,1242,1134,1135,1243,1190
1190,1191,1136,1135,1243,1189,1244
1191,1190,1136,1192,1137,1245,1244
1192,1137,1138,1193,1246,1191,1245
1193,1192,1138,1139,1194,1247,1246
1194,1139,1193,1247,1248,1195,1140
1195,1249,1248,1196,1141,1140,1194
1196,1142,1197,1195,1141,1250,1249
1197,1142,1143,1196,1251,1198,1250
1198,1144,1199,1143,1251,1252,1197
1199,1198,1144,1145,1200,1253,1252
1200,1145,1146,1199,1254,1253,1201
1201,1202,1255,1146,1254,1200
1202,1201,1255,1146,1203,1147
1203,1147,1148,1255,1202,1204
1204,1255,1256,1203,1205,1149,1148
1205,1257,1256,1150,1206,1204,1149
1206,1205,1150,1207,1258,1257,1151
1207,1259,1258,1208,1152,1151,1206
1208,1153,1209,1152,1259,1260,1207
1209,1208,1153,1261,1210,1154,1260
1210,535,478,418,1154,1261,1209
1211,477,1262,1263,417,1155,1156,1212
1212,1211,1156,1157,1263,1264,1213
1213,1158,1214,1212,1157,1265,1264
1214,1158,1213,1266,1265,1159,1215
1215,1216,1267,1159,1160,1266,1214
1216,1160,1161,1217,1215,1267,1268
1217,1218,1269,1216,1161,1268,1162
1218,1269,1217,1270,1219,1162,1163
1219,1220,1164,1270,1218,1271,1163
1220,1219,1164,1271,1221,1165,1272
1221,1272,1273,1222,1166,1165,1220
1222,1274,1273,1221,1166,1223,1167
1223,1274,1222,1224,1276,1167,1275
1224,1277,1225,1168,1276,1223,1167
1225,1226,1169,1277,1224,1168,1278
1226,1225,1169,1227,1279,1170,1278
1227,1171,1228,1170,1280,1279,1226
1228,1227,1171,1172,1229,1280,1281
1229,1282,1281,1228,1172,1173,1230
1230,1231,1283,1282,1229,1173,1174
1231,1283,1284,1230,1174,1175,1232
1232,1176,1233,1285,1284,1175,1231
1233,1176,1232,1234,1177,1285,1286
1234,1287,1286,1233,1177,1235,1178
1235,1236,1179,1288,1234,1178,1287
1236,1235,1179,1288,1180,1289,1237
1237,1181,1180,1236,1238,1289
1238,1183,1127,1181,1182,1237,1289
1239,1184,1290,1186,1240,1185
1240,1186,1187,1239,1291,1241,1290
1241,1292,1291,1240,1188,1242,1187
1242,1241,1188,1292,1189,1243,1293
1243,1293,1294,1244,1189,1190,1242
1244,1245,1295,1294,1243,1191,1190
1245,1246,1296,1244,1295,1192,1191
1246,1247,1193,1245,1296,1297,1192
1247,1298,1297,1193,1194,1246,1248
1248,1249,1195,1299,1298,1194,1247
1249,1248,1195,1300,1250,1196,1299
1250,1300,1249,1301,1251,1197,1196
1251,1252,1302,1301,1198,1197,1250
1252,1303,1253,1302,1251,1199,1198
1253,1254,1200,1303,1252,1199,1304
1254,1253,1200,1201,1255,1304
1255,1201,1202,1203,1407,1392,1254,540,1424,539,1204,1256,1418,1344,1304,1373
1256,538,539,1257,1205,1255,1204
1257,538,1256,1205,537,1258,1206
1258,1207,1259,536,537,1257,1206
1259,1207,1258,535,536,1260,1208
1260,535,1259,1209,1261,1208
1261,1209,1210,1260,535
1262,477,1211,1263,1305,1306
1263,1262,1211,1306,1212,1264,1307
1264,1263,1307,1212,1308,1265,1213
1265,1266,1214,1309,1264,1308,1213
1266,1265,1214,1309,1215,1267,1310
1267,1215,1216,1268,1311,1266,1310
1268,1269,1217,1267,1216,1311,1312
1269,1218,1217,1313,1312,1268,1270
1270,1269,1218,1219,1313,1314,1271
1271,1315,1272,1314,1270,1219,1220
1272,1315,1271,1221,1273,1220,1316
1273,1272,1221,1274,1222,1317,1316
1274,1273,1222,1223,1317,1318,1275
1275,1320,1319,1318,1274,1223,1276
1276,1321,1320,1224,1223,1275,1277
1277,1224,1225,1278,1276,1322,1321
1278,1225,1277,1226,1323,1322,1279
1279,1324,1323,1280,1227,1226,1278
1280,1279,1227,1228,1281,1325,1324
1281,1326,1325,1229,1282,1280,1228
1282,1229,1281,1230,1283,1327,1326
1283,1231,1284,1230,1328,1327,1282
1284,1283,1231,1328,1285,1232,1329
1285,1233,1286,1284,1232,1330,1329
1286,1287,1234,1285,1233,1330,1331
1287,1288,1331,1286,1234,1235
1288,1331,1287,1236,1235,1289
1289,1362,1331,1288,1236,1127,1426,1237,1383,1238
1290,1184,1239,1127,1426,1128,1400,1291,1332,1240
1291,1292,1241,1240,1290,1332
1292,1291,1241,1332,1242,1293,1333
1293,1243,1294,1334,1242,1292,1333
1294,1293,1243,1334,1335,1244,1295
1295,1335,1336,1244,1245,1296,1294
1296,1297,1337,1245,1246,1336,1295
1297,1298,1247,1296,1337,1246,1338
1298,1297,1247,1338,1339,1299,1248
1299,1298,1248,1340,1300,1249,1339
1300,1249,1250,1340,1341,1301,1299
1301,1251,1302,1342,1341,1300,1250
1302,1252,1251,1301,1342,1343,1303
1303,1252,1253,1304,1344,1343,1302
1304,1344,1255,1303,1254,1253
1305,580,1345,1306,477,1262,533,534
1306,1305,1345,1307,1262,1263
1307,1306,1345,1308,1263,1264
1308,1307,1345,1309,1264,1265
1309,1265,1266,1308,1345,1310
1310,1345,1309,1266,1267,1311
1311,1267,1268,1345,1310,1312
1312,1313,1269,1345,1311,1268
1313,1312,1269,1270,1345,1314
1314,1346,1345,1313,1270,1271,1315
1315,1271,1272,1316,1347,1314,1346
1316,1315,1347,1317,1348,1272,1273
1317,1316,1348,1273,1274,1349,1318
1318,1349,1350,1317,1274,1319,1275
1319,1320,1275,1352,1351,1350,1318
1320,1321,1276,1319,1275,1353,1352
1321,1320,1276,1353,1322,1354,1277
1322,1354,1355,1323,1321,1278,1277
1323,1324,1356,1279,1355,1322,1278
1324,1356,1323,1279,1357,1325,1280
1325,1281,1326,1357,1324,1280,1358
1326,1281,1325,1358,1327,1359,1282
1327,1328,1360,1283,1359,1282,1326
1328,1360,1361,1327,1283,1329,1284
1329,1361,1362,1328,1284,1285,1330
1330,1285,1286,1331,1329,1362
1331,1288,1287,1362,1289,1330,1286
1332,1363,1333,1290,1291,1292,1400
1333,1363,1334,1332,1292,1293
1334,1363,1333,1294,1335,1293,1364
1335,1334,1294,1295,1336,1364,1365
1336,1296,1337,1366,1365,1335,1295
1337,1296,1297,1336,1366,1367,1338
1338,1297,1298,1339,1367,1337,1368
1339,1338,1298,1340,1369,1299,1368
1340,1339,1369,1300,1341,1370,1299
1341,1371,1370,1340,1300,1301,1342
1342,1343,1372,1301,1302,1371,1341
1343,1344,1373,1372,1342,1302,1303
1344,1343,1373,1304,1255,1303
1345,580,1305,1306,1307,1346,1425,1308,1309,1310,1311,1312,1314,694,1313
1346,1425,1345,1314,1315,1347
1347,1315,1316,1348,1425,1346
1348,1316,1317,1347,1425,1349
1349,1350,1425,1318,1317,1348
1350,1349,1425,1318,1319,1351
1351,1374,1425,1319,1352,1350
1352,1319,1351,1353,1375,1320,1374
1353,1376,1354,1320,1321,1375,1352
1354,1322,1355,1376,1353,1377,1321
1355,1354,1322,1377,1378,1323,1356
1356,1324,1323,1355,1378,1379,1357
1357,1358,1380,1324,1325,1379,1356
1358,1359,1381,1357,1380,1325,1326
1359,1381,1358,1360,1382,1327,1326
1360,1328,1361,1327,1382,1359,1383
1361,1360,1328,1329,1362,1383
1362,1331,1289,1361,1329,1383,1330
1363,1333,1334,1332,1364,1400,1384
1364,1363,1334,1335,1365,1384
1365,1336,1366,1385,1335,1364,1384
1366,1336,1337,1385,1386,1365,1367
1367,1337,1338,1387,1368,1366,1386
1368,1338,1339,1387,1367,1369,1388
1369,1389,1370,1339,1340,1388,1368
1370,1341,1371,1389,1369,1390,1340
1371,1341,1370,1391,1390,1372,1342
1372,1392,1391,1343,1342,1373,1371
1373,1343,1344,1255,1372,1392
1374,1351,1425,1393,1375,1352
1375,1374,1393,1376,1394,1353,1352
1376,1353,1354,1377,1375,1394,1395
1377,1376,1354,1355,1378,1396,1395
1378,1377,1355,1396,1397,1356,1379
1379,1398,1397,1378,1356,1380,1357
1380,1399,1398,1381,1379,1357,1358
1381,1359,1358,1380,1399,1382
1382,1399,1383,1360,1359,1381
1383,1399,1382,1360,1361,1412,1362,1289,1426
1384,1400,1363,1385,1364,1365
1385,1366,1386,1365,1400,1384,1401
1386,1385,1366,1402,1387,1367,1401
1387,1402,1386,1367,1368,1403,1388
1388,1404,1403,1369,1368,1389,1387
1389,1369,1370,1390,1388,1405,1404
1390,1371,1391,1370,1389,1405,1406
1391,1392,1372,1407,1371,1390,1406
1392,1391,1372,1407,1255,1373
1393,1374,1425,1375,1394,1408
1394,1375,1376,1409,1408,1395,1393
1395,1396,1377,1409,1394,1376,1410
1396,1377,1378,1395,1397,1411,1410
1397,1398,1412,1379,1411,1396,1378
1398,1399,1380,1397,1412,1379
1399,1382,1383,1398,1380,1381,1412
1400,1426,1290,1363,1384,1332,1385,1401,1413
1401,1400,1385,1386,1402,1413
1402,1386,1387,1401,1403,1414,1413
1403,1404,1388,1402,1414,1415,1387
1404,1403,1388,1405,1416,1389,1415
1405,1416,1417,1404,1389,1390,1406
1406,1391,1390,1417,1418,1405,1407
1407,1391,1392,1255,1406,1418
1408,1394,1409,1393,1425,1419
1409,1394,1408,1395,1419,1420,1410
1410,1409,1395,1420,1396,1411
1411,1420,1412,1397,1396,1410
1412,1397,1398,1420,1411,1425,1399,1383
1413,1421,1426,1401,1400,1402,1414
1414,1402,1403,1415,1413,1421
1415,1422,1416,1403,1414,1404,1421
1416,1422,1415,1405,1417,1404,1423
1417,1416,1405,1423,1406,1418,1424
1418,1255,1424,1417,1406,1407
1419,1409,1420,1408,1425
1420,1411,1412,1419,1409,1425,1410
1421,1413,1426,1415,1422,1414
1422,1415,1416,1421,1423,1427,1426
1423,1417,1416,1424,1422,1427
1424,1255,540,1418,1417,1423,1427
1425,1351,1374,1349,1350,1346,1345,1393,1347,1348,1408,1419,1420,1412
1426,1413,1421,1289,1127,1290,1383,1400,1422,1427
1427,1423,1424,1422,1426
1428,1457,1456,1435,1438,1436,1454
1429,1444,1446,1434,1430,1437,1442
1430,1445,1437,1447,1443,1434,1429
1431,1432,1433,1439,1449,1448,1440
1432,1441,1433,1431,1439,1450,1451
1433,1441,1432,1440,1452,1431,1453
1434,1442,1459,1458,1430,1429,1443
1435,1455,1462,1460,1428,1438,1436
1436,1464,1455,1463,1454,1435,1428
1437,1445,1430,1429,1466,1465,1444
1438,1461,1468,1457,1460,1428,1435
1439,1450,1474,1472,1449,1432,1431
1440,1433,1452,1431,1448,1477,1476
1441,1432,1433,1453,1482,1481,1451
1442,1446,1483,1484,1459,1434,1429
1443,1447,1430,1485,1486,1458,1434
1444,1429,1446,1488,1487,1437,1465
1445,1470,1471,1437,1430,1447,1466
1446,1429,1444,1442,1483,1493,1487
1447,1561,1471,1445,1430,1443,1486
1448,1449,1489,1494,1431,1440,1477
1449,1472,1439,1473,1489,1448,1431
1450,1480,1479,1439,1474,1432,1451
1451,1481,1492,1441,1480,1450,1432
1452,1491,1490,1433,1440,1453,1476
1453,1490,1495,1482,1441,1452,1433
1454,1511,1530,1456,1463,1436,1428
1455,1435,1462,1498,1499,1464,1436
1456,1428,1457,1511,1454,1536,1537
1457,1428,1456,1535,1461,1536,1438
1458,1504,1485,1496,1459,1434,1443
1459,1497,1496,1484,1458,1442,1434
1460,1500,1501,1435,1462,1468,1438
1461,1468,1507,1438,1535,1620,1457
1462,1510,1500,1435,1455,1499,1460
1463,1503,1464,1530,1531,1454,1436
1464,1463,1503,1508,1498,1455,1436
1465,1437,1466,1488,719,1467,1444
1466,1437,1445,1470,1469,1465,1467
1467,1469,740,739,1466,1465,719
1468,1507,1461,1438,1515,1501,1460
1469,1467,740,1470,1466,741,1502
1470,1445,1471,1725,1469,1466,1502
1471,1561,1447,1470,1445,1690,1725
1472,1475,720,1449,1439,1474,1473
1473,742,1489,1449,743,1472,720
1474,1478,1475,1439,1450,1479,1472
1475,720,1472,1478,1474,722,721
1476,1524,1523,1491,1452,1440,1477
1477,1448,1494,1440,1476,1523,1522
1478,1475,1474,1505,1479,723,722
1479,1480,1450,1474,1506,1505,1478
1480,1479,1450,1512,1506,1451,1492
1481,1492,1451,1521,1517,1482,1441
1482,1453,1495,1518,1441,1517,1481
1483,1520,1493,1519,1484,1442,1446
1484,1497,1526,1459,1519,1483,1442
1485,1504,1532,1533,1486,1458,1443
1486,1561,1447,1533,1622,1485,1443
1487,717,1488,1444,1527,1493,1446
1488,717,1487,1444,1465,719,718
1489,1473,742,1449,1528,1494,1448
1490,1453,1495,1452,1491,1691,1529
1491,1452,1490,1691,1664,1524,1476
1492,1481,1451,1534,1521,1480,1512
1493,1538,1527,1487,1520,1483,1446
1494,1489,1528,1448,1477,1542,1522
1495,1453,1490,1482,1529,1550,1518
1496,1459,1497,1547,1504,1548,1458
1497,1484,1526,1549,1459,1496,1548
1498,1508,1555,1455,1499,1464,1545
1499,1462,1510,1546,1545,1455,1498
1500,1510,1462,1460,1501,1551,1556
1501,1460,1500,1552,1551,1468,1515
1502,1725,1688,1470,741,1469
1503,1463,1464,1508,1554,1553,1531
1504,1532,1485,1547,1496,1557,1458
1505,1506,1479,1619,1749,1478,723
1506,1480,1512,1505,1479,1611,1619
1507,1560,1558,1468,1461,1620,1515
1508,1562,1555,1498,1464,1554,1503
1509,11,1688,1564,1516,12,1568
1510,1500,1462,1499,1556,1563,1546
1511,1530,1454,1578,1579,1456,1537
1512,1534,1612,1480,1506,1611,1492
1513,1514,9,8,1565,1570,1525
1514,9,1513,1565,1726,10,1679
1515,1569,1552,1560,1468,1507,1501
1516,1571,1559,13,12,1564,1509
1517,1576,1518,1521,1481,1482,1575
1518,1576,1517,1550,1577,1495,1482
1519,1541,1582,1484,1483,1520,1526
1520,1483,1493,1519,1541,1538,1539
1521,1481,1517,1534,1492,1575,1583
1522,1523,1544,1543,1477,1494,1542
1523,1544,1708,1522,1524,1476,1477
1524,1708,1668,1664,1476,1523,1491
1525,7,1743,1570,1513,8,1585
1526,1497,1484,1549,1586,1582,1519
1527,1538,1493,717,1487,734,735
1528,1489,1494,776,742,1542,775
1529,1691,1739,1495,1550,1693,1490
1530,1511,1454,1693,1531,1463,1578
1531,1693,1530,1463,1553,1739,1503
1532,1504,1485,1533,1740,1590,1557
1533,1532,1485,1623,1622,1740,1486
1534,1512,1612,1613,1492,1521,1583
1535,1536,1591,1461,1620,1590,1457
1536,1535,1591,1457,1456,1537,1592
1537,1511,1456,1593,1579,1592,1536
1538,1493,1527,734,1520,733,1539
1539,732,733,1541,1520,1538,1540
1540,1621,1610,1541,1539,732,731
1541,1582,1519,1520,1540,1610,1539
1542,775,774,1494,1528,1543,1522
1543,1679,1544,1522,1542,774,773
1544,1523,1708,1522,1543,1679,1726
1545,1555,1624,1625,1546,1499,1498
1546,1626,1563,1625,1545,1510,1499
1547,1599,1548,1595,1504,1496,1557
1548,1599,1547,1496,1497,1549,1603
1549,1526,1586,1497,1603,1606,1548
1550,1578,1577,1495,1529,1693,1518
1551,1630,1629,1552,1501,1500,1556
1552,1630,1631,1569,1515,1501,1551
1553,1633,1632,1554,1739,1503,1531
1554,1633,1634,1562,1508,1503,1553
1555,1562,1508,1498,1624,1545,1635
1556,1636,1563,1500,1510,1551,1629
1557,1532,1504,1590,1595,1591,1547
1558,1560,1507,1620,1740,1637,1623
1559,1516,1571,2,1638,14,13
1560,1639,1569,1558,1507,1637,1515
1561,1471,1447,1486,1690,1649,1622
1562,1555,1508,1635,1640,1554,1634
1563,1546,1626,1636,1556,1510,1641
1564,1644,1643,1516,1509,1568,1571
1565,1726,1514,1513,1570,1658,1659
1566,1567,1661,1574,19,1660,20
1567,1662,1661,1566,1581,21,20
1568,1725,1690,1688,1564,1509,1643
1569,1631,1646,1639,1560,1552,1515
1570,1658,1565,1513,1525,1670,1585
1571,1516,1559,1644,1645,1564,1638
1572,1673,1573,1580,28,29,1672
1573,1673,1572,30,29,1584,1674
1574,1588,1675,1566,19,18,1660
1575,1517,1521,1583,1576,1594,1598
1576,1517,1518,1594,1579,1577,1575
1577,1578,1579,1550,1518,1576
1578,1577,1579,1511,1550,1693,1530
1579,1577,1578,1511,1594,1576,1593,1537
1580,1572,28,1672,1587,1676,27
1581,1642,22,21,1567,1662,1663
1582,1609,1586,1541,1519,1526,1610
1583,1521,1575,1598,1613,1534,1602
1584,30,1573,31,1648,1677,1674
1585,1743,1647,1670,1680,1570,1525
1586,1549,1526,1609,1582,1608,1606
1587,1676,1692,1744,1580,27,1747
1588,1675,1689,1574,1746,1678,18
1589,1628,715,724,1694,725,1696
1590,1740,1532,1620,1591,1535,1557
1591,1536,1535,1590,1592,1595,1557
1592,1593,1596,1595,1537,1536,1591
1593,1597,1594,1592,1596,1579,1537
1594,1593,1597,1576,1579,1575,1598
1595,1599,1596,1547,1592,1591,1557
1596,1599,1600,1595,1597,1593,1592
1597,1596,1600,1593,1594,1598,1601
1598,1602,1601,1594,1575,1597,1583
1599,1600,1596,1595,1547,1548,1603
1600,1599,1596,1603,1604,1597,1601
1601,1605,1602,1604,1600,1598,1597
1602,1605,1601,1598,1614,1613,1583
1603,1600,1604,1599,1606,1549,1548
1604,1600,1603,1605,1601,1606,1607
1605,1602,1601,1604,1615,1607,1614
1606,1604,1603,1549,1608,1607,1586
1607,1615,1605,1608,1616,1606,1604
1608,1609,1617,1616,1607,1606,1586
1609,1586,1582,1608,1617,1618,1610
1610,1621,1540,1618,1609,1582,1541
1611,1697,1619,1698,1506,1512,1612
1612,1512,1534,1613,1698,1699,1611
1613,1612,1534,1602,1614,1583,1699
1614,1602,1613,1700,1699,1615,1605
1615,1701,1700,1605,1607,1616,1614
1616,1701,1703,1617,1608,1607,1615
1617,1608,1609,1703,1616,1618,1705
1618,1707,1621,1705,1610,1609,1617
1619,1697,1611,1750,1749,1505,1506
1620,1535,1461,1558,1740,1590,1507
1621,1707,1618,1610,1540,731,730
1622,1533,1623,1650,1649,1486,1561
1623,1533,1622,1740,1637,1650,1558
1624,1555,1545,1635,1684,1685,1625
1625,1685,1686,1546,1626,1545,1624
1626,1546,1563,1686,1687,1625,1641
1627,716,1748,715,1705,1703,1628
1628,1589,715,1703,1627,1701,1696
1629,1630,1551,1556,1636,1709,1710
1630,1631,1552,1551,1629,1711,1710
1631,1569,1646,1630,1552,1712,1711
1632,1691,1739,1633,1553,1665,1664
1633,1666,1634,1554,1553,1632,1665
1634,1633,1666,1554,1667,1640,1562
1635,1640,1683,1624,1555,1684,1562
1636,1556,1563,1641,1721,1629,1709
1637,1639,1650,1560,1623,1558
1638,1657,2,1559,1656,1645,1571
1639,1560,1569,1637,1650,1652,1646
1640,1683,1635,1634,1667,1682,1562
1641,1722,1687,1721,1563,1636,1626
1642,1663,1724,1581,22,23,3
1643,1649,1690,1644,1564,1651,1568
1644,1645,1571,1564,1643,1651,1653
1645,1644,1571,1653,1655,1656,1638
1646,1569,1631,1712,1654,1652,1639
1647,1741,1729,1743,1585,1742,1680
1648,32,31,1584,1677,1727,1728
1649,1643,1690,1622,1650,1651,1561
1650,1637,1639,1622,1649,1651,1652,1623
1651,1643,1644,1653,1649,1652,1650
1652,1654,1653,1651,1639,1646,1650
1653,1644,1651,1652,1654,1645,1655
1654,1652,1653,1655,1712,1713,1646
1655,1714,1656,1713,1645,1653,1654
1656,1655,1714,1719,1657,1638,1645
1657,17,16,1719,1638,2,1656
1658,1570,1565,1659,1669,1670
1659,1726,1565,1658,1669,1668,1708
1660,1661,1566,1717,1716,1675,1574
1661,1662,1567,1566,1660,1717,1718
1662,1567,1661,1718,1720,1581,1663
1663,1723,1720,1724,1642,1662,1581
1664,1668,1524,1665,1632,1691,1491
1665,1666,1669,1668,1664,1633,1632
1666,1665,1669,1633,1634,1671,1667
1667,1671,1681,1666,1682,1634,1640
1668,1524,1708,1664,1665,1659,1669
1669,1666,1665,1659,1658,1668,1671,1670
1670,1585,1680,1669,1658,1671,1570
1671,1680,1681,1666,1669,1667,1670
1672,1733,1734,1673,1676,1580,1572
1673,1573,1572,1733,1672,1732,1674
1674,1677,1584,1732,1731,1573,1673
1675,1588,1689,1574,1715,1716,1660
1676,1587,1692,1735,1672,1734,1580
1677,1584,1674,1648,1728,1730,1731
1678,1745,1746,1588,1719,1689,1714
1679,10,773,1514,1726,1543,1544
1680,1681,1729,1670,1585,1671,1647
1681,1730,1682,1680,1729,1671,1667
1682,1681,1730,1731,1683,1667,1640
1683,1640,1635,1731,1682,1684,1732
1684,1732,1733,1635,1624,1685,1683
1685,1733,1734,1686,1625,1684,1624
1686,1735,1687,1685,1625,1626,1734
1687,1736,1722,1735,1686,1641,1626
1688,1509,11,1502,1725,772,1568,741
1689,1675,1588,1714,1713,1715,1678
1690,1568,1725,1649,1643,1471,1561
1691,1739,1529,1632,1491,1490,1664
1692,1676,1587,1735,1744,1736,1737
1693,1531,1530,1578,1550,1739,1529
1694,724,1695,1704,1702,1589,1696
1695,1706,1704,1694,724,752,751
1696,1700,1701,1694,1702,1589,1628
1697,1619,1611,1750,1706,1704,1698
1698,1699,1702,1704,1612,1697,1611
1699,1698,1702,1612,1700,1614,1613
1700,1696,1701,1615,1699,1614,1702
1701,1696,1700,1616,1703,1615,1628
1702,1698,1699,1694,1704,1700,1696
1703,1701,1616,1617,1705,1627,1628
1704,1706,1695,1694,1702,1698,1697
1705,1618,1707,1748,1627,1617,1703
1706,1704,1695,750,1750,751,1697
1707,1748,729,1618,1621,1705,730
1708,1523,1544,1524,1668,1659,1726
1709,1721,1718,1636,1629,1710,1717
1710,1629,1709,1630,1711,1716,1717
1711,1712,1715,1631,1630,1716,1710
1712,1711,1715,1631,1654,1713,1646
1713,1689,1714,1655,1654,1712,1715
1714,1655,1656,1689,1713,1678,1719
1715,1712,1711,1689,1675,1713,1716
1716,1717,1660,1711,1715,1675,1710
1717,1660,1716,1661,1718,1709,1710
1718,1709,1721,1720,1662,1661,1717
1719,1678,1745,17,1714,1657,1656
1720,1718,1662,1721,1723,1663,1722
1721,1709,1718,1720,1641,1722,1636
1722,1687,1736,1641,1721,1720,1723
1723,1663,1720,1736,1737,1722,1724
1724,1663,1642,3,1723,1738,1737
1725,1568,1690,1502,1688,1471,1470
1726,1565,1514,1679,1659,1708,1544
1727,1,33,32,1741,1728,1648
1728,1741,1727,1648,1677,1729,1730
1729,1647,1741,1681,1680,1730,1728
1730,1681,1682,1729,1728,1677,1731
1731,1674,1732,1683,1682,1730,1677
1732,1733,1673,1684,1674,1731,1683
1733,1672,1734,1673,1685,1732,1684
1734,1733,1672,1685,1676,1735,1686
1735,1687,1686,1676,1692,1736,1734
1736,1687,1722,1737,1723,1735,1692
1737,1736,1723,1738,1724,1744,1692
1738,25,3,26,1724,1737,1744
1739,1691,1529,1632,1553,1531,1693
1740,1620,1558,1532,1590,1533,1623
1741,1647,1729,1742,1,1727,1728
1742,1647,1743,6,5,1741,1
1743,1525,7,1647,1585,1742,6
1744,1692,1587,1738,26,1737,1747
1745,1678,1746,1719,50,49,17
1746,1745,1678,1588,50,51,18
1747,27,62,61,26,1587,1744
1748,1707,729,716,1627,728,1705
1749,1750,749,1619,1505,723,748
1750,750,1706,749,1697,1619,1749
