1,19,39,18,972,2,20
2,20,21,972,997,3,1
3,2,997,927,22,4,21
4,929,996,478,23,22,3,927
5,477,463,920,949,24,6
6,25,24,973,949,7,5
7,8,973,26,25,6,27
8,7,973,28,27,9,998
9,926,998,29,10,28,8
10,921,11,29,9,926,30
11,10,921,30,31,930,12
12,930,971,11,32,31,13
13,971,14,32,12,34,33
14,971,13,15,999,34,35
15,16,928,14,999,36,35
16,15,928,17,922,36,37
17,16,922,931,18,37,38
18,1,972,17,931,39,38
19,39,1,20,41,40,63
20,2,21,42,19,1,41
21,20,2,42,43,22,3
22,23,44,43,21,4,3
23,45,499,22,44,4,478
24,46,498,6,25,477,5
25,46,47,6,24,26,7
26,27,49,48,47,25,7
27,26,49,50,8,28,7
28,51,29,8,27,9,50
29,51,28,9,10,52,30
30,11,31,53,52,29,10
31,30,11,53,32,12,54
32,33,55,31,12,13,54
33,55,32,34,57,13,56
34,57,33,13,14,58,35
35,34,14,58,15,59,36
36,37,60,15,16,59,35
37,60,36,16,17,38,61
38,62,61,37,39,18,17
39,19,1,63,62,18,38
40,64,90,65,19,63,41
41,66,42,65,19,20,40
42,21,43,20,66,41,67
43,68,67,42,21,22,44
44,22,23,68,69,45,43
45,23,499,550,69,523,44
46,25,47,498,24,71,70
47,46,25,72,71,48,26
48,74,73,72,49,26,47
49,75,74,48,26,27,50
50,76,75,27,49,51,28
51,28,29,77,52,76,50
52,77,51,29,78,30,53
53,79,78,31,30,54,52
54,79,53,31,32,55,80
55,33,32,56,81,80,54
56,81,55,57,83,33,82
57,58,84,83,34,33,56
58,84,57,34,59,85,35
59,85,86,58,60,36,35
60,37,36,87,86,61,59
61,60,87,88,62,38,37
62,89,88,63,39,61,38
63,19,40,90,89,62,39
64,92,91,120,65,40,90
65,93,92,64,41,66,40
66,67,94,93,41,42,65
67,95,94,68,43,66,42
68,67,43,44,69,96,95
69,550,97,45,68,44,96
70,549,98,71,46,498,522
71,99,98,72,70,47,46
72,99,71,73,48,100,47
73,101,100,74,48,72,102
74,73,48,49,75,103,102
75,76,50,49,74,103,104
76,75,50,105,104,77,51
77,106,105,51,52,78,76
78,53,79,52,77,106,107
79,53,78,108,107,54,80
80,108,79,55,81,54,109
81,56,55,110,109,82,80
82,111,112,56,83,110,81
83,84,57,112,113,56,82
84,58,57,83,113,114,85
85,115,114,59,86,58,84
86,116,115,85,59,87,60
87,117,116,86,60,88,61
88,89,118,117,87,62,61
89,88,118,119,63,90,62
90,120,119,40,64,63,89
91,153,120,92,64,122,121
92,91,64,122,65,93,123
93,123,124,65,92,94,66
94,67,95,125,124,93,66
95,67,94,125,126,96,68
96,126,127,95,68,69,97
97,550,69,127,128,96,580
98,579,549,70,99,71,129
99,98,71,72,130,129,100
100,101,73,99,72,131,130
101,133,132,100,73,131,102
102,101,73,103,74,134,133
103,135,134,102,74,75,104
104,136,105,135,103,76,75
105,77,106,137,136,104,76
106,77,105,138,137,78,107
107,139,108,79,106,138,78
108,139,107,79,80,109,140
109,141,110,140,81,80,108
110,141,109,142,81,111,82
111,144,112,143,142,82,110
112,144,111,83,113,82,145
113,112,83,84,145,114,146
114,115,147,84,113,85,146
115,116,148,86,114,147,85
116,117,149,87,148,115,86
117,149,116,118,150,87,88
118,117,150,88,89,119,151
119,151,152,89,118,120,90
120,91,153,152,64,119,90
121,189,153,91,122,155,154
122,91,121,155,92,156,123
123,93,124,156,122,92,157
124,123,93,125,158,157,94
125,94,95,158,124,159,126
126,96,127,160,159,125,95
127,126,96,161,160,97,128
128,649,613,161,127,97,580
129,162,579,130,99,163,98
130,129,99,164,163,131,100
131,132,165,164,130,100,101
132,133,101,131,165,166,167
133,132,101,168,134,167,102
134,168,133,135,103,102,169
135,169,170,134,103,104,136
136,104,105,171,170,135,137
137,171,172,106,138,105,136
138,106,137,172,107,139,173
139,107,108,173,174,138,140
140,109,141,139,108,175,174
141,142,176,109,110,140,175
142,176,141,110,143,111,177
143,142,111,144,179,178,177
144,111,112,179,180,145,143
145,180,144,112,181,146,113
146,182,181,145,113,114,147
147,114,115,182,146,183,148
148,184,149,116,115,183,147
149,185,150,184,117,116,148
150,185,149,117,118,186,151
151,187,186,119,152,118,150
152,120,153,151,119,188,187
153,91,120,189,121,152,188
154,191,190,155,121,228,189
155,154,121,192,191,122,156
156,122,123,192,155,157,193
157,158,194,193,123,124,156
158,157,194,125,124,159,195
159,158,125,195,196,160,126
160,161,127,196,197,126,159
161,160,127,128,649,197,198
162,579,129,612,199,648,163
163,200,199,164,130,129,162
164,163,200,130,131,165,201
165,166,202,131,132,201,164
166,202,165,203,132,204,167
167,133,132,205,168,166,204
168,133,134,206,205,167,169
169,207,170,135,206,134,168
170,207,169,135,171,208,136
171,209,208,137,172,170,136
172,171,137,209,210,138,173
173,211,174,139,172,210,138
174,211,212,175,173,139,140
175,212,174,140,141,176,213
176,142,141,214,213,177,175
177,215,214,176,142,143,178
178,217,216,215,143,177,179
179,180,218,144,143,217,178
180,179,218,144,145,219,181
181,182,146,219,180,145,220
182,221,220,181,146,183,147
183,184,222,221,182,148,147
184,185,149,223,148,222,183
185,149,150,184,223,186,224
186,187,151,224,185,150,225
187,186,151,225,152,226,188
188,152,153,227,226,187,189
189,153,121,228,227,188,154
190,270,229,154,191,230,228
191,154,190,192,231,230,155
192,191,231,232,193,155,156
193,157,194,232,192,233,156
194,157,158,193,233,234,195
195,234,194,196,235,159,158
196,236,197,160,235,195,159
197,236,196,160,237,198,161
198,238,688,197,237,161,649
199,200,163,687,648,239,162
200,199,163,239,240,201,164
201,200,240,202,241,165,164
202,166,165,203,242,241,201
203,202,166,244,204,243,242
204,244,203,166,167,245,205
205,168,206,167,245,246,204
206,246,247,207,169,168,205
207,248,208,169,170,247,206
208,209,249,248,207,171,170
209,208,249,171,250,172,210
210,209,172,173,211,251,250
211,174,212,252,251,173,210
212,211,174,252,175,253,213
213,214,176,254,175,212,253
214,213,176,254,177,215,255
215,178,216,177,214,256,255
216,217,178,215,256,257,258
217,216,178,179,259,258,218
218,179,180,219,217,259,260
219,261,260,218,180,181,220
220,182,221,262,261,219,181
221,182,220,222,263,262,183
222,263,221,184,183,223,264
223,265,264,185,184,224,222
224,265,223,266,186,185,225
225,266,224,186,187,267,226
226,187,225,267,227,268,188
227,269,268,228,189,226,188
228,269,270,227,189,190,154
229,270,190,314,271,272,230
230,191,231,272,273,229,190
231,191,192,230,273,274,232
232,192,193,275,274,233,231
233,193,194,232,275,276,234
234,277,235,194,233,276,195
235,277,234,278,236,196,195
236,278,279,196,197,235,237
237,279,236,197,280,198,238
238,198,688,280,773,237,730
239,200,240,199,687,282,281
240,239,200,283,282,201,241
241,242,284,283,240,202,201
242,241,284,243,203,202,285
243,242,203,244,287,286,285
244,287,288,245,203,204,243
245,288,244,289,246,205,204
246,206,247,290,289,245,205
247,246,206,290,207,291,248
248,207,208,292,291,249,247
249,208,209,293,250,292,248
250,293,249,209,294,251,210
251,252,211,295,294,250,210
252,211,212,296,253,251,295
253,296,252,212,297,213,254
254,213,214,255,298,253,297
255,256,299,298,254,215,214
256,216,257,299,255,300,215
257,256,216,258,300,301
258,257,216,259,302,217,301
259,258,302,303,260,217,218
260,303,259,219,261,304,218
261,219,260,304,305,262,220
262,263,306,305,261,220,221
263,306,262,264,307,222,221
264,265,223,263,307,308,222
265,264,223,224,266,309,308
266,265,224,225,267,310,309
267,310,266,225,226,311,268
268,269,227,311,312,226,267
269,268,227,228,270,313,312
270,190,229,269,228,314,313
271,356,314,272,316,315,229
272,271,316,273,317,230,229
273,272,317,230,318,231,274
274,232,275,273,231,319,318
275,320,319,276,232,274,233
276,321,277,320,275,233,234
277,321,276,234,235,278,322
278,277,322,235,236,279,323
279,324,323,278,236,280,237
280,324,325,773,279,238,237
281,282,326,729,687,772,239
282,327,326,281,283,240,239
283,328,327,241,284,282,240
284,241,242,283,285,329,328
285,286,329,243,284,242
286,285,329,330,287,243
287,244,288,331,330,286,243
288,332,331,287,244,289,245
289,332,333,246,290,288,245
290,246,247,334,291,333,289
291,335,334,292,290,248,247
292,291,335,248,336,293,249
293,249,250,336,337,294,292
294,295,251,337,338,293,250
295,294,251,296,339,338,252
296,252,253,340,339,297,295
297,341,298,253,296,254,340
298,299,342,255,254,341,297
299,342,298,256,255,343,300
300,343,301,299,257,256
301,343,344,300,302,257,258
302,258,259,303,301,344
303,302,259,345,344,260,304
304,305,346,303,345,261,260
305,346,304,261,347,306,262
306,263,262,307,348,347,305
307,263,264,306,348,308,349
308,307,264,309,265,350,349
309,351,350,308,265,310,266
310,267,266,351,309,352,311
311,268,312,310,352,353,267
312,354,353,311,268,313,269
313,355,354,312,314,270,269
314,271,356,355,313,229,270
315,356,390,357,358,271,316
316,271,272,317,359,358,315
317,359,360,272,273,316,318
318,360,361,273,317,274,319
319,320,275,274,318,361,362
320,319,275,276,362,363,321
321,276,277,364,363,322,320
322,277,278,364,321,323,365
323,324,279,366,365,322,278
324,280,325,323,279,366,367
325,324,280,773,367,809
326,327,282,281,770,772,771
327,326,282,283,328,769,770
328,283,327,329,768,284,769
329,285,286,768,911,457,368,397,330,284,328
330,331,287,286,329,368
331,332,288,330,287,368,369
332,370,369,331,288,289,333
333,290,334,370,371,332,289
334,335,291,371,372,290,333
335,334,291,373,336,292,372
336,373,335,337,374,293,292
337,338,375,374,336,293,294
338,375,376,337,339,294,295
339,296,340,377,376,338,295
340,296,339,341,378,377,297
341,342,379,340,378,297,298
342,299,298,379,341,343
343,407,379,301,344,300,342,299
344,456,440,407,343,301,303,345,302,380,408,441
345,303,344,304,380,346
346,305,304,380,345,347
347,348,381,380,346,305,306
348,381,347,307,306,382,349
349,350,383,308,382,307,348
350,384,383,309,351,308,349
351,309,350,384,310,352,385
352,353,386,310,351,385,311
353,352,386,354,312,387,311
354,355,313,353,312,387,388
355,354,313,356,389,388,314
356,271,314,315,390,355,389
357,392,391,358,416,390,315
358,359,393,392,357,315,316
359,360,394,317,358,393,316
360,394,359,317,318,361,395
361,360,318,395,396,319,362
362,396,363,361,319,320
363,396,362,364,321,320
364,363,321,396,322,365
365,323,366,322,396,364
366,396,367,323,324,365
367,396,366,324,418,870,889,325,809,842
368,397,329,331,369,330
369,370,332,398,368,331,397
370,369,332,333,371,399,398
371,334,372,399,400,370,333
372,371,334,335,373,401,400
373,335,336,402,374,372,401
374,337,375,403,402,336,373
375,338,376,337,403,404,374
376,375,338,404,405,339,377
377,406,405,378,339,376,340
378,407,406,377,340,341,379
379,343,407,342,341,378
380,345,346,408,381,344,347
381,348,347,408,380,382
382,383,349,408,381,348
383,384,409,350,408,349,382
384,409,383,385,410,350,351
385,384,410,411,351,386,352
386,412,411,352,353,385,387
387,353,354,386,388,413,412
388,414,413,389,354,387,355
389,415,390,355,356,388,414
390,415,389,356,315,357,416
391,357,392,418,416,433,417
392,357,391,418,393,358
393,394,418,358,359,392
394,360,359,393,418,395
395,394,418,360,361,396
396,366,367,362,363,395,418,361,364,365
397,434,419,453,457,446,398,368,329,369
398,399,419,370,397,369
399,398,419,371,400,420,370
400,420,421,399,371,401,372
401,422,421,402,400,373,372
402,423,422,401,374,403,373
403,375,404,424,423,374,402
404,376,405,425,424,403,375
405,377,406,404,376,426,425
406,378,407,377,405,426
407,378,406,440,344,343,379,426
408,409,383,380,381,382,441,427,344
409,384,383,408,427,410
410,384,385,411,427,409
411,427,410,385,412,386,428
412,411,386,429,428,413,387
413,414,388,412,429,387,430
414,413,388,389,430,431,415
415,416,432,389,390,431,414
416,391,433,432,415,357,390
417,452,445,391,433,418
418,392,391,393,394,417,395,396,367
419,398,399,434,397,420
420,400,421,435,399,419,434
421,420,400,435,401,422,436
422,423,437,436,401,421,402
423,438,437,422,402,424,403
424,439,438,404,425,403,423
425,439,440,404,424,405,426
426,405,425,407,406,440
427,411,410,441,428,408,409
428,441,427,412,429,411
429,430,441,412,428,413
430,441,429,442,413,414,431
431,443,442,432,430,414,415
432,416,415,443,431,444,433
433,445,444,416,391,417,432
434,397,419,446,435,420
435,420,421,446,447,434,436
436,437,448,447,422,421,435
437,448,449,423,438,422,436
438,450,449,424,439,423,437
439,425,440,424,438,450
440,439,425,456,344,407,450,426
441,427,428,451,442,430,429,408,344
442,451,441,430,431,443
443,444,451,431,442,432
444,445,433,451,443,452,432
445,444,433,417,452
446,435,447,434,397,453
447,448,454,436,446,435,453
448,447,454,437,449,455,436
449,448,437,455,450,438,456
450,449,438,456,439,440
451,444,443,441,442,452
452,417,445,451,444
453,454,457,397,446,447
454,453,457,447,448,455,458
455,448,449,458,454,456
456,440,344,450,449,455,458
457,453,454,458,329,911,397
458,455,454,457,456
459,933,460,468,934,470,469
460,933,459,470,471,947,1000
461,968,946,473,474,917,462
462,463,476,917,475,474,461
463,5,477,462,476,920,917
464,992,465,993,482,483,481
465,484,483,992,464,466,990
466,485,484,465,1002,991,990
467,468,934,964,991,1002,486,487
468,467,934,459,487,488,469
469,489,488,470,490,468,459
470,490,491,459,460,469,471
471,460,470,491,1000,472,492
472,473,968,492,493,1000,471
473,472,968,461,474,494,493
474,495,494,473,461,475,462
475,497,476,474,462,496,495
476,497,498,462,463,477,475
477,5,463,476,498,24
478,500,479,969,996,4,23,499
479,501,500,478,969,1001,480
480,481,502,1001,479,501
481,502,503,480,993,464,482,1001
482,505,483,464,481,504,503
483,465,484,506,505,482,464
484,465,483,485,466,507,506
485,484,466,507,508,486,1002
486,508,485,1002,467,509,487
487,510,509,468,467,486,488
488,489,469,510,511,468,487
489,512,511,488,469,513,490
490,491,514,470,513,469,489
491,490,514,470,492,515,471
492,472,493,516,515,491,471
493,492,472,494,517,473,516
494,517,493,495,474,518,473
495,494,474,475,496,519,518
496,497,475,495,519,520,521
497,476,498,475,496,521,522
498,46,24,497,476,70,477,522
499,45,23,523,478,500
500,501,479,478,524,523,499
501,500,479,502,525,524,480
502,481,503,526,480,525,501
503,504,527,502,481,526,482
504,527,503,482,505,529,528
505,530,529,483,506,482,504
506,531,507,484,483,505,530
507,531,506,485,484,532,508
508,533,532,507,485,486,509
509,487,510,508,486,533,534
510,487,509,488,511,535,534
511,512,489,510,488,535,536
512,511,489,513,538,537,536
513,539,538,512,490,514,489
514,490,491,513,539,515,540
515,492,516,540,514,491,541
516,492,515,493,517,542,541
517,494,493,518,543,516,542
518,517,494,495,519,543,544
519,544,545,520,495,496,518
520,545,519,521,547,496,546
521,520,547,497,496,522,548
522,70,549,498,497,548,521
523,550,45,499,500,524,551
524,552,525,501,500,523,551
525,553,552,524,526,502,501
526,503,502,554,553,527,525
527,528,555,504,503,554,526
528,555,527,529,557,504,556
529,558,557,530,505,528,504
530,529,505,506,531,558,559
531,506,507,532,560,559,530
532,560,561,533,508,507,531
533,532,508,561,534,562,509
534,562,533,509,563,535,510
535,510,511,563,534,536,564
536,565,537,512,564,511,535
537,512,538,567,565,536,566
538,513,539,568,512,537,567
539,513,538,568,514,569,540
540,570,569,515,514,539,541
541,540,570,542,571,516,515
542,543,572,571,541,516,517
543,572,542,544,573,517,518
544,519,545,573,543,574,518
545,544,519,575,574,520,546
546,575,545,547,577,520,576
547,520,521,548,578,546,577
548,578,547,549,579,522,521
549,579,98,70,522,548
550,97,69,45,523,580,581,551
551,552,582,581,523,524,550
552,525,553,551,582,524,583
553,584,583,554,525,552,526
554,553,584,526,585,555,527
555,528,527,585,554,556,586
556,588,587,555,528,557,586
557,558,529,528,556,589,588
558,557,529,559,590,530,589
559,558,590,560,531,530,591
560,532,561,559,531,592,591
561,560,532,533,562,593,592
562,594,593,563,561,534,533
563,594,562,534,564,595,535
564,565,596,563,595,536,535
565,564,596,536,537,566,597
566,597,598,599,567,565,537
567,568,600,599,537,538,566
568,539,538,600,567,601,569
569,540,570,602,601,568,539
570,540,569,571,603,602,541
571,604,603,570,572,542,541
572,543,542,604,605,571,573
573,544,543,574,606,605,572
574,607,606,545,575,573,544
575,608,607,545,574,576,546
576,610,577,609,608,575,546
577,610,576,611,546,547,578
578,548,547,612,579,611,577
579,549,98,162,129,612,548,578
580,550,97,581,613,128
581,614,582,551,580,550,613
582,583,615,551,552,614,581
583,584,553,582,615,616,552
584,583,553,554,617,616,585
585,617,618,554,555,584,586
586,618,619,556,587,585,555
587,588,556,620,619,621,586
588,587,556,622,621,589,557
589,623,622,588,590,558,557
590,558,559,623,589,624,591
591,559,590,624,625,592,560
592,626,625,591,560,561,593
593,594,562,561,627,592,626
594,593,562,563,627,628,595
595,563,564,594,629,628,596
596,564,565,629,595,597,630
597,631,630,566,598,596,565
598,632,633,597,566,599,631
599,600,567,566,598,634,633
600,568,567,599,634,635,601
601,602,569,568,600,635,636
602,601,569,603,637,636,570
603,604,571,570,638,602,637
604,603,571,572,605,638,639
605,604,572,639,573,640,606
606,574,607,641,640,573,605
607,608,575,574,606,642,641
608,607,575,576,642,609,643
609,576,610,645,643,608,644
610,576,577,609,611,645,646
611,647,612,577,610,578,646
612,579,162,647,611,578,648
613,649,128,650,614,580,581
614,581,582,651,615,650,613
615,582,583,651,614,652,616
616,584,617,615,583,652,653
617,584,616,585,618,654,653
618,617,585,655,654,586,619
619,587,620,618,586,656,655
620,587,619,621,656,657,658
621,588,622,620,587,659,658
622,588,621,623,589,660,659
623,661,660,622,589,590,624
624,590,623,662,661,591,625
625,626,592,624,591,663,662
626,625,592,663,593,627,664
627,594,593,665,664,628,626
628,665,627,594,666,629,595
629,667,666,630,628,595,596
630,667,629,631,597,668,596
631,630,597,669,668,632,598
632,670,669,598,633,671,631
633,632,598,634,672,599,671
634,633,672,635,673,600,599
635,674,673,634,600,601,636
636,675,674,601,635,602,637
637,602,603,675,636,638,676
638,603,604,637,676,639,677
639,677,678,604,605,638,640
640,641,606,679,639,605,678
641,640,606,679,642,607,680
642,681,643,641,607,608,680
643,681,642,609,608,644,682
644,684,683,682,643,609,645
645,610,609,685,646,684,644
646,685,686,610,611,647,645
647,611,612,648,646,686,687
648,687,199,162,612,647
649,650,689,128,613,161,688,198
650,689,649,690,651,613,614
651,614,615,652,690,650,691
652,651,615,691,692,653,616
653,617,654,693,692,652,616
654,617,653,655,618,693,694
655,656,695,654,618,694,619
656,695,655,696,657,619,620
657,696,656,698,658,620,697
658,659,699,698,657,621,620
659,658,699,700,621,622,660
660,661,623,622,700,659,701
661,660,623,702,701,662,624
662,663,703,661,624,702,625
663,703,662,704,625,626,664
664,627,665,626,704,663,705
665,627,664,628,666,706,705
666,706,707,667,629,665,628
667,666,629,630,668,708,707
668,709,669,631,667,630,708
669,670,632,709,668,631,710
670,669,632,710,711,671,712
671,632,670,712,633,672,713
672,633,634,713,671,714,673
673,674,635,634,714,715,672
674,636,675,673,635,716,715
675,636,674,716,637,676,717
676,717,718,637,638,675,677
677,639,678,719,718,638,676
678,677,639,719,720,640,679
679,640,641,678,680,721,720
680,679,641,721,642,681,722
681,642,643,722,723,682,680
682,644,683,724,643,681,723
683,725,726,644,684,682,724
684,727,685,644,683,645,726
685,646,686,727,684,728,645
686,685,646,728,647,687,729
687,281,729,648,199,239,647,686
688,238,198,730,689,649
689,650,649,730,688,731,690
690,650,651,691,731,689,732
691,690,651,652,732,733,692
692,653,693,652,691,734,733
693,735,734,653,692,654,694
694,736,735,655,695,693,654
695,656,655,737,696,694,736
696,738,737,656,657,695,697
697,740,698,739,738,696,657
698,658,699,657,741,740,697
699,658,659,700,742,698,741
700,699,742,659,701,743,660
701,702,661,743,700,744,660
702,745,703,701,661,744,662
703,745,702,663,662,704,746
704,747,746,663,703,705,664
705,748,706,704,747,665,664
706,666,707,748,705,665,749
707,706,666,708,750,667,749
708,750,707,667,751,709,668
709,668,669,752,710,708,751
710,670,711,752,753,709,669
711,712,754,710,670,753
712,711,754,713,755,670,671
713,712,755,756,672,671,714
714,757,715,756,713,673,672
715,757,714,716,758,673,674
716,759,758,717,715,674,675
717,759,716,676,718,675,760
718,719,761,717,676,677,760
719,718,761,762,678,720,677
720,719,678,763,721,679,762
721,764,763,722,679,680,720
722,681,723,721,764,765,680
723,722,681,766,724,682,765
724,766,767,682,683,725,723
725,683,726,768,724,767
726,725,683,768,727,769,684
727,684,685,728,770,726,769
728,727,770,685,686,729,771
729,281,687,772,686,728,771
730,688,689,731,238,774,773
731,775,732,774,730,689,690
732,775,731,733,776,690,691
733,776,732,691,734,777,692
734,693,735,778,777,733,692
735,693,734,736,694,779,778
736,780,779,735,694,695,737
737,738,696,695,736,780,781
738,737,696,782,739,697,781
739,782,783,784,738,697,740
740,784,785,741,698,697,739
741,785,740,698,699,742,786
742,699,700,741,786,787,743
743,701,700,787,742,744,788
744,788,789,701,702,743,745
745,746,790,702,703,789,744
746,790,745,747,704,791,703
747,746,704,705,792,791,748
748,705,706,793,749,747,792
749,793,794,748,706,750,707
750,751,795,708,707,749,794
751,750,795,752,708,709
752,795,751,710,753,709
753,752,710,796,895,795,711,754
754,711,712,755,796,753
755,712,713,756,754,796,797
756,714,757,755,713,797,798
757,714,715,756,799,758,798
758,759,716,800,715,799,757
759,758,716,800,717,801,760
760,718,761,801,759,717,802
761,802,803,718,719,762,760
762,761,719,804,803,720,763
763,805,804,721,764,720,762
764,806,805,721,763,722,765
765,807,806,764,722,723,766
766,724,767,723,808,765,807
767,766,724,725,808,768
768,869,911,329,808,841,328,769,725,726,767
769,328,768,327,726,727,770
770,727,728,326,327,771,769
771,772,326,729,770,728
772,729,281,326,771
773,325,280,238,774,810,730,809
774,775,731,810,773,730,811
775,731,732,774,776,812,811
776,733,732,777,813,812,775
777,734,778,776,813,814,733
778,779,735,734,777,815,814
779,780,736,778,735,815,816
780,779,736,817,816,737,781
781,818,817,737,738,782,780
782,739,783,738,818,781,819
783,782,739,784,821,819,820
784,783,739,740,785,821,822
785,784,740,741,822,823,786
786,824,787,741,742,785,823
787,824,786,825,788,742,743
788,825,787,744,789,826,743
789,827,826,788,744,745,790
790,746,745,791,828,827,789
791,792,829,790,828,746,747
792,829,791,830,747,793,748
793,749,794,748,792,830
794,793,749,750,795,830
795,750,751,752,830,895,794,753
796,860,895,754,755,753,797,831
797,798,831,756,755,796
798,831,797,756,832,799,757
799,833,800,832,798,757,758
800,758,759,833,799,801,834
801,759,800,760,835,802,834
802,761,803,836,835,760,801
803,802,761,804,762,837,836
804,805,763,803,762,837,838
805,806,764,804,763,839,838
806,805,764,765,807,840,839
807,765,806,840,808,841,766
808,768,841,766,767,807
809,842,810,367,325,773
810,842,811,774,773,809
811,842,810,774,812,775
812,843,842,811,776,775,813
813,776,777,814,843,812,844
814,813,777,844,778,845,815
815,846,816,778,779,814,845
816,817,780,846,815,847,779
817,816,780,847,781,818,848
818,848,849,781,817,782,819
819,820,850,849,782,783,818
820,852,821,851,850,819,783
821,852,820,853,784,822,783
822,821,784,785,853,823,854
823,855,824,785,822,854,786
824,855,823,786,787,825,856
825,856,857,787,788,824,826
826,789,827,857,858,825,788
827,789,826,859,858,828,790
828,859,827,829,790,791
829,792,791,859,828,830
830,795,895,859,829,792,793,794
831,832,860,798,797,796
832,831,860,798,799,861,833
833,834,862,799,800,861,832
834,862,833,835,863,801,800
835,836,802,801,864,863,834
836,835,802,837,803,864,865
837,803,804,866,838,836,865
838,839,867,805,866,837,804
839,805,806,867,838,840,868
840,868,869,806,807,841,839
841,808,768,807,840,869
842,810,811,809,367,812,843,870
843,812,842,870,844,813
844,870,843,845,813,814
845,870,846,844,814,815
846,815,816,870,845,847
847,816,817,870,846,871,848
848,818,849,847,817,871,872
849,848,818,872,873,850,819
850,820,819,849,873,851,874
851,820,852,874,875,876,850
852,820,821,851,853,876,877
853,852,821,878,877,822,854
854,879,855,878,853,823,822
855,856,880,823,824,879,854
856,855,880,825,857,824,881
857,826,858,856,825,881
858,857,826,859,881,827
859,881,858,827,828,829,830,895
860,796,895,831,832,882,861,896
861,882,860,862,833,832
862,863,883,834,833,882,861
863,862,883,864,835,884,834
864,836,835,863,884,885,865
865,866,886,836,837,864,885
866,887,886,865,837,838,867
867,839,838,888,868,866,887
868,840,869,888,867,839
869,768,911,868,840,841,908,910,888,901
870,889,367,845,846,843,842,844,847,871
871,872,889,870,847,848
872,889,871,848,849,873
873,874,889,849,872,850
874,851,875,873,889,850
875,874,851,889,876,890,891
876,851,852,877,892,875,891
877,893,892,853,878,876,852
878,893,894,853,877,879,854
879,854,855,894,895,880,878
880,855,856,879,895,881
881,859,858,880,895,856,857
882,860,861,862,883,896
883,862,863,884,897,882,896
884,883,897,885,898,864,863
885,898,884,864,899,865,886
886,887,866,900,865,899,885
887,886,866,900,867,888,901
888,867,868,869,887,901
889,872,871,870,367,873,874,875,890
890,875,889,891,902
891,875,876,890,902,903,892
892,893,877,876,891,903,904
893,892,877,878,894,904
894,893,878,879,895,904
895,796,860,894,879,830,795,880,904,753,881,859,896
896,860,895,883,882,897,905,911
897,883,884,898,905,896
898,905,906,885,884,897,899
899,906,907,900,886,885,898
900,886,887,907,899,908,901
901,888,887,869,900,908
902,891,890,903
903,891,902,892,904
904,892,893,903,894,895
905,898,906,897,909,911,896
906,905,898,899,907,909
907,909,910,906,899,900,908
908,869,910,900,907,901
909,907,910,905,911,906
910,909,907,908,869,911
911,869,768,329,457,905,909,896,910
912,918,942,915,938,936,916
913,925,924,914,919,915,938
914,957,970,913,919,938,932
915,942,941,912,913,924,938
916,939,937,935,918,936,912
917,946,923,920,462,463,461
918,912,942,937,916,940,943
919,914,913,932,950,925,951
920,463,5,949,948,923,917
921,10,11,952,953,930,926
922,17,16,928,955,954,931
923,917,946,965,966,948,920
924,925,913,959,941,915,958
925,913,924,951,919,958,963
926,9,998,979,952,10,921
927,980,997,3,4,929,956
928,16,15,922,981,954,999
929,4,996,927,956,994
930,971,12,953,921,11,974
931,975,972,17,18,955,922
932,950,978,977,957,914,919
933,934,962,460,459,961,947
934,468,467,933,962,964,459
935,985,939,916,982,945,936
936,938,970,945,916,935,912
937,988,940,916,939,987,918
938,936,970,912,915,914,913
939,985,986,935,916,937,987
940,937,988,995,989,943,918
941,942,915,959,924,960,944
942,912,918,941,915,943,944
943,995,966,940,918,942,944
944,965,966,942,943,941,960
945,936,970,984,983,982,935
946,917,923,967,965,968,461
947,961,933,460,1000,967,968
948,995,976,949,920,966,923
949,920,5,973,6,976,948
950,993,978,992,951,932,919
951,992,950,925,919,990,963
952,979,926,989,953,921,988
953,952,921,930,988,987,974
954,955,922,928,981,986,985
955,982,985,922,954,975,931
956,994,984,927,980,983,929
957,970,914,994,977,932,984
958,925,963,924,962,959,964
959,924,941,961,962,958,960
960,961,967,965,959,941,944
961,959,962,947,933,960,967
962,933,934,959,961,964,958
963,991,964,925,958,951,990
964,934,467,991,963,962,958
965,944,966,967,960,923,946
966,965,944,995,943,923,948
967,961,960,965,946,947,968
968,473,472,1000,947,967,946,461
969,478,479,978,977,996,1001
970,957,914,936,938,945,984
971,930,12,14,13,981,999,974
972,997,2,980,975,931,1,18
973,8,7,976,979,6,949,998
974,981,986,987,953,971,930
975,972,931,955,982,980,983
976,979,973,949,948,995,989
977,994,957,978,969,932,996
978,993,950,932,969,977,1001
979,976,973,952,926,989,998
980,927,997,972,956,983,975
981,974,986,999,971,928,954
982,955,985,935,975,983,945
983,945,984,956,980,982,975
984,994,956,945,983,957,970
985,986,939,935,982,955,954
986,985,939,987,981,974,954
987,939,986,937,988,974,953
988,937,940,952,989,987,953
989,952,979,995,940,988,976
990,951,992,963,991,466,465
991,963,964,467,1002,466,990
992,950,951,465,464,990,993
993,978,950,1001,464,992,481
994,957,977,956,984,996,929
995,966,943,940,989,948,976
996,4,929,478,994,977,969
997,980,927,972,2,3
998,926,9,8,973,979
999,15,14,981,971,928
1000,472,968,947,460,471
1001,993,978,479,969,480,481
1002,466,991,467,486,485
