1,1740,2,6,5,36,1747
2,1740,1695,1,7,1742,6
3,1580,1743,1579,14,16,15
4,1693,1710,25,26,27,1745
5,72,37,36,38,6,1
6,39,38,5,2,1,7
7,40,8,39,1742,2,6
8,40,7,1742,1557,41,1748
9,1748,42,43,1515,10,1514
10,1515,1619,44,43,9
11,45,788,1451,1465,12
12,13,46,45,1503,11,1451
13,46,12,1503,1579,14,47
14,48,47,1579,3,15,13
15,14,48,50,49,16,3
16,17,51,50,15,3,1743
17,16,51,52,1744,18,1743
18,1744,1431,19,53,52,17
19,54,53,1431,1432,20,18
20,55,54,19,1432,21,1436
21,1437,22,55,20,1436,56
22,1437,21,23,57,56,1429
23,24,1569,22,57,58,1429
24,23,1569,25,1693,59,58
25,24,1693,4,26,60,59
26,60,61,25,4,27,62
27,26,4,62,63,1745,28
28,63,64,1745,1746,27,29
29,65,30,64,28,1746,1459
30,1459,1458,65,29,66,31
31,32,1453,1458,67,30,66
32,31,1453,33,68,67,1454
33,1454,1455,34,69,68,32
34,1698,35,1455,33,70,69
35,34,1698,71,70,1747,36
36,5,72,1,71,1747,35
37,73,112,72,5,38,74
38,6,39,5,37,74,75
39,6,38,76,75,40,7
40,7,8,77,76,39,41
41,77,78,40,42,1748,8
42,1748,9,43,41,78,79
43,42,9,80,79,10,44
44,724,753,10,43,81,80,1619
45,788,11,46,83,82,12
46,13,12,84,47,83,45
47,14,48,84,46,85,13
48,14,47,85,86,15,49
49,88,50,15,48,87,86
50,88,89,49,15,16,51
51,16,17,52,90,89,50
52,51,90,91,53,18,17
53,19,54,91,92,18,52
54,19,53,55,20,92,93
55,56,94,93,54,20,21
56,95,94,55,22,21,57
57,96,95,22,23,58,56
58,23,57,59,24,97,96
59,98,60,97,25,58,24
60,98,99,59,26,61,25
61,100,101,60,26,99,62
62,102,63,61,26,101,27
63,64,103,28,102,62,27
64,103,63,28,65,29,104
65,29,30,64,105,104,66
66,67,106,105,65,30,31
67,66,106,107,68,31,32
68,69,108,67,107,33,32
69,109,108,68,70,33,34
70,110,109,69,35,71,34
71,111,110,72,35,70,36
72,5,37,111,71,36,112
73,113,154,37,112,114,74
74,115,75,114,38,37,73
75,115,74,76,39,116,38
76,40,77,117,116,75,39
77,40,76,41,78,117,118
78,119,79,118,77,41,42
79,119,78,120,43,80,42
80,43,79,81,121,120,44
81,827,789,121,80,44,753
82,868,826,788,45,83,122
83,46,84,45,82,123,122
84,46,47,83,123,85,124
85,124,84,48,47,86,125
86,126,125,87,85,48,49
87,127,128,126,86,49,88
88,50,89,49,129,128,87
89,88,50,129,90,130,51
90,131,130,91,89,51,52
91,131,90,92,132,53,52
92,93,133,91,132,53,54
93,134,133,55,94,92,54
94,95,56,55,93,135,134
95,57,96,94,56,135,136
96,57,95,136,58,97,137
97,59,98,137,138,58,96
98,60,99,139,59,97,138
99,98,60,139,140,61,100
100,61,101,141,142,140,99
101,100,61,142,143,62,102
102,62,63,103,144,101,143
103,64,63,144,145,104,102
104,146,145,105,103,65,64
105,146,104,65,66,106,147
106,66,67,107,147,105,148
107,106,67,68,149,148,108
108,109,69,149,150,68,107
109,108,69,151,110,70,150
110,151,109,71,111,70,152
111,71,110,112,153,72,152
112,153,111,37,73,154,72
113,73,154,155,199,156,114
114,157,156,115,74,113,73
115,74,75,116,158,114,157
116,158,115,76,117,159,75
117,76,116,160,118,159,77
118,160,117,78,119,161,77
119,78,79,120,162,118,161
120,163,121,119,162,79,80
121,163,120,164,81,80,827
122,913,868,123,165,83,82
123,166,165,122,124,83,84
124,125,167,166,123,85,84
125,126,86,168,167,124,85
126,125,86,168,87,127,169
127,87,128,171,170,126,169
128,127,87,88,129,171,172
129,88,89,128,173,172,130
130,90,131,89,174,173,129
131,90,130,91,174,175,132
132,176,175,91,92,131,133
133,134,93,92,177,176,132
134,133,93,135,94,178,177
135,95,94,179,178,134,136
136,180,137,179,96,95,135
137,138,181,180,136,97,96
138,181,137,182,139,98,97
139,182,183,99,98,140,138
140,139,99,100,141,183,184
141,100,142,186,140,184,185
142,186,187,101,143,141,100
143,142,101,187,188,102,144
144,103,145,189,102,188,143
145,144,103,189,146,104,190
146,191,147,145,104,190,105
147,191,146,148,192,106,105
148,192,147,106,193,149,107
149,108,150,193,194,148,107
150,149,108,194,195,109,151
151,109,110,152,196,150,195
152,197,196,111,153,151,110
153,112,111,154,152,197,198
154,73,113,153,112,199,198
155,199,113,156,201,200,247
156,114,157,202,201,155,113
157,114,156,203,202,158,115
158,204,159,116,115,203,157
159,160,205,204,158,117,116
160,205,159,206,161,117,118
161,162,207,206,160,118,119
162,161,207,208,163,119,120
163,208,162,120,121,164,209
164,121,163,869,209,827
165,123,166,210,913,122,211
166,123,165,212,211,167,124
167,213,168,212,166,125,124
168,126,125,169,214,213,167
169,215,170,214,168,126,127
170,217,216,127,171,215,169
171,127,170,172,218,217,128
172,218,171,173,129,219,128
173,174,220,172,129,130,219
174,175,221,220,173,130,131
175,176,132,222,221,174,131
176,175,132,177,133,223,222
177,176,133,178,224,134,223
178,224,225,135,179,134,177
179,135,178,225,226,180,136
180,136,137,179,226,181,227
181,138,137,228,182,227,180
182,228,229,139,183,138,181
183,182,139,140,184,229,230
184,183,140,141,230,185,231
185,232,231,184,141,233,186
186,142,187,141,233,185,234
187,186,142,235,188,234,143
188,236,235,187,143,189,144
189,144,145,236,237,188,190
190,146,145,237,238,189,191
191,192,239,146,147,238,190
192,191,239,148,147,240,193
193,149,194,192,148,241,240
194,193,149,150,195,241,242
195,194,150,242,151,243,196
196,197,152,151,244,243,195
197,196,152,153,244,245,198
198,154,199,197,153,246,245
199,155,113,154,198,246,247
200,249,248,298,247,155,201
201,202,156,155,200,249,250
202,251,250,201,156,203,157
203,204,158,202,157,252,251
204,158,159,203,205,253,252
205,160,159,254,253,204,206
206,160,161,205,255,254,207
207,161,162,208,256,255,206
208,207,162,163,257,256,209
209,869,258,164,163,257,208
210,165,913,259,211,960,1011
211,259,260,166,212,210,165
212,213,261,166,211,260,167
213,261,212,214,262,167,168
214,263,215,262,213,169,168
215,263,214,170,216,169,264
216,217,170,265,266,215,264
217,216,170,267,218,171,266
218,267,217,172,171,219,268
219,269,268,218,172,173,220
220,270,269,174,173,221,219
221,222,175,174,271,270,220
222,272,271,221,175,176,223
223,176,222,272,273,224,177
224,178,225,274,177,223,273
225,224,178,179,226,275,274
226,275,225,179,276,227,180
227,276,226,228,277,181,180
228,182,229,277,227,181,278
229,279,278,228,182,183,230
230,280,279,229,183,184,231
231,185,232,280,230,281,184
232,185,231,281,283,233,282
233,185,186,283,232,284,234
234,235,285,187,186,284,233
235,188,236,286,187,285,234
236,188,235,286,287,189,237
237,288,287,236,189,190,238
238,191,239,237,190,289,288
239,191,192,238,240,289,290
240,241,291,192,239,290,193
241,240,291,242,292,193,194
242,293,292,243,241,194,195
243,293,242,196,244,294,195
244,294,295,196,243,197,245
245,197,244,295,296,246,198
246,247,297,245,296,198,199
247,298,200,246,297,155,199
248,249,300,200,299,298,353
249,300,248,200,301,250,201
250,251,202,301,249,302,201
251,250,202,303,252,302,203
252,253,304,303,251,203,204
253,304,252,254,205,305,204
254,253,205,255,306,206,305
255,306,254,206,256,307,207
256,307,255,257,208,207,308
257,258,309,256,208,308,209
258,209,869,309,257,914,961,310
259,211,260,312,311,210,1011
260,312,313,259,211,212,261
261,213,212,260,313,314,262
262,214,213,315,314,263,261
263,316,264,214,215,315,262
264,316,263,317,265,215,216
265,216,266,319,264,317,318
266,265,216,319,217,267,320
267,320,321,217,218,266,268
268,322,269,219,218,321,267
269,322,268,219,270,220,323
270,269,220,324,323,271,221
271,272,325,222,324,270,221
272,325,271,222,273,326,223
273,326,272,327,274,223,224
274,327,273,224,225,328,275
275,226,225,274,329,328,276
276,226,227,277,330,329,275
277,278,331,228,227,330,276
278,332,279,229,277,331,228
279,332,278,229,280,230,333
280,279,230,333,231,281,334
281,335,334,231,232,280,282
282,335,336,337,283,281,232
283,337,282,338,284,232,233
284,338,283,285,339,233,234
285,286,340,339,284,235,234
286,285,340,235,236,287,341
287,288,342,237,286,341,236
288,287,342,237,289,343,238
289,344,343,288,238,239,290
290,345,344,239,289,240,291
291,240,241,345,346,292,290
292,242,293,241,346,347,291
293,242,292,243,294,348,347
294,295,349,244,243,293,348
295,294,349,244,350,296,245
296,351,350,297,295,245,246
297,298,352,351,296,246,247
298,247,200,297,352,248,353
299,353,410,300,355,248,354
300,249,248,299,355,356,301
301,300,249,357,356,250,302
302,303,251,301,250,357,358
303,251,252,304,302,358,359
304,253,252,305,303,360,359
305,306,361,304,253,360,254
306,361,305,255,254,362,307
307,256,255,308,363,362,306
308,309,364,363,307,257,256
309,258,257,308,364,310,365
310,1012,1065,365,258,309,961
311,312,366,1121,1064,1011,259
312,366,311,260,313,367,259
313,368,367,312,260,314,261
314,315,262,369,368,313,261
315,314,262,369,263,316,370
316,263,264,317,371,370,315
317,316,264,265,318,372,371
318,373,372,374,265,317,319
319,265,266,375,374,320,318
320,267,321,376,375,319,266
321,320,267,377,322,376,268
322,268,269,377,321,323,378
323,379,378,322,269,324,270
324,325,380,271,323,270,379
325,272,271,380,381,326,324
326,273,272,381,382,327,325
327,273,274,382,326,328,383
328,327,274,384,383,329,275
329,385,384,328,275,276,330
330,277,276,331,385,386,329
331,386,387,277,278,330,332
332,278,279,331,387,333,388
333,279,280,389,388,332,334
334,281,335,389,390,333,280
335,281,334,282,336,391,390
336,335,282,337,393,392,391
337,282,283,393,336,394,338
338,395,339,283,284,394,337
339,395,338,396,340,285,284
340,396,397,285,286,339,341
341,398,397,340,286,287,342
342,287,288,343,399,398,341
343,400,399,289,344,342,288
344,401,400,345,290,289,343
345,344,290,401,346,402,291
346,403,402,345,291,292,347
347,346,292,293,348,404,403
348,405,404,293,294,347,349
349,350,406,294,295,405,348
350,349,406,351,407,296,295
351,408,407,350,296,297,352
352,297,298,409,353,408,351
353,299,410,298,248,409,352
354,412,355,468,411,410,299
355,412,354,299,300,356,413
356,357,414,355,300,413,301
357,414,356,358,415,301,302
358,415,357,303,302,416,359
359,303,304,417,416,358,360
360,305,304,418,417,359,361
361,306,305,419,362,418,360
362,419,361,306,363,420,307
363,421,420,362,364,308,307
364,308,309,421,363,422,365
365,423,422,1065,310,364,309
366,312,311,1179,424,367,1121
367,313,368,424,366,425,312
368,313,367,425,426,369,314
369,370,427,315,314,368,426
370,371,428,369,427,316,315
371,370,428,372,317,429,316
372,318,373,371,317,429,430
373,318,372,374,430,431,432
374,318,373,432,433,375,319
375,434,433,374,320,376,319
376,435,434,321,320,377,375
377,321,322,378,436,435,376
378,323,379,437,436,377,322
379,323,378,437,380,438,324
380,439,438,325,381,379,324
381,326,382,440,439,380,325
382,383,441,381,326,327,440
383,441,382,442,327,384,328
384,443,442,385,329,383,328
385,384,443,329,330,386,444
386,331,387,385,330,445,444
387,386,331,446,445,388,332
388,447,446,389,333,387,332
389,388,447,448,334,390,333
390,449,391,335,389,334,448
391,449,390,335,392,336,450
392,391,336,450,393,451
393,337,336,394,451,392
394,452,451,338,395,337,393
395,338,339,394,453,396,452
396,340,397,454,339,453,395
397,396,340,454,341,398,455
398,399,456,341,397,455,342
399,456,398,457,343,400,342
400,401,344,343,399,457,458
401,400,344,345,402,459,458
402,403,346,345,459,401,460
403,402,346,461,460,404,347
404,405,348,462,461,347,403
405,404,348,406,349,463,462
406,349,350,405,407,463,464
407,351,408,350,406,465,464
408,351,407,466,465,409,352
409,410,467,466,352,353,408
410,353,299,467,409,468,354
411,525,468,354,469,412,470
412,354,355,470,411,413,471
413,356,414,412,355,471,472
414,357,356,413,415,473,472
415,416,474,358,357,414,473
416,474,415,475,358,359,417
417,360,418,359,416,476,475
418,477,476,360,417,361,419
419,361,362,420,478,418,477
420,419,478,421,363,362,479
421,420,363,480,479,422,364
422,423,365,480,481,421,364
423,1122,1065,481,1180,422,365
424,1179,366,482,483,367,425
425,368,426,484,483,424,367
426,425,368,485,427,484,369
427,369,370,486,428,485,426
428,370,371,487,429,486,427
429,372,430,371,487,428,488
430,373,431,489,429,372,488
431,491,490,489,432,430,373
432,492,433,491,431,374,373
433,492,432,493,375,434,374
434,435,494,375,433,376,493
435,494,434,495,436,376,377
436,495,435,496,437,378,377
437,378,379,496,436,497,438
438,498,497,439,380,379,437
439,499,498,440,438,381,380
440,499,500,439,381,441,382
441,442,501,383,382,500,440
442,443,502,384,501,441,383
443,442,502,384,385,503,444
444,503,504,445,386,385,443
445,446,505,387,386,444,504
446,388,447,505,445,506,387
447,388,446,506,507,389,448
448,449,508,389,447,507,390
449,448,508,390,391,450
450,560,508,451,509,449,391,392
451,452,394,509,450,393,392
452,451,394,509,395,453
453,510,509,395,396,454,452
454,397,396,511,510,453,455
455,454,511,512,397,456,398
456,399,398,457,513,512,455
457,513,456,458,514,399,400
458,514,457,515,459,400,401
459,402,401,515,458,460,516
460,516,517,461,403,402,459
461,404,462,518,460,517,403
462,404,461,518,405,519,463
463,464,520,405,406,519,462
464,465,521,520,463,406,407
465,521,464,408,466,522,407
466,409,467,408,465,523,522
467,410,409,466,468,524,523
468,411,525,354,524,467,410
469,526,527,525,575,470,411
470,527,469,471,528,412,411
471,470,528,529,472,412,413
472,529,530,473,471,413,414
473,530,472,414,415,474,531
474,416,415,475,473,531,532
475,476,533,474,416,532,417
476,475,533,477,418,534,417
477,476,418,535,478,534,419
478,535,477,419,420,536,479
479,480,537,536,478,420,421
480,422,481,479,537,421,538
481,423,1180,539,480,422,538
482,483,540,424,1179,1288,1236
483,540,482,541,484,425,424
484,542,541,485,483,425,426
485,542,484,486,426,427
486,487,542,485,428,427
487,428,429,488,486,542
488,489,542,487,429,430
489,431,490,542,488,430
490,431,491,489,543,542
491,431,490,543,544,432,492
492,432,433,545,544,493,491
493,433,492,546,494,434,545
494,435,434,546,493,495,547
495,435,436,496,548,494,547
496,548,549,436,437,497,495
497,550,549,438,498,496,437
498,439,499,551,550,438,497
499,439,498,440,500,551,552
500,499,440,501,553,441,552
501,442,441,554,553,502,500
502,442,443,501,555,554,503
503,444,504,502,443,555,556
504,505,557,556,503,444,445
505,446,445,504,557,558,506
506,559,558,446,447,507,505
507,560,559,447,506,508,448
508,448,449,560,450,507
509,510,453,601,560,451,450,452,561
510,509,453,511,454,561
511,510,454,455,561,512
512,513,456,562,561,511,455
513,457,456,512,563,514,562
514,458,457,515,563,513,564
515,458,514,459,516,565,564
516,460,517,566,459,515,565
517,567,518,516,460,566,461
518,567,517,568,519,461,462
519,568,518,569,462,520,463
520,464,521,570,569,463,519
521,465,464,520,570,571,522
522,466,523,571,521,572,465
523,466,522,524,573,572,467
524,523,573,574,525,468,467
525,575,574,469,411,468,524
526,469,527,576,614,577,575
527,526,469,577,578,470,528
528,470,471,579,578,527,529
529,472,530,579,528,580,471
530,529,472,581,580,473,531
531,581,530,582,532,473,474
532,582,583,531,474,533,475
533,475,476,583,584,532,534
534,533,476,584,585,477,535
535,477,478,534,585,536
536,478,479,537,585,535
537,538,585,479,480,536
538,537,585,480,539,481
539,1180,481,1237,585,538
540,483,482,1285,541,1288,1286,1287
541,542,484,483,1285,540,1284
542,541,484,489,488,485,490,543,486,487,1283,1284
543,490,491,643,666,684,697,618,586,544,542
544,492,545,586,543,491
545,492,544,587,586,546,493
546,588,547,493,494,587,545
547,588,546,495,548,494,589
548,496,549,495,590,547,589
549,550,497,548,496,590,591
550,498,551,549,497,592,591
551,498,550,499,592,593,552
552,500,553,594,593,551,499
553,595,554,501,500,552,594
554,595,553,555,596,501,502
555,596,554,502,597,503,556
556,557,504,598,597,555,503
557,599,598,504,505,556,558
558,559,506,557,505,599,600
559,558,506,507,560,600
560,654,600,508,450,507,559,601,509,655,714
561,510,509,562,512,511,601
562,561,512,513,563,601
563,513,514,564,602,601,562
564,565,603,515,602,563,514
565,603,564,604,515,516,566
566,605,604,516,517,567,565
567,606,568,517,518,605,566
568,606,567,518,519,569,607
569,608,607,520,570,519,568
570,609,608,520,569,521,571
571,570,609,610,521,572,522
572,571,610,611,573,523,522
573,574,612,611,572,523,524
574,575,525,613,573,612,524
575,574,525,613,469,526,614
576,615,642,614,526,577,616
577,616,617,527,526,578,576
578,527,577,579,528,617
579,578,528,529,617,580
580,581,530,617,579,529
581,580,530,531,617,582
582,617,583,581,532,531
583,617,582,533,584,532
584,583,533,617,585,534
585,617,711,537,538,539,1237,584,534,535,536,1289,1326
586,587,618,545,543,544
587,546,588,618,586,545,619
588,546,547,589,620,587,619
589,590,621,620,588,548,547
590,589,621,548,549,591,622
591,550,592,623,622,590,549
592,550,591,624,623,551,593
593,594,625,552,624,592,551
594,626,595,553,625,593,552
595,626,594,553,554,596,627
596,555,554,627,595,628,597
597,598,629,556,628,596,555
598,557,599,629,597,556,630
599,557,598,600,630,558
600,654,560,630,599,559,558
601,560,509,602,631,655,561,563,562
602,631,601,603,564,563
603,565,564,604,631,602
604,605,566,631,603,632,565
605,604,566,567,633,606,632
606,567,568,634,633,605,607
607,608,569,606,568,634,635
608,607,569,609,570,636,635
609,636,637,608,570,571,610
610,638,637,609,571,572,611
611,612,639,610,572,638,573
612,573,574,613,611,639,640
613,574,575,641,640,612,614
614,642,641,576,526,613,575
615,576,642,665,711,616
616,577,617,576,615,711
617,616,577,585,711,582,583,578,579,580,581,584
618,619,643,587,586,543
619,644,643,618,588,620,587
620,621,645,644,589,588,619
621,645,620,589,590,646,622
622,647,623,591,621,590,646
623,647,622,648,624,592,591
624,648,623,649,592,593,625
625,650,649,594,593,626,624
626,594,595,651,650,627,625
627,652,651,596,595,628,626
628,653,629,652,597,627,596
629,653,628,654,598,597,630
630,600,599,654,629,598
631,602,601,604,603,632,655
632,631,604,633,655,605
633,634,606,655,632,605,656
634,657,656,633,606,635,607
635,657,634,658,607,636,608
636,609,637,659,658,635,608
637,636,609,638,610,659,660
638,637,610,611,660,661,639
639,640,662,611,612,661,638
640,639,662,641,613,663,612
641,642,614,664,663,640,613
642,641,614,576,615,664,665
643,644,619,666,543,618
644,667,666,643,619,620,645
645,621,620,668,667,646,644
646,669,668,647,645,621,622
647,622,623,648,670,669,646
648,671,649,647,623,670,624
649,671,648,625,650,672,624
650,625,649,626,651,673,672
651,626,650,674,652,673,627
652,674,651,675,653,628,627
653,628,629,654,675,652
654,600,560,703,675,653,629,714,630
655,631,601,676,704,560,714,633,632,656
656,657,634,633,655,676
657,656,634,635,658,676
658,636,659,657,635,677,676
659,677,678,636,658,660,637
660,659,678,637,638,679,661
661,638,639,679,660,680,662
662,639,640,681,680,663,661
663,641,664,682,640,681,662
664,641,642,683,665,663,682
665,615,711,683,664,642
666,644,667,643,543,684
667,644,666,668,645,684,685
668,669,646,667,645,685,686
669,687,686,670,647,668,646
670,687,669,647,671,648,688
671,689,688,648,649,672,670
672,671,649,689,690,673,650
673,672,650,690,691,651,674
674,651,652,691,673,675
675,654,703,653,691,674,652
676,704,655,656,657,658,677,692
677,659,678,658,676,692
678,677,659,660,692,679
679,678,660,692,680,693,661
680,679,693,694,661,681,662
681,694,680,662,695,682,663
682,696,695,663,664,681,683
683,696,711,664,665,682
684,667,685,543,697,666
685,684,667,668,686,698,697
686,669,687,699,698,685,668
687,669,686,699,700,688,670
688,689,671,700,687,701,670
689,688,671,672,690,702,701
690,689,672,673,691,702,703
691,690,673,703,674,675
692,677,678,676,679,704,693
693,679,680,694,692,704
694,693,680,704,705,695,681
695,682,696,705,694,706,681
696,683,711,682,695,706
697,698,707,712,715,543,684,685
698,707,697,699,686,685
699,700,708,707,687,698,686
700,699,708,709,701,687,688
701,709,700,702,710,688,689
702,710,701,690,689,703
703,654,675,702,690,710,714,691
704,676,655,692,693,694,705,711
705,711,704,706,694,695
706,696,711,705,695
707,698,697,699,708,712
708,699,700,707,712,713,709
709,700,701,714,713,710,708
710,702,701,709,714,703
711,617,585,696,683,665,615,705,704,706,616
712,697,715,708,713,707
713,714,709,712,708,715
714,713,709,715,560,655,710,703,654
715,697,712,713,714
716,718,1448,719,720,1430,1449
717,718,728,727,1509,1467,1448
718,729,719,717,728,716,1448
719,729,718,730,731,720,716
720,732,1749,719,731,716,1430
721,738,1493,1641,1751,1602,739
722,741,740,1751,742,1722,1631
723,1479,1439,750,1440,749,748
724,44,753,1591,1619,754,725
725,1591,1587,726,724,755,754
726,1509,727,1587,725,756,755
727,726,1509,717,728,756,757
728,717,718,729,757,758,727
729,718,719,728,759,730,758
730,761,760,759,729,719,731
731,732,762,730,719,720,761
732,762,731,1749,733,720,763
733,732,1749,734,764,763,1750
734,733,764,735,765,1750,1701
735,736,766,765,734,1571,1701
736,767,766,737,735,1571,1518
737,1518,1493,738,768,736,767
738,721,1493,737,768,769,739
739,740,770,1751,721,738,769
740,722,741,1751,739,770,771
741,722,740,772,773,742,771
742,741,722,743,774,773,1631
743,742,774,1561,744,775,1631
744,776,775,745,743,1561,1560
745,776,744,777,746,1560,1568
746,777,745,1568,1629,1752,778
747,748,782,1539,1634,1479,781
748,782,747,1479,783,749,723
749,785,784,750,748,723,783
750,1440,751,723,786,785,749
751,787,752,1440,1441,750,786
752,787,751,1466,1441,788,1465
753,44,724,754,81,789
754,790,789,724,753,725,755
755,756,791,726,725,754,790
756,755,791,726,727,757,792
757,793,792,728,758,727,756
758,757,728,729,759,793,794
759,729,730,794,795,760,758
760,797,796,761,730,759,795
761,760,730,762,798,797,731
762,732,731,798,761,799,763
763,733,764,800,732,799,762
764,733,734,765,801,800,763
765,735,766,734,764,801,802
766,736,767,735,765,803,802
767,736,766,737,803,804,768
768,805,804,737,738,767,769
769,770,806,805,738,768,739
770,806,769,739,740,807,771
771,807,808,740,741,770,772
772,741,773,810,808,771,809
773,772,741,810,742,811,774
774,775,812,742,743,811,773
775,774,812,776,744,813,743
776,814,813,775,744,745,777
777,815,778,814,776,745,746
778,815,777,816,1752,779,746
779,1752,1731,780,817,778,816
780,817,818,781,1634,1731,779
781,818,780,819,782,747,1634
782,748,747,783,819,781,820
783,782,748,784,821,820,749
784,785,749,823,822,783,821
785,784,749,824,823,750,786
786,750,751,824,785,825,787
787,751,752,826,825,788,786
788,45,11,826,82,1465,787,752
789,790,754,827,81,753,828
790,789,754,791,829,828,755
791,755,756,790,829,830,792
792,793,757,756,791,830,831
793,792,757,758,794,831,832
794,759,795,833,832,793,758
795,794,759,760,833,796,834
796,797,760,795,834,835,836
797,796,760,798,837,761,836
798,837,797,762,761,838,799
799,798,762,800,763,838,839
800,764,801,763,799,839,840
801,764,765,800,840,841,802
802,803,842,765,766,841,801
803,802,842,766,767,843,804
804,844,805,768,803,767,843
805,844,804,768,769,806,845
806,770,769,805,846,845,807
807,771,808,770,806,846,847
808,848,847,807,771,772,809
809,810,850,849,848,808,772
810,772,773,850,809,851,811
811,852,851,812,774,810,773
812,813,853,774,775,852,811
813,776,814,854,812,853,775
814,776,813,855,854,777,815
815,777,778,816,814,855,856
816,857,856,815,778,779,817
817,780,818,858,779,816,857
818,817,780,781,858,819,859
819,781,782,818,859,860,820
820,819,782,783,861,860,821
821,861,862,783,784,822,820
822,863,864,862,823,784,821
823,822,784,824,785,865,864
824,823,785,866,825,865,786
825,787,826,866,824,786,867
826,787,825,868,82,788,867
827,81,789,870,869,164,121,828
828,829,871,790,789,870,827
829,828,871,790,791,830,872
830,829,791,792,831,873,872
831,830,792,873,874,832,793
832,833,794,831,874,875,793
833,832,794,875,876,795,834
834,835,877,876,833,795,796
835,877,834,879,878,836,796
836,879,835,796,797,837,880
837,798,797,838,880,881,836
838,798,837,839,882,799,881
839,883,840,882,838,799,800
840,883,839,800,801,841,884
841,884,885,801,840,802,842
842,886,885,802,803,841,843
843,803,842,886,887,844,804
844,804,805,845,887,843,888
845,888,889,806,846,844,805
846,806,845,847,890,889,807
847,808,848,846,890,807,891
848,808,847,891,892,849,809
849,850,894,893,892,848,809
850,810,809,849,894,851,895
851,811,852,895,896,850,810
852,811,851,853,897,896,812
853,852,897,812,813,898,854
854,899,898,814,855,813,853
855,814,854,900,899,856,815
856,857,816,900,901,855,815
857,856,816,902,858,901,817
858,902,903,857,818,817,859
859,860,904,819,818,858,903
860,905,904,859,819,861,820
861,862,906,821,905,860,820
862,863,907,822,861,906,821
863,907,862,822,864,909,908
864,863,822,823,865,910,909
865,823,824,910,864,866,911
866,912,911,824,825,865,867
867,868,826,825,913,912,866
868,826,82,122,913,867
869,209,258,827,870,164,914
870,827,869,828,871,915,914
871,828,829,872,916,915,870
872,916,871,830,873,829,917
873,830,872,831,917,918,874
874,918,919,873,831,875,832
875,920,919,874,833,876,832
876,834,877,921,920,875,833
877,835,834,876,922,878,921
878,923,922,879,835,877,924
879,878,835,925,924,836,880
880,881,926,837,836,925,879
881,880,926,837,838,927,882
882,928,883,839,838,927,881
883,928,882,839,840,929,884
884,841,885,840,883,929,930
885,842,886,884,841,930,931
886,842,885,931,932,887,843
887,933,932,886,888,843,844
888,845,889,934,933,887,844
889,888,845,890,935,934,846
890,891,936,935,889,846,847
891,936,890,847,848,892,937
892,891,848,937,938,849,893
893,938,939,940,894,849,892
894,849,850,940,893,941,895
895,851,896,942,850,941,894
896,943,942,895,851,852,897
897,944,943,852,853,896,898
898,854,899,944,945,853,897
899,854,898,945,946,900,855
900,856,901,947,946,899,855
901,902,948,947,900,856,857
902,858,903,948,901,857,949
903,902,858,949,950,859,904
904,860,905,859,951,950,903
905,952,951,860,904,906,861
906,953,907,861,862,952,905
907,953,906,863,862,954,908
908,955,954,907,863,909,956
909,957,956,910,864,863,908
910,958,957,911,865,864,909
911,912,866,958,959,910,865
912,911,866,867,913,960,959
913,165,210,122,868,867,912,960
914,961,258,915,870,869,962
915,916,963,871,870,914,962
916,915,963,872,871,917,964
917,965,964,916,918,872,873
918,919,966,965,917,874,873
919,966,918,920,967,874,875
920,876,921,968,967,919,875
921,876,920,969,922,968,877
922,923,878,969,921,877,970
923,922,878,971,972,970,924
924,925,879,973,878,923,972
925,924,879,973,926,880,974
926,927,975,880,881,925,974
927,975,926,928,976,882,881
928,882,883,976,927,977,929
929,930,978,977,928,883,884
930,978,929,979,885,931,884
931,979,980,886,932,930,885
932,887,933,931,886,981,980
933,887,932,981,982,934,888
934,983,982,933,888,889,935
935,983,984,890,889,934,936
936,891,890,984,985,935,937
937,936,985,891,986,892,938
938,987,986,893,939,937,892
939,940,989,938,893,988,987
940,990,941,939,989,893,894
941,990,940,991,942,895,894
942,943,896,895,992,991,941
943,942,896,944,897,993,992
944,898,945,943,897,993,994
945,944,898,995,994,899,946
946,995,945,996,947,900,899
947,997,996,946,901,948,900
948,902,901,997,998,949,947
949,950,999,948,998,902,903
950,999,949,1000,903,904,951
951,905,952,904,950,1001,1000
952,905,951,1001,1002,953,906
953,906,907,1002,952,1003,954
954,1004,1003,908,955,907,953
955,908,954,1005,1004,956,1006
956,909,957,1007,1006,908,955
957,958,910,909,956,1007,1008
958,957,910,911,959,1008,1009
959,958,911,960,912,1010,1009
960,912,913,959,210,1011,1010
961,914,258,962,1012,310
962,1012,961,915,914,1013,963
963,915,916,964,1014,962,1013
964,917,965,916,963,1014,1015
965,917,964,918,966,1015,1016
966,967,1017,919,918,965,1016
967,1018,1017,966,920,968,919
968,1019,1018,920,967,969,921
969,1019,1020,970,921,922,968
970,1020,1021,969,922,923,971
971,923,972,1023,1021,1022,970
972,971,923,1024,1023,924,973
973,924,925,1025,974,1024,972
974,1025,973,975,926,925,1026
975,927,926,976,1027,974,1026
976,1027,975,928,927,977,1028
977,929,978,1028,976,1029,928
978,930,929,977,1030,1029,979
979,931,980,978,930,1030,1031
980,979,931,1032,1031,932,981
981,1033,982,932,933,980,1032
982,1033,981,983,934,933,1034
983,935,984,982,934,1035,1034
984,983,935,985,1036,936,1035
985,1036,984,936,937,986,1037
986,938,987,1038,1037,985,937
987,938,986,1039,1038,988,939
988,1040,1041,1039,987,939,989
989,1042,1041,939,940,988,990
990,940,941,989,1043,1042,991
991,992,942,990,1043,941,1044
992,991,942,1044,993,1045,943
993,1046,1045,992,994,944,943
994,995,945,1046,993,944,1047
995,994,945,946,1048,996,1047
996,1049,1048,997,947,995,946
997,1050,1049,948,998,996,947
998,997,948,949,999,1051,1050
999,950,949,1052,1051,998,1000
1000,1001,1053,950,999,1052,951
1001,1053,1000,952,951,1002,1054
1002,1055,1054,1001,952,953,1003
1003,954,1004,1056,1055,1002,953
1004,1057,1056,954,1003,1005,955
1005,1059,1058,1057,1004,955,1006
1006,956,1007,955,1060,1059,1005
1007,956,1006,957,1008,1061,1060
1008,1009,1062,1007,957,958,1061
1009,1010,959,1062,1008,958,1063
1010,1011,1064,1009,959,960,1063
1011,1064,1010,311,259,210,960
1012,1065,310,962,961,1013,1066
1013,1067,1066,1012,962,1014,963
1014,963,964,1013,1068,1067,1015
1015,1069,1068,1014,964,965,1016
1016,1017,1070,965,1015,1069,966
1017,967,1018,966,1071,1016,1070
1018,967,1017,1071,1072,968,1019
1019,1073,1072,968,1018,969,1020
1020,1021,1074,970,1073,1019,969
1021,1020,1074,970,971,1022,1075
1022,1076,1077,1021,971,1075,1023
1023,1077,1078,972,1024,971,1022
1024,973,1025,972,1023,1078,1079
1025,973,974,1024,1026,1080,1079
1026,1025,1080,975,1027,1081,974
1027,976,975,1028,1082,1026,1081
1028,1082,1027,977,976,1029,1083
1029,978,1030,1084,1083,1028,977
1030,978,1029,1084,1031,1085,979
1031,1030,1085,1032,980,1086,979
1032,1033,1087,1031,980,1086,981
1033,1032,1087,981,982,1088,1034
1034,1088,1089,1035,983,1033,982
1035,1036,1090,1034,983,984,1089
1036,1035,1090,1091,1037,985,984
1037,1091,1036,1038,986,985,1092
1038,1039,987,1093,1092,1037,986
1039,1038,987,1093,1094,988,1040
1040,1094,1095,1041,1096,988,1039
1041,1042,989,1040,1096,988,1097
1042,1041,989,1043,990,1098,1097
1043,1044,1099,1098,1042,990,991
1044,1099,1043,992,991,1100,1045
1045,993,1046,992,1100,1044,1101
1046,1047,1102,1101,993,1045,994
1047,1046,1102,1103,994,1048,995
1048,1104,1103,1047,1049,996,995
1049,1050,997,1104,1048,996,1105
1050,1049,997,1105,1106,1051,998
1051,999,1052,998,1050,1107,1106
1052,999,1051,1053,1000,1108,1107
1053,1001,1000,1052,1054,1109,1108
1054,1055,1002,1001,1053,1110,1109
1055,1054,1002,1110,1111,1003,1056
1056,1004,1057,1112,1003,1055,1111
1057,1004,1056,1112,1058,1113,1005
1058,1059,1005,1114,1113,1057,1115
1059,1058,1005,1060,1116,1006,1115
1060,1061,1117,1116,1059,1007,1006
1061,1117,1118,1060,1062,1007,1008
1062,1009,1008,1118,1061,1063,1119
1063,1120,1119,1064,1062,1009,1010
1064,311,1121,1011,1010,1120,1063
1065,1122,423,1012,310,365,1066,1123
1066,1067,1013,1124,1123,1065,1012
1067,1066,1013,1124,1068,1125,1014
1068,1069,1126,1015,1067,1125,1014
1069,1127,1126,1068,1015,1016,1070
1070,1127,1128,1016,1017,1071,1069
1071,1017,1018,1072,1128,1129,1070
1072,1019,1073,1018,1071,1129,1130
1073,1019,1072,1074,1020,1130,1131
1074,1132,1131,1020,1021,1073,1075
1075,1133,1076,1132,1021,1022,1074
1076,1133,1075,1022,1077,1135,1134
1077,1023,1078,1136,1076,1022,1135
1078,1136,1137,1077,1023,1024,1079
1079,1137,1138,1080,1025,1078,1024
1080,1139,1138,1025,1026,1081,1079
1081,1027,1082,1026,1080,1139,1140
1082,1028,1027,1081,1141,1083,1140
1083,1084,1142,1141,1082,1029,1028
1084,1083,1142,1085,1143,1030,1029
1085,1084,1143,1030,1031,1086,1144
1086,1085,1144,1032,1031,1145,1087
1087,1032,1033,1146,1145,1088,1086
1088,1034,1089,1087,1033,1147,1146
1089,1088,1034,1147,1090,1148,1035
1090,1035,1036,1091,1149,1148,1089
1091,1036,1037,1149,1090,1092,1150
1092,1093,1038,1151,1150,1091,1037
1093,1092,1038,1152,1151,1094,1039
1094,1040,1095,1152,1093,1039
1095,1153,1096,1094,1040,1152
1096,1153,1095,1040,1041,1154,1097
1097,1098,1042,1155,1154,1041,1096
1098,1099,1043,1097,1042,1155,1156
1099,1044,1043,1098,1100,1157,1156
1100,1157,1099,1044,1158,1045,1101
1101,1102,1046,1159,1158,1100,1045
1102,1046,1047,1103,1159,1160,1101
1103,1104,1048,1047,1102,1160,1161
1104,1103,1048,1105,1162,1161,1049
1105,1162,1104,1050,1106,1049,1163
1106,1105,1050,1051,1107,1163,1164
1107,1108,1052,1165,1164,1051,1106
1108,1109,1166,1165,1053,1052,1107
1109,1110,1167,1166,1108,1054,1053
1110,1109,1167,1055,1054,1111,1168
1111,1169,1168,1110,1055,1056,1112
1112,1057,1056,1113,1170,1111,1169
1113,1058,1114,1057,1112,1171,1170
1114,1058,1113,1172,1171,1173,1115
1115,1116,1174,1059,1173,1114,1058
1116,1175,1174,1060,1059,1117,1115
1117,1061,1118,1175,1176,1060,1116
1118,1176,1177,1117,1061,1062,1119
1119,1178,1177,1063,1120,1062,1118
1120,1064,1121,1063,1119,1178,1179
1121,311,1064,366,1120,1179
1122,423,1065,1180,1181,1123
1123,1124,1066,1181,1182,1065,1122
1124,1067,1066,1123,1183,1182,1125
1125,1183,1124,1184,1126,1067,1068
1126,1127,1069,1185,1184,1068,1125
1127,1126,1069,1070,1128,1186,1185
1128,1129,1187,1071,1127,1070,1186
1129,1128,1187,1188,1071,1072,1130
1130,1072,1129,1189,1131,1188,1073
1131,1132,1074,1189,1130,1190,1073
1132,1131,1074,1190,1191,1133,1075
1133,1075,1076,1132,1134,1192,1191
1134,1192,1133,1135,1076,1194,1193
1135,1134,1076,1077,1194,1195,1136
1136,1078,1137,1077,1196,1195,1135
1137,1136,1078,1196,1197,1079,1138
1138,1080,1139,1197,1198,1137,1079
1139,1080,1138,1198,1081,1199,1140
1140,1200,1199,1141,1139,1081,1082
1141,1142,1201,1083,1200,1140,1082
1142,1083,1084,1141,1201,1202,1143
1143,1084,1085,1202,1142,1144,1203
1144,1143,1203,1085,1086,1145,1204
1145,1087,1146,1205,1086,1144,1204
1146,1087,1145,1147,1206,1088,1205
1147,1206,1146,1148,1207,1088,1089
1148,1207,1147,1090,1089,1149,1208
1149,1091,1090,1148,1208,1209,1150
1150,1092,1151,1149,1209,1091,1210
1151,1092,1150,1152,1093,1210
1152,1151,1093,1094,1153,1095,1210
1153,1095,1096,1152,1154,1211,1210,1265
1154,1155,1211,1153,1096,1097
1155,1154,1211,1097,1098,1156,1212
1156,1213,1212,1155,1098,1157,1099
1157,1214,1213,1156,1100,1099,1158
1158,1215,1214,1159,1157,1101,1100
1159,1102,1160,1215,1216,1101,1158
1160,1103,1161,1159,1102,1217,1216
1161,1218,1162,1160,1103,1104,1217
1162,1218,1161,1105,1104,1219,1163
1163,1220,1164,1106,1105,1162,1219
1164,1220,1163,1165,1221,1107,1106
1165,1108,1166,1222,1164,1221,1107
1166,1109,1108,1167,1223,1165,1222
1167,1109,1110,1166,1223,1168,1224
1168,1169,1111,1225,1167,1110,1224
1169,1168,1111,1226,1170,1112,1225
1170,1113,1171,1112,1227,1226,1169
1171,1113,1170,1228,1227,1114,1172
1172,1230,1229,1114,1171,1173,1228
1173,1230,1172,1174,1231,1114,1115
1174,1116,1175,1232,1231,1173,1115
1175,1116,1174,1232,1117,1176,1233
1176,1118,1177,1175,1117,1234,1233
1177,1235,1234,1119,1178,1176,1118
1178,1119,1177,1236,1235,1120,1179
1179,366,424,482,1121,1120,1236,1178
1180,481,423,1181,1237,539,1122
1181,1182,1237,1180,1122,1123
1182,1181,1237,1183,1124,1123,1238
1183,1182,1124,1125,1239,1238,1184
1184,1185,1126,1125,1183,1239,1240
1185,1184,1126,1240,1127,1186,1241
1186,1127,1128,1187,1185,1241,1242
1187,1188,1243,1128,1129,1186,1242
1188,1243,1187,1129,1244,1189,1130
1189,1130,1131,1188,1244,1245,1190
1190,1132,1191,1245,1246,1189,1131
1191,1190,1132,1246,1247,1133,1192
1192,1193,1248,1134,1133,1191,1247
1193,1192,1248,1249,1250,1134,1194
1194,1134,1193,1251,1250,1195,1135
1195,1196,1252,1136,1251,1194,1135
1196,1137,1197,1252,1195,1253,1136
1197,1196,1137,1138,1198,1253,1254
1198,1197,1138,1139,1254,1199,1255
1199,1256,1255,1200,1140,1139,1198
1200,1199,1140,1256,1141,1257,1201
1201,1258,1202,1141,1142,1257,1200
1202,1258,1201,1142,1143,1203,1259
1203,1260,1259,1204,1143,1144,1202
1204,1203,1260,1261,1205,1145,1144
1205,1206,1262,1261,1204,1146,1145
1206,1147,1146,1262,1205,1263,1207
1207,1264,1263,1148,1147,1208,1206
1208,1264,1207,1209,1148,1149
1209,1264,1208,1210,1149,1150
1210,1265,1309,1264,1209,1150,1151,1152,1153
1211,1154,1155,1212,1265,1153
1212,1211,1265,1156,1213,1266,1155
1213,1157,1214,1267,1156,1212,1266
1214,1157,1213,1267,1268,1215,1158
1215,1216,1269,1159,1214,1268,1158
1216,1215,1269,1159,1270,1217,1160
1217,1160,1161,1270,1216,1271,1218
1218,1161,1162,1219,1217,1271,1272
1219,1218,1162,1272,1273,1163,1220
1220,1163,1164,1221,1274,1219,1273
1221,1275,1222,1274,1164,1165,1220
1222,1275,1221,1165,1166,1223,1276
1223,1166,1167,1276,1277,1224,1222
1224,1278,1277,1223,1168,1225,1167
1225,1278,1279,1168,1169,1226,1224
1226,1169,1170,1227,1280,1279,1225
1227,1171,1228,1170,1281,1280,1226
1228,1171,1227,1281,1172,1229,1282
1229,1230,1172,1228,1282,1283
1230,1229,1172,1173,1231,1283
1231,1283,1232,1174,1173,1230
1232,1174,1175,1283,1284,1233,1231
1233,1285,1234,1176,1175,1284,1232
1234,1177,1235,1286,1285,1233,1176
1235,1177,1234,1236,1178,1287,1286
1236,1235,1178,1287,1179,1288,482
1237,1181,1182,1180,539,585,1289,1238
1238,1239,1289,1183,1237,1182
1239,1238,1289,1183,1184,1240
1240,1239,1184,1289,1185,1241
1241,1242,1289,1240,1185,1186
1242,1243,1289,1241,1186,1187
1243,1188,1187,1242,1289,1244
1244,1243,1188,1245,1290,1289,1189
1245,1290,1244,1246,1291,1190,1189
1246,1191,1247,1291,1245,1190,1292
1247,1248,1293,1246,1191,1192,1292
1248,1192,1193,1249,1247,1293,1294
1249,1295,1294,1248,1193,1250,1296
1250,1296,1249,1297,1251,1193,1194
1251,1252,1298,1297,1250,1194,1195
1252,1251,1298,1196,1195,1253,1299
1253,1299,1252,1196,1197,1254,1300
1254,1197,1198,1253,1301,1255,1300
1255,1199,1256,1301,1254,1198,1302
1256,1199,1255,1200,1257,1303,1302
1257,1258,1304,1256,1303,1200,1201
1258,1259,1305,1304,1257,1201,1202
1259,1203,1260,1258,1305,1306,1202
1260,1203,1259,1204,1306,1261,1307
1261,1204,1260,1307,1308,1205,1262
1262,1206,1205,1309,1308,1263,1261
1263,1264,1207,1309,1262,1206
1264,1263,1207,1208,1209,1309,1210
1265,1211,1212,1423,1363,1309,1210,1364,1266,1153,1310
1266,1265,1212,1213,1267,1310
1267,1213,1214,1268,1311,1266,1310
1268,1269,1312,1267,1214,1215,1311
1269,1312,1268,1215,1216,1270,1313
1270,1271,1314,1313,1269,1216,1217
1271,1314,1270,1315,1272,1217,1218
1272,1315,1271,1219,1273,1316,1218
1273,1317,1274,1272,1219,1316,1220
1274,1317,1273,1275,1221,1318,1220
1275,1221,1222,1274,1318,1319,1276
1276,1223,1277,1320,1222,1319,1275
1277,1224,1278,1321,1320,1276,1223
1278,1225,1279,1224,1277,1322,1321
1279,1278,1225,1280,1323,1322,1226
1280,1324,1323,1227,1281,1226,1279
1281,1227,1228,1280,1282,1325,1324
1282,1229,1283,1228,1281,1325
1283,1284,542,1232,1231,1230,1282,1229,1325,1352,1376,1428
1284,1283,542,1285,541,1233,1232
1285,1286,1234,1233,540,541,1284
1286,1285,1234,1235,540,1287
1287,1236,1235,540,1286,1288
1288,1236,482,540,1287
1289,1242,1243,1238,1239,1237,585,1326,1240,1241,1244,1290
1290,1291,1326,1245,1244,1289
1291,1290,1326,1246,1245,1292
1292,1246,1291,1247,1326,1293
1293,1247,1248,1294,1326,1292
1294,1295,1249,1326,1293,1248
1295,1294,1249,1296,1327,1326
1296,1295,1327,1250,1249,1297,1328
1297,1250,1296,1251,1328,1329,1298
1298,1251,1252,1297,1299,1330,1329
1299,1253,1252,1300,1331,1330,1298
1300,1331,1299,1253,1332,1301,1254
1301,1302,1333,1332,1254,1255,1300
1302,1301,1333,1334,1255,1256,1303
1303,1256,1257,1302,1304,1334,1335
1304,1258,1257,1303,1335,1336,1305
1305,1258,1259,1306,1337,1336,1304
1306,1305,1259,1338,1337,1260,1307
1307,1261,1260,1306,1338,1308
1308,1338,1309,1307,1261,1262
1309,1338,1308,1265,1363,1262,1210,1263,1264
1310,1266,1265,1267,1339,1311,1364
1311,1267,1268,1312,1339,1310
1312,1269,1268,1311,1340,1313,1339
1313,1341,1314,1270,1269,1340,1312
1314,1341,1313,1271,1270,1342,1315
1315,1271,1272,1343,1342,1314,1316
1316,1272,1273,1317,1343,1315,1344
1317,1273,1274,1345,1344,1318,1316
1318,1319,1346,1274,1275,1317,1345
1319,1320,1347,1346,1318,1276,1275
1320,1319,1347,1277,1321,1348,1276
1321,1322,1349,1277,1320,1348,1278
1322,1323,1350,1349,1321,1279,1278
1323,1324,1280,1322,1350,1351,1279
1324,1323,1280,1351,1352,1325,1281
1325,1282,1283,1281,1352,1324
1326,1290,1291,1289,585,1294,1293,1292,1295,1353,1327,1377,1395,1408
1327,1295,1296,1328,1354,1353,1326
1328,1329,1355,1354,1327,1296,1297
1329,1355,1328,1297,1356,1330,1298
1330,1357,1356,1331,1299,1298,1329
1331,1358,1357,1300,1299,1330,1332
1332,1301,1333,1359,1300,1331,1358
1333,1301,1302,1332,1359,1334,1360
1334,1335,1361,1333,1360,1302,1303
1335,1361,1334,1362,1336,1303,1304
1336,1362,1335,1363,1337,1304,1305
1337,1363,1336,1306,1338,1305
1338,1308,1309,1306,1337,1307,1363
1339,1310,1311,1312,1340,1364
1340,1313,1341,1312,1365,1364,1339
1341,1313,1314,1340,1342,1366,1365
1342,1315,1343,1314,1341,1367,1366
1343,1315,1342,1316,1344,1368,1367
1344,1345,1317,1368,1369,1316,1343
1345,1346,1370,1344,1317,1369,1318
1346,1345,1370,1347,1371,1319,1318
1347,1319,1320,1346,1371,1348,1372
1348,1320,1321,1372,1373,1347,1349
1349,1322,1321,1350,1374,1373,1348
1350,1374,1375,1351,1322,1323,1349
1351,1352,1376,1375,1350,1323,1324
1352,1351,1376,1325,1283,1324
1353,1327,1354,1326,1377
1354,1328,1327,1355,1353,1377,1378
1355,1329,1328,1354,1379,1356,1378
1356,1330,1357,1379,1355,1380,1329
1357,1330,1356,1380,1358,1331,1381
1358,1357,1331,1381,1359,1382,1332
1359,1382,1358,1332,1333,1383,1360
1360,1384,1383,1333,1334,1359,1361
1361,1335,1334,1362,1360,1384
1362,1384,1363,1335,1336,1361
1363,1384,1362,1265,1423,1336,1337,1410,1309,1338
1364,1423,1265,1385,1365,1340,1310,1339,1411
1365,1385,1366,1364,1341,1340
1366,1385,1365,1367,1386,1341,1342
1367,1366,1386,1368,1343,1342,1387
1368,1387,1388,1344,1369,1343,1367
1369,1345,1370,1389,1368,1344,1388
1370,1389,1390,1345,1346,1369,1371
1371,1391,1390,1346,1347,1370,1372
1372,1392,1373,1391,1348,1347,1371
1373,1392,1372,1393,1374,1348,1349
1374,1375,1394,1350,1349,1393,1373
1375,1394,1376,1374,1350,1351
1376,1394,1375,1351,1352,1407,1283,1428,1417,1422,1426
1377,1395,1326,1353,1354,1378
1378,1396,1395,1354,1377,1355,1379
1379,1355,1356,1397,1396,1378,1380
1380,1356,1357,1398,1397,1379,1381
1381,1357,1358,1398,1399,1380,1382
1382,1359,1358,1399,1381,1383
1383,1399,1384,1382,1359,1360
1384,1362,1363,1399,1383,1360,1410,1361
1385,1400,1411,1365,1366,1364,1386
1386,1366,1367,1387,1400,1385
1387,1400,1401,1368,1388,1367,1386
1388,1387,1368,1389,1402,1369,1401
1389,1370,1390,1403,1388,1402,1369
1390,1389,1370,1404,1403,1371,1391
1391,1392,1372,1405,1371,1390,1404
1392,1372,1373,1391,1405,1393,1406
1393,1406,1407,1394,1373,1374,1392
1394,1375,1376,1374,1407,1393
1395,1378,1396,1377,1326,1408
1396,1378,1395,1397,1379,1409,1408
1397,1396,1379,1380,1398,1409,1410
1398,1380,1397,1410,1381,1399
1399,1383,1384,1398,1381,1382,1410
1400,1385,1411,1387,1401,1386
1401,1400,1387,1411,1388,1402,1412
1402,1388,1389,1412,1413,1403,1401
1403,1404,1390,1414,1389,1402,1413
1404,1403,1390,1414,1391,1405,1415
1405,1391,1392,1404,1415,1406,1416
1406,1393,1407,1416,1417,1392,1405
1407,1406,1393,1394,1376,1417
1408,1395,1326,1396,1409
1409,1396,1397,1408,1410
1410,1398,1397,1409,1399,1384,1363
1411,1385,1400,1401,1423,1364,1412,1418
1412,1402,1413,1411,1401,1418
1413,1412,1402,1403,1419,1418,1414
1414,1404,1403,1420,1415,1413,1419
1415,1420,1414,1404,1405,1416,1421
1416,1406,1417,1405,1422,1421,1415
1417,1416,1406,1407,1422,1376
1418,1423,1419,1411,1413,1412
1419,1423,1418,1424,1413,1414,1420
1420,1414,1415,1419,1424,1421,1425
1421,1416,1422,1426,1425,1415,1420
1422,1416,1417,1421,1426,1376
1423,1265,1363,1364,1411,1418,1419,1424,1427
1424,1425,1427,1423,1419,1420
1425,1424,1427,1421,1426,1420,1428
1426,1421,1422,1376,1425,1428
1427,1424,1425,1428,1423
1428,1376,1283,1425,1426,1427
1429,1569,1553,1437,1486,22,23
1430,1572,1749,1449,1491,720,716
1431,19,1432,18,1744,1613,1497
1432,19,1431,20,1436,1497,1469
1433,1464,1472,1457,1471,1453,1458
1434,1532,1511,1447,1463,1461,1490
1435,1448,1467,1476,1473,1449,1470
1436,1460,1469,1437,20,21,1432
1437,1436,1460,22,21,1486,1429
1438,1477,1462,1442,1452,1481,1475
1439,1484,1474,1440,1445,723,1479
1440,1439,1445,1441,751,750,723
1441,1466,752,1445,1483,1440,751
1442,1438,1462,1480,1489,1485,1452
1443,1450,1444,1521,1446,1496,1624
1444,1632,1521,1450,1443,1494,1525
1445,1440,1439,1441,1483,1492,1474
1446,1482,1498,1499,1496,1450,1443
1447,1434,1463,1461,1487,1488,1495
1448,1435,1467,716,718,1449,717
1449,1491,1470,1430,716,1448,1435
1450,1444,1443,1494,1446,1482,1500
1451,1465,1468,11,1503,12,1478
1452,1505,1480,1504,1442,1438,1475
1453,1454,1457,32,31,1458,1433
1454,1455,33,1453,1457,1456,32
1455,1454,33,34,1698,1594,1456
1456,1510,1593,1594,1455,1457,1454
1457,1454,1453,1433,1471,1456,1510
1458,1459,30,1453,31,1433,1464
1459,1458,30,1746,1520,29,1464
1460,1436,1469,1501,1502,1437,1486
1461,1434,1447,1490,1487,1514,1515
1462,1513,1485,1477,1438,1442,1512
1463,1434,1447,1507,1532,1488,1516
1464,1472,1433,1520,1459,1458,1517
1465,1466,1523,1451,1468,11,788,752
1466,1523,1465,752,1441,1483
1467,1435,1448,1509,717,1508,1473
1468,1451,1465,1478,1523,1506,1543
1469,1460,1436,1497,1524,1501,1432
1470,1491,1449,1476,1522,1530,1435
1471,1519,1526,1457,1433,1510,1472
1472,1464,1433,1471,1517,1519,1531
1473,1527,1529,1476,1435,1508,1467
1474,1492,1536,1439,1484,1533,1445
1475,1535,1504,1481,1534,1452,1438
1476,1435,1473,1522,1470,1527,1538
1477,1462,1438,1540,1512,1537,1481
1478,1506,1541,1542,1503,1451,1468
1479,747,748,723,1439,1484,1539
1480,1442,1489,1548,1544,1505,1452
1481,1475,1534,1438,1537,1545,1477
1482,1550,1500,1446,1498,1450,1549
1483,1441,1445,1492,1528,1523,1466
1484,1439,1474,1551,1533,1479,1539
1485,1513,1462,1547,1546,1442,1489
1486,1502,1460,1437,1429,1553,1554
1487,1514,1557,1558,1495,1461,1447
1488,1516,1463,1447,1495,1555,1556
1489,1480,1442,1485,1544,1559,1546
1490,1434,1461,1586,1619,1515,1511
1491,1449,1470,1430,1572,1530,1573
1492,1474,1536,1528,1552,1483,1445
1493,1518,737,721,738,1602,1603
1494,1565,1566,1525,1444,1450,1500
1495,1487,1558,1447,1555,1488,1570
1496,1582,1608,1499,1446,1443,1624
1497,1614,1613,1431,1469,1524,1432
1498,1562,1567,1482,1446,1499,1549
1499,1446,1496,1562,1498,1608,1611
1500,1482,1550,1494,1450,1574,1565
1501,1581,1524,1460,1502,1577,1469
1502,1460,1501,1577,1554,1578,1486
1503,13,1579,1542,12,1451,1478
1504,1575,1582,1535,1475,1505,1452
1505,1548,1576,1504,1575,1452,1480
1506,1541,1478,1563,1468,1543,1564
1507,1463,1532,1583,1723,1516,1659
1508,1529,1473,1467,1509,1587,1588
1509,726,727,1467,717,1587,1508
1510,1593,1456,1592,1526,1471,1457
1511,1434,1532,1586,1589,1647,1590,1490
1512,1462,1513,1584,1585,1540,1477
1513,1485,1462,1595,1547,1584,1512
1514,1487,1557,1515,9,1748,1461
1515,1619,10,9,1514,1461,1490
1516,1598,1556,1583,1488,1463,1507
1517,1531,1597,1596,1520,1464,1472
1518,1571,1604,1603,1493,737,736
1519,1526,1471,1531,1599,1600,1472
1520,1746,1459,1464,1610,1596,1517
1521,1632,1444,1624,1623,1622,1443,1640
1522,1607,1606,1530,1476,1470,1538
1523,1466,1465,1468,1528,1543,1483
1524,1615,1581,1501,1614,1469,1497
1525,1566,1612,1601,1494,1444,1632
1526,1519,1471,1600,1592,1605,1510
1527,1473,1529,1590,1616,1476,1538
1528,1492,1552,1523,1543,1483,1654
1529,1527,1473,1508,1590,1588,1589
1530,1573,1618,1606,1522,1491,1470
1531,1617,1597,1519,1599,1517,1472
1532,1659,1647,1434,1511,1463,1507
1533,1620,1536,1621,1551,1484,1474
1534,1481,1475,1535,1623,1622,1545
1535,1475,1504,1534,1623,1582,1624
1536,1492,1474,1533,1620,1626,1552
1537,1540,1477,1481,1545,1627,1628
1538,1625,1607,1522,1476,1616,1527
1539,747,1634,1479,1484,1551,1633
1540,1630,1585,1627,1512,1477,1537
1541,1506,1478,1542,1563,1636,1637
1542,1637,1580,1579,1503,1541,1478
1543,1506,1468,1564,1654,1523,1528
1544,1639,1559,1548,1480,1489,1638
1545,1622,1635,1628,1537,1481,1534
1546,1644,1645,1547,1485,1489,1559
1547,1595,1513,1546,1485,1646,1645
1548,1505,1576,1643,1480,1544,1638
1549,1650,1652,1550,1482,1567,1498
1550,1482,1500,1574,1651,1650,1549
1551,1642,1621,1533,1484,1539,1633
1552,1654,1655,1626,1536,1528,1492
1553,1569,1429,1660,1661,1486,1554
1554,1502,1578,1667,1486,1553,1660
1555,1676,1556,1675,1495,1488,1570
1556,1555,1676,1598,1516,1488,1677
1557,1487,1514,8,1742,1558,1748
1558,1695,1570,1487,1495,1742,1557
1559,1639,1544,1658,1644,1489,1546
1560,1561,1691,744,1568,1690,745
1561,743,744,1631,1692,1691,1560
1562,1567,1498,1499,1671,1670,1611
1563,1541,1506,1656,1564,1636,1657
1564,1654,1668,1656,1563,1506,1543
1565,1687,1688,1494,1566,1500,1574
1566,1525,1612,1689,1688,1494,1565
1567,1671,1674,1562,1498,1652,1549
1568,1690,1694,1629,1560,745,746
1569,24,23,1429,1553,1693,1661
1570,1695,1558,1696,1495,1555,1675
1571,1604,1518,736,1701,1702,735
1572,1573,1711,1750,1749,1430,1491
1573,1711,1572,1530,1618,1712,1491
1574,1651,1683,1500,1565,1550,1687
1575,1504,1582,1609,1608,1576,1505
1576,1643,1662,1505,1548,1575,1609
1577,1705,1578,1502,1501,1704,1581
1578,1705,1577,1554,1502,1706,1667
1579,3,14,13,1503,1580,1542
1580,1637,1542,3,1743,1579,1736
1581,1524,1615,1501,1703,1704,1577
1582,1504,1575,1496,1608,1535,1624
1583,1516,1598,1723,1507,1672
1584,1720,1719,1595,1513,1512,1585
1585,1630,1540,1721,1720,1584,1512
1586,1511,1589,1591,1619,1490,1588
1587,725,1591,726,1509,1508,1588
1588,1508,1587,1589,1529,1586,1591
1589,1586,1511,1590,1588,1529
1590,1647,1616,1589,1511,1527,1529
1591,724,1619,1586,725,1587,1588
1592,1593,1685,1684,1526,1605,1510
1593,1592,1685,1510,1456,1594,1686
1594,1698,1455,1697,1686,1593,1456
1595,1547,1513,1584,1646,1718,1719
1596,1709,1708,1610,1517,1520,1597
1597,1617,1531,1517,1596,1708,1707
1598,1516,1556,1583,1677,1673,1672
1599,1600,1680,1519,1531,1617,1681
1600,1679,1680,1599,1605,1526,1519
1601,1738,1739,1612,1737,1525,1632
1602,1715,1603,721,1641,1716,1493
1603,1604,1518,1715,1602,1714,1493
1604,1571,1518,1603,1713,1702,1714
1605,1678,1684,1600,1679,1592,1526
1606,1664,1665,1607,1522,1618,1530
1607,1538,1625,1606,1664,1522,1663
1608,1496,1582,1609,1575,1499,1699,1611
1609,1608,1575,1699,1700,1576,1662
1610,1710,1745,1520,1746,1709,1596
1611,1670,1699,1562,1499,1608
1612,1525,1566,1689,1737,1732,1601
1613,1614,1497,1744,1736,1431,1735
1614,1497,1613,1735,1734,1524,1615
1615,1524,1581,1733,1734,1614,1703
1616,1647,1590,1527,1648,1625,1538
1617,1531,1597,1707,1682,1681,1599
1618,1573,1530,1665,1606,1666,1712
1619,1515,10,1591,724,1586,1490,44
1620,1533,1536,1626,1726,1727,1621
1621,1642,1728,1727,1620,1533,1551
1622,1545,1635,1623,1521,1534,1640
1623,1624,1521,1622,1534,1535
1624,1521,1623,1443,1496,1582,1535
1625,1538,1607,1616,1648,1649,1663
1626,1726,1725,1655,1552,1536,1620
1627,1540,1630,1726,1727,1628,1537
1628,1545,1635,1725,1726,1627,1537
1629,1568,1694,746,1729,1730,1752
1630,1585,1540,1627,1727,1728,1721
1631,1722,1692,1561,742,722,743
1632,1521,1444,1640,1739,1601,1525
1633,1731,1634,1551,1539,1642,1730
1634,1731,1633,1539,747,781,780
1635,1545,1622,1640,1724,1628,1725
1636,1637,1735,1734,1541,1563,1657
1637,1580,1542,1636,1735,1736,1541
1638,1665,1664,1643,1548,1544,1639
1639,1544,1559,1638,1658,1666,1665
1640,1632,1739,1724,1635,1521,1622
1641,721,1751,1602,1716,1722,1717
1642,1730,1729,1728,1621,1551,1633
1643,1664,1663,1576,1662,1548,1638
1644,1546,1645,1658,1559,1715,1714
1645,1644,1546,1716,1715,1646,1547
1646,1717,1716,1645,1547,1718,1595
1647,1659,1532,1511,1616,1590,1648
1648,1659,1653,1616,1625,1649,1647
1649,1700,1662,1653,1663,1625,1648
1650,1681,1651,1652,1680,1549,1550
1651,1681,1650,1683,1574,1682,1550
1652,1680,1650,1549,1679,1674,1567
1653,1648,1659,1700,1669,1723,1649
1654,1741,1668,1552,1655,1564,1543,1528
1655,1741,1724,1654,1552,1626,1725
1656,1563,1564,1668,1737,1657,1732
1657,1733,1734,1636,1563,1732,1656
1658,1714,1713,1559,1644,1666,1639
1659,1647,1532,1648,1653,1723,1507
1660,1709,1661,1708,1553,1554,1667
1661,1709,1660,1693,1710,1553,1569
1662,1576,1643,1663,1649,1700,1609
1663,1664,1643,1662,1649,1625,1607
1664,1663,1643,1665,1606,1607,1638
1665,1664,1606,1638,1618,1666,1639
1666,1658,1713,1618,1712,1639,1665
1667,1707,1706,1578,1554,1708,1660
1668,1741,1654,1564,1738,1737,1656
1669,1723,1672,1700,1653,1670,1699
1670,1669,1672,1671,1562,1611,1699
1671,1673,1674,1567,1672,1670,1562
1672,1669,1723,1670,1598,1673,1671,1583
1673,1671,1674,1598,1677,1672,1678
1674,1671,1673,1567,1678,1679,1652
1675,1685,1676,1555,1570,1696,1686
1676,1675,1685,1555,1556,1684,1677
1677,1598,1673,1676,1556,1684,1678
1678,1605,1684,1679,1674,1673,1677
1679,1600,1680,1652,1605,1678,1674
1680,1679,1600,1652,1650,1681,1599
1681,1651,1650,1680,1682,1617,1599
1682,1651,1683,1707,1706,1617,1681
1683,1705,1687,1651,1574,1706,1682
1684,1605,1678,1676,1685,1592,1677
1685,1593,1592,1675,1676,1684,1686
1686,1696,1697,1594,1593,1675,1685
1687,1565,1688,1683,1705,1704,1574
1688,1703,1689,1565,1687,1704,1566
1689,1703,1688,1566,1733,1732,1612
1690,1691,1719,1694,1568,1720,1560
1691,1719,1690,1692,1718,1561,1560
1692,1631,1722,1718,1691,1717,1561
1693,25,24,1661,1710,1569,4
1694,1690,1568,1720,1721,1629,1729
1695,1570,1558,1696,1742,2,1740
1696,1695,1570,1740,1697,1686,1675
1697,1747,1698,1696,1740,1686,1594
1698,34,35,1697,1747,1455,1594
1699,1670,1611,1609,1608,1700,1669
1700,1653,1669,1699,1609,1649,1662
1701,734,1750,1702,1571,1711,735
1702,1712,1713,1701,1571,1711,1604
1703,1689,1688,1581,1615,1733,1704
1704,1687,1688,1577,1581,1703,1705
1705,1683,1687,1578,1577,1706,1704
1706,1707,1667,1683,1705,1682,1578
1707,1667,1706,1682,1708,1597,1617
1708,1660,1709,1667,1707,1596,1597
1709,1661,1660,1708,1710,1596,1610
1710,1693,1661,4,1709,1745,1610
1711,1573,1572,1702,1701,1750,1712
1712,1713,1702,1711,1573,1618,1666
1713,1712,1702,1714,1658,1604,1666
1714,1713,1658,1715,1603,1644,1604
1715,1602,1603,1716,1645,1714,1644
1716,1717,1646,1715,1645,1641,1602
1717,1716,1646,1718,1692,1641,1722
1718,1692,1691,1717,1646,1719,1595
1719,1691,1690,1720,1584,1718,1595
1720,1694,1721,1719,1690,1584,1585
1721,1694,1720,1585,1728,1729,1630
1722,1631,1692,722,1751,1641,1717
1723,1669,1672,1653,1659,1583,1507
1724,1741,1655,1640,1635,1725,1739
1725,1626,1726,1655,1635,1724,1628
1726,1626,1725,1727,1627,1628,1620
1727,1728,1630,1726,1627,1621,1620
1728,1727,1630,1729,1721,1642,1621
1729,1728,1721,1730,1642,1694,1629
1730,1729,1642,1752,1731,1629,1633
1731,1633,1634,779,1752,1730,780
1732,1689,1733,1657,1737,1612,1656
1733,1615,1734,1657,1689,1703,1732
1734,1733,1615,1657,1735,1614,1636
1735,1734,1614,1637,1636,1613,1736
1736,1744,1613,1743,1580,1637,1735
1737,1668,1656,1612,1732,1738,1601
1738,1741,1739,1668,1737,1601
1739,1738,1741,1640,1632,1601,1724
1740,2,1695,1,1696,1697,1747
1741,1738,1739,1668,1654,1655,1724
1742,8,1557,1558,1695,7,2
1743,3,1580,1744,1736,17,16
1744,1736,1613,18,1431,1743,17
1745,1746,28,4,1710,27,1610
1746,1745,28,1520,1459,29,1610
1747,1697,1698,36,1,35,1740
1748,9,42,41,1514,1557,8
1749,732,733,720,1572,1430,1750
1750,734,1701,1572,1711,1749,733
1751,722,740,721,1641,1722,739
1752,779,1731,1730,746,1629,778
