1,36,7,8,2,1739,9
2,1739,1721,1531,10,9,1
3,1442,17,4,18,1552
4,1551,1740,1552,20,18,3,19
5,1511,1603,25,1676,6,26
6,28,1741,26,27,1603,5
7,1564,1742,36,1,1739,35
8,1,36,37,72,38,9
9,39,10,2,38,8,1
10,40,39,1531,2,9,11
11,1609,1531,40,10,12,1610,41
12,42,13,1610,11,41
13,1611,1610,42,12,43,1743,1613
14,44,1743,45,15,1450,1451
15,1451,1631,16,46,45,14
16,15,1631,46,723,749
17,748,1442,3,18,47,783
18,4,3,19,48,47,17
19,18,48,49,4,50,20
20,1740,4,19,50,51,21
21,52,22,51,1740,1656,20
22,1744,53,52,21,1582,1656,1629
23,1464,1736,24,1474,56,57
24,23,1474,25,1676,58,57
25,24,1676,26,59,5,58
26,6,27,25,59,60,5
27,28,62,26,6,61,60
28,6,1741,27,62,63,29
29,30,1604,1741,28,63,64
30,29,1604,64,65,1554,31,1555
31,66,65,30,32,1555,1556
32,31,66,67,1746,1596,1556
33,68,69,1430,1431,34,1746
34,1742,1431,69,70,35,33
35,1742,34,70,36,71,7
36,71,72,7,1,8,35
37,73,74,8,72,111,38
38,75,39,74,37,8,9
39,10,40,75,38,9,76
40,10,39,76,77,41,11
41,78,77,40,42,12,11
42,12,13,43,41,78,79
43,13,42,80,79,1743,44
44,14,1743,43,80,81,45
45,46,82,44,81,14,15
46,82,45,749,83,16,15
47,48,84,822,18,17,783
48,84,47,85,49,18,19
49,87,86,85,48,19,50
50,51,88,49,19,87,20
51,88,50,89,52,21,20
52,89,90,21,22,53,51
53,22,1744,54,52,91,90
54,55,92,1745,1744,53,91
55,1745,1736,56,93,54,92
56,57,94,93,55,23,1736
57,94,56,58,95,23,24
58,96,59,95,57,24,25
59,96,58,25,26,60,97
60,61,98,97,26,27,59
61,98,60,62,27,99,100
62,27,28,63,61,101,100
63,101,102,62,28,29,64
64,103,102,30,65,63,29
65,64,30,104,66,31,103
66,105,67,104,65,31,32
67,1746,68,105,66,106,32
68,1746,67,107,106,33,69
69,34,70,107,108,68,33
70,69,34,108,109,35,71
71,36,72,110,109,70,35
72,71,36,110,111,8,37
73,37,74,111,113,112,153
74,73,37,113,75,114,38
75,38,39,115,114,76,74
76,40,77,75,39,116,115
77,76,40,78,41,116,117
78,77,41,117,118,42,79
79,80,43,119,118,78,42
80,79,43,119,44,81,120
81,82,121,120,80,44,45
82,46,45,121,81,122,83
83,749,46,784,123,82,122
84,124,864,48,47,85,822
85,49,86,84,48,124,125
86,49,87,125,126,127,85
87,49,86,127,50,88,128
88,51,50,128,87,89,129
89,52,90,130,129,51,88
90,89,52,131,130,91,53
91,132,131,92,53,54,90
92,133,132,91,93,54,55
93,94,134,56,55,133,92
94,93,134,135,95,57,56
95,135,94,58,57,96,136
96,58,59,95,136,137,97
97,98,138,60,59,137,96
98,97,138,61,60,139,99
99,139,98,61,100,141,140
100,101,142,141,99,61,62
101,63,102,142,100,62,143
102,64,103,101,63,144,143
103,64,102,104,145,65,144
104,145,103,105,66,146,65
105,66,67,104,146,147,106
106,107,148,68,67,147,105
107,69,108,149,148,106,68
108,107,69,70,109,149,150
109,108,70,150,110,151,71
110,111,152,72,71,109,151
111,153,152,110,72,37,73
112,155,113,154,198,153,73
113,156,114,155,112,73,74
114,115,157,156,113,75,74
115,157,114,75,116,76,158
116,159,158,117,76,77,115
117,118,160,159,116,77,78
118,160,117,119,161,78,79
119,162,161,118,120,79,80
120,163,162,119,81,121,80
121,122,164,82,81,120,163
122,164,121,165,123,82,83
123,823,166,784,83,165,122
124,84,864,909,167,85,125
125,126,168,86,167,124,85
126,125,168,86,170,169,127
127,128,171,87,86,170,126
128,171,127,88,87,129,172
129,173,172,89,130,88,128
130,89,129,90,131,173,174
131,132,91,90,130,175,174
132,92,133,131,91,176,175
133,92,132,176,134,177,93
134,93,94,178,135,177,133
135,94,95,179,178,134,136
136,179,180,137,135,95,96
137,136,180,96,181,97,138
138,97,98,139,137,181,182
139,98,99,140,183,138,182
140,139,183,184,185,141,99
141,186,185,100,142,140,99
142,101,100,186,187,143,141
143,144,188,187,142,102,101
144,145,189,188,143,103,102
145,144,189,104,103,190,146
146,105,104,145,190,147,191
147,192,148,191,146,105,106
148,192,147,107,106,149,193
149,107,108,150,194,148,193
150,194,149,109,108,195,151
151,152,196,195,109,110,150
152,196,197,111,153,110,151
153,198,197,111,152,112,73
154,155,112,198,247,199,200
155,201,200,112,113,156,154
156,113,114,155,157,201,202
157,115,114,156,202,203,158
158,116,159,203,204,157,115
159,116,158,160,205,117,204
160,206,205,159,161,118,117
161,206,160,207,119,162,118
162,163,120,119,161,208,207
163,162,120,208,209,164,121
164,122,121,210,209,165,163
165,164,122,166,123,211,210
166,123,823,212,865,165,211
167,213,909,214,124,125,168
168,125,126,169,215,214,167
169,216,215,126,170,217,168
170,218,217,126,169,171,127
171,128,127,219,172,170,218
172,129,173,219,171,220,128
173,129,172,221,174,220,130
174,221,173,131,175,130,222
175,132,176,131,174,223,222
176,224,177,132,175,133,223
177,224,176,225,134,133,178
178,179,226,225,135,134,177
179,178,226,136,180,135,227
180,179,136,137,181,227,228
181,228,229,137,180,182,138
182,183,230,229,181,138,139
183,230,182,139,140,184,231
184,140,185,183,231,232,233
185,186,141,184,140,234,233
186,185,141,142,187,235,234
187,186,142,188,236,143,235
188,144,143,237,236,189,187
189,144,145,188,237,238,190
190,189,145,239,238,191,146
191,240,239,192,147,190,146
192,147,148,191,241,240,193
193,194,242,241,149,148,192
194,150,149,193,242,195,243
195,150,194,243,151,196,244
196,245,244,152,197,151,195
197,196,152,246,198,153,245
198,246,197,247,153,112,154
199,247,154,200,249,298,248
200,250,249,201,155,199,154
201,251,202,200,155,250,156
202,251,201,252,203,156,157
203,253,252,202,158,204,157
204,205,254,203,158,159,253
205,204,254,160,206,159,255
206,255,256,160,205,161,207
207,206,161,162,257,208,256
208,162,163,257,207,209,258
209,210,164,163,208,259,258
210,209,164,260,259,211,165
211,260,261,210,166,165,212
212,910,958,261,957,865,166,211
213,167,909,214,262,956,1007
214,263,262,213,167,215,168
215,216,264,169,263,168,214
216,264,215,266,265,169,217
217,218,170,267,266,169,216
218,217,170,267,171,219,268
219,220,269,171,172,218,268
220,269,219,172,173,270,221
221,173,174,271,270,220,222
222,223,272,271,221,174,175
223,272,273,222,224,176,175
224,225,274,176,177,273,223
225,274,224,275,226,178,177
226,178,179,275,225,227,276
227,226,179,180,276,277,228
228,278,277,181,229,180,227
229,230,279,278,228,181,182
230,229,279,183,182,280,231
231,280,281,232,230,183,184
232,281,231,184,282,283,233
233,283,284,234,185,184,232
234,233,284,185,235,186,285
235,286,285,236,186,187,234
236,286,287,237,188,235,187
237,236,188,287,189,238,288
238,239,289,237,189,288,190
239,238,289,240,191,290,190
240,291,290,239,191,241,192
241,242,292,291,240,193,192
242,293,292,241,193,194,243
243,195,194,294,293,242,244
244,245,196,295,294,243,195
245,244,196,197,296,246,295
246,197,198,247,297,296,245
247,246,198,154,199,297,298
248,300,299,352,249,298,199
249,200,250,301,199,300,248
250,200,249,301,251,201,302
251,303,302,201,202,250,252
252,253,203,304,303,202,251
253,252,203,305,304,204,254
254,204,205,255,306,253,305
255,206,256,306,254,307,205
256,255,206,307,207,257,308
257,207,208,256,308,309,258
258,310,259,309,257,208,209
259,310,258,210,260,311,209
260,311,312,210,259,211,261
261,260,211,312,313,212,957
262,214,263,314,1061,1007,213
263,315,264,314,214,262,215
264,216,215,315,263,265,316
265,266,216,264,318,317,316
266,265,216,217,267,319,318
267,320,319,218,217,266,268
268,269,321,320,267,218,219
269,220,219,322,321,268,270
270,271,221,269,220,322,323
271,270,221,222,272,323,324
272,223,273,222,325,324,271
273,272,223,325,224,326,274
274,225,224,326,327,273,275
275,225,226,274,327,276,328
276,277,329,328,275,226,227
277,228,278,276,329,227,330
278,279,229,228,277,331,330
279,229,230,278,331,280,332
280,231,281,333,332,279,230
281,280,231,232,334,333,282
282,334,335,336,281,283,232
283,233,284,336,282,337,232
284,285,338,283,233,234,337
285,235,286,339,338,284,234
286,236,287,235,285,339,340
287,341,340,286,236,237,288
288,342,341,287,237,289,238
289,238,239,290,342,288,343
290,240,291,343,344,239,289
291,240,290,241,292,345,344
292,293,242,241,345,291,346
293,292,242,347,294,346,243
294,347,293,348,243,244,295
295,349,296,244,294,348,245
296,349,295,350,297,246,245
297,350,296,246,247,351,298
298,352,351,247,297,199,248
299,409,353,300,354,352,248
300,299,354,355,248,301,249
301,249,250,355,300,356,302
302,251,303,357,356,301,250
303,251,302,304,252,358,357
304,303,252,305,253,359,358
305,304,253,359,360,306,254
306,360,361,255,254,307,305
307,308,362,255,256,306,361
308,362,307,256,257,309,363
309,310,364,363,308,257,258
310,364,309,258,259,311,365
311,260,312,259,310,365,366
312,311,260,366,313,367,261
313,312,367,368,261,957
314,1118,1061,315,369,263,262
315,263,264,370,369,314,316
316,371,370,317,315,264,265
317,265,318,373,372,371,316
318,319,374,265,317,373,266
319,320,267,318,374,375,266
320,319,267,375,376,321,268
321,377,322,269,376,268,320
322,377,321,269,378,270,323
323,378,379,324,270,271,322
324,325,272,379,323,380,271
325,272,273,326,381,380,324
326,381,382,325,274,327,273
327,383,382,326,274,328,275
328,384,383,329,276,327,275
329,330,385,384,328,276,277
330,386,331,385,329,278,277
331,386,330,279,278,332,387
332,280,333,387,331,279,388
333,280,332,334,281,389,388
334,282,335,333,281,390,389
335,334,282,336,391,390,392
336,335,282,283,392,393,337
337,394,393,338,336,283,284
338,395,339,285,284,337,394
339,395,338,286,340,285,396
340,341,287,339,286,397,396
341,340,287,398,397,342,288
342,341,288,399,398,289,343
343,290,344,400,399,342,289
344,401,345,400,343,290,291
345,401,344,292,291,402,346
346,403,347,402,345,292,293
347,404,403,293,294,346,348
348,405,404,294,347,295,349
349,295,296,350,406,348,405
350,407,406,349,351,296,297
351,407,350,298,352,297,408
352,409,299,298,351,408,248
353,409,299,411,354,468,410
354,299,300,411,353,355,412
355,354,300,412,413,356,301
356,357,302,414,413,355,301
357,358,303,356,302,414,415
358,357,303,416,415,359,304
359,304,305,358,417,360,416
360,306,361,418,417,305,359
361,419,418,360,306,307,362
362,308,307,420,419,361,363
363,364,421,309,308,420,362
364,421,363,310,309,365,422
365,422,423,311,366,364,310
366,367,424,423,365,311,312
367,424,366,312,313,368,425
368,1008,957,426,425,367,1062,313
369,1236,1178,315,370,427,314,1118
370,316,371,428,315,369,427
371,316,370,428,372,429,317
372,373,430,317,429,371
373,431,430,372,374,317,318
374,318,319,375,432,431,373
375,376,433,432,320,374,319
376,377,434,433,375,321,320
377,321,322,376,434,435,378
378,323,379,435,377,322,436
379,378,323,324,380,437,436
380,437,438,325,381,379,324
381,326,382,325,439,438,380
382,439,440,381,326,327,383
383,384,328,441,327,382,440
384,383,328,329,385,441,442
385,330,329,384,442,386,443
386,330,331,387,444,385,443
387,444,386,332,331,388,445
388,389,446,445,387,332,333
389,447,390,446,334,333,388
390,447,389,391,335,334,448
391,390,335,448,392,450,449
392,451,450,391,336,393,335
393,451,452,394,337,392,336
394,452,393,395,453,337,338
395,338,339,453,394,396,454
396,340,397,395,339,454,455
397,398,341,340,396,455,456
398,397,341,342,399,457,456
399,342,398,458,457,343,400
400,401,344,458,459,343,399
401,344,345,400,459,460,402
402,461,403,460,401,345,346
403,404,347,461,402,346,462
404,403,347,348,405,463,462
405,348,404,406,464,349,463
406,407,350,465,464,349,405
407,406,350,465,351,408,466
408,409,467,466,407,351,352
409,299,353,352,408,467,468
410,470,411,524,468,353,469
411,353,354,470,410,471,412
412,413,472,354,355,411,471
413,472,412,414,473,355,356
414,473,413,474,415,356,357
415,474,475,414,416,358,357
416,476,417,475,415,358,359
417,476,416,360,418,359,477
418,419,361,360,417,477,478
419,479,478,418,361,420,362
420,479,419,362,480,421,363
421,422,481,364,363,480,420
422,481,421,482,365,423,364
423,424,366,483,422,365,482
424,367,366,423,483,484,425
425,368,426,485,484,424,367
426,368,425,486,485,1119,1062
427,428,1236,370,369
428,370,371,427,1236,429,1235
429,487,430,372,371,1234,1235,428
430,431,487,373,372,429
431,432,488,487,430,373,374
432,488,431,375,433,374,489
433,434,376,375,490,432,489
434,376,377,435,491,433,490
435,436,492,434,377,491,378
436,492,493,435,437,378,379
437,493,494,380,438,436,379
438,495,439,381,437,380,494
439,382,440,381,495,438,496
440,496,497,441,439,382,383
441,497,440,384,383,498,442
442,499,498,443,441,384,385
443,444,500,499,442,385,386
444,500,443,387,386,501,445
445,501,502,446,388,387,444
446,502,445,447,389,388,503
447,389,390,446,503,448,504
448,504,447,391,390,505,449
449,506,505,450,448,391
450,451,392,391,506,449
451,393,452,450,392,507,506
452,451,393,453,508,507,394
453,452,508,454,509,395,394
454,453,509,510,455,396,395
455,456,511,397,454,510,396
456,512,457,455,511,397,398
457,512,456,513,458,399,398
458,514,459,513,457,399,400
459,514,458,401,460,515,400
460,516,461,459,401,515,402
461,516,460,402,403,462,517
462,518,463,404,461,403,517
463,519,464,518,462,404,405
464,519,463,406,465,405,520
465,406,407,464,521,466,520
466,521,465,408,467,407,522
467,408,409,466,522,523,468
468,524,410,467,409,353,523
469,526,470,524,410,571,525
470,526,469,410,411,471,527
471,472,528,527,470,411,412
472,413,412,528,471,529,473
473,530,529,414,413,474,472
474,415,475,531,530,414,473
475,474,415,531,476,532,416
476,533,532,475,416,417,477
477,534,478,533,476,417,418
478,419,479,534,477,418,535
479,419,478,420,535,536,480
480,479,536,420,537,481,421
481,422,421,538,482,537,480
482,538,481,539,422,423,483
483,424,423,540,484,482,539
484,485,425,540,483,424
485,540,486,484,425,426
486,1179,1405,540,485,426,585,1119,687
487,488,431,430,541,586,1234,429
488,432,431,487,541,489
489,490,542,541,433,432,488
490,489,542,543,491,434,433
491,543,490,544,434,435,492
492,436,493,544,545,435,491
493,492,436,437,494,546,545
494,493,437,438,495,546,547
495,438,439,494,496,548,547
496,549,548,497,440,439,495
497,496,549,440,441,498,550
498,442,499,441,497,550,551
499,442,498,551,552,443,500
500,552,553,444,443,501,499
501,445,502,553,554,500,444
502,555,554,501,445,446,503
503,504,556,555,502,446,447
504,503,556,557,448,447,505
505,506,449,557,504,448
506,601,557,505,449,507,451,602,637,558,450,705
507,452,508,558,506,451
508,452,453,507,558,509
509,510,558,453,454,508
510,509,558,454,455,511
511,455,456,512,558,510
512,456,457,513,558,511,559
513,512,457,458,514,560,559
514,515,561,458,459,560,513
515,561,514,516,460,562,459
516,460,461,515,563,562,517
517,564,518,563,516,461,462
518,564,517,462,463,519,565
519,520,566,463,464,565,518
520,566,519,567,521,464,465
521,465,466,567,520,522,568
522,569,523,521,466,467,568
523,524,570,569,522,467,468
524,523,570,468,410,469,571
525,572,573,526,611,571,469
526,469,470,527,574,573,525
527,574,526,528,471,575,470
528,472,471,527,576,529,575
529,530,473,576,528,472,577
530,578,531,529,473,577,474
531,578,530,475,474,532,579
532,476,533,475,580,579,531
533,476,532,580,581,477,534
534,477,478,581,533,582,535
535,479,536,582,583,478,534
536,537,584,535,479,583,480
537,584,585,536,480,481,538
538,481,482,539,585,537
539,538,482,483,585,540
540,485,486,483,484,585,539
541,542,586,487,488,489
542,489,490,541,586,587,543
543,490,542,588,587,544,491
544,492,545,589,588,543,491
545,544,492,493,546,590,589
546,547,591,493,494,545,590
547,591,546,548,495,494,592
548,496,549,593,495,547,592
549,496,548,497,593,594,550
550,595,594,498,497,551,549
551,499,552,596,595,550,498
552,500,553,551,499,597,596
553,552,500,501,554,598,597
554,502,555,553,501,599,598
555,502,554,599,503,600,556
556,503,504,601,600,555,557
557,506,601,505,556,504
558,509,510,507,508,506,512,511,602,559
559,513,512,558,602,560
560,514,513,559,602,561
561,515,514,560,602,562
562,563,516,602,561,515
563,564,603,562,516,517,602
564,603,563,517,518,604,565
565,519,566,605,518,564,604
566,520,519,565,567,605,606
567,566,520,606,607,521,568
568,608,607,569,567,521,522
569,609,608,568,522,523,570
570,523,524,571,610,609,569
571,610,570,524,469,611,525
572,525,573,613,612,642,611
573,572,525,574,614,526,613
574,615,614,527,526,573,575
575,615,574,616,527,576,528
576,617,616,577,575,528,529
577,618,578,617,576,529,530
578,530,531,619,579,618,577
579,619,578,620,580,532,531
580,621,620,581,579,532,533
581,621,622,580,582,533,534
582,623,622,581,535,583,534
583,582,535,623,536,584
584,537,585,536,583,623
585,584,537,623,687,538,540,486,539
586,587,624,653,541,542,1234,487
587,624,586,588,542,543
588,544,589,624,587,625,543
589,626,590,544,588,545,625
590,626,589,546,545,591,627
591,627,628,547,546,590,592
592,628,629,593,548,547,591
593,594,630,549,548,629,592
594,550,595,631,630,593,549
595,550,594,596,551,632,631
596,595,551,597,633,552,632
597,598,634,553,552,633,596
598,634,597,599,635,553,554
599,598,635,600,636,554,555
600,556,601,636,599,555
601,556,600,506,557,705,696,682,664,636
602,506,637,558,559,560,561,562,563,603
603,564,563,637,604,602
604,637,605,603,564,565
605,637,604,565,566,606
606,567,607,637,605,566
607,608,568,606,567,638,637
608,609,569,607,568,639,638
609,608,569,610,570,640,639
610,571,570,609,640,611,641
611,610,571,572,525,641,642
612,644,643,613,572,642,665
613,612,572,573,645,614,644
614,615,646,645,574,573,613
615,614,646,647,574,616,575
616,617,576,615,647,648,575
617,616,576,649,648,577,618
618,577,578,649,617,650,619
619,578,579,620,651,650,618
620,651,652,580,621,579,619
621,580,620,622,652,581
622,623,582,652,621,581
623,622,582,652,583,687,584,585
624,587,586,653,625,588
625,624,653,654,626,588,589
626,589,590,627,655,654,625
627,591,628,656,655,626,590
628,657,629,592,627,591,656
629,657,628,592,593,630,658
630,631,659,594,593,629,658
631,659,630,660,594,632,595
632,633,661,631,595,596,660
633,634,662,632,661,597,596
634,598,597,635,663,633,662
635,636,664,663,634,598,599
636,664,635,600,599,601
637,604,605,506,602,603,638,665,607,705,606
638,637,665,607,639,608
639,638,608,665,640,609
640,641,665,609,610,639
641,640,665,610,611,642
642,572,612,641,665,611
643,666,683,612,644,665
644,612,643,667,666,613,645
645,667,668,614,646,613,644
646,614,615,647,645,668,669
647,669,670,646,615,648,616
648,649,617,647,670,671,616
649,671,672,648,617,618,650
650,672,649,618,619,651
651,620,652,672,619,650
652,651,620,672,622,621,623,687
653,624,586,625,673,688,654,1234
654,655,673,653,626,625
655,656,674,627,673,654,626
656,655,674,675,627,657,628
657,628,629,658,676,656,675
658,677,659,676,657,630,629
659,631,630,660,677,658,678
660,631,659,678,679,661,632
661,662,680,632,633,679,660
662,661,680,681,633,634,663
663,635,634,681,662,664,682
664,636,635,663,682,601
665,637,638,640,641,639,612,643,642
666,683,643,644,667
667,645,668,644,666,683,684
668,667,645,684,685,646,669
669,647,670,668,646,685,686
670,669,647,671,687,686,648
671,649,672,670,687,648
672,671,649,651,652,650,687
673,674,688,655,653,654
674,689,688,655,656,675,673
675,689,674,656,676,690,657
676,677,691,690,658,657,675
677,691,676,658,659,678,692
678,659,660,692,677,679,693
679,678,660,693,680,694,661
680,661,662,681,695,694,679
681,662,680,663,696,695,682
682,663,664,601,696,681
683,666,643,667,684,697
684,668,685,698,697,667,683
685,684,668,686,698,669
686,685,698,687,669,670
687,670,671,686,698,672,652,623,585,486,1405
688,689,674,673,1234,706,699,653
689,688,674,675,690,699
690,700,691,699,676,675,689
691,677,676,700,690,701,692
692,693,702,678,677,701,691
693,692,702,678,679,703,694
694,704,703,693,695,680,679
695,705,704,694,680,696,681
696,705,601,695,681,682
697,684,698,683
698,684,697,685,686,687
699,690,700,706,688,689
700,690,691,699,707,706,701
701,702,708,707,700,691,692
702,708,701,709,692,693,703
703,694,704,709,702,693,710
704,694,703,705,710,695
705,713,710,696,601,704,695,715,506,637
706,707,700,714,711,1234,688,699
707,701,708,706,700,711
708,702,701,709,712,707,711
709,713,712,702,708,710,703
710,705,713,704,709,703
711,714,712,708,706,707
712,715,714,713,709,711,708
713,712,709,705,710,715
714,715,712,711,706,1234
715,714,712,713,705
716,729,1748,1700,717,730,1557
717,716,1700,718,732,731,730
718,732,733,1426,719,717,1700
719,1749,1458,734,1426,718,733
720,721,742,741,740,1587,1432
721,742,720,743,1519,1518,1432
722,1607,1581,1606,746,748,747
723,749,16,1662,1631,724,750
724,725,751,1662,1532,723,750
725,751,724,1532,1434,726,752
726,753,727,1747,1434,725,752
727,754,753,1641,728,1747,726
728,1748,1641,755,729,727,754
729,716,1748,730,755,728,756
730,716,729,731,717,756,757
731,758,759,732,717,730,757
732,760,733,718,759,731,717
733,760,732,718,734,761,719
734,719,1749,761,733,735,762
735,736,763,1749,1681,762,1592,734
736,763,735,1622,1592,1751,764
737,1428,1545,765,1751,766,1622,738
738,1750,739,767,766,1428,737
739,768,767,1750,738,1587,740
740,739,1587,768,769,741,720
741,742,771,769,770,740,720
742,771,741,721,720,772,743
743,773,772,744,721,742,1519
744,773,743,745,774,1543,1519
745,744,774,1543,775,1695
746,1754,780,1606,722,781,747
747,783,748,782,781,746,722
748,1442,17,783,747,1581,722
749,83,46,750,785,784,723,16
750,785,749,724,751,723,786
751,787,752,725,724,786,750
752,787,751,753,788,726,725
753,727,754,789,726,788,752
754,790,789,727,753,755,728
755,728,729,790,754,756,791
756,729,755,730,792,757,791
757,758,731,730,793,792,756
758,731,759,757,795,793,794
759,758,731,732,760,796,795
760,732,733,759,796,761,797
761,734,733,798,797,760,762
762,763,799,735,734,761,798
763,762,799,736,735,800,764
764,765,801,800,1751,736,763
765,801,764,737,1751,802,766
766,802,765,738,767,737,803
767,768,739,738,766,803,804
768,767,739,740,769,805,804
769,768,740,805,741,770,806
770,808,807,771,769,741,806
771,742,741,770,808,772,809
772,743,773,810,809,742,771
773,743,772,811,810,744,774
774,744,745,811,812,773,775
775,745,1695,776,774,812,813
776,1512,777,1695,775,813,814
777,1752,778,815,1512,814,776
778,1752,1753,777,815,779,816
779,1753,778,1754,780,817,816
780,818,817,1754,746,779,781
781,782,747,818,780,746,819
782,781,747,821,783,820,819
783,747,748,47,822,821,782,17
784,123,83,749,785,824,823
785,750,749,784,824,786,825
786,751,787,825,826,785,750
787,751,752,788,827,786,826
788,787,827,753,752,789,828
789,790,754,753,788,828,829
790,830,829,789,754,755,791
791,790,755,756,830,792,831
792,756,757,793,791,831,832
793,757,758,792,832,794,833
794,835,834,758,795,793,833
795,758,759,794,835,836,796
796,837,836,797,759,760,795
797,798,838,837,761,796,760
798,838,797,761,839,762,799
799,762,763,800,840,839,798
800,801,841,764,799,840,763
801,800,841,765,764,802,842
802,801,765,766,843,803,842
803,843,844,802,767,766,804
804,844,845,803,805,767,768
805,806,846,768,769,845,804
806,846,805,769,770,847,807
807,770,808,848,847,849,806
808,770,807,771,809,850,849
809,810,772,851,850,808,771
810,809,772,811,852,773,851
811,852,810,853,773,774,812
812,811,774,853,854,813,775
813,855,854,812,776,814,775
814,855,856,777,815,813,776
815,777,778,814,856,857,816
816,778,779,857,858,815,817
817,818,780,779,816,858,859
818,817,780,781,819,860,859
819,860,818,781,861,782,820
820,782,821,863,861,862,819
821,863,864,782,783,822,820
822,47,84,864,783,821
823,123,166,784,824,866,865
824,867,825,784,785,866,823
825,867,824,786,826,785,868
826,868,869,825,786,787,827
827,787,788,870,869,828,826
828,829,871,788,789,870,827
829,830,790,828,871,789,872
830,829,790,831,873,872,791
831,873,830,792,791,874,832
832,875,833,792,793,831,874
833,875,832,876,834,793,794
834,878,877,835,794,876,833
835,834,794,879,878,795,836
836,796,837,835,795,879,880
837,838,881,796,836,797,880
838,837,881,798,797,882,839
839,798,838,799,840,882,883
840,799,800,839,841,884,883
841,800,801,884,885,842,840
842,885,841,801,802,843,886
843,803,844,887,886,802,842
844,843,803,804,845,887,888
845,846,889,844,804,805,888
846,806,805,889,890,845,847
847,848,807,806,846,890,891
848,847,807,893,892,849,891
849,850,894,808,893,807,848
850,895,894,809,851,849,808
851,896,895,809,850,852,810
852,811,810,853,897,896,851
853,811,852,898,897,812,854
854,855,899,813,853,812,898
855,814,856,899,854,813,900
856,855,814,815,900,901,857
857,858,902,901,816,815,856
858,857,902,816,903,817,859
859,903,904,858,817,818,860
860,905,904,819,818,861,859
861,862,906,860,819,820,905
862,861,906,908,907,820,863
863,821,864,820,909,908,862
864,84,124,863,821,909,822
865,866,910,212,166,823
866,865,910,911,824,867,823
867,868,912,824,825,911,866
868,867,912,826,869,913,825
869,868,826,827,870,914,913
870,914,915,827,869,828,871
871,828,829,870,915,916,872
872,871,916,873,830,917,829
873,918,917,831,830,872,874
874,919,918,873,831,875,832
875,919,920,832,833,874,876
876,833,834,920,875,921,877
877,834,878,921,876,923,922
878,834,877,923,835,879,924
879,925,924,835,878,836,880
880,926,925,881,836,879,837
881,837,838,880,926,882,927
882,928,883,881,838,927,839
883,928,882,929,884,839,840
884,841,885,930,929,883,840
885,884,841,842,886,931,930
886,843,887,931,885,932,842
887,843,886,932,844,888,933
888,887,844,933,934,889,845
889,846,890,845,934,935,888
890,936,935,889,846,847,891
891,892,937,936,848,847,890
892,939,938,891,937,848,893
893,940,939,894,848,892,849
894,850,895,941,940,849,893
895,851,896,942,941,850,894
896,851,895,943,942,897,852
897,944,943,896,852,898,853
898,945,944,897,853,854,899
899,855,854,900,946,898,945
900,946,947,899,856,855,901
901,948,947,857,902,900,856
902,949,948,857,858,901,903
903,859,904,949,902,950,858
904,905,860,903,859,950,951
905,904,860,861,906,952,951
906,907,953,861,862,952,905
907,953,906,862,908,954,955
908,862,907,863,909,955,956
909,167,213,124,864,863,956,908
910,959,911,865,866,958,212
911,959,910,867,912,866,960
912,867,868,913,961,960,911
913,914,962,912,961,868,869
914,870,915,913,962,869,963
915,914,870,964,963,916,871
916,964,915,965,917,871,872
917,873,918,966,965,916,872
918,873,917,919,967,966,874
919,875,920,968,967,918,874
920,919,875,969,968,876,921
921,922,970,920,876,877,969
922,921,970,923,877,972,971
923,922,877,878,972,973,924
924,879,925,974,923,878,973
925,879,924,880,926,975,974
926,880,925,975,976,881,927
927,976,977,882,928,926,881
928,882,883,927,977,978,929
929,930,884,928,978,979,883
930,929,884,931,980,979,885
931,930,980,886,885,932,981
932,886,887,931,933,982,981
933,983,982,932,887,888,934
934,935,984,983,933,889,888
935,985,936,890,984,934,889
936,985,935,890,986,937,891
937,986,987,936,891,892,938
938,892,939,989,937,987,988
939,892,938,989,990,940,893
940,991,990,941,939,893,894
941,991,940,895,942,992,894
942,943,896,993,992,895,941
943,994,993,944,897,942,896
944,943,897,995,994,945,898
945,944,898,995,899,946,996
946,997,996,900,947,899,945
947,901,948,946,900,998,997
948,999,998,949,902,901,947
949,948,902,999,1000,903,950
950,904,951,1000,949,1001,903
951,950,904,905,952,1002,1001
952,906,953,1003,1002,905,951
953,907,906,952,954,1003,1004
954,1006,1005,1004,953,907,955
955,1007,1006,956,954,907,908
956,1007,955,909,213,908
957,1008,368,261,212,313,958
958,910,959,212,957,1009,1008
959,1010,960,910,911,958,1009
960,1010,959,912,961,911,1011
961,962,1012,912,913,960,1011
962,1012,961,913,914,1013,963
963,915,964,962,914,1013,1014
964,915,963,1015,1014,916,965
965,1015,1016,966,917,964,916
966,967,1017,965,917,1016,918
967,1017,966,1018,968,919,918
968,967,919,1019,1018,969,920
969,1019,1020,968,920,921,970
970,971,1021,921,922,969,1020
971,970,1021,1023,1022,972,922
972,1024,1023,923,922,971,973
973,974,1025,1024,972,923,924
974,1025,973,975,1026,924,925
975,974,1026,926,925,976,1027
976,977,1028,927,975,926,1027
977,1028,976,1029,978,927,928
978,979,1030,1029,977,928,929
979,1030,978,1031,929,930,980
980,981,1032,930,931,1031,979
981,1032,980,1033,982,931,932
982,1033,981,933,983,1034,932
983,1035,1034,933,982,934,984
984,935,934,983,1036,1035,985
985,935,936,1037,1036,984,986
986,937,987,936,985,1037,1038
987,1038,1039,986,937,938,988
988,938,989,1040,1041,1039,987
989,938,939,988,1042,1041,990
990,991,940,939,989,1042,1043
991,990,940,941,1044,1043,992
992,993,942,941,1044,1045,991
993,943,994,992,942,1045,1046
994,943,993,1046,1047,995,944
995,994,944,945,996,1048,1047
996,1049,997,946,995,1048,945
997,1049,996,946,947,998,1050
998,999,1051,948,947,997,1050
999,1051,998,948,1052,949,1000
1000,1053,1052,949,999,1001,950
1001,1054,1002,1000,1053,950,951
1002,1055,1003,952,1054,1001,951
1003,1055,1002,952,1056,1004,953
1004,954,1005,1056,1003,1057,953
1005,954,1006,1058,1057,1004,1059
1006,954,1005,955,1007,1059,1060
1007,955,1006,956,262,1061,1060,213
1008,368,957,1063,1009,958,1062
1009,1063,1008,1064,1010,959,958
1010,959,960,1065,1064,1009,1011
1011,1012,1066,961,960,1065,1010
1012,962,961,1013,1066,1011,1067
1013,1012,962,1014,1068,1067,963
1014,1068,1013,963,1069,1015,964
1015,1014,964,1069,965,1016,1070
1016,1071,1070,1015,965,966,1017
1017,1072,1071,967,966,1018,1016
1018,1072,1017,967,1019,1073,968
1019,969,1020,1018,1073,1074,968
1020,1021,1075,1019,969,1074,970
1021,1075,1020,970,971,1022,1076
1022,971,1023,1021,1078,1077,1076
1023,971,1022,1078,1024,972,1079
1024,1080,1079,1023,972,973,1025
1025,974,973,1026,1081,1024,1080
1026,974,975,1081,1025,1027,1082
1027,1083,1028,1026,1082,975,976
1028,1083,1084,977,976,1027,1029
1029,1084,1085,977,978,1030,1028
1030,1086,1031,979,978,1085,1029
1031,1087,1086,1030,979,1032,980
1032,981,980,1088,1087,1033,1031
1033,981,982,1034,1089,1088,1032
1034,1033,1089,1035,983,1090,982
1035,1034,983,1036,1091,984,1090
1036,1037,1092,1091,1035,984,985
1037,1092,1036,1093,1038,985,986
1038,987,1039,1093,1037,1094,986
1039,1038,987,1094,1095,1040,988
1040,1096,1097,1041,1095,1039,988
1041,1040,1097,1098,1042,989,988
1042,1099,1098,1041,989,1043,990
1043,1099,1042,991,1044,1100,990
1044,1101,1045,991,1043,992,1100
1045,1102,1101,1046,1044,992,993
1046,1045,1102,1047,1103,994,993
1047,1048,1104,1103,1046,994,995
1048,1104,1047,995,996,1049,1105
1049,996,997,1106,1050,1048,1105
1050,1106,1049,1051,998,997,1107
1051,1108,1107,999,998,1052,1050
1052,999,1051,1000,1053,1108,1109
1053,1054,1110,1000,1052,1109,1001
1054,1053,1110,1001,1002,1111,1055
1055,1002,1003,1111,1054,1056,1112
1056,1113,1112,1003,1004,1057,1055
1057,1058,1005,1114,1004,1113,1056
1058,1057,1005,1114,1115,1059,1116
1059,1006,1005,1117,1060,1058,1116
1060,1117,1059,1007,1006,1061,1118
1061,1118,314,262,1007,1060
1062,1120,1119,368,426,1008,1063
1063,1008,1009,1121,1120,1064,1062
1064,1121,1122,1065,1010,1009,1063
1065,1064,1010,1122,1066,1123,1011
1066,1124,1123,1012,1011,1065,1067
1067,1125,1124,1066,1012,1013,1068
1068,1014,1013,1126,1125,1067,1069
1069,1070,1127,1014,1068,1126,1015
1070,1016,1071,1069,1127,1128,1015
1071,1072,1017,1016,1070,1128,1129
1072,1071,1017,1018,1130,1129,1073
1073,1018,1019,1074,1072,1130,1131
1074,1131,1132,1075,1020,1019,1073
1075,1021,1020,1132,1133,1074,1076
1076,1134,1133,1075,1021,1077,1022
1077,1022,1078,1135,1134,1076,1136
1078,1022,1023,1079,1077,1136,1137
1079,1024,1080,1078,1023,1137,1138
1080,1024,1079,1138,1139,1081,1025
1081,1026,1025,1140,1139,1082,1080
1082,1141,1140,1026,1027,1083,1081
1083,1028,1084,1027,1142,1141,1082
1084,1029,1085,1083,1028,1143,1142
1085,1084,1029,1030,1143,1086,1144
1086,1145,1087,1031,1030,1085,1144
1087,1145,1086,1031,1032,1088,1146
1088,1032,1087,1146,1033,1089,1147
1089,1033,1034,1090,1088,1147,1148
1090,1089,1034,1091,1149,1035,1148
1091,1150,1149,1036,1035,1090,1092
1092,1037,1036,1091,1150,1151,1093
1093,1151,1152,1037,1038,1092,1094
1094,1038,1039,1095,1153,1152,1093
1095,1094,1039,1153,1154,1040,1096
1096,1040,1097,1156,1155,1154,1095
1097,1098,1157,1156,1096,1040,1041
1098,1157,1097,1042,1099,1041,1158
1099,1042,1098,1159,1158,1100,1043
1100,1101,1160,1159,1099,1043,1044
1101,1045,1102,1100,1160,1044,1161
1102,1045,1101,1046,1161,1103,1162
1103,1162,1163,1047,1046,1102,1104
1104,1048,1047,1163,1164,1105,1103
1105,1049,1106,1165,1164,1104,1048
1106,1049,1050,1166,1107,1105,1165
1107,1051,1108,1166,1167,1106,1050
1108,1051,1107,1109,1168,1052,1167
1109,1108,1168,1169,1052,1053,1110
1110,1053,1054,1111,1109,1169,1170
1111,1170,1171,1054,1055,1112,1110
1112,1113,1056,1172,1171,1111,1055
1113,1114,1173,1112,1056,1172,1057
1114,1113,1173,1058,1115,1057,1174
1115,1114,1058,1116,1176,1175,1174
1116,1176,1177,1115,1058,1059,1117
1117,1177,1178,1059,1060,1118,1116
1118,1061,314,369,1060,1117,1178
1119,1120,1062,486,426,1179
1120,1119,1062,1180,1179,1063,1121
1121,1064,1122,1180,1181,1063,1120
1122,1121,1064,1182,1123,1065,1181
1123,1183,1182,1066,1124,1122,1065
1124,1184,1125,1067,1066,1123,1183
1125,1184,1124,1067,1068,1126,1185
1126,1068,1125,1185,1127,1186,1069
1127,1187,1128,1069,1070,1126,1186
1128,1071,1129,1187,1127,1070,1188
1129,1128,1071,1130,1072,1189,1188
1130,1129,1072,1189,1073,1131,1190
1131,1074,1132,1191,1190,1073,1130
1132,1075,1133,1131,1074,1192,1191
1133,1132,1075,1076,1134,1192,1193
1134,1076,1133,1077,1135,1193,1194
1135,1136,1196,1077,1134,1195,1194
1136,1197,1196,1135,1077,1078,1137
1137,1198,1197,1079,1078,1136,1138
1138,1199,1198,1137,1079,1139,1080
1139,1081,1140,1200,1138,1199,1080
1140,1141,1082,1081,1139,1200,1201
1141,1140,1082,1202,1201,1083,1142
1142,1203,1202,1143,1084,1083,1141
1143,1144,1204,1142,1084,1203,1085
1144,1204,1143,1205,1085,1086,1145
1145,1086,1087,1206,1205,1146,1144
1146,1147,1207,1088,1087,1145,1206
1147,1207,1146,1089,1088,1208,1148
1148,1209,1149,1147,1089,1208,1090
1149,1209,1148,1150,1091,1090,1210
1150,1149,1091,1210,1211,1092,1151
1151,1212,1211,1093,1152,1150,1092
1152,1151,1093,1153,1213,1212,1094
1153,1152,1213,1214,1094,1095,1154
1154,1214,1153,1095,1155,1096
1155,1214,1154,1096,1156,1215
1156,1216,1157,1097,1096,1155,1215
1157,1098,1097,1216,1156,1217,1158
1158,1217,1218,1159,1157,1099,1098
1159,1218,1158,1219,1160,1100,1099
1160,1100,1101,1161,1219,1159,1220
1161,1220,1221,1101,1160,1102,1162
1162,1103,1163,1222,1221,1161,1102
1163,1162,1103,1222,1104,1164,1223
1164,1163,1104,1224,1223,1105,1165
1165,1166,1225,1224,1105,1164,1106
1166,1165,1225,1107,1167,1226,1106
1167,1168,1227,1166,1107,1226,1108
1168,1108,1109,1169,1227,1167,1228
1169,1168,1109,1110,1170,1229,1228
1170,1230,1171,1111,1229,1169,1110
1171,1230,1170,1172,1112,1111,1231
1172,1113,1173,1171,1112,1232,1231
1173,1113,1114,1172,1232,1233,1174
1174,1175,1115,1114,1233,1173
1175,1283,1233,1176,1234,1115,1174
1176,1116,1177,1115,1234,1175
1177,1176,1116,1117,1178,1235,1234
1178,369,1236,1177,1117,1235,1118
1179,486,1405,1237,1180,1120,1119
1180,1121,1181,1237,1179,1120
1181,1180,1121,1182,1237,1122
1182,1123,1183,1122,1238,1237,1181
1183,1123,1182,1239,1184,1238,1124
1184,1124,1125,1239,1240,1183,1185
1185,1186,1241,1240,1125,1126,1184
1186,1242,1241,1185,1126,1127,1187
1187,1127,1128,1242,1186,1243,1188
1188,1244,1243,1187,1128,1129,1189
1189,1129,1130,1188,1190,1245,1244
1190,1191,1131,1130,1245,1189,1246
1191,1190,1131,1246,1247,1132,1192
1192,1248,1193,1133,1132,1247,1191
1193,1248,1192,1249,1133,1134,1194
1194,1250,1249,1135,1195,1193,1134
1195,1251,1252,1196,1135,1194,1250
1196,1253,1252,1195,1197,1136,1135
1197,1137,1198,1196,1136,1254,1253
1198,1255,1254,1137,1197,1199,1138
1199,1200,1256,1198,1138,1255,1139
1200,1256,1199,1257,1201,1139,1140
1201,1202,1258,1141,1200,1257,1140
1202,1201,1258,1141,1203,1142,1259
1203,1202,1142,1259,1260,1143,1204
1204,1144,1143,1261,1260,1205,1203
1205,1206,1262,1145,1204,1144,1261
1206,1262,1205,1145,1146,1207,1263
1207,1263,1264,1147,1146,1206,1208
1208,1265,1264,1209,1207,1147,1148
1209,1148,1149,1265,1208,1210
1210,1265,1211,1209,1149,1150
1211,1212,1151,1265,1210,1150
1212,1211,1151,1213,1152,1265
1213,1152,1153,1214,1265,1212
1214,1215,1266,1306,1265,1213,1406,1339,1153,1154,1307,1155
1215,1214,1266,1216,1155,1156
1216,1156,1157,1266,1215,1267,1217
1217,1158,1218,1267,1216,1268,1157
1218,1219,1269,1217,1158,1159,1268
1219,1269,1218,1270,1220,1159,1160
1220,1161,1221,1270,1219,1271,1160
1221,1220,1161,1222,1272,1271,1162
1222,1221,1272,1162,1163,1223,1273
1223,1274,1224,1164,1163,1222,1273
1224,1165,1225,1274,1223,1164,1275
1225,1165,1166,1224,1276,1226,1275
1226,1166,1167,1276,1277,1227,1225
1227,1168,1167,1228,1278,1226,1277
1228,1279,1278,1168,1227,1169,1229
1229,1170,1169,1228,1279,1230,1280
1230,1170,1171,1231,1229,1280,1281
1231,1171,1230,1172,1232,1282,1281
1232,1233,1283,1173,1172,1231,1282
1233,1283,1175,1232,1174,1173
1234,1353,1283,706,714,688,653,586,487,429,1235,1176,1177,1392,1175,1413,1422,1425
1235,1234,429,428,1236,1177,1178
1236,427,428,369,1178,1235
1237,1238,1182,1181,1405,1179,1180,1284
1238,1237,1182,1239,1284,1183
1239,1284,1238,1184,1240,1183
1240,1239,1184,1185,1241,1285,1284
1241,1242,1286,1186,1285,1185,1240
1242,1286,1241,1186,1287,1187,1243
1243,1188,1244,1187,1242,1287,1288
1244,1188,1243,1288,1189,1245,1289
1245,1190,1189,1246,1289,1290,1244
1246,1247,1291,1190,1245,1290,1191
1247,1248,1292,1291,1246,1191,1192
1248,1192,1193,1292,1247,1249,1293
1249,1250,1194,1248,1193,1293,1294
1250,1249,1194,1195,1251,1295,1294
1251,1195,1252,1295,1296,1297,1250
1252,1196,1253,1251,1195,1297,1298
1253,1254,1299,1196,1252,1298,1197
1254,1255,1198,1299,1253,1197,1300
1255,1254,1198,1300,1301,1199,1256
1256,1200,1199,1257,1255,1301,1302
1257,1302,1303,1256,1200,1201,1258
1258,1201,1202,1259,1257,1303,1304
1259,1258,1202,1304,1305,1203,1260
1260,1261,1204,1305,1259,1203,1306
1261,1260,1204,1205,1262,1306
1262,1206,1205,1306,1261,1263
1263,1207,1264,1206,1262,1306
1264,1263,1207,1208,1265,1306
1265,1208,1264,1214,1306,1213,1210,1211,1209,1212
1266,1214,1215,1216,1267,1307
1267,1216,1217,1268,1308,1307,1266
1268,1267,1308,1217,1218,1269,1309
1269,1219,1218,1310,1309,1268,1270
1270,1219,1220,1271,1311,1310,1269
1271,1221,1220,1272,1312,1270,1311
1272,1221,1222,1271,1273,1313,1312
1273,1314,1313,1272,1222,1274,1223
1274,1275,1315,1223,1224,1314,1273
1275,1276,1316,1315,1274,1225,1224
1276,1275,1316,1317,1226,1277,1225
1277,1318,1317,1276,1226,1278,1227
1278,1279,1319,1318,1228,1277,1227
1279,1278,1319,1228,1229,1280,1320
1280,1321,1320,1229,1230,1279,1281
1281,1321,1322,1231,1282,1230,1280
1282,1322,1283,1232,1231,1281
1283,1233,1175,1353,1234,1232,1322,1282
1284,1323,1405,1239,1238,1237,1285,1240
1285,1323,1284,1241,1286,1240
1286,1242,1241,1285,1287,1323
1287,1288,1324,1242,1286,1323,1243
1288,1287,1324,1244,1243,1325,1289
1289,1290,1326,1245,1244,1288,1325
1290,1291,1327,1326,1289,1245,1246
1291,1327,1290,1247,1246,1328,1292
1292,1328,1329,1248,1247,1293,1291
1293,1292,1248,1249,1330,1329,1294
1294,1331,1330,1295,1293,1250,1249
1295,1251,1296,1331,1294,1332,1250
1296,1334,1333,1295,1251,1332,1297
1297,1298,1335,1251,1252,1334,1296
1298,1335,1297,1252,1253,1299,1336
1299,1254,1253,1337,1336,1298,1300
1300,1255,1301,1337,1338,1254,1299
1301,1338,1339,1300,1255,1256,1302
1302,1257,1303,1256,1339,1301
1303,1302,1257,1258,1339,1304
1304,1259,1305,1258,1303,1339
1305,1304,1259,1339,1306,1260
1306,1214,1265,1305,1339,1260,1262,1261,1263,1264
1307,1382,1396,1267,1266,1406,1214,1308,1340,1364
1308,1340,1309,1267,1268,1307
1309,1269,1310,1340,1308,1268,1341
1310,1269,1309,1311,1270,1342,1341
1311,1312,1343,1342,1310,1270,1271
1312,1344,1313,1272,1311,1343,1271
1313,1344,1312,1345,1273,1314,1272
1314,1315,1346,1273,1313,1274,1345
1315,1346,1314,1347,1316,1275,1274
1316,1347,1348,1317,1315,1275,1276
1317,1277,1318,1348,1349,1316,1276
1318,1277,1317,1278,1319,1349,1350
1319,1278,1279,1351,1350,1318,1320
1320,1352,1351,1280,1321,1319,1279
1321,1352,1353,1280,1320,1322,1281
1322,1282,1283,1321,1353,1281
1323,1324,1354,1284,1405,1285,1286,1287
1324,1354,1323,1287,1288,1325
1325,1288,1324,1354,1289,1326
1326,1355,1354,1327,1290,1289,1325
1327,1326,1355,1291,1290,1328,1356
1328,1292,1329,1356,1327,1357,1291
1329,1328,1292,1330,1358,1357,1293
1330,1329,1358,1331,1294,1293,1359
1331,1330,1294,1295,1332,1360,1359
1332,1331,1295,1296,1361,1333,1360
1333,1334,1296,1361,1332,1362,1363
1334,1333,1296,1297,1335,1363
1335,1298,1297,1334,1363,1336
1336,1299,1337,1363,1335,1298
1337,1299,1336,1300,1338,1363
1338,1301,1339,1337,1300,1363
1339,1338,1301,1302,1363,1214,1406,1303,1304,1305,1306
1340,1308,1309,1341,1364,1307
1341,1365,1342,1364,1309,1340,1310
1342,1365,1341,1311,1343,1366,1310
1343,1344,1367,1366,1311,1312,1342
1344,1312,1313,1345,1368,1343,1367
1345,1344,1313,1368,1314,1346,1369
1346,1315,1314,1369,1370,1347,1345
1347,1316,1348,1346,1370,1371,1315
1348,1317,1349,1347,1316,1371,1372
1349,1348,1317,1350,1373,1318,1372
1350,1319,1351,1374,1373,1349,1318
1351,1352,1375,1320,1319,1350,1374
1352,1351,1375,1320,1353,1321
1353,1283,1234,1352,1375,1321,1392,1322
1354,1324,1323,1326,1355,1405,1376,1325
1355,1326,1354,1327,1376,1356
1356,1328,1327,1357,1376,1355
1357,1358,1377,1328,1356,1376,1329
1358,1357,1377,1329,1330,1378,1359
1359,1360,1331,1379,1378,1330,1358
1360,1379,1380,1359,1331,1361,1332
1361,1332,1333,1380,1360,1381,1362
1362,1395,1405,1381,1361,1333,1363
1363,1333,1362,1335,1336,1337,1334,1338,1339
1364,1365,1341,1340,1307,1382
1365,1366,1383,1382,1341,1342,1364
1366,1365,1383,1343,1367,1342,1384
1367,1343,1344,1366,1368,1385,1384
1368,1344,1345,1385,1367,1386,1369
1369,1346,1370,1387,1368,1386,1345
1370,1369,1346,1387,1388,1371,1347
1371,1372,1389,1388,1370,1348,1347
1372,1373,1390,1371,1389,1349,1348
1373,1390,1372,1391,1350,1349,1374
1374,1392,1391,1375,1351,1350,1373
1375,1351,1352,1353,1392,1374
1376,1393,1405,1354,1355,1356,1357,1377
1377,1357,1358,1376,1378,1393
1378,1359,1379,1377,1358,1393
1379,1360,1380,1359,1378,1393,1394
1380,1379,1360,1394,1395,1361,1381
1381,1362,1395,1380,1361
1382,1396,1307,1365,1383,1364
1383,1365,1366,1382,1396,1384,1397
1384,1398,1397,1385,1366,1367,1383
1385,1386,1399,1398,1384,1368,1367
1386,1399,1385,1400,1368,1369,1387
1387,1401,1400,1369,1370,1388,1386
1388,1371,1389,1402,1370,1401,1387
1389,1371,1372,1388,1403,1402,1390
1390,1373,1372,1391,1404,1403,1389
1391,1374,1392,1390,1373,1404
1392,1374,1391,1404,1413,1375,1353,1234
1393,1376,1405,1394,1377,1378,1379
1394,1405,1393,1379,1380,1395
1395,1362,1405,1380,1394,1381
1396,1382,1307,1406,1383,1397
1397,1384,1398,1407,1383,1396,1406
1398,1384,1397,1407,1385,1399,1408
1399,1386,1385,1398,1400,1409,1408
1400,1387,1401,1410,1399,1386,1409
1401,1387,1400,1411,1402,1388,1410
1402,1411,1401,1403,1389,1388,1412
1403,1390,1404,1402,1389,1412,1413
1404,1392,1413,1390,1391,1403
1405,486,1179,1284,1323,1376,1393,1237,1394,687,1354,1395,1362
1406,1214,1339,1307,1396,1397,1419,1423,1407,1414,1425
1407,1397,1398,1406,1414,1408
1408,1414,1407,1409,1415,1398,1399
1409,1416,1410,1408,1415,1399,1400
1410,1417,1416,1409,1400,1401,1411
1411,1401,1402,1412,1410,1418,1417
1412,1402,1403,1411,1413,1418
1413,1404,1392,1418,1422,1234,1403,1412
1414,1419,1415,1406,1407,1408
1415,1419,1414,1420,1416,1408,1409
1416,1417,1410,1409,1420,1415,1421
1417,1416,1410,1418,1411,1422,1421
1418,1413,1422,1411,1412,1417
1419,1423,1406,1414,1415,1420
1420,1415,1416,1421,1424,1423,1419
1421,1416,1417,1422,1424,1420
1422,1418,1413,1417,1421,1424,1234,1425
1423,1419,1406,1420,1424,1425
1424,1421,1422,1420,1423,1425
1425,1423,1406,1424,1422,1234
1426,719,718,1699,1700,1458,1546
1427,1572,1573,1551,1552,1547,1548
1428,1545,1575,737,1586,1750,738
1429,1534,1567,1556,1555,1554,1527
1430,1431,33,1553,1746,1596,1595
1431,1639,1640,1742,34,1430,33,1553
1432,1583,1559,1518,1587,720,721
1433,1535,1561,1584,1537,1585,1516
1434,1532,725,1747,1539,726,1510
1435,1501,1536,1530,1608,1607,1606
1436,1540,1498,1525,1594,1598,1597
1437,1495,1549,1624,1522,1621,1623
1438,1582,1507,1629,1580,1628,1505
1439,1627,1626,1515,1500,1568,1591
1440,1605,1641,1557,1748,1493,1517
1441,1541,1542,1488,1560,1521,1562
1442,748,17,1573,1552,3,1550,1581
1443,1603,1602,1566,1601,1511,1486
1444,1600,1599,1578,1492,1504,1593
1445,1620,1509,1625,1732,1643,1731
1446,1640,1564,1483,1638,1513,1639
1447,1482,1654,1538,1476,1520,1737
1448,1479,1563,1514,1634,1633,1632
1449,1496,1616,1485,1701,1617,1544
1450,14,1743,1451,1523,1452,1613
1451,1631,15,14,1450,1579,1452
1452,1703,1702,1579,1451,1523,1450
1453,1637,1636,1635,1576,1478,1502
1454,1660,1659,1658,1506,1472,1569
1455,1481,1589,1489,1630,1655,1734
1456,1650,1651,1529,1467,1528,1649
1457,1468,1558,1686,1685,1512,1752
1458,1749,719,1681,1680,1546,1426
1459,1574,1665,1469,1664,1663,1503
1460,1666,1667,1668,1465,1565,1508
1461,1471,1497,1683,1684,1682,1577
1462,1477,1484,1610,1609,1612,1611
1463,1470,1494,1677,1678,1588,1679
1464,23,1736,1652,1474,1614
1465,1508,1728,1565,1460,1726,1727
1466,1647,1648,1642,1480,1473,1615
1467,1456,1528,1529,1674,1673,1672
1468,1457,1558,1695,1512,1694,1693
1469,1503,1723,1724,1574,1459,1725
1470,1697,1698,1463,1494,1696,1588
1471,1461,1497,1577,1692,1690,1691
1472,1716,1715,1714,1506,1454,1569
1473,1466,1480,1615,1671,1669,1670
1474,24,23,1676,1675,1464,1614
1475,1524,1706,1687,1688,1487,1644
1476,1710,1709,1520,1708,1538,1447
1477,1484,1462,1609,1720,1719,1718
1478,1707,1708,1689,1576,1453,1502
1479,1710,1711,1563,1448,1514,1709
1480,1729,1730,1642,1466,1669,1473
1481,1455,1589,1712,1713,1711,1489
1482,1447,1654,1619,1733,1499,1737
1483,1721,1720,1564,1446,1719,1513
1484,1612,1704,1477,1462,1722,1718
1485,1702,1703,1701,1496,1704,1449
1486,1511,1676,1675,1443,1674,1566
1487,1475,1688,1707,1689,1705,1706
1488,1693,1692,1541,1441,1521,1694
1489,1715,1630,1455,1481,1713,1714
1490,1571,1724,1725,1726,1533,1491
1491,1490,1533,1571,1738,1653,1734
1492,1672,1673,1504,1671,1578,1444
1493,1699,1698,1440,1557,1700,1517
1494,1463,1470,1696,1712,1713,1677
1495,1679,1678,1437,1549,1680,1522
1496,1722,1704,1485,1449,1616,1723
1497,1461,1471,1688,1690,1687,1682
1498,1540,1436,1666,1665,1525,1667
1499,1728,1729,1733,1727,1482,1619
1500,1568,1649,1439,1515,1648,1647
1501,1685,1684,1683,1530,1435,1536
1502,1691,1690,1689,1453,1478,1637
1503,1723,1722,1469,1718,1663,1459
1504,1492,1671,1670,1668,1444,1593
1505,1651,1652,1507,1438,1580,1650
1506,1696,1714,1658,1697,1472,1454
1507,1582,1438,1745,1736,1652,1505
1508,1728,1465,1670,1669,1668,1460
1509,1687,1644,1620,1445,1643,1682
1510,1532,1661,1660,1659,1539,1434
1511,1676,1486,1603,5,1443
1512,1457,1752,777,776,1695,1468
1513,1719,1663,1483,1446,1638,1664
1514,1712,1711,1677,1448,1479,1632
1515,1646,1647,1645,1439,1500,1591
1516,1634,1635,1636,1537,1535,1433
1517,1658,1697,1605,1440,1493,1698
1518,1559,1432,1519,721,1542
1519,1542,1541,743,721,1518,1543,744
1520,1708,1476,1707,1447,1737,1705
1521,1692,1488,1691,1441,1562,1637
1522,1632,1633,1678,1624,1437,1495
1523,1612,1611,1703,1452,1450,1613
1524,1475,1706,1645,1646,1590,1644
1525,1638,1664,1498,1665,1594,1436
1526,1630,1738,1617,1544,1715,1716
1527,1534,1600,1602,1554,1601,1429
1528,1467,1456,1649,1615,1672,1648
1529,1651,1456,1467,1674,1675,1614
1530,1683,1501,1435,1731,1608,1620
1531,10,2,1609,11,1721,1720
1532,1662,724,1434,725,1510,1661
1533,1490,1726,1727,1619,1491,1653
1534,1599,1598,1527,1600,1567,1429
1535,1433,1561,1560,1562,1516,1636
1536,1501,1435,1685,1754,1606,1686,1753
1537,1633,1634,1624,1585,1433,1516
1538,1655,1654,1447,1476,1710,1589
1539,1747,1641,1605,1434,1659,1510
1540,1498,1436,1599,1598,1593,1667
1541,1441,1542,1519,1694,1543,1488
1542,1441,1541,1519,1559,1518,1560
1543,745,744,1541,1694,1519,1695
1544,1617,1526,1717,1701,1449,1716
1545,1575,1428,737,1622,1621,1623
1546,1680,1458,1679,1699,1588,1426
1547,1548,1427,1572,1627,1628,1626
1548,1628,1629,1547,1427,1656,1551
1549,1495,1437,1621,1592,1681,1680
1550,1581,1608,1573,1442,1732,1731
1551,1740,4,1552,1427,1656,1548
1552,1573,1442,4,1551,1427,3
1553,1597,1594,1639,1430,1431,1595
1554,1602,1527,1604,30,1555,1429
1555,1554,30,1556,31,1429
1556,1567,1595,1555,31,1596,32,1429
1557,1440,1748,1493,1700,716
1558,1457,1468,1685,1684,1577,1693
1559,1432,1583,1561,1560,1518,1542
1560,1559,1561,1542,1441,1562,1535
1561,1584,1583,1433,1535,1559,1560
1562,1636,1637,1521,1441,1560,1535
1563,1479,1448,1576,1635,1709,1634
1564,7,1742,1721,1739,1640,1446,1483
1565,1726,1725,1465,1460,1666,1574
1566,1674,1673,1578,1601,1443,1486
1567,1534,1429,1556,1595,1598,1597
1568,1650,1649,1500,1627,1580,1439
1569,1570,1717,1716,1472,1454,1660
1570,1657,1618,1717,1569,1660,1661
1571,1490,1724,1616,1617,1738,1491
1572,1427,1573,1732,1547,1625,1626
1573,1572,1427,1732,1552,1442,1550
1574,1665,1666,1459,1565,1469,1725
1575,1545,1428,1585,1584,1586,1623
1576,1635,1563,1709,1708,1453,1478
1577,1692,1471,1461,1693,1684,1558
1578,1673,1566,1601,1492,1600,1444
1579,1657,1618,1702,1452,1451,1631
1580,1438,1628,1627,1505,1568,1650
1581,1607,722,1550,1608,1442,748
1582,1438,1507,1744,1745,1629,22
1583,1584,1561,1586,1587,1432,1559
1584,1585,1575,1561,1583,1433,1586
1585,1584,1575,1624,1623,1537,1433
1586,1428,1750,1583,1587,1584,1575
1587,739,740,1586,1583,1750,720,1432
1588,1463,1470,1679,1698,1699,1546
1589,1481,1455,1710,1711,1538,1655
1590,1706,1524,1646,1642,1730,1735
1591,1625,1643,1626,1439,1515,1645
1592,1622,736,735,1549,1621,1681
1593,1540,1667,1444,1599,1504,1668
1594,1597,1553,1638,1525,1639,1436
1595,1556,1567,1596,1430,1597,1553
1596,1556,1595,1430,1746,32
1597,1594,1553,1595,1598,1436,1567
1598,1534,1599,1567,1436,1597,1540
1599,1534,1598,1600,1444,1540,1593
1600,1534,1527,1599,1578,1601,1444
1601,1566,1578,1443,1600,1527,1602
1602,1603,1443,1527,1554,1601,1604
1603,1511,5,1443,1602,6,1604,1741
1604,30,29,1741,1603,1602,1554
1605,1440,1641,1539,1517,1658,1659
1606,1607,722,1754,1536,746,1435
1607,1581,722,1606,1608,1435
1608,1550,1581,1530,1731,1435,1607
1609,11,1531,1610,1462,1477,1720
1610,1611,13,1609,1462,12,11
1611,13,1610,1612,1523,1462,1613
1612,1484,1704,1703,1523,1611,1462
1613,13,1611,1523,1450,1743
1614,1652,1651,1529,1675,1474,1464
1615,1528,1672,1648,1466,1473,1671
1616,1723,1724,1449,1496,1617,1571
1617,1526,1544,1738,1449,1616,1571
1618,1657,1570,1579,1717,1701,1702
1619,1533,1727,1482,1654,1653,1499
1620,1509,1445,1682,1731,1683,1530
1621,1549,1592,1622,1545,1437,1623
1622,736,1592,1545,737,1751,1621
1623,1624,1585,1575,1621,1437,1545
1624,1585,1623,1437,1522,1537,1633
1625,1591,1643,1626,1572,1732,1445
1626,1625,1572,1627,1439,1547,1591
1627,1628,1547,1626,1439,1580,1568
1628,1548,1629,1627,1547,1580,1438
1629,1438,1582,1548,1628,22,1656
1630,1526,1738,1734,1489,1715,1455
1631,1451,15,16,1662,723,1579,1657
1632,1522,1633,1678,1514,1677,1448
1633,1522,1632,1537,1634,1448,1624
1634,1537,1633,1448,1563,1516,1635
1635,1576,1563,1516,1634,1636,1453
1636,1637,1453,1562,1635,1516,1535
1637,1636,1453,1562,1691,1521,1502
1638,1525,1664,1446,1513,1594,1639
1639,1640,1431,1553,1594,1446,1638
1640,1639,1431,1446,1564,1742
1641,1605,1440,1747,1539,1748,728,727
1642,1480,1466,1646,1590,1730,1647
1643,1591,1625,1445,1644,1645,1509
1644,1509,1687,1643,1645,1475,1524
1645,1646,1515,1524,1643,1644,1591
1646,1515,1647,1645,1524,1590,1642
1647,1515,1646,1466,1648,1500,1642
1648,1647,1466,1528,1615,1500,1649
1649,1456,1528,1650,1568,1500,1648
1650,1456,1651,1568,1649,1505,1580
1651,1652,1614,1650,1456,1529,1505
1652,1651,1614,1464,1736,1505,1507
1653,1491,1533,1654,1619,1734,1655
1654,1655,1538,1482,1447,1619,1653
1655,1654,1538,1734,1653,1589,1455
1656,1740,21,22,1629,1551,1548
1657,1618,1570,1579,1661,1662,1631
1658,1697,1517,1506,1605,1454,1659
1659,1660,1454,1510,1605,1539,1658
1660,1454,1659,1510,1569,1570,1661
1661,1657,1662,1510,1532,1570,1660
1662,1657,1661,1532,724,723,1631
1663,1719,1513,1718,1503,1664,1459
1664,1638,1525,1513,1665,1663,1459
1665,1498,1666,1574,1525,1664,1459
1666,1498,1665,1574,1667,1460,1565
1667,1666,1460,1668,1540,1593,1498
1668,1460,1667,1504,1670,1593,1508
1669,1729,1480,1728,1473,1670,1508
1670,1504,1671,1473,1669,1668,1508
1671,1504,1492,1670,1615,1473,1672
1672,1492,1673,1528,1615,1671,1467
1673,1674,1566,1578,1672,1492,1467
1674,1673,1566,1529,1467,1486,1675
1675,1676,1474,1486,1674,1529,1614
1676,1511,1486,1474,1675,25,24,5
1677,1514,1712,1678,1463,1494,1632
1678,1495,1679,1677,1463,1632,1522
1679,1495,1678,1680,1463,1546,1588
1680,1679,1495,1458,1546,1681,1549
1681,735,1749,1592,1458,1680,1549
1682,1509,1687,1497,1461,1620,1683
1683,1530,1501,1684,1461,1682,1620
1684,1685,1558,1501,1683,1461,1577
1685,1558,1684,1501,1686,1457,1536
1686,1457,1685,1536,1753,1752
1687,1688,1475,1509,1644,1682,1497
1688,1497,1690,1687,1475,1487,1689
1689,1690,1502,1478,1707,1487,1688
1690,1688,1497,1691,1502,1689,1471
1691,1502,1690,1692,1521,1637,1471
1692,1693,1488,1577,1471,1521,1691
1693,1488,1692,1577,1558,1694,1468
1694,1541,1543,1488,1693,1468,1695
1695,775,745,1468,1512,1694,776,1543
1696,1713,1714,1506,1494,1470,1697
1697,1470,1698,1658,1517,1506,1696
1698,1699,1493,1697,1470,1588,1517
1699,1493,1698,1426,1700,1588,1546
1700,716,717,1699,1426,1493,1557,718
1701,1702,1485,1717,1618,1544,1449
1702,1485,1703,1701,1452,1579,1618
1703,1612,1704,1485,1702,1452,1523
1704,1612,1484,1703,1722,1496,1485
1705,1737,1735,1520,1706,1707,1487
1706,1524,1475,1590,1735,1705,1487
1707,1478,1708,1520,1689,1487,1705
1708,1707,1478,1520,1476,1576,1709
1709,1710,1476,1479,1563,1576,1708
1710,1476,1709,1589,1711,1538,1479
1711,1514,1712,1589,1710,1481,1479
1712,1514,1711,1713,1481,1677,1494
1713,1712,1481,1696,1714,1489,1494
1714,1713,1696,1506,1472,1489,1715
1715,1489,1630,1472,1716,1526,1714
1716,1472,1715,1526,1717,1544,1569
1717,1570,1569,1618,1701,1544,1716
1718,1663,1719,1503,1722,1484,1477
1719,1513,1663,1718,1483,1477,1720
1720,1721,1483,1609,1477,1531,1719
1721,1739,2,1564,1483,1720,1531
1722,1496,1704,1484,1503,1723,1718
1723,1503,1722,1469,1616,1724,1496
1724,1490,1571,1725,1616,1723,1469
1725,1490,1724,1565,1726,1469,1574
1726,1565,1725,1490,1533,1727,1465
1727,1533,1726,1619,1465,1728,1499
1728,1729,1499,1669,1508,1465,1727
1729,1480,1730,1728,1499,1733,1669
1730,1729,1480,1642,1590,1735,1733
1731,1530,1608,1445,1620,1732,1550
1732,1572,1573,1550,1625,1445,1731
1733,1729,1730,1499,1735,1482,1737
1734,1738,1630,1491,1653,1655,1455
1735,1737,1705,1590,1730,1733,1706
1736,1464,23,1745,55,1652,56,1507
1737,1735,1705,1733,1482,1520,1447
1738,1630,1526,1734,1617,1571,1491
1739,1721,2,1564,1,7
1740,1551,4,20,1656,21
1741,28,6,1604,29,1603
1742,34,1431,35,1564,7,1640
1743,14,44,43,13,1450,1613
1744,22,53,1582,1745,54
1745,1736,55,54,1744,1582,1507
1746,68,67,32,33,1430,1596
1747,1539,1641,727,1434,726
1748,716,729,728,1641,1440,1557
1749,719,1458,735,1681,734
1750,739,738,1428,1586,1587
1751,737,765,764,736,1622
1752,1753,778,777,1686,1512,1457
1753,1752,778,779,1536,1686,1754
1754,746,780,1536,1606,779,1753
