1,4,922,20,1000,950,3
2,990,989,16,938,15,14
3,22,4,21,41,20,1
4,22,3,23,922,5,1
5,6,24,4,922,987,23
6,25,7,5,24,959,987
7,25,6,26,463,968,460,959
8,958,10,969,479,9,27,500
9,29,28,27,10,8
10,941,11,958,8,29,9,30
11,941,10,955,30,31,12
12,954,13,32,31,955,11
13,954,12,14,33,32,990
14,33,13,34,15,990,2
15,16,2,34,14,36,35
16,2,938,15,17,37,36
17,37,16,938,18,38,992
18,992,991,19,39,38,17
19,40,39,20,991,18,1000
20,40,19,41,3,1,1000
21,42,65,43,3,22,41
22,3,4,23,44,21,43
23,45,44,22,4,24,5
24,5,6,45,23,25,46
25,6,7,26,47,46,24
26,7,25,463,48,47
27,28,49,9,8,500,524
28,49,27,51,29,50,9
29,51,28,52,9,10,30
30,31,53,11,10,52,29
31,53,30,32,54,11,12
32,33,55,54,31,12,13
33,34,56,32,55,14,13
34,33,56,14,15,35,57
35,59,58,15,34,36,57
36,60,59,37,16,15,35
37,61,60,17,16,36,38
38,37,61,39,18,62,17
39,62,63,40,19,38,18
40,39,19,20,64,41,63
41,64,40,20,3,21,65
42,21,65,92,66,67,43
43,44,68,67,42,21,22
44,45,23,43,68,69,22
45,44,23,70,69,46,24
46,47,71,70,45,25,24
47,46,71,72,48,26,25
48,72,47,463,480,73,501,26
49,74,581,28,27,50,551,524
50,75,74,76,51,28,49
51,28,29,52,76,50,77
52,53,78,77,29,51,30
53,52,78,31,30,54,79
54,55,80,32,31,79,53
55,81,80,32,33,54,56
56,33,34,57,82,81,55
57,56,82,83,58,34,35
58,85,84,59,35,83,57
59,36,60,58,85,35,86
60,36,59,37,61,86,87
61,37,60,62,88,87,38
62,88,61,39,63,89,38
63,62,39,90,89,64,40
64,91,90,65,40,41,63
65,21,42,92,91,64,41
66,92,42,122,94,93,67
67,68,43,95,94,66,42
68,43,44,96,95,67,69
69,45,70,68,96,97,44
70,98,97,71,45,69,46
71,99,72,46,47,98,70
72,99,71,47,48,100,73
73,525,101,100,72,48,501
74,49,581,75,50,102
75,76,104,74,50,102,103
76,104,75,77,105,50,51
77,105,76,52,78,106,51
78,52,53,77,107,106,79
79,108,107,80,78,54,53
80,55,81,108,109,54,79
81,110,109,55,80,56,82
82,56,57,110,81,111,83
83,57,58,84,112,111,82
84,58,85,113,114,83,112
85,58,84,59,86,115,114
86,87,116,60,59,115,85
87,86,116,117,60,88,61
88,62,61,117,118,87,89
89,88,118,90,63,119,62
90,120,119,89,63,91,64
91,65,92,120,90,121,64
92,65,91,42,66,122,121
93,124,123,156,122,94,66
94,95,125,93,124,66,67
95,96,68,94,125,126,67
96,127,126,95,68,97,69
97,98,70,127,128,96,69
98,97,70,99,71,128,129
99,130,129,71,72,98,100
100,73,101,131,130,99,72
101,525,73,132,131,100,552
102,74,75,134,103,581,133
103,104,136,135,134,102,75
104,103,136,105,137,76,75
105,137,104,138,77,76,106
106,139,138,105,107,78,77
107,79,108,139,106,140,78
108,79,107,141,140,109,80
109,81,110,142,141,108,80
110,81,109,142,82,111,143
111,144,143,110,82,112,83
112,83,84,111,144,145,113
113,146,147,84,114,145,112
114,148,115,147,85,113,84
115,148,149,116,86,114,85
116,86,87,115,149,150,117
117,116,87,118,151,150,88
118,117,151,88,152,119,89
119,120,153,152,118,90,89
120,119,153,90,154,121,91
121,122,155,120,154,91,92
122,156,93,121,155,92,66
123,93,124,157,192,158,156
124,93,123,158,159,125,94
125,159,160,94,95,124,126
126,127,96,161,160,125,95
127,126,96,162,128,97,161
128,162,127,97,163,98,129
129,99,130,163,128,164,98
130,99,129,164,131,165,100
131,166,165,132,101,130,100
132,131,101,614,166,552,582
133,134,167,648,581,102,580,613
134,133,167,168,135,103,102
135,136,170,103,169,168,134
136,103,104,135,170,171,137
137,105,104,138,136,172,171
138,137,105,139,106,172,173
139,138,106,174,173,107,140
140,175,174,139,141,108,107
141,142,176,175,140,108,109
142,176,141,109,110,143,177
143,144,111,177,178,142,110
144,143,111,145,179,178,112
145,180,179,144,146,112,113
146,181,180,182,113,147,145
147,148,114,183,182,146,113
148,115,149,184,183,114,147
149,148,115,116,150,185,184
150,149,185,116,186,151,117
151,152,187,186,150,117,118
152,151,187,119,153,118,188
153,154,189,188,119,120,152
154,189,153,120,190,121,155
155,156,191,121,122,190,154
156,192,191,155,122,93,123
157,123,192,158,193,194,231
158,195,194,124,123,157,159
159,125,160,158,124,195,196
160,159,125,161,126,197,196
161,160,126,127,197,162,198
162,127,128,161,163,199,198
163,162,128,199,200,129,164
164,201,200,129,130,163,165
165,131,166,201,202,130,164
166,131,165,203,614,132,202
167,687,204,133,134,168,648
168,204,205,169,134,135,167
169,205,206,207,170,135,168
170,207,169,135,136,171,208
171,170,136,208,209,137,172
172,173,210,209,138,137,171
173,172,210,174,139,138,211
174,175,140,173,139,212,211
175,176,213,174,140,141,212
176,175,213,142,141,177,214
177,143,178,214,176,142,215
178,216,215,177,143,144,179
179,145,180,144,178,216,217
180,145,179,218,181,217,146
181,218,180,146,182,219,220
182,181,146,183,147,220,221
183,148,184,182,147,221,222
184,148,149,183,222,223,185
185,149,150,224,223,186,184
186,187,225,150,151,224,185
187,225,186,151,152,226,188
188,153,189,227,152,187,226
189,154,153,188,227,190,228
190,189,154,191,229,155,228
191,192,156,155,230,229,190
192,191,156,123,157,230,231
193,233,232,157,194,273,231
194,158,195,193,157,233,234
195,158,194,196,235,159,234
196,236,235,197,195,159,160
197,236,196,160,161,237,198
198,197,161,199,238,162,237
199,162,163,198,238,200,239
200,199,163,239,164,201,240
201,164,200,165,202,241,240
202,242,241,203,201,165,166
203,166,614,242,202,649,243
204,168,205,244,729,687,167
205,204,168,169,206,244,245
206,205,169,207,247,246,245
207,247,248,206,169,170,208
208,249,248,171,170,207,209
209,172,210,249,250,208,171
210,172,173,251,250,209,211
211,174,212,173,252,210,251
212,213,253,174,211,252,175
213,175,176,214,254,253,212
214,254,213,255,177,176,215
215,216,178,256,255,214,177
216,215,178,256,257,179,217
217,180,218,258,257,179,216
218,180,181,217,219,259,258
219,261,260,218,181,220,259
220,219,181,261,262,221,182
221,262,263,220,182,222,183
222,264,223,184,263,221,183
223,264,222,224,185,184,265
224,223,185,186,266,265,225
225,187,186,226,267,266,224
226,267,225,187,188,268,227
227,269,268,188,189,228,226
228,269,227,229,270,189,190
229,230,191,270,228,190,271
230,229,191,271,272,231,192
231,272,273,230,192,193,157
232,318,274,275,193,233,273
233,193,232,276,275,234,194
234,235,277,276,233,194,195
235,234,277,236,278,196,195
236,235,278,279,196,197,237
237,280,279,236,197,198,238
238,198,199,280,237,239,281
239,282,281,238,199,200,240
240,282,283,239,241,200,201
241,283,240,202,242,284,201
242,202,241,203,284,285,243
243,649,688,286,285,242,203
244,245,287,774,204,205,729
245,244,287,288,246,205,206
246,289,288,290,245,206,247
247,207,248,291,290,206,246
248,247,207,208,249,292,291
249,293,250,208,248,209,292
250,293,249,210,251,294,209
251,210,250,294,252,295,211
252,253,296,295,211,212,251
253,213,254,252,296,212,297
254,297,298,214,213,255,253
255,256,299,298,214,254,215
256,257,300,299,255,215,216
257,300,256,258,217,216,301
258,302,301,259,257,217,218
259,303,260,302,258,218,219
260,261,219,303,259,305,304
261,260,219,306,305,220,262
262,263,307,221,261,220,306
263,307,262,221,222,264,308
264,222,223,308,263,309,265
265,264,223,309,310,266,224
266,311,310,265,224,267,225
267,312,268,226,225,311,266
268,269,313,312,227,267,226
269,268,313,227,270,314,228
270,314,269,315,229,228,271
271,315,270,229,230,316,272
272,231,273,317,316,271,230
273,318,317,272,231,193,232
274,318,232,275,319,359,320
275,232,274,233,276,320,321
276,233,275,321,322,277,234
277,234,235,276,322,323,278
278,323,324,235,236,279,277
279,280,237,278,236,324,325
280,279,237,281,326,238,325
281,326,280,239,282,327,238
282,239,281,240,283,328,327
283,282,240,328,329,241,284
284,241,283,329,330,285,242
285,286,331,330,284,243,242
286,688,730,285,331,243
287,244,245,774,288,332
288,245,287,289,246,332
289,288,246,332,333,371,290,872,814
290,247,291,333,289,246
291,333,334,292,247,290,248
292,334,291,248,249,293,335
293,249,250,294,336,335,292
294,337,295,336,250,293,251
295,338,337,294,252,296,251
296,252,253,297,339,338,295
297,254,298,340,339,296,253
298,297,254,340,341,299,255
299,342,341,256,300,255,298
300,301,343,257,256,342,299
301,343,300,258,302,344,257
302,258,301,344,259,303,345
303,346,345,259,260,302,304
304,346,347,305,260,303
305,304,347,260,261,306
306,261,305,347,307,262
307,263,262,348,347,306,308
308,349,309,264,263,348,307
309,349,308,264,350,310,265
310,266,311,350,351,309,265
311,266,310,351,352,312,267
312,352,353,268,313,267,311
313,314,354,268,269,312,353
314,354,313,270,269,355,315
315,270,314,271,355,356,316
316,272,317,356,315,357,271
317,273,318,272,316,358,357
318,232,274,273,317,358,359
319,360,392,274,359,361,320
320,362,361,275,274,319,321
321,275,276,320,363,322,362
322,364,363,323,321,276,277
323,278,324,365,364,322,277
324,323,278,365,366,279,325
325,324,279,367,366,280,326
326,281,280,325,367,368,327
327,369,368,326,328,281,282
328,327,369,283,282,329,370
329,283,328,370,330,284
330,285,331,370,329,284
331,775,402,285,286,730,370,330
332,774,815,288,289,287,814
333,291,334,371,289,290
334,333,291,371,372,335,292
335,372,373,334,336,293,292
336,374,373,294,337,293,335
337,295,338,294,374,375,336
338,375,376,295,337,339,296
339,297,340,338,376,296,377
340,297,298,339,378,341,377
341,379,378,299,342,340,298
342,343,300,299,341,380,379
343,301,300,381,380,342,344
344,343,301,302,381,345,382
345,303,346,383,382,344,302
346,303,345,347,383,304
347,383,346,384,348,304,305,307,413,306
348,384,347,349,307,308
349,348,384,308,309,350
350,349,384,310,351,309
351,352,384,350,310,311
352,351,384,312,353,385,311
353,352,312,354,313,386,385
354,314,313,355,353,386,387
355,388,356,354,314,315,387
356,388,355,357,389,315,316
357,389,356,390,316,317,358
358,359,391,317,318,390,357
359,358,391,392,274,319,318
360,319,392,418,393,394,361
361,362,320,360,319,394,395
362,361,320,396,395,321,363
363,397,396,364,322,321,362
364,363,322,323,398,397,365
365,324,366,323,399,398,364
366,399,400,365,324,325,367
367,325,366,368,401,400,326
368,327,369,367,401,402,326
369,327,368,402,328,370
370,331,402,329,328,369,330
371,334,372,333,403,427,289,900,872
372,335,373,371,334,403
373,372,335,336,374,403,404
374,404,405,336,373,375,337
375,338,376,406,374,405,337
376,375,338,407,406,339,377
377,407,408,378,340,339,376
378,341,379,408,409,340,377
379,341,378,410,409,380,342
380,381,343,411,410,379,342
381,412,411,380,343,382,344
382,413,383,412,381,345,344
383,347,346,345,413,382
384,347,348,351,352,349,414,413,350,385
385,386,414,384,352,353
386,387,414,385,354,353
387,414,386,388,355,354
388,355,356,414,387,389
389,357,356,390,415,414,388
390,416,391,389,357,415,358
391,358,359,417,392,416,390
392,417,391,359,319,360,418
393,418,360,420,419,394
394,420,393,360,361,421,395
395,421,422,394,361,396,362
396,397,363,395,362,422,423
397,396,363,423,424,398,364
398,397,364,365,425,399,424
399,366,400,365,426,425,398
400,399,366,426,367,401
401,402,426,367,368,400
402,449,440,775,331,401,426,370,368,369,873
403,404,427,373,371,372
404,374,405,428,427,403,373
405,404,374,428,375,406,429
406,429,430,376,407,375,405
407,377,408,376,406,431,430
408,407,377,378,409,431,432
409,379,410,408,378,433,432
410,379,409,433,411,434,380
411,412,381,435,434,410,380
412,411,381,382,413,435
413,454,447,382,383,458,435,414,384,412,347
414,387,386,419,415,413,384,385,388,389
415,419,414,390,389,416
416,390,391,415,417,419
417,391,392,418,416,419
418,417,392,360,393,419
419,420,393,414,415,418,436,416,417
420,419,393,394,436,421,437
421,395,422,420,437,394,438
422,421,395,439,423,438,396
423,397,424,439,422,440,396
424,425,440,423,397,398
425,440,424,426,398,399
426,440,425,400,399,401,402
427,900,912,441,455,428,404,403,371
428,441,429,404,405,427
429,406,430,441,428,442,405
430,429,406,443,431,442,407
431,443,444,430,432,408,407
432,431,444,433,409,445,408
433,446,445,409,410,432,434
434,411,435,447,446,410,433
435,413,447,411,434,412
436,437,448,420,419
437,448,436,449,438,420,421
438,449,437,439,421,422
439,449,438,422,423,440
440,425,424,402,449,426,439,423
441,428,429,442,450,455,427
442,441,450,429,430,443
443,431,444,430,450,451,442
444,452,451,443,431,445,432
445,433,446,453,452,444,432
446,433,445,453,454,447,434
447,413,454,435,446,434
448,437,436,449
449,448,437,438,439,402,440
450,441,442,451,455,443
451,444,452,456,455,450,443
452,445,453,444,451,456,457
453,445,452,454,458,446,457
454,413,447,453,458,446
455,456,459,451,450,441,427
456,455,459,451,452,457
457,456,459,452,458,453
458,453,454,413,459,457
459,455,456,457,458
460,464,463,999,944,968,465,7
461,999,933,934,462,467,466
462,461,934,467,468,979,469
463,464,460,26,7,48,480
464,463,460,481,465,480
465,466,482,460,999,481,464
466,467,483,482,465,461,999
467,466,483,462,468,461,484
468,484,485,486,469,467,462
469,486,487,468,470,979,462
470,487,469,979,940,488,471
471,940,916,489,488,472,470
472,490,489,471,916,1001,473
473,491,490,472,474,981,1001
474,492,491,473,475,493,981
475,494,476,493,474,981,917
476,494,475,917,928,980,495
477,972,971,478,980,496,497
478,970,971,498,497,477,479
479,970,969,500,499,498,478,8
480,48,463,501,502,481,464
481,503,482,464,465,502,480
482,483,466,465,504,503,481
483,466,467,482,504,484,505
484,506,505,468,485,467,483
485,486,508,484,468,507,506
486,469,487,508,485,509,468
487,486,469,509,470,488,510
488,471,489,487,510,511,470
489,512,511,490,472,471,488
490,513,512,489,472,473,491
491,492,514,513,474,473,490
492,514,491,474,516,515,493
493,475,494,474,516,517,492
494,475,476,493,518,517,495
495,496,980,476,518,494,519
496,495,980,477,497,520,519
497,478,498,496,477,520,521
498,478,497,479,499,521,522
499,500,479,524,523,522,498
500,499,479,524,27,8
501,48,480,73,526,525,502
502,527,503,480,481,501,526
503,527,502,528,504,481,482
504,528,529,482,483,503,505
505,484,506,529,530,504,483
506,484,505,485,507,531,530
507,485,506,533,532,508,531
508,486,485,534,533,507,509
509,487,486,510,508,534,535
510,487,488,511,535,536,509
511,537,512,489,488,510,536
512,537,511,489,490,513,538
513,490,512,491,514,539,538
514,540,515,492,491,513,539
515,540,514,542,541,516,492
516,517,543,542,515,492,493
517,518,544,516,543,494,493
518,544,517,494,545,495,519
519,546,520,496,495,518,545
520,547,546,497,521,519,496
521,520,497,547,548,498,522
522,499,523,521,498,548,549
523,499,522,524,551,549,550
524,500,499,27,49,523,551
525,101,73,552,526,501
526,552,525,501,553,502,527
527,502,503,528,554,553,526
528,527,503,504,529,554,555
529,528,504,530,556,505,555
530,531,557,529,556,505,506
531,507,506,530,557,532,558
532,533,507,558,559,531,560
533,532,507,508,534,560,561
534,562,535,508,533,509,561
535,562,534,510,536,509,563
536,535,510,511,563,564,537
537,511,512,565,538,564,536
538,565,537,539,566,512,513
539,566,538,513,514,540,567
540,514,515,541,568,567,539
541,568,569,542,515,540,570
542,571,570,541,515,543,516
543,516,517,571,572,542,544
544,518,517,545,573,572,543
545,518,544,574,546,519,573
546,520,547,574,545,519,575
547,520,546,521,548,576,575
548,577,576,547,521,522,549
549,578,550,577,523,522,548
550,578,549,580,579,551,523
551,49,581,523,524,580,550
552,583,553,525,526,101,132,582
553,583,552,554,584,527,526
554,553,584,585,527,528,555
555,586,585,556,529,528,554
556,529,530,555,586,587,557
557,587,588,530,531,556,558
558,532,559,589,588,531,557
559,558,532,560,591,589,590
560,533,532,591,559,592,561
561,562,593,533,534,560,592
562,534,535,561,593,563,594
563,594,562,536,535,595,564
564,536,537,563,596,565,595
565,537,538,566,597,596,564
566,539,538,597,565,598,567
567,599,598,540,568,566,539
568,599,600,541,569,540,567
569,568,541,602,570,601,600
570,571,542,602,603,569,541
571,570,542,604,603,543,572
572,571,543,573,544,604,605
573,605,606,572,544,545,574
574,545,546,607,575,573,606
575,576,608,547,546,607,574
576,575,608,577,548,547,609
577,576,548,610,609,549,578
578,549,550,577,579,611,610
579,613,580,612,550,611,578
580,613,579,550,551,581,133
581,49,74,102,551,580,133
582,614,615,583,132,552
583,552,553,615,582,584,616
584,553,554,583,616,585,617
585,586,618,555,584,554,617
586,618,585,555,587,619,556
587,586,619,557,588,620,556
588,589,621,587,557,558,620
589,622,621,588,558,559,590
590,624,623,589,622,559,591
591,560,559,590,592,624,625
592,626,625,593,591,560,561
593,561,562,592,626,594,627
594,563,562,593,628,627,595
595,594,628,596,629,563,564
596,595,629,564,565,597,630
597,631,598,566,565,596,630
598,632,631,599,567,597,566
599,568,600,598,567,632,633
600,599,568,634,633,601,569
601,634,600,569,602,636,635
602,570,603,637,636,569,601
603,571,604,602,570,638,637
604,571,603,639,638,605,572
605,573,606,604,639,640,572
606,605,573,641,640,607,574
607,608,642,574,575,641,606
608,575,576,607,642,643,609
609,610,577,643,608,576,644
610,609,577,645,644,578,611
611,645,646,579,578,612,610
612,579,613,648,611,646,647
613,579,580,612,648,133
614,615,650,582,203,166,649,132
615,614,650,582,583,651,616
616,651,615,583,584,652,617
617,585,584,652,616,653,618
618,586,585,619,654,653,617
619,586,587,618,655,654,620
620,656,655,619,587,588,621
621,589,622,588,657,656,620
622,589,621,657,658,590,623
623,659,660,590,624,622,658
624,590,623,660,625,661,591
625,662,661,626,592,624,591
626,625,592,593,663,662,627
627,663,626,593,628,664,594
628,665,629,627,664,594,595
629,665,666,628,630,595,596
630,631,667,629,666,596,597
631,630,667,632,598,597,668
632,631,598,668,599,633,669
633,634,670,600,632,599,669
634,633,670,671,600,601,635
635,671,672,634,673,636,601
636,637,602,674,673,635,601
637,636,602,674,675,638,603
638,639,604,676,675,637,603
639,638,604,676,640,677,605
640,678,641,639,677,606,605
641,679,678,640,606,607,642
642,607,608,643,679,680,641
643,642,608,680,609,681,644
644,681,643,645,610,682,609
645,611,646,682,683,644,610
646,647,684,645,611,612,683
647,646,684,685,612,648,686
648,613,612,133,167,647,686,687
649,689,688,243,203,614,650
650,614,615,690,689,649,651
651,615,616,652,650,690,691
652,616,617,651,691,692,653
653,693,692,654,652,618,617
654,694,655,653,693,618,619
655,620,656,694,654,695,619
656,620,655,657,621,695,696
657,621,622,656,658,697,696
658,657,622,697,698,623,659
659,660,700,623,699,698,658
660,700,659,623,624,661,701
661,625,662,624,701,660,702
662,625,661,702,663,626,703
663,662,626,704,703,627,664
664,705,704,663,627,628,665
665,629,666,628,706,664,705
666,707,706,665,629,630,667
667,708,707,630,631,668,666
668,709,708,632,631,667,669
669,709,710,668,632,633,670
670,711,710,633,634,671,669
671,635,672,670,634,712,711
672,671,635,712,714,673,713
673,715,674,714,672,635,636
674,715,673,716,637,675,636
675,717,716,674,637,638,676
676,638,639,717,718,677,675
677,719,718,639,640,676,678
678,679,641,640,719,677,720
679,678,641,721,680,642,720
680,721,722,679,642,643,681
681,722,723,682,680,643,644
682,645,683,681,723,724,644
683,684,725,682,645,724,646
684,646,647,683,725,685,726
685,686,728,684,647,727,726
686,687,729,728,685,648,647
687,686,729,167,204,648
688,731,730,286,689,649,243
689,690,650,688,649,732,731
690,732,733,689,650,651,691
691,690,651,652,692,733,734
692,693,735,691,652,653,734
693,735,692,694,736,653,654
694,737,736,654,655,693,695
695,737,694,738,696,655,656
696,738,739,697,695,656,657
697,739,696,658,698,740,657
698,699,741,740,659,697,658
699,698,741,659,700,742,743
700,660,659,701,744,699,743
701,744,745,700,661,660,702
702,661,662,701,745,746,703
703,704,747,746,662,702,663
704,703,747,705,664,748,663
705,748,749,704,664,665,706
706,666,707,750,749,665,705
707,666,706,667,708,751,750
708,667,707,668,709,751,752
709,669,710,753,668,708,752
710,709,669,753,670,711,754
711,670,710,712,755,754,671
712,711,755,713,756,671,672
713,758,757,756,712,714,672
714,673,715,713,758,759,672
715,673,674,714,716,760,759
716,717,675,715,760,761,674
717,762,761,716,675,676,718
718,719,677,717,676,762,763
719,718,677,678,764,720,763
720,679,721,678,764,719,765
721,680,722,679,720,766,765
722,681,723,721,680,767,766
723,724,768,722,681,767,682
724,723,768,682,683,725,769
725,683,684,726,770,769,724
726,725,684,685,727,770,771
727,772,771,685,728,773,726
728,686,685,727,773,729,774
729,686,687,244,774,204,728
730,688,731,286,331,775
731,688,730,732,775,689
732,690,733,689,775,731,776
733,732,690,776,777,691,734
734,778,777,735,692,691,733
735,693,692,736,779,778,734
736,694,737,779,735,693,780
737,694,736,781,780,695,738
738,696,739,695,737,781,782
739,738,696,697,740,783,782
740,741,784,698,739,697,783
741,784,740,698,699,742,785
742,699,741,787,743,785,786
743,787,788,742,700,744,699
744,701,745,700,743,789,788
745,744,701,746,790,789,702
746,790,745,703,747,791,702
747,748,792,703,704,791,746
748,705,749,792,747,793,704
749,748,705,706,750,793,794
750,706,749,794,795,751,707
751,796,752,750,707,708,795
752,796,751,708,797,753,709
753,710,709,754,798,797,752
754,753,798,710,711,755,799
755,756,799,711,712,754
756,799,755,713,712,757
757,713,758,800,799,756
758,713,757,714,800,801,759
759,801,802,760,758,714,715
760,761,803,715,716,802,759
761,760,803,762,717,804,716
762,761,717,804,805,763,718
763,806,764,805,762,719,718
764,806,763,719,720,765,807
765,721,766,808,807,764,720
766,721,722,765,767,809,808
767,810,809,722,723,768,766
768,810,811,723,724,767,769
769,770,812,811,725,724,768
770,725,726,813,771,769,812
771,727,772,813,770,814,726
772,727,771,773,815,814
773,727,728,774,772,815
774,244,287,332,815,729,728,773
775,402,331,732,731,730,776,816,873
776,775,732,816,777,733
777,734,778,816,776,733
778,817,816,734,777,779,735
779,736,735,780,778,818,817
780,779,736,818,819,737,781
781,782,820,737,780,819,738
782,820,781,783,739,821,738
783,821,822,784,782,739,740
784,741,740,783,822,785,823
785,784,823,741,742,824,786
786,826,825,824,785,742,787
787,743,788,742,827,826,786
788,787,743,827,789,828,744
789,788,828,744,745,790,829
790,746,745,830,829,789,791
791,831,830,792,747,746,790
792,748,747,831,791,793,832
793,832,792,749,794,748,833
794,750,795,833,834,793,749
795,794,750,796,834,751
796,751,752,795,834,797
797,753,798,796,752,834
798,753,754,799,834,797
799,757,800,756,755,835,861,834,798,754
800,757,799,801,835,758
801,802,836,835,800,759,758
802,801,836,759,760,803,837
803,760,761,802,837,838,804
804,762,761,805,839,838,803
805,806,763,840,839,762,804
806,807,841,763,764,805,840
807,841,806,765,808,842,764
808,809,843,765,807,766,842
809,810,767,843,808,766,844
810,845,844,768,811,809,767
811,810,768,769,812,845,846
812,846,847,769,770,813,811
813,770,771,814,847,812
814,815,332,771,813,772,847,872,289
815,774,332,814,773,772
816,817,778,775,776,873,777,848
817,816,778,848,818,779
818,817,779,848,780,819
819,848,818,780,849,781,820
820,782,781,849,850,819,821
821,783,822,851,850,782,820
822,821,783,852,851,784,823
823,853,852,784,785,822,824
824,854,853,823,785,786,825
825,826,856,786,824,855,854
826,827,857,825,856,786,787
827,858,857,826,787,788,828
828,859,858,829,788,789,827
829,790,830,828,859,860,789
830,791,831,790,829,860
831,791,830,792,860,832
832,793,792,831,860,833
833,794,834,860,793,832
834,833,794,795,796,860,799,798,861,797
835,861,799,801,836,800
836,862,861,801,802,835,837
837,862,836,802,803,838,863
838,837,803,804,839,864,863
839,840,865,805,804,838,864
840,805,806,865,839,841,866
841,807,806,842,840,866,867
842,841,807,843,868,808,867
843,809,808,844,869,868,842
844,845,810,869,843,870,809
845,844,810,811,870,846,871
846,847,872,871,812,845,811
847,846,872,812,814,813
848,816,817,873,818,819,849
849,820,850,873,848,819
850,821,851,849,820,874,873
851,852,822,821,850,874,875
852,823,853,851,822,876,875
853,854,877,824,823,852,876
854,853,877,824,878,825,855
855,856,879,878,825,854
856,857,879,855,825,826
857,827,858,826,879,856
858,827,857,828,859,879
859,828,858,879,829,860
860,879,859,829,830,834,833,831,832,861
861,902,908,836,862,835,799,880,860,834,893
862,836,861,837,880,863
863,837,862,880,838,864,881
864,882,881,865,839,838,863
865,840,839,866,883,882,864
866,867,884,883,865,840,841
867,884,866,868,885,842,841
868,867,885,843,869,886,842
869,844,843,868,870,887,886
870,887,888,845,844,871,869
871,846,872,845,870,888
872,846,847,871,289,371,814,888,900
873,889,874,816,775,848,849,402,850,901
874,889,873,851,875,850
875,874,851,889,852,876
876,853,852,889,875,877,890
877,853,854,878,891,876,890
878,891,877,854,855,879,892
879,857,856,859,858,855,878,892,901,860
880,881,893,861,862,863
881,893,880,882,864,863,894
882,881,864,865,883,894,895
883,866,865,884,882,895,896
884,897,896,867,866,885,883
885,898,886,867,868,897,884
886,898,899,885,887,868,869
887,870,888,900,886,899,869
888,887,870,872,900,871
889,873,874,875,876,890,901
890,889,876,877,891,901
891,892,901,878,877,890
892,901,891,878,879
893,881,880,894,861,902
894,881,893,882,902,903,895
895,904,903,883,896,894,882
896,884,897,895,883,904,905
897,884,896,898,885,905,906
898,886,899,885,907,897,906
899,898,886,887,900,907
900,427,912,371,888,872,887,899,907
901,892,891,873,889,890,879
902,908,861,893,894,903
903,904,909,895,894,902,908
904,903,909,895,896,905,910
905,897,906,904,896,910,911
906,907,912,898,905,897,911
907,906,912,899,900,898
908,902,861,903,909,913
909,903,904,908,910,913
910,911,914,909,913,904,905
911,910,914,906,912,905
912,900,427,906,907,911,914
913,909,910,914,908
914,910,911,912,913
915,946,963,925,942,931
916,471,940,927,472,1001,947
917,981,951,476,928,475,926
918,933,961,930,952,964,996
919,988,939,920,991,992,948
920,919,939,948,985,984,982
921,923,954,955,956,957,929
922,4,5,1,950,986,987
923,954,921,989,990,929,965
924,971,932,970,967,943
925,915,942,974,975,976,946
926,973,974,928,917,951,975
927,978,977,940,976,947,916
928,980,972,476,917,926,973
929,983,965,994,957,921,923
930,978,934,918,952,933,977
931,942,993,915,960,937,963,962
932,971,924,973,966,972,967
933,461,999,918,961,930,934
934,930,978,461,462,933,979
935,984,945,986,949,936,985
936,935,949,945,998,962,964,996
937,982,983,994,960,931,993
938,16,2,989,988,17,992
939,988,919,965,920,983,982
940,471,916,978,927,979,470
941,11,10,955,958,956
942,997,966,931,993,925,915,974
943,970,969,953,958,967,924
944,996,961,999,460,968,998
945,984,935,936,960,962
946,963,915,976,977,952,925
947,975,951,976,927,1001,916
948,950,1000,985,991,919,920
949,987,959,986,935,936,998
950,1000,948,985,1,922,986
951,917,981,975,947,1001,926
952,930,918,964,963,946,977
953,958,956,995,957,943,967
954,923,921,13,12,955,990
955,941,11,954,12,956,921
956,958,953,955,941,921,957
957,953,995,994,956,921,929
958,10,8,953,956,969,941,943
959,987,949,998,968,7,6
960,945,984,937,982,931,962
961,996,944,918,933,999
962,963,964,936,945,931,960
963,946,915,962,964,931,952
964,962,963,996,936,918,952
965,983,929,988,939,923,989
966,973,932,997,967,942,974
967,966,997,932,953,995,943,924
968,944,460,7,959,998
969,970,479,8,958,943
970,478,971,969,479,924,943
971,972,477,970,478,932,924
972,971,477,980,973,932,928
973,966,932,972,926,974,928
974,942,925,973,926,966,975
975,925,976,951,947,974,926
976,927,977,946,925,975,947
977,927,978,976,946,952,930
978,927,977,930,934,940,979
979,940,470,469,462,934,978
980,477,972,928,496,495,476
981,917,951,475,474,473,1001
982,937,983,939,920,960,984
983,965,929,994,937,982,939
984,945,935,985,920,960,982
985,984,935,950,948,920,986
986,935,949,987,985,922,950
987,949,959,6,986,5,922
988,939,919,965,989,938,992
989,923,990,2,965,988,938
990,923,989,2,954,13,14
991,18,992,919,19,948,1000
992,18,991,919,988,938,17
993,942,931,995,994,997,937
994,995,957,929,983,993,937
995,953,957,994,967,993,997
996,961,944,964,936,998,918
997,966,967,942,993,995
998,959,949,936,996,968,944
999,461,933,460,944,465,466,961
1000,950,948,1,20,19,991
1001,472,916,947,951,981,473
