1,1457,3,1613,1724,11,2
2,13,3,12,34,11,1
3,1457,1,4,13,2,14
4,1629,1739,15,3,1457,14
5,16,1739,1643,1644,17,1645
6,19,18,1645,1513,7,1512
7,8,20,1513,1728,6,19
8,20,7,717,1728,731
9,1740,1731,24,1558,26,25
10,1723,1724,32,1741,11,33
11,34,33,10,1724,1,2
12,34,69,35,36,13,2
13,2,3,36,12,14,37
14,4,15,13,3,37,38
15,16,1739,4,39,38,14
16,15,1739,5,17,40,39
17,40,16,41,1645,18,5
18,19,6,1645,17,41,42
19,20,43,18,6,42,7
20,762,44,731,8,7,19,43
21,46,45,761,1597,22,1484
22,47,46,48,1742,21,1597
23,56,24,1536,1740,55,1743
24,25,57,56,23,1740,9
25,57,24,9,26,59,58
26,1558,27,59,60,9,25
27,26,1558,61,60,28,1706
28,62,61,29,1705,1706,27
29,1705,1680,28,62,63,1744
30,64,65,1744,31,1454,1584
31,65,30,32,66,1741,1584
32,10,1741,67,66,31,33
33,68,67,34,11,10,32
34,12,69,68,2,33,11
35,108,69,71,36,12,70
36,71,35,72,12,37,13
37,36,72,14,38,73,13
38,15,39,74,73,37,14
39,75,40,15,38,74,16
40,75,39,17,16,41,76
41,42,77,76,40,17,18
42,43,78,41,77,19,18
43,79,44,78,42,19,20
44,762,20,80,799,79,43
45,21,46,798,81,761
46,22,47,21,45,82,81
47,22,46,48,84,83,82
48,22,47,84,85,49,1742
49,86,85,50,1681,1742,48
50,51,87,86,49,1681,1522
51,87,50,1589,52,88,1522
52,1590,1589,89,1745,88,51
53,90,1745,91,54,1427,1547
54,92,91,53,1547,1743,55
55,93,92,1743,23,56,54
56,23,24,57,94,93,55
57,25,24,58,95,94,56
58,96,95,57,59,97,25
59,26,60,98,97,58,25
60,99,98,59,26,61,27
61,28,62,60,27,99,100
62,28,61,101,100,29,63
63,64,102,62,101,29,1744
64,102,63,30,65,103,1744
65,64,30,103,104,66,31
66,105,104,67,32,65,31
67,105,66,68,106,33,32
68,67,106,107,33,69,34
69,108,35,107,34,12,68
70,110,109,150,108,71,35
71,35,36,72,70,110,111
72,73,112,111,71,36,37
73,112,72,113,38,74,37
74,38,73,39,75,113,114
75,39,40,76,115,74,114
76,41,77,75,115,116,40
77,41,42,76,78,117,116
78,43,42,77,118,117,79
79,43,44,80,118,119,78
80,44,799,120,119,79
81,798,838,82,121,881,45,46
82,81,121,122,46,47,83
83,123,122,84,47,124,82
84,83,47,124,48,125,85
85,125,126,86,49,84,48
86,85,49,127,126,87,50
87,51,50,127,86,88,128
88,89,129,128,87,52,51
89,88,129,130,90,1745,52
90,1745,53,91,131,130,89
91,92,132,131,54,53,90
92,132,91,93,55,54,133
93,92,55,134,94,56,133
94,135,95,57,56,134,93
95,96,58,57,135,94,136
96,95,58,97,138,137,136
97,96,138,59,98,58,139
98,99,60,139,140,59,97
99,98,60,141,140,61,100
100,101,62,142,141,61,99
101,100,62,63,102,143,142
102,64,63,103,101,143,144
103,144,145,104,65,102,64
104,105,66,103,145,65,146
105,104,66,67,147,146,106
106,67,68,107,148,147,105
107,149,148,69,108,106,68
108,69,35,107,149,70,150
109,195,150,110,70,151,152
110,153,111,152,109,70,71
111,112,154,153,110,72,71
112,73,72,111,154,113,155
113,112,73,114,156,155,74
114,156,113,157,74,115,75
115,116,158,75,76,157,114
116,159,117,158,115,76,77
117,159,116,118,78,160,77
118,161,160,79,119,117,78
119,162,120,80,118,79,161
120,163,162,882,839,119,80,799
121,81,82,164,881,122
122,83,123,165,121,164,82
123,83,122,166,165,167,124
124,167,123,83,84,125,168
125,85,126,169,124,84,168
126,125,85,170,127,169,86
127,170,126,86,171,128,87
128,171,127,88,87,172,129
129,88,89,173,172,130,128
130,174,173,129,131,89,90
131,91,132,175,174,130,90
132,92,91,133,176,175,131
133,132,176,92,93,177,134
134,93,94,135,178,177,133
135,94,95,178,179,136,134
136,137,180,179,96,135,95
137,180,136,181,182,96,138
138,139,183,96,97,182,137
139,98,140,183,138,184,97
140,139,98,99,141,184,185
141,142,186,99,140,185,100
142,141,186,100,187,143,101
143,101,102,142,187,144,188
144,188,189,103,145,102,143
145,144,103,190,189,104,146
146,147,105,104,145,190,191
147,191,192,146,105,148,106
148,149,107,193,147,106,192
149,148,107,193,194,108,150
150,195,109,70,108,149,194
151,152,197,243,196,195,109
152,151,197,110,153,198,109
153,111,154,110,152,199,198
154,111,112,200,199,153,155
155,201,200,112,113,154,156
156,114,113,157,201,155,202
157,114,156,158,115,202,203
158,116,115,157,203,159,204
159,160,205,116,117,158,204
160,161,206,118,159,205,117
161,206,160,118,207,162,119
162,163,120,119,208,207,161
163,882,928,162,120,208,209
164,927,210,121,881,122,165
165,166,123,210,211,122,164
166,165,123,212,213,167,211
167,123,124,214,168,213,166
168,214,215,169,167,124,125
169,215,168,126,125,170,216
170,217,171,216,126,127,169
171,217,170,172,218,127,128
172,218,171,219,173,129,128
173,219,172,129,174,130,220
174,175,221,220,173,130,131
175,221,174,132,176,131,222
176,132,133,175,177,223,222
177,224,223,178,134,176,133
178,224,225,135,179,134,177
179,178,135,225,136,180,226
180,227,226,137,136,181,179
181,227,180,137,182,229,228
182,181,137,138,183,230,229
183,139,138,184,231,182,230
184,183,139,231,140,232,185
185,186,233,184,232,140,141
186,141,142,187,234,185,233
187,188,235,186,234,142,143
188,144,189,236,235,187,143
189,188,144,236,190,145,237
190,189,145,237,191,238,146
191,147,192,238,190,239,146
192,191,147,193,240,239,148
193,148,149,240,192,194,241
194,149,193,150,195,242,241
195,150,109,242,194,243,151
196,245,244,243,151,197,294
197,246,198,151,152,245,196
198,246,197,152,153,199,247
199,200,248,154,153,198,247
200,248,199,201,155,154,249
201,200,155,202,250,156,249
202,203,251,250,201,157,156
203,202,251,157,158,204,252
204,253,205,158,159,203,252
205,254,206,159,160,253,204
206,161,160,254,205,255,207
207,256,255,208,162,206,161
208,256,207,257,162,163,209
209,257,208,977,163,928
210,165,211,259,927,164,258,976
211,259,260,210,165,212,166
212,261,262,260,213,166,211
213,263,214,262,212,166,167
214,263,213,168,215,264,167
215,214,168,216,265,169,264
216,170,217,215,265,169,266
217,170,171,216,267,266,218
218,172,171,268,219,267,217
219,268,218,172,173,269,220
220,221,174,270,269,219,173
221,175,174,220,271,270,222
222,272,271,223,176,175,221
223,177,224,176,222,272,273
224,177,223,225,274,178,273
225,224,274,178,275,179,226
226,227,180,225,179,275,276
227,226,180,277,276,181,228
228,279,278,277,227,229,181
229,228,181,182,230,280,279
230,182,183,229,280,281,231
231,183,184,230,281,282,232
232,283,282,233,231,184,185
233,283,232,234,284,185,186
234,186,187,235,285,284,233
235,286,285,188,187,234,236
236,188,189,287,286,237,235
237,190,189,236,287,288,238
238,289,288,191,190,237,239
239,290,289,238,191,192,240
240,193,192,241,239,291,290
241,292,242,240,193,194,291
242,292,241,195,194,293,243
243,294,293,151,196,242,195
244,245,196,296,295,348,294
245,244,196,197,296,246,297
246,197,198,298,297,247,245
247,248,299,298,246,198,199
248,200,199,247,299,249,300
249,250,301,248,300,201,200
250,202,201,249,301,251,302
251,303,302,202,203,252,250
252,251,303,203,304,253,204
253,204,205,254,304,252,305
254,205,206,253,306,255,305
255,256,207,307,306,254,206
256,255,207,208,307,257,308
257,1029,309,256,208,308,209,977
258,310,1028,259,210,976
259,311,260,211,310,210,258
260,261,312,311,259,211,212
261,212,262,312,260,313,314
262,315,314,261,212,213,263
263,213,214,264,262,316,315
264,265,317,316,263,214,215
265,264,317,215,216,266,318
266,267,217,318,319,216,265
267,268,320,266,217,218,319
268,267,320,218,219,321,269
269,321,322,220,270,268,219
270,323,271,220,269,322,221
271,323,270,272,222,221,324
272,273,325,271,222,324,223
273,325,272,326,274,223,224
274,224,225,275,327,326,273
275,274,225,327,328,276,226
276,227,277,328,329,275,226
277,227,276,329,330,228,278
278,332,279,330,331,228,277
279,332,278,228,229,280,333
280,229,230,334,281,279,333
281,335,334,280,230,231,282
282,232,283,281,231,335,336
283,232,282,233,336,337,284
284,337,338,234,233,285,283
285,339,338,235,286,234,284
286,287,340,235,285,339,236
287,286,340,341,236,288,237
288,289,238,341,287,237,342
289,290,343,288,238,239,342
290,289,343,239,344,291,240
291,345,344,290,241,292,240
292,346,345,241,242,291,293
293,294,243,347,346,292,242
294,347,348,293,243,196,244
295,296,244,349,405,350,348
296,295,244,350,245,351,297
297,298,246,351,296,352,245
298,352,353,297,246,247,299
299,300,354,247,248,353,298
300,299,354,355,301,248,249
301,356,355,300,302,249,250
302,251,303,301,356,357,250
303,251,302,357,252,358,304
304,252,303,358,359,253,305
305,360,306,359,254,304,253
306,360,305,307,255,254,361
307,306,255,362,361,256,308
308,363,362,307,257,309,256
309,364,363,257,1029,308
310,365,311,1028,258,259,1083
311,365,310,259,260,312,366
312,261,260,313,311,366,367
313,368,369,312,261,367,314
314,315,262,370,261,313,369
315,314,262,370,316,371,263
316,371,372,264,317,315,263
317,264,265,316,318,373,372
318,317,373,266,319,374,265
319,375,374,318,266,267,320
320,267,268,375,319,321,376
321,377,376,269,322,320,268
322,321,269,378,323,270,377
323,270,271,378,322,324,379
324,380,325,379,323,271,272
325,273,272,326,380,324,381
326,382,327,325,273,381,274
327,383,382,326,275,328,274
328,276,329,327,275,384,383
329,328,276,277,330,385,384
330,278,331,329,277,385,386
331,330,278,386,387,388,332
332,278,279,331,389,388,333
333,390,389,279,280,332,334
334,281,335,391,390,280,333
335,281,334,392,336,391,282
336,392,335,337,393,283,282
337,394,393,338,284,336,283
338,394,395,285,339,337,284
339,285,338,395,340,286,396
340,396,397,286,287,341,339
341,398,397,340,287,288,342
342,343,289,288,341,398,399
343,289,290,344,400,342,399
344,401,400,345,291,290,343
345,401,344,291,292,346,402
346,292,345,293,347,403,402
347,294,348,293,346,403,404
348,405,404,347,294,295,244
349,350,407,405,295,406,465
350,349,407,408,295,296,351
351,408,350,409,296,297,352
352,298,353,410,409,351,297
353,354,299,352,298,411,410
354,299,300,355,353,411,412
355,354,300,301,356,413,412
356,301,355,302,413,357,414
357,303,302,414,356,358,415
358,359,416,415,357,303,304
359,416,358,417,305,360,304
360,305,306,359,417,361,418
361,362,307,419,418,306,360
362,363,420,361,307,308,419
363,364,309,362,420,308,421
364,363,309,1141,1084,421,422,1029
365,423,1201,310,311,366,1140,1083
366,367,424,423,365,312,311
367,425,424,366,368,312,313
368,426,427,425,369,313,367
369,370,428,368,427,313,314
370,315,314,429,428,369,371
371,316,372,315,429,430,370
372,371,316,431,430,317,373
373,431,432,374,317,318,372
374,375,319,433,373,432,318
375,374,319,433,376,434,320
376,321,377,434,435,375,320
377,321,376,436,378,322,435
378,379,437,436,377,322,323
379,378,437,438,324,323,380
380,439,438,324,325,381,379
381,380,325,439,440,382,326
382,327,383,326,441,440,381
383,327,382,442,441,384,328
384,443,442,383,328,385,329
385,330,329,443,384,444,386
386,445,444,330,331,385,387
387,388,447,445,386,446,331
388,389,448,447,387,331,332
389,448,388,333,390,449,332
390,333,389,391,334,449,450
391,390,334,335,450,451,392
392,335,336,451,452,393,391
393,337,394,453,336,392,452
394,338,395,337,393,453,454
395,394,338,396,455,339,454
396,340,397,395,455,339,456
397,398,341,396,340,456,457
398,397,341,458,457,399,342
399,459,458,398,343,400,342
400,401,344,460,343,399,459
401,400,344,345,461,460,402
402,461,401,462,345,403,346
403,463,404,347,402,346,462
404,405,348,463,403,347,464
405,349,295,404,348,464,465
406,467,407,522,466,349,465
407,349,350,468,408,467,406
408,409,469,468,407,350,351
409,469,408,470,410,351,352
410,411,471,353,470,352,409
411,471,410,354,353,412,472
412,413,473,411,354,472,355
413,473,412,355,356,474,414
414,357,356,415,413,474,475
415,358,357,414,475,416,476
416,359,358,417,476,415,477
417,359,416,477,478,418,360
418,361,419,478,417,360,479
419,361,418,479,480,362,420
420,362,363,419,480,421
421,363,364,422,480,420
422,582,480,1256,1141,364,421,1202
423,1201,365,481,424,366
424,367,425,366,481,423,482
425,367,424,368,426,483,482
426,368,427,425,484,483
427,428,485,484,426,368,369
428,427,485,486,429,370,369
429,371,430,428,370,487,486
430,488,431,372,429,371,487
431,373,432,489,488,430,372
432,431,373,433,490,489,374
433,491,490,374,375,432,434
434,376,435,375,492,491,433
435,436,493,492,434,376,377
436,435,493,377,378,437,494
437,378,379,494,495,438,436
438,439,496,380,495,437,379
439,438,496,380,497,381,440
440,498,441,439,497,381,382
441,498,440,499,442,383,382
442,499,441,383,443,384,500
443,442,384,500,501,385,444
444,445,386,443,385,501,502
445,444,386,503,502,387,446
446,504,503,387,445,447
447,388,387,504,446,448
448,389,388,447,504,449,505
449,450,506,448,389,390,505
450,507,451,506,449,390,391
451,452,508,507,450,392,391
452,509,508,451,392,393,453
453,510,454,509,394,393,452
454,510,453,394,455,511,395
455,395,396,511,454,512,456
456,512,513,457,455,396,397
457,513,456,514,458,398,397
458,514,515,457,398,459,399
459,460,516,458,399,400,515
460,516,459,461,401,517,400
461,518,517,460,401,402,462
462,461,402,518,519,463,403
463,464,520,519,403,404,462
464,520,463,404,405,465,521
465,406,349,405,464,522,521
466,523,570,524,467,522,406
467,525,468,524,466,406,407
468,408,469,407,525,467,526
469,527,526,409,408,468,470
470,528,527,469,471,410,409
471,411,410,529,472,470,528
472,529,471,530,411,412,473
473,531,530,474,413,412,472
474,473,531,413,532,414,475
475,474,414,532,533,476,415
476,533,534,477,475,416,415
477,534,476,417,478,535,416
478,477,417,535,479,418
479,535,478,418,480,419
480,422,582,535,479,419,420,421
481,536,1255,1201,423,424,482
482,536,483,481,425,424
483,484,537,426,425,536,482
484,485,537,427,483,426
485,427,428,538,537,486,484
486,485,428,538,539,487,429
487,488,540,430,539,429,486
488,487,540,489,431,541,430
489,541,542,432,490,488,431
490,491,433,432,542,543,489
491,490,433,543,544,492,434
492,493,435,545,434,491,544
493,435,436,492,494,546,545
494,546,493,437,495,547,436
495,548,547,496,438,494,437
496,548,549,438,439,495,497
497,550,498,549,496,439,440
498,440,441,499,550,497,551
499,552,551,441,442,498,500
500,501,553,443,552,499,442
501,554,553,500,502,443,444
502,503,555,554,501,445,444
503,502,555,504,445,446
504,635,599,555,503,446,447,448,556,505
505,556,506,504,448,449
506,556,505,450,449,507
507,450,451,556,508,506
508,509,452,451,556,507
509,508,452,453,510,556,557
510,453,454,509,557,558,511
511,455,454,512,510,559,558
512,456,513,511,455,559,560
513,512,456,561,514,457,560
514,561,513,458,515,457,562
515,514,458,562,563,516,459
516,460,459,517,563,515,564
517,518,461,460,516,564,565
518,517,461,566,565,519,462
519,463,520,518,566,567,462
520,464,463,519,568,567,521
521,569,568,522,465,464,520
522,406,466,569,521,465,570
523,466,570,571,609,572,524
524,466,467,525,573,572,523
525,467,468,524,573,526,574
526,527,469,525,574,468,575
527,526,469,528,470,576,575
528,527,470,576,471,577,529
529,471,472,578,577,528,530
530,473,531,579,578,529,472
531,580,579,473,530,474,532
532,531,474,475,581,580,533
533,476,534,582,581,532,475
534,533,476,535,582,477
535,582,534,478,477,480,479
536,481,1255,620,1252,1253,537,482,483,1254
537,583,620,485,538,484,536,483
538,485,537,583,539,486
539,538,583,487,540,584,486
540,487,488,541,585,584,539
541,540,585,586,489,542,488
542,543,587,541,489,586,490
543,588,587,491,544,542,490
544,589,545,543,491,492,588
545,589,590,544,546,493,492
546,494,493,590,545,591,547
547,495,548,591,592,494,546
548,593,592,496,549,495,547
549,548,496,497,550,594,593
550,497,498,595,594,549,551
551,552,499,595,596,550,498
552,597,553,551,499,500,596
553,597,552,501,554,500,598
554,501,553,599,598,502,555
555,502,503,554,504,599
556,505,506,635,663,507,508,509,504,557,600,636
557,509,510,600,558,556
558,600,557,559,510,511
559,600,558,560,512,511
560,600,559,561,512,513
561,513,514,600,560,562
562,601,563,600,561,515,514
563,564,602,601,562,515,516
564,602,563,603,517,516,565
565,604,603,566,518,564,517
566,565,518,605,567,604,519
567,605,566,520,568,606,519
568,606,607,569,521,520,567
569,568,521,522,608,570,607
570,466,523,608,569,609,522
571,641,609,523,611,610,572
572,612,611,523,571,573,524
573,613,574,524,525,612,572
574,614,575,613,573,525,526
575,614,574,576,527,615,526
576,527,528,575,577,615,616
577,617,578,576,528,616,529
578,617,577,618,529,579,530
579,531,580,618,578,530,619
580,531,579,581,532,619
581,533,582,580,532,619
582,649,669,535,534,422,480,619,533,581,1256
583,620,537,538,584,539
584,621,620,583,585,540,539
585,622,586,621,540,541,584
586,622,585,623,587,541,542
587,588,543,624,542,623,586
588,625,624,587,543,589,544
589,545,590,544,625,588,626
590,589,545,546,627,591,626
591,547,592,627,590,628,546
592,593,548,629,628,591,547
593,592,548,594,630,549,629
594,593,630,595,631,550,549
595,631,632,596,594,551,550
596,633,632,597,595,551,552
597,552,553,598,634,633,596
598,599,554,634,597,635,553
599,504,635,598,554,555
600,557,558,559,560,561,562,636,601,556
601,562,563,636,602,600
602,603,636,564,563,601
603,604,636,602,565,564
604,636,603,605,565,566
605,636,604,566,567,637,606
606,607,638,568,567,605,637
607,606,638,568,569,639,608
608,640,609,639,569,570,607
609,640,608,571,641,523,570
610,611,643,571,642,664,641
611,643,610,571,644,572,612
612,613,645,644,572,611,573
613,645,612,573,574,614,646
614,574,575,647,615,646,613
615,647,614,575,576,648,616
616,649,648,617,577,615,576
617,577,578,616,618,649
618,617,578,579,649,619
619,649,582,618,579,580,581
620,583,537,584,621,670,1335,536,1252,650
621,584,620,650,622,585
622,585,586,623,621,651,650
623,622,586,652,624,587,651
624,588,625,652,653,587,623
625,588,624,653,654,589,626
626,590,627,655,589,625,654
627,655,656,590,591,628,626
628,629,592,657,591,627,656
629,630,658,628,592,593,657
630,658,659,631,629,593,594
631,660,659,630,632,595,594
632,633,661,631,660,596,595
633,661,632,662,596,597,634
634,598,597,662,635,633
635,504,599,701,715,681,693,556,663,662,634,598
636,604,603,605,602,601,600,556,663,637
637,638,663,636,605,606
638,637,663,606,607,639
639,663,640,608,638,607
640,663,639,608,609,641
641,663,664,571,609,640,610
642,665,682,663,664,643,610
643,644,666,642,665,611,610
644,643,666,611,645,612,667
645,646,668,667,613,612,644
646,668,645,614,647,669,613
647,614,615,646,669,648
648,616,649,647,669,615
649,616,648,582,669,617,618,619
650,651,670,620,621,622
651,650,670,671,623,652,622
652,624,653,623,672,671,651
653,625,654,652,624,673,672
654,653,625,673,655,674,626
655,627,656,626,675,674,654
656,676,675,655,627,657,628
657,677,658,629,676,628,656
658,630,659,629,677,678,657
659,631,660,658,630,679,678
660,631,659,632,680,661,679
661,633,632,662,680,660,681
662,661,633,681,635,634
663,635,556,637,638,641,664,639,640,642,636
664,663,641,642,610
665,642,682,643,666
666,643,644,667,683,682,665
667,668,683,666,645,644
668,667,683,646,645,669
669,668,683,649,582,646,647,648
670,702,712,620,1335,650,651,684,671
671,684,672,652,670,651
672,684,671,652,653,685,673
673,654,653,674,686,685,672
674,686,687,675,655,654,673
675,687,674,656,676,688,655
676,656,675,688,689,677,657
677,690,689,658,678,657,676
678,677,658,679,691,659,690
679,692,691,678,660,659,680
680,660,661,679,693,692,681
681,635,693,662,680,661
682,642,665,666,683
683,667,668,669,666,682
684,671,672,702,694,685,670
685,686,694,673,684,672
686,674,687,695,694,685,673
687,686,674,675,696,695,688
688,696,687,697,675,676,689
689,677,690,688,697,698,676
690,677,689,698,699,691,678
691,692,679,690,699,700,678
692,701,700,691,679,693,680
693,681,635,701,692,680
694,686,685,702,695,684
695,696,687,686,702,703,694
696,704,697,695,687,688,703
697,704,696,688,705,689,698
698,706,705,690,699,689,697
699,700,707,698,690,706,691
700,692,701,699,707,691
701,692,700,714,715,635,693,707,711
702,712,670,708,703,695,694,684
703,702,708,695,704,696
704,708,709,696,697,705,703
705,706,698,704,709,710,697
706,705,698,699,707,711,710
707,699,700,701,706,711
708,704,709,712,702,703
709,710,713,708,704,705,712
710,709,713,714,705,711,706
711,701,714,710,707,706
712,702,670,708,713,715,709
713,709,710,715,712,714
714,701,715,713,711,710
715,714,701,635,713,712
716,1679,1746,722,723,1747,721
717,8,1728,1468,718,732,731
718,732,733,1533,1748,717,1468
719,720,737,1725,1727,736,1726
720,719,737,1746,1725,738,721
721,739,738,720,1746,722,716
722,716,723,739,740,741,721
723,722,716,741,742,724,1747
724,725,743,1747,1433,723,742
725,743,724,1749,744,1433,1432
726,727,749,748,1655,1490,1609
727,749,750,1697,728,726,1490
728,729,752,727,1697,751,750
729,730,753,752,728,1697,1687
730,754,753,729,1687,1714,1751
731,20,762,8,717,763,732
732,764,763,718,733,717,731
733,732,718,764,765,734,1748
734,735,766,765,1737,733,1748
735,767,736,1727,766,734,1737
736,737,768,767,735,1727,719
737,768,736,719,720,738,769
738,720,737,721,739,770,769
739,740,771,721,738,770,722
740,739,771,773,741,722,772
741,773,740,723,742,774,722
742,741,723,774,724,743,775
743,725,724,744,742,775,776
744,1749,725,743,745,777,776
745,1565,746,1749,744,777,778
746,1750,747,1565,745,778,779
747,1750,746,779,780,748,1655
748,726,1655,780,747,781,749
749,727,750,726,782,781,748
750,749,727,782,751,728,783
751,785,752,728,750,784,783
752,786,785,729,728,753,751
753,730,754,729,752,787,786
754,730,753,788,787,1751,755
755,1485,1753,1751,789,754,788
756,1690,1754,1689,791,1559,792
757,758,1437,794,1612,793,1754
758,759,795,1437,1752,757,794
759,795,758,760,1752,797,796
760,798,797,1752,1729,761,759
761,1733,1729,45,21,1484,760,798
762,800,763,44,20,731,799
763,800,762,764,732,801,731
764,763,732,733,765,801,802
765,764,733,803,766,734,802
766,803,804,735,767,765,734
767,735,736,766,805,804,768
768,737,736,805,767,769,806
769,770,738,768,737,807,806
770,739,771,738,808,769,807
771,739,740,770,772,808,809
772,810,809,773,811,740,771
773,740,741,772,811,774,812
774,742,741,773,812,813,775
775,743,742,774,813,814,776
776,777,815,775,743,814,744
777,815,776,744,745,816,778
778,745,746,816,777,779,817
779,818,780,747,746,778,817
780,818,779,747,819,781,748
781,782,820,780,819,748,749
782,783,821,749,750,820,781
783,784,822,782,821,751,750
784,822,783,751,785,824,823
785,752,786,825,751,784,824
786,752,785,825,787,826,753
787,754,788,826,827,786,753
788,754,787,828,827,755,789
789,755,1753,828,829,788,790
790,1559,791,1753,829,789,830
791,792,831,790,1559,756,830
792,793,1754,791,831,832,756
793,792,1754,757,832,833,794
794,757,758,795,834,793,833
795,759,758,834,794,835,796
796,837,836,835,795,797,759
797,760,798,838,837,796,759
798,81,838,760,797,45,761
799,80,44,800,839,762,120
800,762,763,839,799,840,801
801,763,764,802,841,840,800
802,842,803,765,764,801,841
803,842,802,766,804,765,843
804,803,766,805,844,767,843
805,804,844,767,768,806,845
806,846,845,807,805,768,769
807,847,846,806,769,770,808
808,770,771,809,848,807,847
809,772,810,808,848,771,849
810,772,809,849,850,851,811
811,852,851,772,773,812,810
812,853,852,811,773,774,813
813,814,854,853,812,774,775
814,855,815,854,813,775,776
815,855,814,777,776,816,856
816,856,815,777,778,817,857
817,858,857,816,778,779,818
818,779,780,859,858,817,819
819,860,859,820,818,780,781
820,782,781,860,819,821,861
821,782,783,822,862,820,861
822,823,863,784,783,862,821
823,863,822,865,864,824,784
824,825,866,865,785,784,823
825,826,867,786,785,824,866
826,787,827,825,867,786,868
827,826,787,869,868,828,788
828,869,827,788,829,870,789
829,871,870,828,789,790,830
830,872,871,790,791,829,831
831,791,792,832,873,830,872
832,792,793,831,873,833,874
833,832,793,875,874,834,794
834,795,794,876,875,833,835
835,796,836,877,834,795,876
836,879,878,796,837,877,835
837,796,836,838,797,879,880
838,798,81,837,797,881,880
839,800,799,882,120,840,883
840,841,884,800,839,801,883
841,840,884,801,802,842,885
842,802,803,886,885,843,841
843,804,844,887,842,803,886
844,887,888,804,805,843,845
845,806,846,805,889,888,844
846,889,890,806,845,847,807
847,846,807,890,808,891,848
848,808,809,849,891,892,847
849,848,809,810,892,893,850
850,851,895,810,849,893,894
851,896,895,811,852,850,810
852,811,851,812,853,897,896
853,812,852,897,813,898,854
854,814,813,853,898,899,855
855,814,815,856,900,899,854
856,816,815,857,901,855,900
857,901,856,902,817,858,816
858,902,903,859,818,817,857
859,860,904,858,818,819,903
860,904,859,819,820,905,861
861,905,906,820,821,862,860
862,863,907,906,822,821,861
863,907,862,823,822,908,864
864,910,909,908,823,865,863
865,866,911,823,864,910,824
866,912,911,865,824,825,867
867,825,826,913,912,868,866
868,914,913,867,827,869,826
869,914,915,827,868,828,870
870,871,829,916,915,869,828
871,870,829,872,830,916,917
872,871,830,831,917,918,873
873,831,832,872,919,874,918
874,920,919,873,833,875,832
875,834,876,920,921,833,874
876,834,875,921,922,835,877
877,923,878,836,922,835,876
878,879,836,923,877,924,925
879,878,836,837,880,926,925
880,838,881,837,879,926,927
881,838,880,121,164,81,927
882,928,163,120,839,883,929
883,884,930,882,929,840,839
884,840,841,883,930,885,931
885,886,842,932,841,884,931
886,933,932,885,842,887,843
887,844,888,933,886,843,934
888,887,844,935,934,889,845
889,846,890,935,888,936,845
890,936,937,889,846,847,891
891,937,938,847,890,848,892
892,938,939,891,848,849,893
893,940,939,849,892,894,850
894,942,941,940,893,895,850
895,851,896,850,943,942,894
896,851,895,897,944,852,943
897,944,896,945,852,853,898
898,946,899,945,897,853,854
899,946,898,854,947,900,855
900,855,856,947,899,948,901
901,949,948,902,857,856,900
902,858,903,949,901,857,950
903,902,858,950,859,904,951
904,860,859,903,951,952,905
905,861,906,952,953,904,860
906,954,953,907,905,861,862
907,863,862,908,955,954,906
908,863,907,909,864,955,956
909,864,910,908,956,958,957
910,864,909,958,959,911,865
911,912,866,865,959,910,960
912,867,913,911,866,961,960
913,868,914,867,912,961,962
914,868,913,869,915,962,963
915,916,964,963,914,869,870
916,964,915,870,965,871,917
917,966,965,871,872,916,918
918,966,967,872,917,873,919
919,968,967,874,920,873,918
920,874,919,968,969,921,875
921,970,969,920,875,876,922
922,921,876,877,923,970,971
923,877,878,924,922,972,971
924,878,923,925,974,973,972
925,924,878,975,926,879,974
926,927,976,879,880,975,925
927,926,976,164,210,881,880
928,882,163,978,977,209,929
929,979,978,882,883,930,928
930,883,884,980,979,929,931
931,885,932,884,980,930,981
932,933,886,885,931,982,981
933,983,982,932,886,887,934
934,983,933,888,935,984,887
935,984,985,888,934,889,936
936,890,937,985,986,889,935
937,891,938,936,890,987,986
938,937,891,892,939,987,988
939,938,892,989,988,893,940
940,893,939,989,990,894,941
941,991,992,894,942,940,990
942,894,941,993,992,895,943
943,994,993,895,942,944,896
944,897,896,945,994,995,943
945,897,944,996,995,898,946
946,997,996,898,899,945,947
947,948,998,997,946,899,900
948,949,901,999,998,947,900
949,948,901,902,999,950,1000
950,903,902,949,1000,951,1001
951,904,903,952,950,1002,1001
952,951,904,953,1003,1002,905
953,954,1004,906,1003,952,905
954,1004,953,906,955,907,1005
955,1006,1005,954,907,908,956
956,1007,1006,955,908,909,957
957,958,1009,909,956,1008,1007
958,1009,957,909,910,1010,959
959,1010,1011,958,910,911,960
960,911,959,961,912,1012,1011
961,912,913,960,1012,1013,962
962,1014,1013,961,913,914,963
963,915,964,1015,1014,962,914
964,916,915,963,1016,1015,965
965,1016,1017,917,966,964,916
966,917,965,1018,1017,918,967
967,968,919,1019,966,918,1018
968,1019,1020,967,919,969,920
969,970,1021,1020,968,920,921
970,1021,969,971,1022,921,922
971,1022,970,972,1023,923,922
972,971,1023,923,924,1024,973
973,974,924,972,1024,1025,1026
974,1027,1026,973,924,925,975
975,926,976,925,974,1028,1027
976,926,927,210,258,1028,975
977,978,1030,928,1029,209,257
978,1030,977,928,979,929,1031
979,930,980,978,929,1031,1032
980,930,979,1032,931,981,1033
981,982,1034,1033,931,980,932
982,933,983,1035,1034,981,932
983,933,982,934,1036,1035,984
984,935,985,1037,1036,983,934
985,984,935,1037,936,986,1038
986,985,936,937,1039,1038,987
987,937,938,988,1039,986,1040
988,987,938,939,989,1041,1040
989,939,988,940,990,1042,1041
990,989,940,941,991,1043,1042
991,992,1045,941,990,1044,1043
992,991,1045,941,1046,993,942
993,943,994,992,942,1047,1046
994,1047,1048,943,993,995,944
995,996,945,994,1048,1049,944
996,946,997,995,945,1049,1050
997,946,996,1050,1051,998,947
998,999,948,997,1051,1052,947
999,1053,1000,998,948,1052,949
1000,1053,999,1001,1054,950,949
1001,1000,1054,1055,951,1002,950
1002,951,1001,952,1003,1056,1055
1003,953,1004,952,1002,1057,1056
1004,954,953,1058,1057,1003,1005
1005,1006,955,1059,1058,1004,954
1006,1005,955,1007,1060,1059,956
1007,1060,1006,1008,1061,956,957
1008,1063,1062,1061,1007,957,1009
1009,958,957,1010,1064,1063,1008
1010,959,1011,958,1065,1064,1009
1011,1010,959,1066,1065,1012,960
1012,1011,1066,960,961,1013,1067
1013,1012,961,962,1014,1068,1067
1014,962,1013,1015,1069,963,1068
1015,1014,1069,963,1016,964,1070
1016,965,1017,1015,964,1071,1070
1017,1072,1018,1016,965,1071,966
1018,1073,1019,1072,1017,966,967
1019,1073,1018,968,1020,1074,967
1020,1019,968,969,1021,1074,1075
1021,970,969,1022,1076,1020,1075
1022,971,970,1076,1021,1023,1077
1023,971,972,1078,1077,1022,1024
1024,1079,1078,972,1023,973,1025
1025,1081,1080,1026,1024,973,1079
1026,1027,1082,974,1081,1025,973
1027,1082,1026,974,975,1028,1083
1028,310,258,976,975,1027,1083
1029,257,309,1030,1084,977,364
1030,978,977,1084,1029,1085,1031
1031,1032,1086,979,978,1085,1030
1032,1033,1087,1031,1086,980,979
1033,1087,1032,981,1034,1088,980
1034,1035,982,981,1033,1089,1088
1035,1034,982,1090,1089,1036,983
1036,1090,1035,983,1091,1037,984
1037,984,985,1091,1036,1092,1038
1038,1092,1093,986,1039,985,1037
1039,1094,1040,986,1038,1093,987
1040,1094,1039,1041,1095,987,988
1041,1040,1095,1042,1096,989,988
1042,1096,1041,1043,1097,989,990
1043,1042,1097,1044,991,990,1098
1044,1043,991,1045,1098,1099,1100
1045,991,992,1046,1044,1100,1101
1046,1045,992,1047,1102,993,1101
1047,1103,1102,994,1048,1046,993
1048,1047,994,1049,1104,1103,995
1049,1105,1050,1048,1104,995,996
1050,997,1051,1105,1049,1106,996
1051,1050,997,998,1106,1107,1052
1052,1108,1053,998,1051,999,1107
1053,999,1000,1108,1052,1109,1054
1054,1000,1001,1110,1109,1055,1053
1055,1001,1054,1002,1056,1110,1111
1056,1111,1112,1057,1002,1055,1003
1057,1056,1112,1113,1058,1004,1003
1058,1059,1114,1057,1004,1113,1005
1059,1058,1114,1006,1005,1060,1115
1060,1116,1115,1007,1006,1059,1061
1061,1008,1007,1062,1060,1116,1117
1062,1063,1008,1061,1117,1118,1119
1063,1062,1008,1119,1120,1064,1009
1064,1065,1121,1120,1010,1009,1063
1065,1121,1064,1122,1011,1066,1010
1066,1123,1122,1067,1011,1065,1012
1067,1068,1124,1123,1066,1013,1012
1068,1125,1124,1067,1013,1014,1069
1069,1125,1126,1014,1015,1068,1070
1070,1126,1127,1016,1015,1069,1071
1071,1072,1017,1128,1016,1127,1070
1072,1017,1018,1073,1129,1071,1128
1073,1018,1019,1129,1072,1130,1074
1074,1019,1020,1075,1130,1131,1073
1075,1074,1020,1076,1132,1131,1021
1076,1022,1021,1075,1132,1077,1133
1077,1133,1134,1078,1023,1076,1022
1078,1024,1079,1135,1077,1023,1134
1079,1024,1078,1135,1136,1025,1080
1080,1025,1081,1138,1137,1079,1136
1081,1025,1080,1026,1082,1139,1138
1082,1027,1026,1140,1083,1139,1081
1083,1140,1082,1027,310,1028,365
1084,1142,1141,364,1030,1029,1085
1085,1030,1084,1143,1086,1031,1142
1086,1031,1032,1143,1085,1144,1087
1087,1033,1032,1088,1145,1086,1144
1088,1145,1087,1146,1089,1033,1034
1089,1146,1088,1090,1035,1147,1034
1090,1089,1035,1147,1036,1091,1148
1091,1149,1092,1090,1036,1148,1037
1092,1149,1091,1093,1150,1038,1037
1093,1150,1092,1151,1094,1038,1039
1094,1039,1040,1151,1093,1095,1152
1095,1040,1041,1153,1096,1152,1094
1096,1042,1041,1153,1095,1097,1154
1097,1042,1043,1098,1155,1096,1154
1098,1044,1043,1099,1156,1097,1155
1099,1098,1156,1157,1044,1158,1100
1100,1159,1158,1045,1044,1101,1099
1101,1102,1160,1046,1159,1100,1045
1102,1160,1161,1047,1103,1101,1046
1103,1047,1102,1162,1161,1048,1104
1104,1048,1049,1163,1105,1162,1103
1105,1163,1164,1049,1050,1106,1104
1106,1165,1164,1051,1107,1105,1050
1107,1166,1165,1106,1051,1108,1052
1108,1052,1053,1166,1107,1109,1167
1109,1168,1167,1110,1054,1053,1108
1110,1109,1054,1169,1111,1168,1055
1111,1056,1112,1170,1169,1110,1055
1112,1111,1056,1057,1171,1170,1113
1113,1172,1171,1112,1057,1114,1058
1114,1058,1059,1172,1113,1173,1115
1115,1116,1060,1059,1114,1174,1173
1116,1115,1060,1174,1061,1175,1117
1117,1062,1118,1175,1116,1176,1061
1118,1117,1062,1178,1177,1176,1119
1119,1063,1062,1118,1179,1120,1178
1120,1180,1179,1119,1121,1064,1063
1121,1122,1181,1065,1064,1180,1120
1122,1181,1121,1066,1123,1065,1182
1123,1124,1067,1066,1122,1182,1183
1124,1068,1125,1067,1123,1184,1183
1125,1069,1126,1068,1124,1184,1185
1126,1125,1069,1070,1127,1186,1185
1127,1126,1070,1128,1187,1071,1186
1128,1071,1072,1187,1127,1188,1129
1129,1073,1072,1130,1189,1128,1188
1130,1074,1131,1073,1129,1190,1189
1131,1130,1074,1075,1132,1190,1191
1132,1075,1076,1133,1192,1131,1191
1133,1077,1134,1193,1192,1132,1076
1134,1133,1077,1193,1194,1135,1078
1135,1079,1078,1136,1194,1195,1134
1136,1196,1137,1135,1079,1080,1195
1137,1197,1196,1138,1198,1136,1080
1138,1139,1199,1137,1198,1080,1081
1139,1199,1138,1200,1082,1081,1140
1140,1200,1201,1082,1083,365,1139
1141,1084,1142,364,422,1202
1142,1084,1141,1143,1202,1085
1143,1144,1203,1085,1086,1202,1142
1144,1143,1203,1204,1086,1087,1145
1145,1088,1087,1146,1205,1204,1144
1146,1088,1145,1089,1205,1147,1206
1147,1206,1207,1089,1090,1146,1148
1148,1091,1090,1207,1208,1147,1149
1149,1091,1092,1209,1150,1208,1148
1150,1210,1151,1093,1092,1209,1149
1151,1210,1150,1093,1211,1094,1152
1152,1095,1153,1211,1151,1094,1212
1153,1095,1096,1152,1154,1213,1212
1154,1155,1214,1213,1153,1096,1097
1155,1214,1215,1156,1098,1097,1154
1156,1215,1155,1098,1099,1216,1157
1157,1217,1216,1158,1218,1156,1099
1158,1218,1157,1100,1159,1099,1219
1159,1100,1158,1101,1160,1219,1220
1160,1102,1161,1221,1101,1159,1220
1161,1160,1102,1221,1162,1103,1222
1162,1161,1103,1222,1163,1223,1104
1163,1224,1223,1105,1164,1104,1162
1164,1165,1106,1163,1105,1225,1224
1165,1166,1107,1164,1106,1225,1226
1166,1165,1107,1227,1226,1108,1167
1167,1168,1109,1228,1227,1166,1108
1168,1167,1109,1228,1229,1110,1169
1169,1230,1229,1110,1111,1168,1170
1170,1171,1112,1111,1231,1169,1230
1171,1172,1113,1170,1112,1231,1232
1172,1171,1113,1114,1233,1232,1173
1173,1172,1114,1233,1115,1174
1174,1116,1115,1173,1233,1175
1175,1174,1233,1116,1176,1117
1176,1175,1233,1117,1118,1177
1177,1350,1372,1283,1320,1233,1178,1118,1234,1176
1178,1177,1118,1234,1179,1119
1179,1120,1180,1235,1234,1178,1119
1180,1181,1236,1121,1120,1179,1235
1181,1122,1121,1180,1236,1182,1237
1182,1237,1238,1181,1122,1123,1183
1183,1239,1184,1123,1124,1182,1238
1184,1239,1183,1124,1125,1185,1240
1185,1126,1186,1184,1125,1241,1240
1186,1187,1242,1126,1127,1185,1241
1187,1242,1243,1128,1127,1188,1186
1188,1244,1189,1243,1187,1128,1129
1189,1190,1245,1244,1188,1130,1129
1190,1245,1246,1191,1189,1131,1130
1191,1246,1190,1131,1132,1192,1247
1192,1193,1248,1133,1132,1247,1191
1193,1194,1249,1192,1248,1134,1133
1194,1249,1193,1195,1250,1135,1134
1195,1251,1196,1194,1250,1135,1136
1196,1197,1137,1136,1251,1195,1252
1197,1253,1252,1196,1137,1198
1198,1137,1138,1199,1253,1197
1199,1139,1138,1200,1254,1253,1198
1200,1140,1201,1199,1139,1255,1254
1201,423,365,1200,1140,481,1255
1202,1143,1142,1256,422,1141,1203
1203,1143,1144,1204,1256,1202
1204,1203,1144,1257,1256,1205,1145
1205,1204,1145,1206,1258,1146,1257
1206,1147,1207,1205,1258,1146,1259
1207,1206,1147,1148,1208,1259,1260
1208,1261,1209,1207,1148,1260,1149
1209,1261,1208,1149,1150,1262,1210
1210,1150,1151,1263,1211,1262,1209
1211,1264,1212,1263,1210,1151,1152
1212,1264,1211,1152,1213,1153,1265
1213,1214,1266,1154,1153,1212,1265
1214,1155,1215,1213,1266,1154,1267
1215,1267,1268,1216,1214,1155,1156
1216,1269,1268,1215,1217,1157,1156
1217,1270,1269,1216,1271,1157,1218
1218,1158,1157,1271,1217,1272,1219
1219,1273,1272,1218,1158,1159,1220
1220,1274,1273,1221,1160,1159,1219
1221,1160,1161,1275,1222,1220,1274
1222,1275,1221,1276,1223,1161,1162
1223,1276,1222,1277,1163,1224,1162
1224,1278,1277,1163,1223,1225,1164
1225,1226,1279,1278,1224,1164,1165
1226,1227,1166,1225,1279,1280,1165
1227,1226,1166,1228,1167,1281,1280
1228,1227,1167,1281,1282,1168,1229
1229,1169,1230,1228,1168,1282
1230,1169,1229,1231,1282,1170
1231,1230,1282,1171,1170,1232
1232,1231,1282,1233,1171,1172
1233,1177,1372,1282,1232,1172,1173,1174,1175,1176
1234,1235,1179,1177,1178,1283
1235,1234,1179,1283,1284,1180,1236
1236,1180,1181,1284,1285,1235,1237
1237,1182,1238,1181,1286,1236,1285
1238,1237,1182,1287,1286,1239,1183
1239,1183,1184,1238,1287,1240,1288
1240,1288,1289,1241,1185,1184,1239
1241,1290,1242,1289,1240,1185,1186
1242,1187,1243,1290,1241,1186,1291
1243,1291,1292,1242,1187,1188,1244
1244,1188,1189,1243,1292,1293,1245
1245,1190,1246,1189,1294,1293,1244
1246,1245,1190,1295,1294,1191,1247
1247,1295,1296,1248,1192,1191,1246
1248,1192,1193,1249,1297,1296,1247
1249,1194,1193,1248,1297,1298,1250
1250,1194,1195,1251,1298,1299,1249
1251,1195,1196,1299,1252,1250
1252,1197,1253,536,620,1299,1335,1251,1196
1253,1197,1252,536,1254,1199,1198
1254,536,1253,1200,1255,1199
1255,481,536,1201,1200,1254
1256,1204,1257,422,582,1202,1203,1300
1257,1258,1300,1204,1256,1205
1258,1257,1300,1259,1205,1206
1259,1258,1300,1206,1207,1301,1260
1260,1302,1301,1261,1207,1259,1208
1261,1208,1209,1262,1302,1260,1303
1262,1263,1210,1209,1261,1304,1303
1263,1210,1211,1264,1262,1304,1305
1264,1211,1212,1263,1265,1305,1306
1265,1264,1212,1306,1307,1213,1266
1266,1213,1214,1308,1267,1307,1265
1267,1309,1308,1215,1268,1266,1214
1268,1269,1216,1267,1215,1310,1309
1269,1268,1216,1270,1217,1310,1311
1270,1269,1217,1312,1313,1271,1311
1271,1272,1314,1217,1270,1313,1218
1272,1314,1271,1315,1273,1219,1218
1273,1272,1219,1274,1316,1315,1220
1274,1317,1316,1275,1273,1220,1221
1275,1221,1222,1317,1274,1318,1276
1276,1319,1318,1222,1223,1277,1275
1277,1224,1278,1276,1223,1319
1278,1224,1277,1319,1279,1225
1279,1225,1226,1278,1319,1280
1280,1226,1227,1279,1319,1281
1281,1228,1282,1319,1227,1280
1282,1230,1231,1281,1228,1233,1372,1319,1349,1229,1232
1283,1177,1320,1235,1234,1284
1284,1236,1285,1235,1283,1320,1321
1285,1321,1322,1284,1236,1286,1237
1286,1323,1322,1287,1238,1237,1285
1287,1324,1288,1323,1286,1238,1239
1288,1240,1289,1325,1324,1287,1239
1289,1288,1240,1325,1241,1290,1326
1290,1241,1242,1327,1291,1326,1289
1291,1243,1292,1327,1290,1328,1242
1292,1291,1243,1329,1328,1293,1244
1293,1329,1330,1294,1292,1244,1245
1294,1295,1246,1330,1293,1331,1245
1295,1294,1246,1247,1296,1332,1331
1296,1295,1247,1297,1333,1248,1332
1297,1296,1333,1248,1334,1298,1249
1298,1335,1299,1334,1297,1250,1249
1299,1252,1335,1298,1251,1250
1300,1257,1258,1259,1336,1364,1301,1256,1384,1399
1301,1302,1260,1300,1259,1336
1302,1301,1260,1261,1336,1303
1303,1336,1302,1261,1262,1337,1304
1304,1337,1338,1263,1262,1303,1305
1305,1263,1264,1338,1304,1306,1339
1306,1305,1339,1264,1265,1340,1307
1307,1341,1340,1306,1265,1266,1308
1308,1267,1309,1266,1307,1341,1342
1309,1267,1308,1310,1268,1343,1342
1310,1309,1268,1343,1311,1344,1269
1311,1344,1310,1312,1345,1269,1270
1312,1270,1313,1345,1311,1346,1347
1313,1312,1270,1348,1347,1314,1271
1314,1348,1349,1272,1271,1315,1313
1315,1314,1272,1273,1349,1316
1316,1317,1274,1273,1315,1349
1317,1316,1274,1275,1318,1349
1318,1319,1276,1317,1275,1349
1319,1318,1276,1277,1282,1281,1349,1278,1279,1280
1320,1177,1283,1350,1321,1284
1321,1285,1322,1351,1350,1320,1284
1322,1321,1285,1351,1352,1323,1286
1323,1352,1322,1286,1353,1324,1287
1324,1353,1354,1323,1287,1288,1325
1325,1355,1354,1288,1289,1326,1324
1326,1356,1355,1290,1327,1325,1289
1327,1328,1357,1290,1291,1326,1356
1328,1327,1357,1329,1292,1358,1291
1329,1293,1330,1359,1328,1292,1358
1330,1329,1293,1359,1294,1331,1360
1331,1332,1361,1360,1330,1294,1295
1332,1333,1362,1296,1361,1331,1295
1333,1363,1334,1296,1297,1332,1362
1334,1363,1333,1297,1298,1335
1335,620,670,1299,1252,1298,1334,1416,1424,1363,1398
1336,1364,1300,1302,1301,1303,1337
1337,1304,1338,1336,1303,1364
1338,1337,1304,1364,1339,1305
1339,1340,1365,1364,1338,1305,1306
1340,1339,1365,1307,1341,1366,1306
1341,1342,1367,1307,1340,1366,1308
1342,1341,1367,1309,1343,1308,1368
1343,1369,1368,1310,1309,1344,1342
1344,1311,1310,1343,1369,1370,1345
1345,1312,1311,1370,1371,1346,1344
1346,1371,1401,1345,1312,1347
1347,1313,1348,1346,1401,1312
1348,1314,1349,1313,1347,1401
1349,1348,1314,1401,1315,1316,1317,1318,1319,1282
1350,1177,1372,1320,1321,1351
1351,1321,1322,1373,1352,1372,1350
1352,1322,1323,1373,1351,1374,1353
1353,1324,1354,1323,1375,1374,1352
1354,1355,1376,1325,1353,1324,1375
1355,1354,1376,1377,1326,1356,1325
1356,1377,1378,1326,1355,1327,1357
1357,1327,1328,1378,1379,1358,1356
1358,1328,1329,1380,1379,1357,1359
1359,1330,1329,1380,1381,1360,1358
1360,1381,1382,1331,1330,1361,1359
1361,1332,1331,1383,1382,1362,1360
1362,1332,1333,1363,1383,1361
1363,1333,1334,1362,1335,1398,1383
1364,1336,1300,1384,1339,1365,1338,1337
1365,1339,1340,1366,1384,1364
1366,1367,1384,1365,1340,1341
1367,1366,1384,1341,1342,1368,1385
1368,1367,1385,1369,1343,1342,1386
1369,1368,1343,1344,1387,1370,1386
1370,1387,1388,1369,1345,1371,1344
1371,1346,1401,1370,1345,1388
1372,1177,1350,1233,1351,1402,1410,1282,1373,1389,1417
1373,1351,1352,1374,1372,1389
1374,1375,1390,1373,1352,1389,1353
1375,1374,1390,1354,1376,1391,1353
1376,1354,1355,1377,1375,1392,1391
1377,1356,1378,1376,1355,1393,1392
1378,1377,1356,1357,1379,1394,1393
1379,1378,1357,1394,1395,1380,1358
1380,1395,1396,1381,1359,1379,1358
1381,1397,1382,1360,1380,1396,1359
1382,1397,1381,1398,1360,1383,1361
1383,1382,1361,1398,1363,1362
1384,1366,1367,1365,1364,1300,1399,1385
1385,1367,1368,1399,1386,1384
1386,1399,1385,1387,1368,1369
1387,1370,1388,1399,1386,1369,1400
1388,1387,1370,1400,1401,1371
1389,1390,1402,1374,1373,1372
1390,1374,1375,1391,1389,1402,1403
1391,1390,1375,1392,1404,1376,1403
1392,1377,1393,1405,1391,1404,1376
1393,1377,1392,1405,1406,1394,1378
1394,1378,1379,1395,1406,1393,1407
1395,1380,1396,1408,1407,1394,1379
1396,1397,1409,1408,1395,1380,1381
1397,1381,1382,1398,1396,1409
1398,1397,1382,1363,1335,1383,1409,1416
1399,1384,1300,1385,1386,1387,1400,1401
1400,1387,1388,1399,1401
1401,1371,1346,1399,1400,1388,1347,1348,1349
1402,1410,1372,1389,1390,1403
1403,1390,1402,1391,1410,1404,1411
1404,1391,1392,1405,1412,1403,1411
1405,1393,1392,1412,1404,1406,1413
1406,1405,1393,1394,1407,1413,1414
1407,1395,1408,1406,1394,1415,1414
1408,1396,1409,1416,1395,1407,1415
1409,1396,1397,1408,1398,1416
1410,1402,1372,1417,1403,1411
1411,1417,1410,1403,1418,1412,1404
1412,1419,1413,1405,1404,1418,1411
1413,1419,1412,1414,1420,1406,1405
1414,1420,1413,1406,1407,1415,1421
1415,1416,1408,1407,1414,1421
1416,1335,1424,1409,1398,1408,1415,1421
1417,1410,1372,1422,1425,1411,1418
1418,1422,1419,1411,1412,1417
1419,1412,1413,1422,1418,1420,1423
1420,1414,1413,1421,1424,1419,1423
1421,1416,1424,1414,1415,1420
1422,1425,1417,1418,1419,1423
1423,1422,1419,1420,1424,1425
1424,1416,1335,1421,1420,1423,1425
1425,1422,1417,1424,1423
1426,1580,1567,1734,1596,1732,1551
1427,1547,1592,1745,1590,53,1591
1428,1544,1572,1574,1540,1530,1573
1429,1521,1528,1571,1588,1589,1522
1430,1587,1543,1585,1586,1519,1539
1431,1562,1576,1606,1607,1563,1577
1432,1652,1749,1545,1433,725,1514
1433,1747,724,1432,725,1514,1686
1434,1506,1534,1600,1505,1599,1598
1435,1594,1513,1512,1560,1595,1583
1436,1503,1550,1569,1581,1520,1582
1437,1611,1610,1612,1752,758,757
1438,1570,1516,1568,1499,1556,1557
1439,1491,1535,1633,1634,1635,1536
1440,1517,1630,1654,1653,1546,1488
1441,1529,1656,1658,1538,1657,1487
1442,1527,1618,1619,1486,1541,1620
1443,1504,1509,1553,1552,1456
1444,1508,1605,1734,1596,1502,1566
1445,1495,1631,1485,1632,1593,1688
1446,1663,1662,1564,1661,1501,1482
1447,1608,1493,1597,1660,1659,1484
1448,1481,1575,1664,1665,1497,1666
1449,1518,1470,1627,1542,1626,1625
1450,1531,1639,1469,1642,1532,1641
1451,1616,1617,1474,1614,1498,1615
1452,1579,1475,1685,1679,1496,1686
1453,1684,1561,1682,1683,1472,1500
1454,1680,1744,1584,1473,30,1492
1455,1537,1467,1555,1554,1524,1523
1456,1732,1551,1603,1552,1443,1509,1515
1457,3,1,4,1629,1613,1628
1458,1480,1478,1636,1637,1638,1640
1459,1477,1651,1648,1479,1647,1646
1460,1621,1471,1483,1624,1622,1623
1461,1698,1699,1578,1730,1466,1494
1462,1507,1713,1548,1711,1712,1463
1463,1696,1695,1694,1507,1462,1548
1464,1465,1604,1693,1692,1691,1489
1465,1604,1464,1489,1709,1710,1708
1466,1705,1706,1578,1461,1494,1702
1467,1455,1537,1676,1675,1674,1523
1468,717,1728,1650,1533,1649,718
1469,1718,1719,1720,1532,1450,1531
1470,1707,1704,1518,1449,1542,1723
1471,1621,1460,1483,1677,1678,1700
1472,1717,1500,1453,1718,1719,1561
1473,1584,1454,1703,1704,1707,1492
1474,1671,1672,1498,1614,1451,1670
1475,1579,1452,1720,1496,1722,1721
1476,1510,1511,1549,1523,1524,1504,1735
1477,1651,1459,1737,1726,1727,1479
1478,1480,1458,1715,1672,1671,1636
1479,1721,1722,1646,1477,1459,1726
1480,1458,1478,1715,1640,1717,1716
1481,1575,1448,1673,1674,1497,1675
1482,1677,1678,1564,1676,1501,1446
1483,1701,1703,1460,1624,1471,1700
1484,761,21,1493,1447,1597,1733
1485,1753,755,1751,1495,1445,1593
1486,1712,1711,1710,1527,1442,1541
1487,1736,1738,1538,1441,1529,1601,1602
1488,1693,1694,1517,1692,1440,1546
1489,1691,1716,1715,1464,1465,1708
1490,1697,727,1609,1695,726,1696
1491,1740,1731,1439,1535,1536,1730
1492,1702,1701,1454,1680,1473,1703
1493,1608,1607,1447,1484,1606,1733
1494,1701,1702,1466,1461,1700,1698
1495,1713,1631,1751,1714,1445,1485
1496,1746,1725,1475,1722,1452,1679
1497,1668,1667,1448,1481,1666,1673
1498,1617,1709,1672,1474,1708,1451
1499,1555,1622,1516,1438,1556,1554
1500,1717,1472,1691,1682,1716,1453
1501,1661,1446,1699,1698,1678,1482
1502,1566,1641,1508,1647,1642,1444
1503,1550,1436,1628,1627,1626,1520
1504,1509,1443,1476,1510,1524,1553
1505,1602,1667,1600,1601,1525,1506,1434
1506,1434,1534,1616,1615,1505,1525
1507,1462,1713,1714,1696,1687,1463
1508,1444,1605,1502,1647,1649,1648
1509,1504,1443,1456,1515,1510,1637
1510,1476,1511,1504,1637,1636,1509
1511,1510,1476,1636,1671,1670,1735
1512,1435,1513,1644,1645,1560,6
1513,1435,1594,7,1728,1512,6
1514,1545,1684,1685,1432,1433,1686
1515,1603,1639,1456,1509,1637,1638
1516,1623,1622,1570,1438,1625,1499
1517,1440,1630,1692,1682,1683,1488
1518,1449,1470,1624,1704,1623,1625
1519,1664,1663,1662,1543,1430,1539
1520,1629,1643,1628,1582,1436,1503
1521,1681,1660,1429,1528,1522,1659
1522,1681,1521,1589,51,1429,50
1523,1549,1476,1524,1455,1467,1674
1524,1523,1476,1455,1554,1504,1553
1525,1668,1669,1667,1505,1615,1506
1526,1549,1673,1668,1669,1670,1735
1527,1709,1617,1710,1486,1618,1442
1528,1429,1521,1659,1658,1657,1571
1529,1656,1441,1665,1487,1666,1602
1530,1540,1688,1544,1428,1690,1689
1531,1450,1639,1640,1638,1718,1469
1532,1646,1721,1720,1469,1642,1450
1533,1748,718,1648,1651,1649,1468
1534,1619,1618,1506,1434,1616,1598
1535,1661,1699,1491,1439,1635,1730
1536,1740,23,1743,1633,1439,1491
1537,1455,1467,1621,1677,1555,1676
1538,1608,1736,1658,1441,1487
1539,1662,1635,1634,1430,1519,1585
1540,1620,1574,1530,1688,1632,1428
1541,1632,1620,1486,1442,1631,1712
1542,1723,1470,1724,1449,1627,1613
1543,1430,1587,1656,1665,1664,1519
1544,1572,1611,1612,1428,1530,1690
1545,1514,1684,1683,1630,1652,1432
1546,1654,1440,1609,1488,1695,1694
1547,1427,1592,1633,53,54,1743
1548,1604,1711,1462,1694,1693,1463
1549,1673,1526,1476,1523,1674,1735
1550,1503,1436,1569,1568,1626,1570
1551,1456,1732,1557,1567,1552,1426
1552,1553,1556,1557,1551,1456,1443
1553,1552,1556,1554,1443,1524,1504
1554,1455,1555,1499,1556,1553,1524
1555,1621,1537,1455,1499,1622,1554
1556,1553,1552,1557,1438,1499,1554
1557,1551,1567,1568,1556,1552,1438
1558,1731,1578,26,27,9,1706
1559,790,791,1753,756,1593,1689
1560,1435,1512,1581,1583,1582,1644
1561,1684,1685,1719,1579,1453,1472
1562,1431,1576,1599,1600,1738,1736,1607
1563,1610,1729,1606,1733,1431,1577
1564,1446,1663,1675,1575,1482,1676
1565,1750,746,1653,745,1749,1652
1566,1732,1734,1603,1641,1502,1444
1567,1580,1426,1557,1551,1568,1569
1568,1567,1557,1438,1570,1569,1550
1569,1567,1580,1581,1436,1568,1550
1570,1516,1438,1568,1550,1626,1625
1571,1586,1588,1429,1528,1657,1587
1572,1611,1544,1428,1573,1577,1576
1573,1598,1599,1574,1572,1428,1576
1574,1619,1598,1540,1620,1428,1573
1575,1481,1448,1675,1564,1664,1663
1576,1562,1431,1573,1599,1577,1572
1577,1610,1611,1431,1576,1563,1572
1578,1731,1558,1730,1461,1466,1706
1579,1719,1561,1685,1452,1475,1720
1580,1567,1426,1596,1583,1569,1581
1581,1583,1560,1582,1580,1569,1436
1582,1644,1643,1520,1581,1560,1436
1583,1580,1596,1581,1560,1435,1595
1584,1454,1473,30,31,1741,1707
1585,1586,1430,1591,1592,1634,1539
1586,1591,1588,1585,1430,1571,1587
1587,1430,1543,1656,1657,1571,1586
1588,1591,1590,1586,1589,1571,1429
1589,1590,52,1588,51,1522,1429
1590,1591,1588,52,1589,1745,1427
1591,1590,1588,1586,1427,1592,1585
1592,1547,1427,1633,1591,1585,1634
1593,1688,1689,1753,1559,1445,1485
1594,1435,1513,1650,1605,1728,1595
1595,1594,1435,1583,1596,1605
1596,1580,1583,1426,1734,1595,1444,1605
1597,1742,1660,1447,21,22,1484
1598,1574,1619,1434,1599,1573,1534
1599,1600,1562,1434,1598,1573,1576
1600,1599,1562,1738,1601,1505,1434
1601,1738,1600,1602,1487,1505
1602,1667,1666,1601,1487,1505,1529
1603,1456,1732,1566,1641,1515,1639
1604,1465,1464,1548,1711,1693,1710
1605,1650,1594,1649,1444,1508,1595,1596
1606,1431,1607,1563,1733,1493
1607,1608,1493,1606,1431,1736,1562
1608,1658,1659,1493,1607,1736,1538,1447
1609,1654,1546,1655,1490,1695,726
1610,1611,1577,1563,1729,1437,1752
1611,1572,1544,1610,1577,1612,1437
1612,1544,1611,1437,1754,1690,757
1613,1,1724,1627,1628,1457,1542
1614,1615,1669,1474,1451,1670
1615,1506,1616,1614,1669,1525,1451
1616,1618,1617,1451,1506,1615,1534
1617,1709,1527,1616,1618,1498,1451
1618,1619,1534,1616,1617,1527,1442
1619,1618,1534,1574,1598,1442,1620
1620,1632,1541,1540,1574,1619,1442
1621,1460,1471,1677,1537,1555,1622
1622,1516,1623,1460,1555,1499,1621
1623,1516,1622,1625,1624,1518,1460
1624,1483,1460,1518,1704,1623,1703
1625,1626,1449,1516,1623,1570,1518
1626,1550,1570,1503,1627,1449,1625
1627,1503,1628,1449,1542,1626,1613
1628,1520,1629,1503,1627,1613,1457
1629,1739,4,1520,1643,1628,1457
1630,1517,1440,1683,1545,1652,1653
1631,1713,1495,1445,1712,1541,1632
1632,1541,1620,1631,1688,1540,1445
1633,1547,1592,1634,1439,1743,1536
1634,1633,1439,1539,1635,1585,1592
1635,1539,1662,1535,1661,1634,1439
1636,1511,1671,1637,1510,1458,1478
1637,1510,1636,1515,1509,1638,1458
1638,1640,1531,1515,1637,1639,1458
1639,1603,1515,1531,1450,1641,1638
1640,1531,1638,1718,1458,1717,1480
1641,1603,1566,1502,1639,1450,1642
1642,1646,1647,1532,1450,1502,1641
1643,1644,1582,1629,1520,5,1739
1644,1643,1582,5,1512,1645,1560
1645,6,18,17,1644,1512,5
1646,1642,1647,1532,1721,1479,1459
1647,1642,1646,1459,1508,1502,1648
1648,1459,1651,1647,1508,1533,1649
1649,1650,1605,1508,1648,1533,1468
1650,1594,1605,1649,1468,1728
1651,1477,1459,1737,1648,1748,1533
1652,1432,1749,1545,1630,1653,1565
1653,1654,1750,1440,1565,1630,1652
1654,1750,1653,1440,1546,1609,1655
1655,726,748,747,1750,1654,1609
1656,1529,1441,1657,1543,1587,1665
1657,1441,1656,1528,1658,1571,1587
1658,1659,1608,1528,1538,1441,1657
1659,1658,1608,1521,1528,1447,1660
1660,1521,1681,1742,1597,1447,1659
1661,1535,1699,1635,1446,1501,1662
1662,1539,1635,1663,1446,1661,1519
1663,1446,1662,1564,1664,1519,1575
1664,1663,1519,1448,1665,1543,1575
1665,1529,1656,1448,1664,1543,1666
1666,1667,1602,1529,1665,1497,1448
1667,1666,1602,1505,1525,1668,1497
1668,1525,1669,1526,1497,1667,1673
1669,1668,1525,1526,1615,1614,1670
1670,1735,1526,1511,1671,1669,1614,1474
1671,1636,1511,1474,1672,1670,1478
1672,1671,1474,1478,1715,1708,1498
1673,1549,1526,1481,1674,1668,1497
1674,1481,1673,1467,1675,1549,1523
1675,1467,1676,1564,1575,1674,1481
1676,1467,1675,1482,1564,1677,1537
1677,1678,1482,1621,1471,1676,1537
1678,1677,1482,1471,1700,1698,1501
1679,716,1746,1747,1686,1452,1496
1680,1705,29,1454,1744,1492,1702
1681,1521,1660,1522,49,50,1742
1682,1691,1500,1683,1453,1692,1517
1683,1682,1453,1630,1545,1517,1684
1684,1561,1685,1545,1514,1453,1683
1685,1561,1684,1579,1514,1452,1686
1686,1747,1679,1452,1685,1514,1433
1687,1696,1697,1714,730,729,1507
1688,1593,1689,1540,1530,1632,1445
1689,1593,1688,756,1690,1530,1559
1690,1754,756,1689,1530,1544,1612
1691,1682,1500,1489,1716,1692,1464
1692,1682,1691,1517,1464,1488,1693
1693,1488,1694,1464,1604,1548,1692
1694,1488,1693,1695,1546,1463,1548
1695,1546,1694,1463,1696,1490,1609
1696,1687,1697,1463,1695,1490,1507
1697,727,728,1696,1687,1490,729
1698,1461,1699,1501,1700,1494,1678
1699,1535,1661,1698,1461,1501,1730
1700,1494,1698,1678,1471,1483,1701
1701,1702,1494,1483,1703,1492,1700
1702,1701,1494,1492,1680,1705,1466
1703,1701,1483,1473,1704,1624,1492
1704,1707,1470,1624,1518,1473,1703
1705,1706,1466,1680,29,28,1702
1706,1705,1466,1578,28,1558,27
1707,1704,1470,1723,1741,1584,1473
1708,1715,1672,1489,1465,1709,1498
1709,1617,1527,1498,1710,1465,1708
1710,1527,1486,1711,1709,1465,1604
1711,1548,1604,1486,1712,1462,1710
1712,1486,1711,1462,1713,1631,1541
1713,1631,1495,1507,1462,1714,1712
1714,1495,1751,1687,730,1713,1507
1715,1480,1478,1672,1716,1489,1708
1716,1489,1691,1500,1717,1480,1715
1717,1500,1472,1716,1718,1640,1480
1718,1469,1719,1531,1640,1472,1717
1719,1561,1579,1469,1718,1720,1472
1720,1721,1532,1469,1579,1475,1719
1721,1646,1532,1722,1479,1720,1475
1722,1721,1479,1725,1726,1475,1496
1723,10,1724,1542,1470,1741,1707
1724,10,1723,1542,1613,1,11
1725,1746,720,1722,1726,1496,719
1726,1722,1725,1477,1727,719,1479
1727,736,735,1477,1726,719,1737
1728,7,1513,717,8,1468,1594,1650
1729,1733,761,1610,1563,760,1752
1730,1578,1731,1461,1535,1699,1491
1731,1740,1491,1578,1558,1730,9
1732,1566,1734,1456,1551,1603,1426
1733,761,1729,1563,1606,1493,1484
1734,1732,1566,1426,1596,1444
1735,1670,1526,1549,1476,1511
1736,1608,1538,1487,1738,1607,1562
1737,1651,1477,1748,734,735,1727
1738,1487,1736,1600,1601,1562
1739,1629,4,16,15,5,1643
1740,1491,1731,1536,23,9,24
1741,10,32,31,1723,1707,1584
1742,1597,1660,49,1681,48,22
1743,1633,1536,1547,55,23,54
1744,1680,1454,29,63,64,30
1745,90,53,1590,1427,89,52
1746,1679,716,720,1725,1496,721
1747,1433,724,1679,1686,723,716
1748,1651,1737,734,733,1533,718
1749,1432,1652,744,725,745,1565
1750,1654,1653,747,746,1565,1655
1751,1495,1714,1485,755,754,730
1752,760,1729,1610,1437,759,758
1753,1485,755,790,1559,1593,789
1754,793,792,1690,756,1612,757
