1,51,9,10,2093,2,11
2,2093,2092,1,2197,11,12
3,4,2100,23,22,1923,2039
4,25,5,3,2100,24,23
5,25,4,2199,26,2128,2100
6,2059,2131,36,1921,7,37
7,8,39,38,37,6,2131
8,39,7,2131,2130,1686,40
9,50,51,2062,2093,1,1922
10,53,52,11,96,51,1
11,12,54,53,10,1,2
12,2197,13,11,54,55,2
13,2197,12,56,55,14,2198
14,15,57,1780,2198,56,13
15,57,14,58,16,1780,1735
16,58,15,59,17,1703,1735
17,18,60,1703,1692,16,59
18,1759,923,969,60,17,970,1692
19,1757,1709,20,61,62,884
20,19,1757,21,1828,63,62
21,63,64,20,1828,1923,22
22,23,65,64,1923,21,3
23,22,65,66,24,4,3
24,67,66,23,4,25,68
25,4,5,24,69,26,68
26,2199,5,27,70,69,25
27,70,26,2199,71,28,2200
28,29,1784,72,71,27,2200
29,1784,1739,30,73,28,72
30,29,1739,73,74,31,1705
31,1691,32,74,30,1705,75
32,76,33,31,1691,1708,75
33,76,32,34,1751,1708,77
34,33,1751,35,78,1826,77
35,36,79,1921,78,34,1826
36,35,79,80,37,1921,6
37,7,38,80,36,81,6
38,83,82,7,37,39,81
39,8,7,83,84,40,38
40,41,85,84,39,8,1686
41,85,40,86,42,1686,2201
42,86,41,2201,1782,43,87
43,44,1737,88,87,1782,42
44,1737,1704,43,88,89,45
45,46,90,44,1704,89,1693
46,90,45,47,91,1710,1693
47,91,46,1752,48,92,1710
48,47,1752,93,92,49,1827
49,94,50,1922,93,1827,48
50,9,51,95,94,49,1922
51,50,9,1,95,96,10
52,98,97,53,10,144,96
53,52,10,54,11,99,98
54,11,12,53,55,100,99
55,100,54,13,56,12,101
56,13,55,14,102,101,57
57,15,14,58,102,103,56
58,15,16,57,59,103,104
59,105,104,16,58,60,17
60,18,969,106,105,17,59
61,968,107,62,19,922,884
62,63,108,61,107,19,20
63,62,108,21,64,109,20
64,63,21,109,22,65,110
65,22,23,66,111,110,64
66,24,67,65,23,111,112
67,114,113,24,66,112,68
68,114,115,24,25,69,67
69,116,115,25,26,70,68
70,27,26,116,69,117,71
71,117,118,70,72,28,27
72,73,119,71,28,118,29
73,29,30,74,72,119,120
74,30,31,75,121,73,120
75,74,121,31,122,76,32
76,32,33,77,123,122,75
77,123,124,76,78,34,33
78,79,35,34,77,124,125
79,80,126,35,36,78,125
80,126,79,36,37,81,127
81,80,37,82,128,38,127
82,83,38,81,128,130,129
83,82,38,39,84,131,130
84,83,39,40,131,132,85
85,41,40,86,133,132,84
86,41,85,134,133,42,87
87,134,135,43,88,42,86
88,44,89,136,135,43,87
89,90,137,88,44,45,136
90,137,89,46,45,138,91
91,47,46,138,90,92,139
92,139,91,140,48,93,47
93,141,140,48,92,94,49
94,142,141,95,50,49,93
95,51,96,143,94,50,142
96,144,143,95,51,52,10
97,52,98,144,195,145,146
98,52,97,147,99,53,146
99,147,98,53,148,54,100
100,55,54,99,101,148,149
101,100,55,149,150,102,56
102,151,150,103,57,101,56
103,152,104,151,102,57,58
104,152,103,59,105,153,58
105,59,104,60,106,154,153
106,1072,1019,60,969,105,154
107,968,61,62,155,156,108
108,157,109,62,63,156,107
109,157,108,110,158,63,64
110,111,159,109,158,65,64
111,110,159,112,160,65,66
112,111,160,161,66,67,113
113,162,161,163,114,67,112
114,113,67,68,115,163,164
115,116,69,114,68,165,164
116,115,69,70,165,166,117
117,167,166,70,116,71,118
118,119,168,117,71,167,72
119,168,118,72,73,120,169
120,170,121,169,119,73,74
121,170,120,74,75,122,171
122,172,171,75,76,121,123
123,77,124,76,173,172,122
124,123,77,173,78,174,125
125,175,126,79,124,78,174
126,80,79,175,125,127,176
127,81,128,177,80,176,126
128,129,178,81,82,127,177
129,178,128,180,179,130,82
130,181,131,180,129,83,82
131,181,130,182,132,83,84
132,182,131,84,183,133,85
133,184,183,134,86,132,85
134,133,86,87,135,185,184
135,136,88,134,87,185,186
136,187,186,137,135,88,89
137,90,89,136,187,188,138
138,137,90,91,189,188,139
139,140,190,92,91,138,189
140,190,139,92,141,191,93
141,191,140,93,142,94,192
142,141,94,192,143,193,95
143,193,194,142,144,96,95
144,97,195,143,194,96,52
145,196,249,195,97,197,146
146,198,197,98,147,145,97
147,98,99,198,199,148,146
148,147,99,100,199,149,200
149,148,100,200,201,150,101
150,202,151,201,149,102,101
151,202,150,152,203,102,103
152,103,104,151,203,153,204
153,154,205,105,104,152,204
154,153,205,106,1072,105,206
155,107,968,1018,1071,207,156
156,208,207,157,155,107,108
157,208,209,108,109,158,156
158,209,157,159,210,109,110
159,110,111,210,158,160,211
160,161,212,159,211,111,112
161,213,162,113,212,160,112
162,213,161,113,214,215,163
163,162,113,114,215,164,216
164,165,115,114,163,216,217
165,166,218,164,115,116,217
166,167,219,218,165,117,116
167,168,220,219,166,117,118
168,220,167,221,119,118,169
169,120,170,119,168,221,222
170,171,223,120,121,169,222
171,172,122,223,170,224,121
172,171,122,225,224,123,173
173,124,123,172,225,226,174
174,227,226,124,173,125,175
175,125,126,228,227,176,174
176,229,228,177,127,126,175
177,128,127,178,229,176,230
178,129,128,179,177,230,231
179,232,231,180,129,178,233
180,179,129,130,181,233,234
181,234,235,130,131,182,180
182,131,132,235,181,236,183
183,133,184,236,237,182,132
184,133,183,238,185,237,134
185,186,239,238,184,134,135
186,136,187,185,239,240,135
187,136,186,137,240,241,188
188,189,242,137,187,241,138
189,188,242,138,139,190,243
190,140,139,189,191,243,244
191,245,192,141,140,190,244
192,245,191,193,246,141,142
193,246,192,247,194,143,142
194,248,247,195,193,143,144
195,248,194,144,97,249,145
196,251,197,306,249,250,145
197,251,196,198,146,145,252
198,197,146,147,199,253,252
199,198,147,253,254,148,200
200,255,254,201,149,199,148
201,255,200,149,256,150,202
202,150,151,257,203,201,256
203,257,202,151,152,204,258
204,259,258,205,152,153,203
205,153,154,260,259,206,204
206,1127,1185,1072,260,205,154
207,208,156,1071,155,262,261
208,157,209,263,207,156,262
209,208,157,210,264,263,158
210,264,209,265,159,158,211
211,212,266,265,159,160,210
212,211,266,161,160,213,267
213,161,162,214,268,212,267
214,162,215,268,213,269,270
215,271,270,214,162,163,216
216,272,217,271,215,163,164
217,272,216,273,164,218,165
218,166,165,274,273,217,219
219,220,275,167,166,274,218
220,168,167,221,276,275,219
221,220,276,168,222,277,169
222,278,277,223,221,169,170
223,171,170,278,222,224,279
224,280,279,225,172,223,171
225,224,172,280,173,281,226
226,282,281,174,227,225,173
227,174,226,175,228,283,282
228,229,176,284,175,227,283
229,228,176,284,177,285,230
230,286,285,178,177,229,231
231,232,179,287,230,286,178
232,288,287,231,179,289,233
233,234,290,289,232,179,180
234,233,290,181,235,180,291
235,234,181,182,236,292,291
236,293,292,237,235,182,183
237,294,293,236,183,238,184
238,295,294,184,185,237,239
239,296,240,185,186,295,238
240,296,239,186,187,241,297
241,298,297,240,187,242,188
242,188,189,241,298,243,299
243,300,244,242,299,189,190
244,300,243,245,301,191,190
245,191,192,301,244,246,302
246,193,192,245,302,247,303
247,194,248,246,193,304,303
248,194,247,195,304,305,249
249,196,306,305,145,248,195
250,306,366,251,308,196,307
251,196,197,250,308,309,252
252,253,198,309,251,197,310
253,252,198,199,254,310,311
254,253,199,200,255,312,311
255,313,312,200,254,201,256
256,313,255,314,257,201,202
257,202,203,256,314,258,315
258,259,316,204,315,203,257
259,258,316,260,317,205,204
260,259,317,1185,206,205,318
261,1070,1071,262,319,207,1184,1126
262,320,319,261,263,208,207
263,209,208,264,262,320,321
264,210,209,265,322,321,263
265,323,322,210,264,266,211
266,211,212,267,324,323,265
267,324,266,268,325,212,213
268,325,267,214,213,269,326
269,328,327,326,270,268,214
270,215,271,329,328,269,214
271,215,270,329,330,272,216
272,330,271,216,217,273,331
273,331,332,274,217,272,218
274,332,273,333,218,275,219
275,220,219,334,276,333,274
276,220,221,335,277,334,275
277,278,222,336,335,276,221
278,277,222,223,279,336,337
279,280,224,338,223,337,278
280,279,224,338,225,281,339
281,226,282,280,225,339,340
282,226,281,283,341,340,227
283,284,342,282,341,227,228
284,342,283,228,229,285,343
285,230,286,344,343,284,229
286,230,285,344,345,287,231
287,345,346,288,232,231,286
288,287,346,232,348,347,289
289,348,288,232,233,290,349
290,233,234,350,349,291,289
291,350,290,234,351,292,235
292,236,293,352,351,291,235
293,294,237,236,292,353,352
294,293,237,295,238,353,354
295,294,238,239,296,354,355
296,239,240,297,356,355,295
297,241,298,356,296,357,240
298,241,297,357,242,358,299
299,300,359,358,242,243,298
300,243,244,360,359,299,301
301,360,361,245,244,302,300
302,362,303,245,246,301,361
303,362,302,246,363,247,304
304,247,303,363,305,364,248
305,365,364,304,306,249,248
306,196,249,250,366,365,305
307,368,367,429,366,250,308
308,250,251,309,307,368,369
309,308,251,252,370,369,310
310,253,252,309,311,370,371
311,372,371,312,254,310,253
312,313,255,311,254,372,373
313,312,255,373,374,314,256
314,375,315,313,374,256,257
315,376,375,314,258,316,257
316,258,259,377,376,315,317
317,259,260,378,377,318,316
318,378,317,260,379,1247,1185
319,1246,1184,320,380,262,261
320,321,381,380,319,262,263
321,381,320,264,322,263,382
322,323,265,264,321,382,383
323,322,265,266,384,383,324
324,267,266,325,385,384,323
325,268,267,326,386,324,385
326,327,269,387,268,386,325
327,328,269,389,388,326,387
328,327,269,389,390,270,329
329,330,391,270,271,390,328
330,391,392,329,271,272,331
331,273,332,392,393,272,330
332,331,273,393,394,274,333
333,334,395,394,332,274,275
334,395,333,396,335,276,275
335,396,334,397,277,336,276
336,398,397,277,278,337,335
337,399,398,279,338,336,278
338,279,280,339,400,337,399
339,338,400,280,401,340,281
340,282,341,339,401,402,281
341,282,283,340,402,403,342
342,284,283,403,404,341,343
343,405,404,342,285,284,344
344,405,406,345,286,285,343
345,287,346,407,406,344,286
346,345,287,288,347,408,407
347,348,288,408,409,346,410
348,347,288,289,349,411,410
349,350,412,411,290,348,289
350,349,412,290,291,413,351
351,292,352,414,413,350,291
352,292,351,415,414,353,293
353,416,354,415,352,293,294
354,417,355,416,353,294,295
355,356,418,417,354,296,295
356,355,418,297,296,419,357
357,298,297,356,358,419,420
358,421,420,359,299,357,298
359,421,422,360,300,299,358
360,301,361,423,422,359,300
361,360,301,424,423,302,362
362,425,363,302,303,424,361
363,425,362,426,303,364,304
364,365,305,427,426,363,304
365,364,305,427,306,366,428
366,306,250,365,307,428,429
367,368,431,430,494,307,429
368,431,432,367,307,308,369
369,433,370,432,309,368,308
370,433,369,309,434,310,371
371,311,372,370,310,434,435
372,311,371,312,436,435,373
373,313,374,437,436,372,312
374,373,313,314,438,437,375
375,376,315,314,439,374,438
376,375,315,377,316,439,440
377,376,316,378,317,440,441
378,377,317,442,441,318,379
379,1375,442,1247,1311,378,318
380,1246,443,381,320,319,444
381,321,320,382,445,380,444
382,446,383,445,381,321,322
383,447,384,446,382,323,322
384,385,448,447,383,323,324
385,384,448,386,449,325,324
386,385,449,450,387,326,325
387,451,450,388,327,326,386
388,327,389,387,453,452,451
389,454,453,327,388,328,390
390,455,391,389,328,454,329
391,455,390,392,456,330,329
392,457,393,456,391,330,331
393,457,392,458,331,332,394
394,333,395,393,332,458,459
395,334,333,394,460,396,459
396,334,335,397,461,460,395
397,398,336,461,396,335,462
398,397,336,399,337,463,462
399,398,337,464,463,400,338
400,338,339,465,401,399,464
401,465,400,466,339,340,402
402,466,467,403,401,340,341
403,468,404,467,402,341,342
404,468,403,405,343,469,342
405,404,343,344,406,469,470
406,407,471,345,405,344,470
407,406,471,345,472,408,346
408,347,409,346,473,472,407
409,408,347,473,410,474
410,347,348,411,409,474,475
411,349,412,476,348,410,475
412,349,350,411,476,477,413
413,351,414,350,412,478,477
414,351,413,479,478,415,352
415,480,479,416,353,414,352
416,353,354,415,480,417,481
417,482,418,355,354,416,481
418,482,417,355,356,419,483
419,484,483,418,356,420,357
420,421,358,484,485,419,357
421,359,422,420,358,486,485
422,421,359,423,360,486,487
423,424,361,422,360,488,487
424,423,361,489,488,362,425
425,362,363,490,489,426,424
426,427,364,491,490,363,425
427,428,492,364,365,426,491
428,427,492,365,366,429,493
429,494,493,307,367,428,366
430,559,494,496,495,367,431
431,368,432,367,497,496,430
432,431,368,433,369,498,497
433,369,370,432,434,498,499
434,433,370,500,499,435,371
435,501,500,434,436,372,371
436,501,502,437,373,435,372
437,503,502,436,373,374,438
438,504,503,374,437,375,439
439,375,376,505,504,438,440
440,506,505,439,376,377,441
441,506,507,378,442,440,377
442,507,508,378,441,1375,379
443,1246,380,509,1374,444,1310
444,510,509,445,443,380,381
445,382,381,511,510,446,444
446,512,511,382,383,447,445
447,383,384,448,513,512,446
448,384,385,449,514,513,447
449,385,386,448,514,450,515
450,516,451,387,386,449,515
451,516,450,517,452,387,388
452,517,518,451,519,453,388
453,454,389,519,452,520,388
454,453,389,455,521,520,390
455,390,391,522,521,454,456
456,392,391,522,523,457,455
457,392,393,458,523,456,524
458,393,457,525,524,459,394
459,526,460,395,525,458,394
460,526,459,527,461,395,396
461,528,527,397,396,460,462
462,528,529,398,463,397,461
463,464,399,529,530,398,462
464,463,399,531,530,400,465
465,400,401,532,466,531,464
466,402,467,532,465,401,533
467,466,402,533,534,403,468
468,534,535,403,404,469,467
469,468,404,535,405,470,536
470,536,469,537,471,405,406
471,406,407,538,537,472,470
472,539,538,471,407,473,408
473,409,408,539,472,474
474,539,540,473,409,410,475
475,476,540,411,474,410
476,411,412,540,475,477,541
477,542,541,476,412,478,413
478,543,542,477,479,414,413
479,480,415,478,543,544,414
480,479,415,544,545,481,416
481,545,546,480,416,417,482
482,417,418,546,547,483,481
483,548,547,419,484,418,482
484,419,483,485,549,420,548
485,486,550,549,484,420,421
486,485,550,421,422,487,551
487,552,488,423,422,486,551
488,552,487,423,424,489,553
489,554,553,424,488,425,490
490,554,555,425,489,491,426
491,492,556,555,490,426,427
492,427,428,491,556,557,493
493,557,558,494,429,428,492
494,558,493,430,559,429,367
495,623,559,496,430,560,561
496,562,561,495,430,497,431
497,563,562,496,431,432,498
498,432,433,497,563,499,564
499,434,500,498,564,433,565
500,435,501,434,499,565,566
501,567,566,436,502,435,500
502,437,503,568,501,436,567
503,438,504,569,437,502,568
504,438,503,569,505,570,439
505,570,571,504,439,440,506
506,441,507,440,505,571,572
507,506,441,442,508,573,572
508,1438,1493,1375,507,442,573
509,575,510,444,574,1374,443
510,575,509,444,511,445,576
511,512,446,510,445,577,576
512,511,446,578,577,447,513
513,448,447,514,579,578,512
514,448,449,580,579,513,515
515,581,516,580,450,449,514
516,450,451,581,515,582,517
517,452,518,451,583,582,516
518,585,519,584,583,517,452
519,585,518,520,586,452,453
520,586,519,587,454,521,453
521,455,522,588,454,587,520
522,456,523,455,521,589,588
523,522,456,457,589,590,524
524,525,458,523,457,590,591
525,524,458,591,592,526,459
526,459,460,593,527,592,525
527,461,528,593,526,460,594
528,461,527,462,529,594,595
529,530,596,463,528,462,595
530,529,596,531,464,463,597
531,530,464,597,598,532,465
532,465,466,531,533,599,598
533,600,599,467,534,466,532
534,468,535,533,467,601,600
535,536,602,534,468,601,469
536,603,602,537,535,470,469
537,536,603,538,604,471,470
538,472,539,537,604,471
539,472,538,700,604,605,473,474,540
540,476,475,539,474,605,541
541,477,542,605,540,476
542,606,543,477,541,478,605
543,606,542,478,544,607,479
544,545,608,607,543,479,480
545,609,608,544,481,546,480
546,482,547,545,481,610,609
547,548,483,546,482,610,611
548,547,483,612,549,484,611
549,613,550,612,548,485,484
550,613,549,551,614,485,486
551,550,614,615,487,486,552
552,487,488,551,615,616,553
553,617,616,489,554,552,488
554,489,553,617,618,490,555
555,619,618,554,490,491,556
556,557,620,619,491,492,555
557,620,556,558,621,493,492
558,557,621,493,494,622,559
559,623,622,495,430,494,558
560,561,625,676,623,624,495
561,562,496,625,560,495,626
562,561,496,627,626,497,563
563,628,627,497,562,498,564
564,629,628,498,499,563,565
565,629,630,500,499,566,564
566,567,501,630,565,500,631
567,568,632,566,501,631,502
568,567,632,502,503,569,633
569,633,634,503,504,568,570
570,505,571,504,635,569,634
571,570,505,635,572,636,506
572,573,507,571,636,506,637
573,572,507,508,637,638,1493
574,639,1492,1437,1374,575,509
575,509,510,640,639,574,576
576,640,577,511,575,510
577,640,576,578,512,511
578,579,513,577,512,640
579,580,514,513,578,640
580,579,514,515,581,640
581,515,516,580,582,640
582,516,581,517,583,640
583,584,518,640,517,582
584,583,518,585,641,640
585,518,519,586,642,641,584
586,585,642,520,519,587,643
587,643,644,588,586,520,521
588,587,644,645,521,522,589
589,523,590,646,645,522,588
590,647,646,589,523,524,591
591,525,592,524,590,648,647
592,649,593,591,525,526,648
593,594,650,649,592,526,527
594,593,650,651,595,527,528
595,652,596,651,594,529,528
596,529,530,597,653,652,595
597,654,598,596,653,531,530
598,654,597,531,655,599,532
599,600,533,655,598,532,656
600,599,533,657,601,534,656
601,658,657,535,534,600,602
602,536,603,535,659,658,601
603,536,602,537,659,604
604,539,700,537,538,659,603
605,660,606,732,700,701,539,540,541,542
606,660,605,542,543,607
607,608,660,606,544,543
608,609,545,544,660,661,607
609,608,545,610,662,661,546
610,662,609,546,547,663,611
611,547,548,612,664,610,663
612,665,664,548,549,613,611
613,549,550,666,665,614,612
614,550,551,667,615,613,666
615,668,667,614,551,616,552
616,669,668,553,617,615,552
617,670,669,553,616,618,554
618,555,619,617,670,554,671
619,620,556,555,618,671,672
620,557,556,619,672,673,621
621,557,558,674,673,622,620
622,623,559,675,674,621,558
623,622,559,495,675,676,560
624,677,716,678,625,676,560
625,561,560,624,678,679,626
626,627,562,625,561,679,680
627,628,563,681,626,562,680
628,627,563,681,564,629,682
629,630,683,682,565,564,628
630,629,683,631,565,566
631,630,683,567,632,566
632,567,568,631,633,683
633,569,634,632,683,568
634,633,569,683,570,635
635,571,570,634,683,636
636,571,572,635,683,637
637,636,683,572,638,573
638,637,683,573,1493,1541
639,1489,1490,1492,574,640,575,1488,1491
640,641,845,576,577,584,583,582,581,580,579,578,639,575,1488
641,845,640,842,836,826,812,793,772,747,717,684,642,585,584
642,585,586,643,684,641
643,587,644,685,586,642,684
644,643,587,588,645,686,685
645,646,687,686,588,644,589
646,590,647,645,687,688,589
647,590,646,648,689,688,591
648,689,647,649,690,592,591
649,650,691,592,593,690,648
650,649,691,593,594,651,692
651,692,693,650,652,594,595
652,595,596,694,693,653,651
653,596,597,654,695,694,652
654,597,598,696,695,653,655
655,697,696,654,598,599,656
656,657,698,655,599,697,600
657,658,601,698,699,600,656
658,657,601,700,699,659,602
659,603,604,602,700,658
660,605,606,701,661,608,607
661,662,701,660,608,609
662,701,661,610,609,663,702
663,703,664,610,662,611,702
664,612,665,703,663,704,611
665,705,704,612,664,666,613
666,665,613,667,614,705,706
667,668,615,707,614,666,706
668,616,669,667,615,708,707
669,670,617,616,668,708,709
670,669,617,618,709,671,710
671,619,672,670,618,710,711
672,712,711,671,619,620,673
673,713,674,672,620,712,621
674,713,673,622,675,714,621
675,714,715,622,674,623,676
676,675,623,560,716,715,624
677,678,811,716,624,746
678,677,811,679,624,625
679,680,811,678,625,626
680,679,811,627,681,626
681,628,627,680,811,682
682,811,681,629,683,628
683,1541,811,629,630,631,632,633,682,634,635,636,637,638
684,717,641,685,642,643
685,644,686,718,717,684,643
686,687,719,645,718,644,685
687,686,719,720,688,645,646
688,720,687,646,647,689,721
689,648,647,688,690,722,721
690,691,723,722,649,648,689
691,649,650,692,724,723,690
692,724,691,651,693,725,650
693,692,651,694,652,726,725
694,726,727,695,653,693,652
695,696,728,727,694,654,653
696,695,728,729,655,697,654
697,655,696,698,730,729,656
698,657,699,656,730,697,731
699,700,658,698,657,731
700,539,604,802,731,699,658,732,605,844,659,803,840
701,662,661,660,702,732,605
702,732,701,703,663,662
703,663,664,702,732,704,733
704,705,665,733,734,664,703
705,735,734,704,665,666,706
706,736,735,707,667,666,705
707,668,708,706,736,667,737
708,737,738,668,707,669,709
709,710,739,708,669,738,670
710,711,740,709,739,670,671
711,710,740,672,712,741,671
712,672,711,741,742,713,673
713,673,674,712,743,742,714
714,675,715,744,743,713,674
715,716,745,714,675,744,676
716,745,715,676,677,624,746
717,718,747,641,684,685
718,719,748,717,747,686,685
719,749,748,686,687,720,718
720,750,721,687,688,719,749
721,750,720,751,722,689,688
722,723,752,690,721,689,751
723,724,753,691,690,722,752
724,723,753,754,692,691,725
725,724,692,755,754,693,726
726,694,727,755,756,693,725
727,726,694,695,728,757,756
728,695,696,727,757,758,729
729,759,758,728,696,697,730
730,731,759,698,697,729
731,802,700,730,759,699,698
732,700,605,702,701,760,733,803,783,703
733,704,734,760,732,703
734,705,735,733,704,760
735,705,734,736,761,760,706
736,761,735,706,707,762,737
737,738,763,708,762,736,707
738,737,763,708,739,764,709
739,709,710,764,738,740,765
740,741,766,710,711,765,739
741,766,740,767,712,742,711
742,741,712,713,743,767,768
743,769,768,713,742,744,714
744,745,770,714,715,769,743
745,716,715,746,771,770,744
746,771,811,745,716,677
747,717,718,772,641,748
748,772,773,749,719,718,747
749,748,719,774,773,720,750
750,720,721,751,775,774,749
751,721,750,776,775,752,722
752,751,776,722,723,753,777
753,723,724,754,752,777,778
754,753,724,779,778,725,755
755,725,754,726,756,780,779
756,757,781,780,755,726,727
757,782,781,756,728,758,727
758,757,728,729,759,782
759,730,731,729,758,802,782
760,735,761,733,734,732,783
761,736,735,760,783,762
762,763,784,737,783,761,736
763,762,784,737,738,785,764
764,765,786,739,738,785,763
765,764,786,740,766,739,787
766,741,740,767,788,765,787
767,741,766,788,742,768,789
768,769,743,767,742,789,790
769,768,743,790,791,770,744
770,791,792,771,745,744,769
771,811,792,746,745,770
772,748,773,793,641,747
773,772,748,774,749,793,794
774,773,749,795,794,750,775
775,751,776,750,774,796,795
776,777,797,751,775,752,796
777,778,798,776,797,752,753
778,798,777,779,754,799,753
779,778,754,799,800,780,755
780,801,781,800,779,756,755
781,757,782,802,801,780,756
782,757,781,802,759,758
783,803,732,762,784,760,761
784,762,763,785,803,783
785,803,784,763,764,804,786
786,764,765,787,805,804,785
787,805,786,788,806,766,765
788,766,767,787,806,807,789
789,807,788,768,767,808,790
790,809,808,769,768,791,789
791,810,809,770,792,790,769
792,791,770,771,811,810
793,812,641,773,794,772
794,774,795,793,773,813,812
795,774,794,813,814,796,775
796,814,795,797,815,775,776
797,798,816,776,777,815,796
798,816,797,778,777,817,799
799,818,817,779,778,800,798
800,801,819,818,779,799,780
801,802,819,800,781,780
802,819,801,731,700,781,782,844,759
803,785,784,732,783,700,832,820,840,804
804,786,805,803,785,820
805,787,786,804,806,820
806,787,788,807,805,820,821
807,822,821,806,788,789,808
808,823,822,809,807,790,789
809,810,791,823,808,824,790
810,809,791,824,825,792,811
811,683,1541,1586,771,792,677,678,746,679,680,810,825,681,682
812,826,813,641,793,794
813,826,812,795,814,794,827
814,828,815,813,795,827,796
815,828,814,797,816,796,829
816,830,817,798,797,815,829
817,799,818,830,816,831,798
818,799,817,819,800,831
819,802,801,800,818,831,844
820,832,803,805,806,804,821
821,822,807,820,832,806
822,823,808,821,807,832,833
823,822,808,809,834,833,824
824,835,825,810,834,823,809
825,835,824,810,841,811
826,836,641,812,813,827
827,837,836,828,826,814,813
828,814,815,838,837,829,827
829,838,839,828,816,830,815
830,816,817,829,839,831
831,839,844,830,817,818,819
832,803,820,840,833,821,822
833,840,832,834,822,823
834,840,833,841,835,823,824
835,824,825,834,841
836,837,827,842,641,826
837,842,843,838,828,836,827
838,843,844,829,839,837,828
839,838,829,844,831,830
840,700,803,832,833,834,841
841,840,834,835,825
842,837,843,845,641,836
843,842,837,838,844,845
844,843,838,845,839,831,819,802,700
845,641,640,842,843,844,1488
846,1726,1698,1733,850,849,848
847,848,1698,862,863,1734,1719
848,847,1698,863,849,864,846
849,866,865,864,848,850,846
850,867,866,846,1733,849,851
851,2203,868,1819,867,850,1733
852,876,875,853,2206,2194,2195
853,2195,2202,876,852,854,877
854,878,877,2202,853,855,879
855,879,880,2148,2202,854,2077
856,2178,857,2185,886,887,2184
857,2178,856,888,889,858,887
858,889,890,2178,2177,859,857
859,2181,2177,860,890,891,858
860,891,892,2207,2179,2181,859
861,1805,1734,862,1869,898,897
862,861,1734,847,863,899,898
863,862,847,899,900,864,848
864,900,863,849,865,901,848
865,902,901,866,903,849,864
866,865,903,867,850,849,904
867,866,850,868,851,905,904
868,2203,851,906,869,867,905
869,2204,870,907,906,868,2203
870,869,2204,907,908,2205,871
871,2186,872,2205,870,909,908
872,871,2186,2172,873,909,910
873,874,2171,911,910,872,2172
874,912,911,873,2171,875,2206
875,876,852,912,913,874,2206
876,875,852,853,913,914,877
877,854,878,914,915,853,876
878,916,917,854,877,915,879
879,918,917,855,880,878,854
880,879,855,918,2077,881,919
881,882,920,2043,880,2077,919
882,920,921,881,2043,2029,883
883,922,921,884,1694,2029,882
884,883,1694,1709,19,922,61
885,928,927,2208,2144,886,2185
886,2185,856,887,929,928,885
887,856,886,857,930,929,888
888,857,889,932,930,887,931
889,858,890,933,932,888,857
890,889,858,933,934,891,859
891,860,892,934,890,935,859
892,936,935,891,860,2207,893
893,2207,2170,892,936,894,937
894,938,937,893,2170,2169,895
895,896,2021,938,894,939,2169
896,1869,2021,895,940,897,939
897,940,896,1869,941,898,861
898,942,941,897,861,862,899
899,862,863,898,943,942,900
900,899,863,943,944,864,901
901,865,902,945,944,900,864
902,865,901,903,947,946,945
903,865,866,902,947,948,904
904,905,949,948,903,867,866
905,949,950,906,904,868,867
906,950,905,907,951,868,869
907,951,952,870,908,869,906
908,953,909,907,870,871,952
909,953,908,954,871,910,872
910,911,955,873,954,909,872
911,912,874,910,955,873,956
912,911,874,956,957,875,913
913,912,875,958,957,876,914
914,915,959,877,876,913,958
915,959,960,914,877,878,916
916,878,917,962,961,915,960
917,916,878,879,918,962,963
918,879,917,963,964,919,880
919,965,964,918,880,881,920
920,965,966,882,921,881,919
921,922,883,920,882,967,966
922,921,883,884,61,968,967
923,1759,18,971,970,924,2011
924,925,2013,971,923,2011,972
925,924,2013,973,972,2015,926
926,925,2015,2208,927,974,973
927,975,974,885,928,926,2208
928,976,929,885,927,886,975
929,976,928,886,930,887,977
930,929,887,978,977,888,931
931,980,979,888,932,930,978
932,933,981,889,888,931,980
933,889,890,981,932,982,934
934,933,890,891,983,935,982
935,984,936,892,983,891,934
936,984,935,892,893,985,937
937,894,938,936,985,893,986
938,987,986,894,937,939,895
939,940,988,987,938,895,896
940,988,939,896,897,941,989
941,942,898,990,989,940,897
942,941,898,990,943,899,991
943,942,899,900,944,992,991
944,992,943,900,993,945,901
945,946,994,993,902,901,944
946,994,945,995,996,902,947
947,948,997,902,903,996,946
948,947,997,903,949,998,904
949,998,999,905,950,904,948
950,1000,951,949,905,999,906
951,907,952,1000,950,1001,906
952,951,907,953,1002,1001,908
953,908,909,954,952,1002,1003
954,953,909,1004,1003,910,955
955,910,911,954,1005,956,1004
956,912,957,1005,955,911,1006
957,956,912,958,913,1006,1007
958,957,913,1007,959,1008,914
959,915,960,914,1009,1008,958
960,959,915,1009,1010,961,916
961,962,916,1011,1010,1012,960
962,961,916,963,1013,917,1012
963,1013,962,918,917,964,1014
964,965,919,918,963,1015,1014
965,920,966,964,919,1016,1015
966,965,920,967,921,1017,1016
967,1017,1018,968,921,922,966
968,61,107,155,1018,922,967
969,18,60,106,970,1019
970,18,969,1020,1019,971,923
971,970,1020,1021,972,923,924
972,1021,971,925,973,924,1022
973,974,1023,925,972,926,1022
974,927,975,1023,973,1024,926
975,927,974,1024,1025,928,976
976,928,929,975,977,1026,1025
977,1027,1026,976,929,978,930
978,979,1028,977,930,1027,931
979,931,980,1029,1028,978,1030
980,931,979,1031,1030,932,981
981,933,932,982,1032,1031,980
982,981,933,1032,934,1033,983
983,935,984,934,1033,1034,982
984,935,936,1035,1034,983,985
985,986,1036,984,936,1035,937
986,987,1037,938,1036,985,937
987,986,1037,938,1038,988,939
988,940,939,1039,1038,987,989
989,990,1040,941,1039,940,988
990,989,1040,991,1041,941,942
991,1041,990,992,943,942,1042
992,944,943,991,1042,1043,993
993,992,1043,1044,994,945,944
994,946,945,1044,1045,995,993
995,1045,994,1047,1046,996,946
996,1047,995,997,1048,947,946
997,947,948,1049,1048,996,998
998,949,999,1049,1050,948,997
999,998,949,1000,1051,1050,950
1000,1001,1052,950,951,999,1051
1001,1000,1052,1053,1002,952,951
1002,952,953,1054,1053,1003,1001
1003,1002,1054,954,1004,1055,953
1004,1005,1056,954,1003,1055,955
1005,1004,1056,955,956,1006,1057
1006,956,957,1005,1058,1007,1057
1007,1058,1059,957,958,1006,1008
1008,1059,1060,959,1009,958,1007
1009,1010,1061,960,959,1008,1060
1010,1061,1009,1011,961,1062,960
1011,1064,1063,1010,961,1062,1012
1012,961,1011,1065,1064,962,1013
1013,963,962,1014,1066,1012,1065
1014,1013,1066,1067,1015,964,963
1015,965,1016,1068,1067,1014,964
1016,965,1015,1017,966,1069,1068
1017,967,1018,1070,1069,966,1016
1018,968,155,1070,1071,1017,967
1019,1072,106,1020,970,969,1073
1020,1019,970,971,1021,1074,1073
1021,971,972,1022,1075,1020,1074
1022,1021,1075,973,1023,1076,972
1023,974,973,1024,1022,1076,1077
1024,1023,974,975,1077,1025,1078
1025,1078,1024,975,1079,1026,976
1026,1027,1080,977,1079,1025,976
1027,1026,1080,1028,1081,977,978
1028,1027,1081,979,1029,978,1082
1029,1084,1083,979,1028,1030,1082
1030,1031,980,1084,1029,1085,979
1031,1030,980,1085,981,1032,1086
1032,981,1031,982,1033,1087,1086
1033,1087,1032,982,1088,983,1034
1034,1035,984,1089,1088,1033,983
1035,1034,984,1089,1090,1036,985
1036,986,985,1037,1091,1035,1090
1037,986,987,1038,1091,1036,1092
1038,987,1037,1092,1093,1039,988
1039,1094,1093,1038,988,989,1040
1040,989,990,1095,1094,1039,1041
1041,1096,1095,991,990,1040,1042
1042,1096,1041,991,992,1043,1097
1043,1042,992,993,1097,1044,1098
1044,994,1045,1043,993,1098,1099
1045,1044,994,995,1100,1046,1099
1046,1100,1101,1045,1047,995,1102
1047,1103,1102,1046,995,996,1048
1048,1104,1103,1049,997,996,1047
1049,1048,997,998,1050,1104,1105
1050,1051,1106,1049,998,999,1105
1051,1106,1050,999,1000,1052,1107
1052,1000,1001,1053,1108,1051,1107
1053,1108,1052,1001,1002,1054,1109
1054,1109,1110,1002,1053,1003,1055
1055,1111,1110,1056,1004,1054,1003
1056,1004,1005,1111,1112,1057,1055
1057,1113,1112,1056,1005,1006,1058
1058,1007,1059,1006,1057,1114,1113
1059,1058,1007,1008,1060,1115,1114
1060,1059,1008,1009,1115,1116,1061
1061,1010,1009,1060,1116,1062,1117
1062,1063,1118,1061,1117,1010,1011
1063,1062,1118,1011,1064,1120,1119
1064,1121,1065,1120,1011,1063,1012
1065,1121,1064,1012,1013,1066,1122
1066,1067,1123,1013,1014,1122,1065
1067,1123,1124,1066,1068,1015,1014
1068,1124,1125,1067,1015,1069,1016
1069,1070,1017,1016,1125,1068,1126
1070,1018,1071,261,1069,1017,1126
1071,1070,1018,261,155,207
1072,106,1019,1127,206,154,1073
1073,1127,1072,1019,1020,1074,1128
1074,1075,1129,1020,1021,1128,1073
1075,1076,1130,1021,1022,1129,1074
1076,1075,1130,1077,1131,1022,1023
1077,1076,1131,1023,1024,1132,1078
1078,1079,1133,1077,1132,1025,1024
1079,1134,1133,1078,1025,1026,1080
1080,1026,1027,1134,1135,1081,1079
1081,1027,1028,1082,1136,1080,1135
1082,1083,1137,1136,1081,1028,1029
1083,1084,1029,1138,1137,1082,1139
1084,1083,1029,1139,1140,1030,1085
1085,1030,1031,1084,1086,1140,1141
1086,1142,1141,1087,1032,1085,1031
1087,1143,1142,1088,1033,1032,1086
1088,1143,1087,1089,1144,1033,1034
1089,1088,1144,1034,1035,1090,1145
1090,1145,1089,1146,1035,1036,1091
1091,1092,1147,1037,1036,1146,1090
1092,1147,1091,1037,1038,1093,1148
1093,1092,1038,1039,1094,1149,1148
1094,1040,1095,1150,1149,1039,1093
1095,1040,1094,1041,1096,1151,1150
1096,1041,1095,1151,1152,1042,1097
1097,1042,1043,1152,1153,1096,1098
1098,1153,1154,1043,1097,1099,1044
1099,1154,1098,1155,1100,1044,1045
1100,1046,1101,1156,1155,1099,1045
1101,1102,1158,1156,1157,1100,1046
1102,1101,1158,1047,1103,1046,1159
1103,1159,1160,1047,1102,1048,1104
1104,1048,1103,1161,1160,1105,1049
1105,1161,1104,1162,1049,1106,1050
1106,1051,1050,1105,1162,1163,1107
1107,1108,1164,1052,1051,1106,1163
1108,1053,1052,1107,1164,1165,1109
1109,1054,1110,1165,1166,1108,1053
1110,1109,1054,1167,1166,1111,1055
1111,1056,1112,1167,1168,1110,1055
1112,1111,1056,1169,1113,1057,1168
1113,1114,1170,1169,1112,1057,1058
1114,1113,1170,1058,1171,1115,1059
1115,1172,1116,1059,1060,1171,1114
1116,1172,1115,1060,1117,1173,1061
1117,1118,1174,1173,1116,1061,1062
1118,1117,1174,1175,1119,1062,1063
1119,1175,1118,1120,1177,1176,1063
1120,1064,1121,1178,1119,1177,1063
1121,1064,1065,1120,1178,1179,1122
1122,1123,1180,1179,1066,1065,1121
1123,1122,1180,1181,1067,1124,1066
1124,1068,1125,1123,1067,1181,1182
1125,1124,1068,1069,1183,1182,1126
1126,1184,261,1069,1070,1183,1125
1127,1185,206,1072,1073,1128,1186
1128,1187,1129,1074,1127,1073,1186
1129,1188,1187,1075,1074,1130,1128
1130,1075,1076,1131,1188,1189,1129
1131,1076,1077,1130,1189,1190,1132
1132,1191,1190,1131,1133,1077,1078
1133,1134,1079,1078,1191,1192,1132
1134,1193,1192,1133,1079,1080,1135
1135,1134,1080,1193,1136,1194,1081
1136,1137,1195,1194,1082,1081,1135
1137,1195,1136,1083,1138,1082,1196
1138,1197,1198,1083,1137,1196,1139
1139,1084,1140,1199,1198,1138,1083
1140,1200,1199,1139,1084,1141,1085
1141,1200,1140,1086,1142,1085,1201
1142,1087,1143,1202,1201,1086,1141
1143,1087,1142,1088,1202,1203,1144
1144,1145,1204,1088,1089,1203,1143
1145,1204,1144,1205,1146,1090,1089
1146,1205,1206,1145,1147,1090,1091
1147,1206,1146,1092,1091,1148,1207
1148,1208,1207,1147,1092,1149,1093
1149,1150,1094,1209,1148,1093,1208
1150,1149,1094,1209,1210,1095,1151
1151,1096,1152,1095,1211,1150,1210
1152,1151,1096,1211,1212,1097,1153
1153,1098,1154,1213,1212,1152,1097
1154,1153,1098,1213,1214,1155,1099
1155,1214,1154,1215,1156,1100,1099
1156,1101,1157,1215,1155,1216,1100
1157,1156,1101,1216,1217,1158,1218
1158,1101,1102,1218,1219,1157,1159
1159,1103,1160,1220,1219,1102,1158
1160,1159,1103,1161,1104,1220,1221
1161,1160,1104,1105,1162,1221,1222
1162,1223,1222,1161,1105,1163,1106
1163,1164,1224,1223,1162,1106,1107
1164,1107,1108,1224,1163,1225,1165
1165,1109,1166,1108,1164,1225,1226
1166,1165,1109,1227,1167,1226,1110
1167,1227,1228,1111,1168,1166,1110
1168,1167,1111,1169,1112,1229,1228
1169,1113,1170,1112,1229,1230,1168
1170,1113,1114,1231,1171,1169,1230
1171,1231,1170,1232,1114,1115,1172
1172,1233,1173,1115,1116,1171,1232
1173,1234,1233,1172,1117,1116,1174
1174,1117,1118,1175,1235,1234,1173
1175,1174,1118,1119,1176,1236,1235
1176,1238,1177,1175,1119,1237,1236
1177,1239,1238,1176,1119,1120,1178
1178,1121,1120,1179,1240,1239,1177
1179,1180,1241,1122,1178,1121,1240
1180,1179,1241,1122,1123,1181,1242
1181,1243,1182,1180,1123,1124,1242
1182,1243,1181,1183,1244,1124,1125
1183,1244,1182,1125,1126,1184,1245
1184,1246,319,1245,1126,261,1183
1185,1127,206,260,1247,1186,318
1186,1247,1185,1187,1248,1128,1127
1187,1249,1188,1129,1186,1248,1128
1188,1249,1187,1129,1130,1189,1250
1189,1251,1190,1188,1130,1131,1250
1190,1251,1189,1252,1191,1131,1132
1191,1252,1190,1253,1132,1192,1133
1192,1134,1193,1254,1253,1191,1133
1193,1134,1192,1254,1255,1135,1194
1194,1256,1255,1193,1195,1136,1135
1195,1137,1136,1257,1256,1194,1196
1196,1138,1197,1257,1258,1137,1195
1197,1138,1198,1196,1260,1259,1258
1198,1197,1138,1261,1199,1139,1260
1199,1140,1200,1261,1198,1139,1262
1200,1263,1262,1140,1199,1141,1201
1201,1263,1264,1202,1142,1200,1141
1202,1264,1201,1142,1203,1265,1143
1203,1202,1265,1266,1204,1143,1144
1204,1145,1144,1205,1267,1266,1203
1205,1267,1204,1146,1206,1145,1268
1206,1205,1146,1147,1269,1268,1207
1207,1208,1148,1270,1269,1206,1147
1208,1207,1148,1209,1271,1270,1149
1209,1272,1271,1208,1150,1149,1210
1210,1211,1273,1209,1150,1151,1272
1211,1273,1210,1152,1212,1274,1151
1212,1211,1152,1213,1275,1153,1274
1213,1276,1275,1153,1154,1212,1214
1214,1215,1277,1154,1155,1276,1213
1215,1214,1277,1278,1216,1155,1156
1216,1279,1278,1157,1217,1215,1156
1217,1216,1157,1279,1280,1218,1281
1218,1158,1219,1217,1281,1157,1282
1219,1159,1220,1283,1282,1218,1158
1220,1159,1219,1284,1221,1160,1283
1221,1284,1220,1285,1222,1160,1161
1222,1285,1221,1286,1162,1223,1161
1223,1287,1286,1162,1222,1224,1163
1224,1225,1288,1164,1163,1223,1287
1225,1224,1288,1289,1164,1226,1165
1226,1290,1289,1225,1227,1166,1165
1227,1167,1228,1291,1290,1166,1226
1228,1227,1167,1292,1229,1168,1291
1229,1169,1230,1292,1228,1168,1293
1230,1229,1169,1231,1170,1293,1294
1231,1294,1295,1170,1171,1232,1230
1232,1233,1296,1171,1231,1172,1295
1233,1234,1173,1297,1172,1232,1296
1234,1233,1173,1297,1235,1174,1298
1235,1234,1174,1236,1175,1299,1298
1236,1237,1300,1299,1176,1235,1175
1237,1236,1300,1238,1176,1302,1301
1238,1239,1177,1303,1302,1176,1237
1239,1238,1177,1303,1304,1178,1240
1240,1305,1304,1241,1178,1239,1179
1241,1179,1180,1242,1306,1305,1240
1242,1307,1306,1241,1180,1181,1243
1243,1181,1182,1308,1307,1242,1244
1244,1309,1308,1183,1182,1243,1245
1245,1246,1184,1310,1244,1183,1309
1246,380,443,1184,319,1245,1310
1247,1185,1186,1311,379,318,1248,1312
1248,1186,1187,1312,1313,1249,1247
1249,1187,1188,1314,1313,1248,1250
1250,1314,1249,1315,1188,1189,1251
1251,1316,1315,1189,1190,1250,1252
1252,1190,1191,1253,1316,1251,1317
1253,1318,1317,1254,1252,1191,1192
1254,1192,1193,1318,1253,1319,1255
1255,1256,1194,1320,1254,1193,1319
1256,1255,1194,1320,1257,1195,1321
1257,1196,1258,1321,1322,1256,1195
1258,1323,1322,1257,1196,1259,1197
1259,1260,1325,1197,1323,1258,1324
1260,1325,1259,1261,1326,1197,1198
1261,1198,1199,1326,1260,1327,1262
1262,1263,1200,1328,1327,1261,1199
1263,1262,1200,1201,1264,1328,1329
1264,1263,1201,1202,1265,1330,1329
1265,1331,1330,1202,1203,1264,1266
1266,1204,1267,1331,1265,1332,1203
1267,1205,1204,1266,1332,1268,1333
1268,1269,1206,1334,1333,1205,1267
1269,1268,1206,1334,1335,1270,1207
1270,1207,1208,1271,1336,1335,1269
1271,1272,1209,1208,1336,1270,1337
1272,1271,1209,1338,1273,1337,1210
1273,1211,1210,1339,1338,1272,1274
1274,1211,1212,1339,1273,1275,1340
1275,1276,1213,1212,1274,1340,1341
1276,1275,1213,1341,1277,1214,1342
1277,1342,1343,1214,1215,1276,1278
1278,1216,1279,1277,1215,1343
1279,1216,1278,1343,1280,1217
1280,1524,1647,1343,1279,1217,1281,1407,1469,1344
1281,1217,1218,1282,1280,1344
1282,1283,1345,1219,1218,1281,1344
1283,1282,1345,1346,1284,1220,1219
1284,1220,1221,1283,1285,1347,1346
1285,1348,1286,1221,1222,1347,1284
1286,1348,1285,1287,1349,1222,1223
1287,1286,1349,1223,1288,1350,1224
1288,1224,1225,1351,1350,1289,1287
1289,1352,1351,1225,1288,1290,1226
1290,1353,1291,1352,1289,1226,1227
1291,1353,1290,1292,1354,1227,1228
1292,1354,1291,1228,1229,1355,1293
1293,1230,1294,1356,1355,1292,1229
1294,1231,1295,1357,1293,1230,1356
1295,1294,1231,1358,1357,1296,1232
1296,1359,1358,1232,1233,1297,1295
1297,1233,1234,1296,1360,1359,1298
1298,1234,1235,1361,1360,1299,1297
1299,1362,1361,1236,1300,1235,1298
1300,1363,1362,1301,1236,1237,1299
1301,1363,1300,1302,1237,1364,1365
1302,1303,1366,1238,1365,1301,1237
1303,1302,1366,1239,1238,1304,1367
1304,1367,1368,1239,1303,1305,1240
1305,1306,1369,1368,1304,1240,1241
1306,1307,1242,1305,1369,1241,1370
1307,1306,1242,1308,1243,1371,1370
1308,1244,1309,1307,1243,1372,1371
1309,1244,1308,1372,1373,1310,1245
1310,1245,1246,1374,443,1309,1373
1311,1247,379,1375,1376,1312
1312,1248,1313,1377,1376,1247,1311
1313,1312,1248,1249,1314,1377,1378
1314,1249,1313,1250,1315,1379,1378
1315,1251,1316,1314,1250,1379,1380
1316,1251,1315,1317,1381,1380,1252
1317,1382,1381,1316,1253,1318,1252
1318,1383,1382,1253,1317,1254,1319
1319,1254,1318,1383,1320,1384,1255
1320,1256,1255,1319,1384,1385,1321
1321,1322,1386,1257,1385,1256,1320
1322,1386,1321,1258,1323,1387,1257
1323,1324,1388,1258,1322,1387,1259
1324,1388,1323,1325,1390,1259,1389
1325,1326,1391,1260,1259,1390,1324
1326,1392,1391,1325,1261,1260,1327
1327,1392,1393,1328,1262,1261,1326
1328,1263,1262,1394,1393,1327,1329
1329,1330,1264,1263,1395,1328,1394
1330,1265,1331,1264,1329,1395,1396
1331,1265,1330,1397,1332,1266,1396
1332,1397,1331,1398,1266,1333,1267
1333,1399,1398,1334,1268,1332,1267
1334,1333,1268,1269,1335,1400,1399
1335,1334,1269,1336,1401,1270,1400
1336,1401,1402,1271,1270,1335,1337
1337,1403,1402,1271,1272,1336,1338
1338,1403,1404,1339,1273,1272,1337
1339,1338,1273,1274,1340,1404,1405
1340,1339,1274,1275,1406,1405,1341
1341,1275,1276,1340,1406,1342,1407
1342,1277,1343,1341,1276,1407
1343,1342,1277,1279,1280,1407,1278
1344,1524,1408,1345,1282,1281,1280
1345,1282,1283,1346,1344,1408
1346,1345,1283,1409,1347,1408,1284
1347,1410,1348,1409,1346,1285,1284
1348,1410,1347,1285,1286,1349,1411
1349,1286,1287,1348,1412,1350,1411
1350,1288,1351,1413,1412,1349,1287
1351,1289,1352,1288,1350,1414,1413
1352,1289,1351,1415,1414,1290,1353
1353,1290,1291,1416,1415,1354,1352
1354,1292,1291,1355,1417,1353,1416
1355,1418,1417,1354,1292,1356,1293
1356,1419,1418,1355,1293,1357,1294
1357,1295,1358,1294,1356,1419,1420
1358,1359,1296,1421,1420,1295,1357
1359,1360,1422,1358,1296,1297,1421
1360,1422,1359,1297,1298,1361,1423
1361,1299,1362,1424,1298,1360,1423
1362,1363,1300,1299,1361,1425,1424
1363,1362,1300,1301,1425,1364,1426
1364,1301,1363,1365,1428,1426,1427
1365,1366,1429,1302,1301,1428,1364
1366,1302,1303,1430,1367,1429,1365
1367,1430,1366,1304,1368,1303,1431
1368,1367,1304,1305,1369,1432,1431
1369,1433,1432,1305,1306,1368,1370
1370,1433,1434,1371,1307,1306,1369
1371,1372,1435,1308,1434,1307,1370
1372,1371,1435,1309,1308,1373,1436
1373,1437,1436,1372,1309,1310,1374
1374,1437,574,509,443,1310,1373
1375,1438,508,442,379,1311,1376
1376,1312,1377,1375,1311,1438,1439
1377,1312,1376,1378,1440,1313,1439
1378,1440,1377,1314,1379,1313,1441
1379,1314,1315,1378,1441,1380,1442
1380,1443,1442,1379,1315,1316,1381
1381,1317,1382,1444,1443,1316,1380
1382,1383,1318,1317,1381,1444,1445
1383,1382,1318,1445,1446,1319,1384
1384,1385,1447,1446,1383,1319,1320
1385,1447,1384,1448,1321,1386,1320
1386,1387,1449,1322,1321,1385,1448
1387,1449,1386,1322,1323,1388,1450
1388,1324,1323,1450,1451,1387,1389
1389,1390,1324,1388,1451,1452,1453
1390,1325,1324,1391,1389,1453,1454
1391,1326,1392,1325,1455,1454,1390
1392,1456,1393,1326,1391,1327,1455
1393,1456,1392,1328,1394,1327,1457
1394,1458,1457,1328,1393,1329,1395
1395,1330,1329,1394,1458,1459,1396
1396,1397,1460,1459,1330,1331,1395
1397,1331,1332,1398,1396,1460,1461
1398,1333,1399,1461,1462,1332,1397
1399,1333,1398,1462,1463,1334,1400
1400,1464,1463,1401,1335,1334,1399
1401,1336,1402,1465,1464,1400,1335
1402,1337,1403,1466,1465,1401,1336
1403,1338,1404,1337,1402,1467,1466
1404,1403,1338,1468,1405,1339,1467
1405,1406,1469,1468,1404,1340,1339
1406,1469,1405,1340,1407,1341
1407,1469,1406,1341,1342,1343,1280
1408,1524,1344,1345,1346,1470,1409
1409,1410,1470,1346,1347,1408
1410,1347,1348,1409,1470,1411,1471
1411,1412,1472,1410,1471,1348,1349
1412,1472,1411,1473,1413,1349,1350
1413,1414,1351,1350,1412,1473,1474
1414,1413,1351,1415,1352,1475,1474
1415,1414,1352,1475,1353,1416,1476
1416,1353,1415,1477,1417,1354,1476
1417,1418,1355,1354,1477,1416,1478
1418,1417,1355,1419,1356,1479,1478
1419,1418,1356,1420,1480,1479,1357
1420,1421,1358,1419,1480,1357,1481
1421,1481,1482,1420,1358,1422,1359
1422,1360,1359,1483,1482,1423,1421
1423,1484,1483,1422,1424,1360,1361
1424,1361,1362,1485,1484,1425,1423
1425,1362,1363,1426,1486,1485,1424
1426,1363,1364,1486,1487,1427,1425
1427,1488,1487,1428,1364,1426
1428,1429,1488,1365,1364,1427
1429,1430,1488,1366,1428,1365
1430,1431,1488,1366,1367,1429
1431,1430,1488,1432,1368,1367
1432,1488,1431,1369,1433,1368
1433,1370,1434,1488,1369,1432
1434,1433,1370,1488,1489,1435,1371
1435,1371,1372,1436,1490,1489,1434
1436,1490,1435,1437,1373,1491,1372
1437,1436,1373,1374,574,1492,1491
1438,1493,508,1375,1494,1376,1439
1439,1440,1377,1495,1494,1376,1438
1440,1496,1495,1378,1377,1439,1441
1441,1497,1496,1442,1440,1379,1378
1442,1443,1498,1497,1441,1380,1379
1443,1442,1498,1381,1444,1380,1499
1444,1381,1443,1500,1499,1382,1445
1445,1501,1500,1444,1382,1446,1383
1446,1502,1501,1384,1447,1445,1383
1447,1385,1384,1448,1446,1502,1503
1448,1447,1385,1503,1504,1386,1449
1449,1387,1386,1505,1504,1448,1450
1450,1388,1451,1506,1505,1387,1449
1451,1450,1388,1452,1507,1389,1506
1452,1451,1507,1389,1453,1509,1508
1453,1454,1510,1509,1452,1389,1390
1454,1455,1391,1510,1453,1390,1511
1455,1454,1391,1392,1456,1511,1512
1456,1392,1393,1455,1457,1513,1512
1457,1458,1394,1393,1456,1514,1513
1458,1457,1394,1514,1515,1395,1459
1459,1396,1460,1458,1395,1515,1516
1460,1517,1516,1396,1397,1459,1461
1461,1518,1462,1398,1460,1517,1397
1462,1519,1463,1518,1461,1398,1399
1463,1519,1462,1520,1464,1400,1399
1464,1521,1520,1463,1400,1465,1401
1465,1466,1522,1521,1464,1402,1401
1466,1523,1467,1522,1465,1403,1402
1467,1523,1466,1403,1404,1468
1468,1469,1523,1404,1405,1467
1469,1646,1680,1570,1523,1406,1405,1468,1407,1280,1647
1470,1409,1410,1524,1408,1471
1471,1410,1411,1470,1524,1525,1472
1472,1412,1411,1526,1525,1473,1471
1473,1526,1527,1412,1472,1413,1474
1474,1528,1527,1473,1413,1414,1475
1475,1415,1414,1529,1528,1476,1474
1476,1529,1475,1477,1530,1416,1415
1477,1531,1530,1416,1417,1478,1476
1478,1531,1532,1479,1418,1417,1477
1479,1532,1533,1478,1419,1418,1480
1480,1419,1420,1481,1534,1533,1479
1481,1421,1482,1535,1534,1480,1420
1482,1481,1421,1536,1483,1535,1422
1483,1484,1423,1537,1536,1482,1422
1484,1483,1423,1485,1424,1537,1538
1485,1425,1486,1484,1424,1539,1538
1486,1487,1540,1426,1425,1485,1539
1487,1540,1486,1488,1427,1426
1488,1430,1431,1433,1434,1432,640,639,1489,1487,1427,1540,1585,845,1429,1428
1489,1490,639,1435,1488,1434
1490,1436,1435,1489,639,1491
1491,1490,1436,1437,1492,639
1492,639,574,1437,1491
1493,1438,508,573,1494,638,1541
1494,1493,1438,1541,1439,1495,1542
1495,1440,1496,1543,1439,1494,1542
1496,1440,1495,1543,1497,1441,1544
1497,1496,1441,1442,1544,1545,1498
1498,1442,1443,1546,1499,1545,1497
1499,1500,1444,1546,1498,1443,1547
1500,1445,1501,1499,1444,1547,1548
1501,1445,1500,1502,1446,1548,1549
1502,1550,1549,1501,1446,1503,1447
1503,1550,1502,1551,1447,1448,1504
1504,1449,1505,1552,1448,1503,1551
1505,1449,1504,1552,1553,1506,1450
1506,1505,1450,1554,1553,1451,1507
1507,1555,1554,1451,1452,1506,1508
1508,1557,1509,1555,1507,1556,1452
1509,1510,1558,1557,1508,1453,1452
1510,1454,1453,1558,1509,1511,1559
1511,1512,1560,1510,1559,1454,1455
1512,1560,1561,1511,1513,1456,1455
1513,1512,1456,1561,1562,1457,1514
1514,1562,1563,1457,1513,1458,1515
1515,1563,1514,1458,1516,1564,1459
1516,1460,1517,1565,1564,1515,1459
1517,1460,1516,1461,1518,1566,1565
1518,1461,1462,1519,1566,1567,1517
1519,1462,1463,1520,1518,1568,1567
1520,1521,1464,1569,1568,1519,1463
1521,1520,1464,1465,1522,1569,1570
1522,1466,1465,1523,1521,1570
1523,1466,1467,1522,1570,1469,1468
1524,1344,1408,1280,1647,1470,1471,1571,1525
1525,1472,1526,1524,1471,1571
1526,1473,1527,1472,1525,1572,1571
1527,1526,1473,1573,1572,1528,1474
1528,1529,1475,1527,1474,1574,1573
1529,1528,1475,1476,1530,1575,1574
1530,1531,1477,1575,1576,1476,1529
1531,1530,1477,1478,1532,1577,1576
1532,1531,1478,1479,1533,1578,1577
1533,1532,1479,1480,1534,1578,1579
1534,1481,1535,1480,1533,1580,1579
1535,1536,1581,1481,1534,1482,1580
1536,1535,1581,1582,1537,1483,1482
1537,1483,1484,1582,1583,1538,1536
1538,1539,1584,1583,1485,1537,1484
1539,1585,1584,1540,1486,1538,1485
1540,1487,1486,1539,1585,1488
1541,683,811,1586,1494,1493,638,1542
1542,1495,1494,1541,1586,1543
1543,1495,1496,1542,1586,1544
1544,1543,1586,1496,1545,1497
1545,1544,1586,1497,1498,1546
1546,1498,1499,1545,1586,1547
1547,1546,1586,1499,1548,1500
1548,1547,1586,1500,1501,1549
1549,1550,1502,1501,1548,1586
1550,1549,1502,1503,1551,1586
1551,1587,1552,1550,1503,1586,1504
1552,1587,1551,1504,1505,1588,1553
1553,1589,1588,1552,1505,1506,1554
1554,1555,1507,1506,1553,1589,1590
1555,1591,1556,1554,1507,1508,1590
1556,1591,1555,1557,1593,1508,1592
1557,1556,1593,1508,1509,1594,1558
1558,1595,1559,1510,1509,1594,1557
1559,1595,1558,1596,1560,1510,1511
1560,1596,1559,1512,1561,1511,1597
1561,1598,1562,1560,1512,1597,1513
1562,1599,1598,1561,1514,1563,1513
1563,1562,1514,1599,1515,1600,1564
1564,1601,1600,1565,1516,1515,1563
1565,1566,1602,1564,1601,1516,1517
1566,1603,1567,1602,1565,1518,1517
1567,1603,1566,1568,1604,1518,1519
1568,1569,1520,1567,1604,1519
1569,1568,1520,1570,1604,1521
1570,1523,1469,1627,1646,1569,1604,1521,1522
1571,1605,1647,1524,1525,1526,1572
1572,1573,1527,1526,1605,1571
1573,1606,1574,1572,1527,1528,1605
1574,1606,1573,1529,1575,1607,1528
1575,1576,1608,1530,1529,1574,1607
1576,1609,1608,1575,1530,1531,1577
1577,1578,1610,1532,1531,1576,1609
1578,1611,1610,1577,1532,1533,1579
1579,1534,1533,1578,1611,1580,1612
1580,1581,1613,1612,1534,1535,1579
1581,1535,1536,1580,1613,1614,1582
1582,1537,1583,1615,1614,1536,1581
1583,1538,1584,1582,1537,1616,1615
1584,1539,1585,1538,1583,1616
1585,1539,1584,1540,1655,1668,1488,1683,1677,1685,1616,1637
1586,1541,811,1587,1678,1542,1543,1544,1545,1546,1547,1548,1549,1550,1551
1587,1678,1586,1551,1552,1588
1588,1587,1552,1553,1589,1678
1589,1553,1588,1554,1678,1590
1590,1591,1678,1589,1554,1555
1591,1555,1556,1678,1590,1592
1592,1617,1678,1591,1556,1593
1593,1556,1557,1594,1592,1618,1617
1594,1593,1557,1558,1619,1595,1618
1595,1558,1559,1619,1594,1620,1596
1596,1621,1620,1559,1560,1597,1595
1597,1598,1622,1596,1560,1561,1621
1598,1562,1599,1561,1597,1622,1623
1599,1562,1598,1623,1600,1624,1563
1600,1564,1601,1624,1599,1625,1563
1601,1564,1600,1626,1602,1625,1565
1602,1626,1601,1566,1565,1603,1627
1603,1566,1567,1604,1602,1627
1604,1567,1568,1603,1627,1569,1570
1605,1647,1571,1628,1572,1573,1606
1606,1573,1574,1607,1628,1605
1607,1606,1574,1575,1628,1608,1629
1608,1576,1609,1575,1607,1629,1630
1609,1576,1608,1630,1631,1577,1610
1610,1611,1578,1577,1631,1609,1632
1611,1610,1578,1633,1632,1612,1579
1612,1580,1613,1633,1611,1579,1634
1613,1580,1581,1614,1612,1635,1634
1614,1613,1581,1582,1615,1636,1635
1615,1637,1636,1582,1614,1616,1583
1616,1584,1585,1637,1615,1583
1617,1618,1638,1592,1678,1593
1618,1617,1638,1593,1594,1639,1619
1619,1594,1595,1618,1639,1620,1640
1620,1621,1596,1641,1640,1595,1619
1621,1620,1596,1622,1642,1597,1641
1622,1642,1621,1643,1623,1597,1598
1623,1643,1622,1599,1598,1644,1624
1624,1600,1599,1644,1623,1625,1645
1625,1601,1626,1645,1646,1600,1624
1626,1601,1602,1625,1627,1646
1627,1570,1646,1626,1602,1603,1604
1628,1647,1605,1606,1607,1629
1629,1647,1628,1608,1607,1648,1630
1630,1649,1631,1648,1629,1609,1608
1631,1649,1630,1650,1632,1609,1610
1632,1633,1651,1611,1650,1631,1610
1633,1651,1632,1611,1612,1652,1634
1634,1613,1635,1612,1633,1653,1652
1635,1636,1654,1613,1634,1653,1614
1636,1635,1654,1615,1637,1614,1655
1637,1615,1636,1616,1585,1655
1638,1617,1618,1656,1678,1639
1639,1640,1657,1618,1638,1656,1619
1640,1657,1639,1641,1620,1619,1658
1641,1640,1620,1642,1621,1658,1659
1642,1622,1621,1641,1660,1659,1643
1643,1660,1661,1622,1623,1642,1644
1644,1623,1643,1661,1624,1645
1645,1625,1646,1661,1644,1624
1646,1469,1680,1672,1661,1627,1570,1645,1625,1626
1647,1280,1524,1605,1571,1628,1684,1662,1629,1648,1469
1648,1629,1630,1662,1649,1647
1649,1630,1631,1662,1648,1663,1650
1650,1631,1632,1651,1664,1663,1649
1651,1633,1632,1664,1665,1652,1650
1652,1665,1651,1666,1633,1634,1653
1653,1634,1635,1652,1654,1667,1666
1654,1655,1668,1635,1636,1667,1653
1655,1654,1668,1585,1637,1636
1656,1638,1678,1669,1639,1657
1657,1640,1639,1658,1670,1669,1656
1658,1657,1670,1640,1641,1671,1659
1659,1671,1672,1660,1642,1641,1658
1660,1643,1661,1659,1642,1672
1661,1672,1646,1660,1643,1644,1645
1662,1684,1647,1648,1649,1663,1673
1663,1673,1664,1662,1649,1650
1664,1651,1665,1674,1673,1663,1650
1665,1664,1651,1675,1666,1652,1674
1666,1675,1665,1652,1676,1653,1667
1667,1677,1676,1668,1654,1653,1666
1668,1654,1655,1585,1667,1677
1669,1656,1678,1670,1657,1679
1670,1657,1658,1669,1680,1671,1679
1671,1672,1680,1659,1670,1658
1672,1661,1646,1671,1680,1659,1660
1673,1663,1664,1662,1684,1674,1681
1674,1664,1665,1681,1675,1673
1675,1665,1666,1682,1681,1674,1676
1676,1677,1667,1683,1675,1666,1682
1677,1676,1667,1683,1585,1668
1678,1587,1586,1591,1590,1638,1656,1588,1589,1592,1617,1669,1679,1680
1679,1680,1678,1670,1669
1680,1646,1469,1671,1672,1679,1678,1670
1681,1675,1682,1684,1674,1673
1682,1675,1681,1685,1684,1683,1676
1683,1677,1585,1685,1676,1682
1684,1682,1685,1681,1647,1662,1673
1685,1682,1684,1683,1585
1686,8,2130,40,1687,41,2201
1687,1688,2127,2130,1907,2201,1686
1688,1687,2127,2124,1906,1907,1689
1689,1908,1906,2121,2120,2124,1688
1690,1853,1750,1852,1707,1706,1722
1691,31,32,1705,1708,1713,1714
1692,17,1703,18,1758,1759,1715
1693,45,1704,46,1710,1717,1716
1694,884,883,1774,1709,1966,2029,2040
1695,1702,1720,1697,1701,1742,1790
1696,1724,1711,1725,1712,1700,1699
1697,1695,1702,1723,1721,1730,1701
1698,848,847,1726,846,1719,1729
1699,1718,1728,1727,1696,1711,1700
1700,1732,1731,1712,1696,1718,1699
1701,1742,1695,1741,1743,1721,1697
1702,1695,1720,1697,1723,1748,1749
1703,17,1692,16,1715,1735,1736
1704,1737,44,45,1738,1693,1716
1705,1691,31,30,1739,1740,1713
1706,1744,1722,1707,1690,1755,1745
1707,1852,1690,1851,1706,1745,1756
1708,32,1691,1746,1751,1714,33
1709,1757,19,884,1774,1694,1775
1710,46,47,1752,1747,1693,1717
1711,1796,1795,1724,1696,1727,1699
1712,1696,1725,1761,1700,1731,1762
1713,1740,1765,1705,1714,1753,1691
1714,1713,1753,1746,1763,1691,1708
1715,1766,1760,1758,1692,1703,1736
1716,1754,1767,1693,1717,1738,1704
1717,1710,1693,1764,1754,1747,1716
1718,1699,1728,1700,1732,1769,1768
1719,1734,1771,1770,1729,847,1698
1720,1702,1695,1919,2044,1790,1748
1721,1776,1772,1743,1701,1697,1730
1722,1863,1750,1744,1706,1690,1773
1723,1697,1702,1778,1777,1730,1749
1724,1696,1711,1973,1725,1914,1796
1725,1696,1712,1973,1724,1788,1761
1726,846,1698,1792,1733,1779,1729
1727,1795,1711,1728,1699,1786,1794
1728,1699,1718,1727,1793,1768,1786
1729,1770,1797,1779,1726,1719,1698
1730,1798,1777,1721,1697,1772,1723
1731,1732,1700,1762,1789,1712,1787
1732,1700,1731,1787,1718,1799,1769
1733,1792,1726,846,850,851,1819
1734,861,1805,862,847,1719,1771
1735,1736,1781,16,15,1703,1780
1736,1735,1781,1715,1703,1801,1766
1737,1704,44,43,1738,1782,1783
1738,1802,1767,1704,1737,1716,1783
1739,29,1784,30,1705,1785,1740
1740,1800,1765,1713,1785,1739,1705
1741,1701,1743,1742,1812,1833,1803
1742,1701,1695,1790,1867,1741,1812
1743,1741,1701,1721,1804,1776,1803
1744,1806,1773,1706,1722,1755,1807
1745,1706,1707,1809,1756,1808,1755
1746,1763,1816,1813,1751,1708,1714
1747,1815,1752,1710,1818,1764,1717
1748,1749,1702,1810,1720,2044,1811
1749,1748,1702,1810,1820,1723,1778
1750,1853,1690,1863,1933,1722,1932,1934
1751,1746,1813,1708,34,33,1826
1752,1815,1827,1747,47,48,1710
1753,1765,1821,1714,1713,1822,1763
1754,1716,1767,1764,1717,1824,1825
1755,1744,1706,1829,1807,1745,1808
1756,1830,1809,1851,2063,1745,1707
1757,19,1709,20,1775,1814,1828
1758,1759,1692,1715,1760,2010,2009
1759,923,18,1758,1692,2010,2011
1760,1823,1766,2137,1715,2009,1758
1761,1762,1831,1788,1832,1725,1712
1762,1789,1838,1761,1831,1731,1712
1763,1746,1816,1839,1822,1714,1753
1764,1840,1818,1717,1754,1747,1825
1765,1740,1800,1753,1821,1841,1713
1766,1823,1760,1715,1736,1801,1842
1767,1843,1824,1802,1738,1754,1716
1768,1836,1769,1793,1728,1718,1846
1769,1836,1768,1799,1837,1732,1718
1770,1844,1850,1729,1797,1771,1719
1771,1719,1734,1770,1844,1805,1845
1772,1849,1848,1776,1721,1730,1798
1773,1806,1744,1834,1835,1722,1863
1774,1709,1694,1775,1791,1965,1966
1775,1814,1757,1774,1709,1791,1817
1776,1857,1848,1772,1721,1804,1743
1777,1798,1730,1854,1856,1723,1778
1778,1723,1777,1854,1749,1820,1855
1779,1858,1792,1726,1729,1859,1797
1780,14,2198,15,1735,1781,1909
1781,1736,1735,1902,1909,1801,1780
1782,2201,1907,43,42,1737,1783
1783,1906,1907,1737,1782,1738,1802
1784,29,1739,1910,1785,28,2200
1785,1784,1910,1904,1800,1740,1739
1786,1861,1794,1793,1728,1727,1862
1787,1865,1864,1789,1731,1732,1799
1788,2176,2188,1973,1725,1761,1832
1789,1762,1838,1865,1866,1731,1787
1790,1720,1695,1919,1886,1867,1742
1791,2187,1847,1817,1775,1774,1965
1792,1858,1779,1733,1726,1819,1872
1793,1862,1868,1728,1768,1846,1786
1794,1860,1874,1861,1786,1727,1795
1795,1796,1711,1860,2041,1727,1794
1796,1711,1795,1947,1914,1724,2041
1797,1729,1770,1850,1859,1779,1873
1798,1730,1777,1856,1875,1849,1772
1799,1864,1878,1787,1769,1837,1732
1800,1740,1765,1904,1905,1841,1785
1801,1903,1842,1736,1781,1766,1902
1802,1906,1908,1767,1738,1843,1783
1803,1876,1877,1804,1833,1741,1743
1804,1803,1877,1776,1857,1743,1879
1805,861,1734,1869,1771,1845,1885
1806,1744,1773,1887,1880,1834,1807
1807,1829,1755,1881,1744,1880,1806
1808,1829,1888,1882,1809,1745,1755
1809,1830,1756,1882,1883,1808,1745
1810,1748,1749,1894,1811,1893,1820
1811,2187,1965,2044,1748,1894,1810
1812,1870,1867,2189,1833,1742,1741
1813,1746,1751,1896,1895,1816,1826
1814,1897,1898,1775,1757,1817,1828
1815,1827,1752,1747,1900,1818,1899
1816,1912,1839,1746,1763,1895,1813
1817,1897,1911,1847,1814,1791,1775
1818,1913,1899,1815,1747,1764,1840
1819,2203,851,1872,1954,1733,1792
1820,1855,1924,1749,1810,1778,1893
1821,1753,1765,1841,1925,1915,1822
1822,1839,1763,1821,1915,1916,1753
1823,1842,1926,1760,1766,2137,2196
1824,1843,1767,1927,1754,1825,1917
1825,1918,1917,1840,1764,1754,1824
1826,1813,1896,35,34,1751,1921
1827,1815,1752,1922,1900,49,48
1828,21,20,1757,1923,1898,1814
1829,1928,1888,1808,1755,1807,1881
1830,1756,1809,1883,1871,1870,2063
1831,1832,1932,1931,1838,1762,1761
1832,1933,1932,1831,1761,1788,2176
1833,1889,2189,1876,1812,1803,1741
1834,1835,1901,1929,1887,1773,1806
1835,1901,1834,1863,2176,1773,2188
1836,1768,1769,1837,1956,1846,1955
1837,1956,1957,1836,1769,1799,1878
1838,1789,1762,1931,1831,1958,1866
1839,1912,1816,1952,1763,1822,1916
1840,1953,1913,1764,1818,1825,1918
1841,1821,1765,1800,1905,1967,1925
1842,1801,1903,1926,1823,1766,1968
1843,1824,1767,1802,1927,1908,1972
1844,1850,1770,1974,1771,1845,1975
1845,1805,1771,1885,1844,1975,1976
1846,1836,1955,1987,1868,1793,1768
1847,1817,1911,2187,1791,1946,1945
1848,1857,1776,1772,1849,1943,1942
1849,1772,1848,1943,1875,1944,1798
1850,1844,1770,1974,1989,1797,1873
1851,1756,2063,1707,1852,1890,1889
1852,1891,1890,1853,1690,1707,1851
1853,1750,1690,1852,1891,1934,1935
1854,1855,1991,1856,1777,1990,1778
1855,1854,1991,1820,1924,1992,1778
1856,1875,1993,1798,1854,1777,1990
1857,1776,1848,1942,1804,1879,1941
1858,1792,1779,1994,1859,1872,1998
1859,1994,1858,1873,1995,1779,1797
1860,1794,1874,1795,2041,2196,2137
1861,1874,1794,1786,1862,1999,1996
1862,1997,1996,1868,1793,1786,1861
1863,1750,1933,1722,2176,1835,1773
1864,1799,1878,1787,1865,2017,2000
1865,2001,2000,1787,1864,1789,1866
1866,1865,1789,2001,1958,2002,1838
1867,1870,2032,1812,1886,1790,2033,1742
1868,1987,2008,1997,1862,1793,1846
1869,1805,861,896,2021,1885,897
1870,2032,1867,1812,2189,2063,1871,1830
1871,2069,1884,2032,1870,1883,1830
1872,1954,1819,1858,1998,2019,1792
1873,1859,1995,2018,1989,1797,1850
1874,1860,1794,1861,1999,2009,2137
1875,1856,1993,1944,1849,1798,2022
1876,1890,1892,1889,1803,1877,1833
1877,1876,1803,1892,1930,1879,1804
1878,2024,2017,1799,1864,1957,1837
1879,1940,1941,1930,1877,1804,1857
1880,1887,1806,1981,1982,1881,1807
1881,1982,1988,1928,1829,1880,1807
1882,1809,1883,1888,2026,1808,2027
1883,1809,1882,2027,1884,1871,1830
1884,2069,1871,2028,2101,1883,2027
1885,1845,1805,1976,2025,2021,1869
1886,2033,2034,1920,1919,1790,1867
1887,1880,1806,1834,1929,1981,1980
1888,2026,1882,2031,1928,1829,1808
1889,1876,1890,2189,2063,1851,1833
1890,1891,1852,1876,1892,1889,1851
1891,1852,1890,1892,1937,1853,1935
1892,1891,1937,1890,1876,1930,1877
1893,1924,2042,1810,1894,1820,2040
1894,1810,1811,1893,1965,1966,2040
1895,1912,1816,1896,1813,2057,2058
1896,2059,1921,1813,1895,2058,1826
1897,1814,1898,1817,1911,2037,2038
1898,1814,1897,2038,2039,1923,1828
1899,1913,1818,2060,1815,1900,2061
1900,2061,2062,1922,1827,1815,1899
1901,1835,1834,1929,1977,1978,2188
1902,2046,1903,2045,1909,1781,1801
1903,1801,1842,2046,1902,1968,2047
1904,1800,1905,1785,2054,2055,1910
1905,1800,1904,1841,1967,2056,2055
1906,1908,1802,1783,1907,1688,1689
1907,1687,2201,1906,1783,1782,1688
1908,1906,1802,1689,1843,2120,1972
1909,2045,1902,1781,2064,1780,2198
1910,1784,1785,2200,2065,2054,1904
1911,1897,1817,1847,2037,2036,1946
1912,1816,1839,1952,2066,1895,2057
1913,1899,1818,1953,1840,2060,2067
1914,1947,1796,1973,1724,1949,1977
1915,2078,2079,1821,1925,1822,1916
1916,2080,1952,2079,1822,1915,1839
1917,2082,1918,1927,2081,1825,1824
1918,2082,1917,2083,1953,1825,1840
1919,1945,2044,1720,1886,1920,1790
1920,1945,1946,2035,2034,1886,1919
1921,1896,2059,36,35,6,1826
1922,2062,9,1827,1900,50,49
1923,22,21,1828,3,1898,2039
1924,1893,2042,1855,1820,2076,1992
1925,1967,2095,1821,1915,2078,1841
1926,1948,2041,1842,1823,2196,1968
1927,2081,1917,1824,1843,2096,1972
1928,1888,1829,1988,2068,2031,1881
1929,1901,1834,1887,1979,1980,1978
1930,1939,1937,1879,1940,1892,1877
1931,1838,1831,1936,1934,1932,1958
1932,1933,1750,1832,1831,1934,1931
1933,1863,1750,1932,1832,2176
1934,1750,1932,1853,1935,1936,1931
1935,1936,1938,1934,1853,1891,1937
1936,1959,1958,1935,1938,1934,1931
1937,1930,1939,1891,1892,1935,1938
1938,1939,1960,1936,1935,1959,1937
1939,1930,1937,1960,1938,1940,1961
1940,1941,1962,1879,1939,1961,1930
1941,1963,1962,1940,1879,1857,1942
1942,1943,1964,1857,1848,1941,1963
1943,1964,1986,1849,1848,1944,1942
1944,1875,1849,1986,2030,1943,2022
1945,1920,1946,1919,2044,1847,2187
1946,1945,1920,1847,1911,2036,2035
1947,1914,1796,1948,2041,1950,1949
1948,1926,2041,1947,1968,1969,1950
1949,1977,1978,1951,1950,1947,1914
1950,1969,1970,1948,1947,1951,1949
1951,1978,1979,1970,1971,1949,1950
1952,1912,1839,2066,1916,2080,2099
1953,2083,1918,1913,1840,2067,2084
1954,1872,1819,2019,2132,2204,2203
1955,1956,2133,1846,1836,2136,1987
1956,1837,1957,1836,1955,2133,2134
1957,1956,1837,1878,2024,2135,2134
1958,1959,1936,2002,1866,1838,1931
1959,1958,1936,2003,1960,1938,2002
1960,1939,1938,2003,1959,2004,1961
1961,1939,1940,2005,2004,1960,1962
1962,1963,1941,1940,2006,2005,1961
1963,1962,1941,2006,2007,1964,1942
1964,1943,1986,2023,1942,2007,1963
1965,1811,2187,1791,1774,1894,1966
1966,1694,1774,1894,1965,2040
1967,2095,1925,1905,1841,2056,2105
1968,1948,1926,1969,1903,2047,1842
1969,2047,2048,1970,1950,1948,1968
1970,1969,1950,2049,1971,1951,2048
1971,1970,2049,1951,2050,1983,1979
1972,2120,1908,1927,1843,2117,2096
1973,2188,1788,1725,1724,1914,1977
1974,1850,1844,1989,2138,1975,2139
1975,1974,1844,2139,1845,1976,2140
1976,1975,1845,1885,2025,2140,2141
1977,1949,1978,1901,2188,1914,1973
1978,1977,1949,1951,1979,1929,1901
1979,1978,1951,1929,1980,1971,1983
1980,1984,1981,1983,1929,1979,1887
1981,1982,1880,1980,1984,1887,1985
1982,1988,1881,2020,1981,1880,1985
1983,1980,1984,2050,2051,1971,1979
1984,1980,1981,1983,1985,2051,2052
1985,2052,2053,2020,1982,1981,1984
1986,1964,1943,1944,2030,2023,2094
1987,2136,2142,2008,1868,1955,1846
1988,1982,1881,2020,1928,2068,2098
1989,1974,1850,2143,2018,1873,2138
1990,2146,1991,1993,2145,1856,1854
1991,2146,1990,1854,1855,1992,2147
1992,1991,1855,1924,2076,2148,2147
1993,1875,1856,1990,2145,2149,2022
1994,1858,1859,1995,2152,1998,2150
1995,2152,2153,1859,1873,2018,1994
1996,2012,1999,1997,1862,2014,1861
1997,2016,2014,1996,1862,1868,2008
1998,1872,1858,2019,2151,2150,1994
1999,2012,1996,2009,1874,2010,1861
2000,1865,2001,2160,2017,1864,2158
2001,1865,2000,1866,2002,2156,2158
2002,1958,1866,2001,2156,1959,2003
2003,1959,1960,2155,2156,2002,2004
2004,1960,2003,2155,1961,2005,2154
2005,1962,2006,2153,2154,1961,2004
2006,1962,1963,2005,2152,2153,2007
2007,2150,2023,1964,2152,2006,1963
2008,2016,2144,1987,1868,2142,1997
2009,1760,2137,1999,1874,2010,1758
2010,1999,2009,1758,2012,2011,1759
2011,2010,2012,1759,924,923,2013
2012,1999,1996,2014,2010,2011,2013
2013,925,924,2015,2014,2012,2011
2014,1997,2016,2015,2013,1996,2012
2015,2013,2014,925,926,2016,2208
2016,2008,2144,1997,2014,2208,2015
2017,2024,1878,2000,2160,2162,1864
2018,2154,2143,1873,1995,1989,2153
2019,2174,2151,2132,1954,1872,1998
2020,2098,2097,1982,1988,2053,1985
2021,1869,896,895,2169,2025,1885
2022,2173,2149,2030,1993,1875,1944
2023,2150,2007,2094,2151,1964,1986
2024,1878,2017,2162,1957,2164,2135
2025,1976,1885,2169,2168,2141,2021
2026,1888,1882,2031,2110,2108,2027
2027,2026,2108,1882,2028,1883,1884
2028,2107,2106,1884,2101,2108,2027
2029,2042,2043,1694,883,2040,882
2030,2173,2022,1986,1944,2175,2094
2031,2068,2112,2110,2026,1888,1928
2032,1870,1867,2033,1871,2069
2033,2070,2034,1886,1867,2032,2069
2034,2035,1920,2033,2070,1886,2071
2035,1920,2034,2072,2036,2071,1946
2036,2035,2072,2073,2037,1911,1946
2037,1897,1911,2036,2073,2038,2074
2038,2039,1898,2074,2075,2037,1897
2039,2038,1898,2075,2100,3,1923
2040,1894,1966,1893,1694,2042,2029
2041,1926,1948,1795,1860,2196,1947,1796
2042,1924,1893,2076,2029,2043,2040
2043,2042,2029,882,881,2076,2077
2044,1919,1945,1720,1748,1811,2187
2045,2064,2090,1902,1909,2088,2046
2046,1903,1902,2045,2088,2047,2086
2047,2048,1969,2086,1968,1903,2046
2048,2047,1969,2086,1970,2049,2085
2049,1970,1971,2084,2085,2050,2048
2050,2051,2083,2049,2084,1983,1971
2051,2050,2083,2082,2052,1984,1983
2052,2082,2081,2053,1985,2051,1984
2053,2052,1985,2020,2097,2081,2096
2054,1904,2055,2065,1910,2122,2125
2055,2122,2104,1904,2054,1905,2056
2056,1905,1967,2055,2103,2105,2104
2057,2126,2058,2123,2066,1895,1912
2058,2126,2057,1896,2059,1895,2129
2059,1896,1921,2131,6,2058,2129
2060,1899,1913,2067,2087,2089,2061
2061,2062,1900,2091,2060,2089,1899
2062,2091,2093,9,2061,1900,1922
2063,2189,1870,1851,1756,1830,1889
2064,2090,2045,2197,2198,1909,2092
2065,2054,1910,2128,2199,2125,2200
2066,1912,1952,2123,2057,2099,2119
2067,2085,2087,1953,2084,2060,1913
2068,2112,2031,2114,1928,1988,2098
2069,1871,1884,2101,2033,2070,2032
2070,2033,2034,2071,2102,2101,2069
2071,2035,2072,2070,2034,2102,2103
2072,2104,2073,2035,2036,2071,2103
2073,2072,2104,2122,2074,2036,2037
2074,2125,2075,2073,2122,2038,2037
2075,2074,2125,2128,2100,2039,2038
2076,1924,2042,1992,2148,2077,2043
2077,2148,2076,880,881,855,2043
2078,2079,1915,2095,2107,2109,1925
2079,2078,1915,2111,2080,1916,2109
2080,2111,2079,1916,1952,2113,2099
2081,2052,2082,1927,1917,2053,2096
2082,2052,2081,1918,1917,2083,2051
2083,1953,1918,2051,2050,2084,2082
2084,2067,1953,2049,2085,2050,2083
2085,2087,2067,2084,2049,2048,2086
2086,2048,2047,2085,2087,2046,2088
2087,2088,2089,2085,2067,2060,2086
2088,2089,2087,2045,2046,2090,2086
2089,2088,2087,2090,2091,2060,2061
2090,2064,2045,2089,2088,2092,2091
2091,2062,2093,2092,2061,2090,2089
2092,2,2093,2197,2091,2090,2064
2093,2,2092,2062,2091,9,1
2094,2174,2151,2023,2030,2175,1986
2095,2105,2106,2107,1967,1925,2078
2096,2081,1927,2097,2053,2117,1972
2097,2117,2115,2098,2020,2053,2096
2098,2020,2097,2115,2114,2068,1988
2099,2116,2113,2080,1952,2066,2119
2100,4,3,2075,2128,2039,5
2101,2106,2102,1884,2028,2069,2070
2102,2101,2106,2105,2103,2071,2070
2103,2105,2102,2071,2072,2104,2056
2104,2072,2073,2122,2055,2103,2056
2105,2106,2095,2103,2102,2056,1967
2106,2107,2028,2105,2095,2101,2102
2107,2106,2028,2095,2078,2109,2108
2108,2110,2026,2027,2109,2107,2028
2109,2110,2108,2107,2078,2111,2079
2110,2031,2026,2108,2112,2109,2111
2111,2080,2079,2110,2112,2109,2113
2112,2068,2031,2114,2113,2110,2111
2113,2112,2114,2116,2099,2111,2080
2114,2112,2113,2068,2098,2115,2116
2115,2117,2097,2116,2118,2098,2114
2116,2119,2118,2115,2114,2099,2113
2117,2115,2097,2118,2120,1972,2096
2118,2119,2116,2115,2117,2121,2120
2119,2116,2118,2121,2099,2123,2066
2120,1689,2121,2118,1908,1972,2117
2121,2123,2124,2119,2118,1689,2120
2122,2104,2055,2073,2074,2054,2125
2123,2124,2126,2121,2057,2066,2119
2124,2126,2123,2121,2127,1688,1689
2125,2074,2075,2122,2054,2065,2128
2126,2058,2057,2124,2123,2129,2127
2127,2129,2126,2130,1688,1687,2124
2128,2075,2100,2065,2199,5,2125
2129,2126,2127,2130,2131,2059,2058
2130,2129,2127,1687,8,2131,1686
2131,2059,6,2129,8,2130,7
2132,2190,2205,2174,2019,2204,1954
2133,1955,1956,2136,2134,2183,2182
2134,2180,2135,1957,1956,2133,2182
2135,2166,2164,2180,2134,2024,1957
2136,1987,2142,1955,2133,2183,2184
2137,1823,1760,2196,1860,2009,1874
2138,2157,2143,2159,2139,1989,1974
2139,2140,2161,2159,2138,1974,1975
2140,2141,2163,2161,2139,1976,1975
2141,2140,2163,2165,2168,2025,1976
2142,1987,2136,2185,2144,2184,2008
2143,2157,2155,2138,2154,2018,1989
2144,885,2208,2016,2008,2185,2142
2145,1993,1990,2149,2194,2146,2193
2146,1990,1991,2147,2195,2194,2145
2147,2195,2146,1991,1992,2202,2148
2148,1992,2076,2202,2147,855,2077
2149,2192,2193,2173,2022,1993,2145
2150,2007,2023,2151,1998,1994,2152
2151,2174,2019,2094,1998,2150,2023
2152,1995,2153,1994,2007,2150,2006
2153,2152,1995,2018,2006,2154,2005
2154,2018,2143,2155,2153,2005,2004
2155,2157,2143,2156,2003,2154,2004
2156,2158,2157,2001,2002,2155,2003
2157,2155,2143,2158,2156,2138,2159
2158,2156,2157,2159,2001,2000,2160
2159,2158,2157,2138,2139,2161,2160
2160,2000,2017,2158,2162,2159,2161
2161,2140,2139,2163,2162,2159,2160
2162,2024,2017,2163,2164,2161,2160
2163,2140,2141,2165,2164,2162,2161
2164,2166,2135,2165,2163,2162,2024
2165,2166,2164,2163,2141,2168,2167
2166,2135,2164,2165,2180,2167,2179
2167,2179,2207,2170,2166,2165,2168
2168,2165,2141,2025,2169,2167,2170
2169,2025,2168,894,2170,2021,895
2170,893,2207,2167,2168,894,2169
2171,874,873,2172,2192,2193,2206
2172,2171,2192,872,873,2191,2186
2173,2192,2191,2022,2149,2030,2175
2174,2019,2151,2132,2094,2175,2190
2175,2191,2190,2030,2094,2174,2173
2176,1788,2188,1863,1835,1933,1832
2177,2181,859,2183,2182,858,2178
2178,857,856,2183,2184,858,2177
2179,2167,2207,2166,860,2180,2181
2180,2134,2135,2166,2181,2182,2179
2181,859,2177,2182,2180,2179,860
2182,2177,2183,2133,2134,2181,2180
2183,2177,2182,2136,2133,2178,2184
2184,2183,2178,2136,856,2142,2185
2185,856,886,2144,2142,2184,885
2186,871,872,2191,2172,2190,2205
2187,1847,1791,1811,1965,2044,1945
2188,2176,1788,1973,1977,1901,1835
2189,2063,1870,1889,1812,1833
2190,2205,2132,2175,2191,2174,2186
2191,2192,2173,2175,2190,2172,2186
2192,2191,2173,2149,2193,2171,2172
2193,2192,2149,2194,2206,2171,2145
2194,2206,852,2193,2195,2145,2146
2195,853,2202,2147,2146,852,2194
2196,1926,2041,1860,2137,1823
2197,13,12,2,2092,2064,2198
2198,1780,14,2197,2064,13,1909
2199,26,5,27,2128,2065,2200
2200,1910,1784,28,27,2199,2065
2201,1687,1907,42,41,1782,1686
2202,853,2195,2147,2148,854,855
2203,868,851,1819,869,2204,1954
2204,869,870,2132,2205,2203,1954
2205,2190,2132,871,870,2204,2186
2206,2194,852,874,875,2193,2171
2207,2179,2167,893,2170,860,892
2208,885,2144,2016,2015,926,927
