1,4,5,33,1651,1649,1739
2,1703,1704,1740,15,14,13
3,1650,1648,1741,25,23,24
4,1,5,33,69,34,35
5,4,1,6,36,35,1739
6,36,5,37,1729,1739,7
7,1742,38,37,1604,1729,6
8,39,40,1478,1742,1479,9
9,727,1498,41,40,8,1479
10,1539,1495,11,42,757
11,43,42,1495,10,12,1602
12,43,44,1704,13,1602,11
13,1704,12,45,14,44,2
14,47,46,45,13,15,2
15,16,1740,48,47,14,2
16,15,1740,1728,17,49,48
17,1743,50,1608,1728,16,49
18,51,52,19,1743,1472,1454
19,18,52,20,1452,53,1454
20,21,54,19,1452,53,1453
21,54,20,1453,22,1600,55
22,55,56,21,1600,23,1650
23,22,1650,3,24,57,56
24,3,23,25,59,58,57
25,1741,3,26,60,59,24
26,1730,1741,60,25,27,61
27,1730,1606,61,26,62,1744
28,64,63,1744,29,1471,1451
29,1449,30,65,64,1451,28
30,31,66,1449,29,65,1450
31,30,66,1601,32,67,1450
32,67,68,31,1601,1651,33
33,4,69,1,1651,68,32
34,69,108,70,71,35,4
35,71,34,72,36,5,4
36,37,73,6,5,72,35
37,73,36,6,74,38,7
38,1742,7,75,74,39,37
39,76,75,8,40,1742,38
40,39,8,9,41,76,77
41,727,9,40,794,758,77
42,11,43,793,78,79,10,757
43,11,42,12,44,80,79
44,43,12,80,81,13,45
45,13,14,44,46,82,81
46,47,14,83,84,45,82
47,46,14,84,15,48,85
48,86,85,15,47,49,16
49,50,87,86,16,17,48
50,88,87,49,51,1743,17
51,89,88,18,52,1743,50
52,51,18,19,53,90,89
53,91,90,19,20,52,54
54,21,20,92,91,53,55
55,22,56,54,21,93,92
56,55,22,94,93,57,23
57,56,94,58,95,24,23
58,59,97,95,96,57,24
59,97,58,60,98,25,24
60,59,98,26,25,99,61
61,100,99,60,27,26,62
62,61,27,63,101,100,1744
63,102,101,28,64,62,1744
64,28,63,103,102,29,65
65,104,103,29,64,66,30
66,30,31,105,104,65,67
67,68,106,32,31,105,66
68,107,106,67,32,33,69
69,34,108,33,4,107,68
70,108,34,110,109,150,71
71,34,35,110,111,72,70
72,111,112,36,73,35,71
73,37,36,112,113,72,74
74,73,37,114,113,38,75
75,76,115,39,114,38,74
76,115,75,39,116,77,40
77,116,76,40,117,41,794
78,793,42,79,118,832,874
79,119,118,78,42,80,43
80,120,119,44,43,81,79
81,82,121,120,44,80,45
82,121,122,81,46,45,83
83,46,84,124,82,122,123
84,83,46,47,85,125,124
85,48,86,84,125,47,126
86,48,85,87,127,126,49
87,86,127,128,88,50,49
88,89,51,87,50,128,129
89,88,51,52,90,129,130
90,91,53,131,52,89,130
91,90,53,131,92,54,132
92,91,54,133,132,93,55
93,133,134,56,94,92,55
94,56,93,134,135,57,95
95,136,135,96,58,57,94
96,95,136,97,138,137,58
97,139,98,59,58,96,138
98,139,97,59,60,99,140
99,141,140,98,100,60,61
100,141,99,61,101,142,62
101,102,63,62,142,100,143
102,144,103,101,63,64,143
103,144,102,104,145,65,64
104,146,145,103,65,105,66
105,104,66,146,147,106,67
106,68,107,147,148,67,105
107,68,106,149,148,69,108
108,69,34,70,150,107,149
109,195,150,70,110,151,152
110,153,152,70,109,71,111
111,72,112,110,71,153,154
112,73,113,111,72,155,154
113,155,156,112,73,74,114
114,115,157,156,74,113,75
115,114,157,76,75,116,158
116,115,76,77,158,117,159
117,833,875,159,160,77,116,794
118,119,161,79,920,78,874
119,80,120,161,162,118,79
120,121,163,80,119,81,162
121,82,122,120,163,81,164
122,121,82,164,165,83,123
123,124,167,83,122,165,166
124,125,168,123,167,83,84
125,126,169,168,124,84,85
126,125,169,85,170,127,86
127,128,171,86,87,170,126
128,129,172,171,127,87,88
129,172,128,130,173,88,89
130,173,129,174,131,90,89
131,175,132,90,91,174,130
132,176,175,131,133,92,91
133,93,134,132,92,177,176
134,133,93,135,178,94,177
135,95,136,178,134,94,179
136,180,179,95,135,96,137
137,182,181,138,180,136,96
138,182,137,96,97,183,139
139,97,98,140,183,184,138
140,99,141,185,184,98,139
141,99,140,186,185,100,142
142,186,141,101,100,143,187
143,142,101,187,102,188,144
144,188,189,102,103,145,143
145,146,104,103,144,190,189
146,145,104,191,147,105,190
147,192,148,106,191,146,105
148,192,147,106,107,149,193
149,107,148,193,150,194,108
150,109,195,194,70,149,108
151,243,196,195,109,152,197
152,110,153,198,151,109,197
153,110,152,198,199,154,111
154,200,155,199,153,111,112
155,113,156,200,154,112,201
156,155,113,114,157,202,201
157,114,115,156,202,158,203
158,204,159,203,157,116,115
159,204,205,160,158,117,116
160,205,159,921,117,875
161,207,206,119,162,920,118
162,161,119,163,208,120,207
163,120,121,162,208,209,164
164,122,165,209,163,121,210
165,164,122,211,210,166,123
166,212,211,167,213,165,123
167,213,214,166,123,124,168
168,125,124,214,215,169,167
169,125,126,216,170,168,215
170,216,169,127,171,217,126
171,128,127,217,218,170,172
172,129,128,219,218,171,173
173,130,129,174,172,220,219
174,221,175,130,173,131,220
175,132,176,131,221,174,222
176,132,175,133,223,222,177
177,224,223,178,134,133,176
178,179,225,135,134,177,224
179,178,225,180,136,226,135
180,179,136,137,226,227,181
181,137,182,227,180,229,228
182,137,181,138,183,229,230
183,184,231,182,138,230,139
184,140,185,231,183,232,139
185,140,184,233,232,186,141
186,234,187,185,141,142,233
187,234,186,142,143,188,235
188,144,189,236,143,187,235
189,188,144,237,236,145,190
190,145,189,237,238,191,146
191,192,147,146,190,238,239
192,147,148,191,193,240,239
193,240,192,148,241,149,194
194,150,195,241,193,242,149
195,109,150,194,151,243,242
196,245,244,294,197,243,151
197,196,245,151,152,198,246
198,152,153,197,199,247,246
199,153,154,200,198,247,248
200,154,155,248,249,199,201
201,156,202,250,200,155,249
202,251,250,156,201,203,157
203,204,252,251,202,158,157
204,203,252,159,205,158,253
205,204,159,160,921,254,253
206,161,207,255,969,920
207,208,256,161,206,255,162
208,207,256,257,162,163,209
209,257,258,210,163,164,208
210,211,259,258,209,165,164
211,210,259,212,260,166,165
212,262,261,211,260,166,213
213,214,263,167,166,262,212
214,263,213,167,168,215,264
215,265,264,214,168,169,216
216,169,170,266,265,215,217
217,218,267,266,171,170,216
218,217,267,219,268,171,172
219,268,218,220,269,172,173
220,269,219,221,174,173,270
221,271,270,174,175,220,222
222,223,176,221,175,272,271
223,224,177,222,176,273,272
224,223,177,274,273,178,225
225,178,179,224,274,226,275
226,179,180,225,276,275,227
227,180,181,276,226,228,277
228,278,277,279,229,181,227
229,280,279,230,228,181,182
230,280,229,182,281,231,183
231,184,183,281,282,232,230
232,233,185,184,283,282,231
233,234,284,232,185,283,186
234,235,285,186,187,233,284
235,236,286,285,234,188,187
236,235,286,189,237,287,188
237,189,236,287,288,238,190
238,289,239,288,237,190,191
239,289,238,240,192,191,290
240,193,192,239,291,290,241
241,292,291,240,193,194,242
242,293,292,241,195,194,243
243,294,293,151,196,195,242
244,245,196,294,296,295,348
245,244,196,297,296,197,246
246,247,298,297,197,198,245
247,248,299,246,298,198,199
248,299,247,200,249,199,300
249,248,200,301,250,300,201
250,301,249,202,251,201,302
251,252,303,202,250,302,203
252,203,204,251,303,253,304
253,252,204,305,304,254,205
254,970,921,253,305,205,306
255,1020,969,206,307,1074,207,256
256,207,208,257,308,307,255
257,208,256,308,309,209,258
258,210,259,310,257,209,309
259,210,211,258,260,311,310
260,312,311,211,212,261,259
261,262,212,314,313,312,260
262,261,212,263,315,213,314
263,214,213,315,262,316,264
264,265,215,317,214,316,263
265,264,215,318,266,216,317
266,318,265,217,267,319,216
267,217,218,266,320,319,268
268,320,321,219,218,269,267
269,322,321,220,219,268,270
270,271,221,323,322,269,220
271,270,221,272,324,323,222
272,325,273,324,271,222,223
273,274,224,325,272,326,223
274,327,326,273,224,225,275
275,276,328,327,274,226,225
276,328,275,226,277,329,227
277,330,278,228,329,276,227
278,330,277,228,331,279,332
279,228,278,280,229,332,333
280,279,229,333,230,281,334
281,334,280,282,335,231,230
282,336,335,281,283,231,232
283,282,336,337,284,232,233
284,338,337,285,233,234,283
285,235,286,339,338,284,234
286,287,340,235,236,285,339
287,340,286,237,236,341,288
288,342,289,341,287,237,238
289,342,288,238,239,290,343
290,343,344,289,291,240,239
291,292,241,345,344,290,240
292,242,293,291,241,346,345
293,242,292,243,294,346,347
294,347,348,196,244,243,293
295,296,244,350,349,405,348
296,295,244,350,297,245,351
297,296,245,351,298,246,352
298,246,247,297,353,299,352
299,354,353,248,247,300,298
300,354,299,248,249,301,355
301,302,356,355,249,250,300
302,303,357,301,356,251,250
303,302,357,251,252,358,304
304,359,358,303,305,253,252
305,306,360,304,359,253,254
306,360,1132,970,1021,305,1075,254
307,255,1074,361,308,362,256
308,363,362,307,256,257,309
309,363,364,257,308,310,258
310,311,365,259,258,309,364
311,365,310,260,312,366,259
312,313,367,260,311,261,366
313,312,367,261,314,369,368
314,370,315,369,261,313,262
315,316,371,370,314,263,262
316,371,315,372,317,263,264
317,372,316,264,265,373,318
318,265,266,319,374,373,317
319,375,374,320,318,266,267
320,268,321,319,375,267,376
321,320,268,269,322,377,376
322,269,321,323,270,378,377
323,322,270,379,324,378,271
324,380,325,379,323,272,271
325,380,324,272,273,326,381
326,274,327,325,273,382,381
327,383,382,274,326,275,328
328,276,275,327,383,384,329
329,330,385,384,277,276,328
330,277,278,331,329,385,386
331,330,278,386,388,387,332
332,278,279,333,389,388,331
333,390,389,280,279,332,334
334,390,333,391,281,280,335
335,282,336,281,391,334,392
336,282,335,337,393,392,283
337,336,393,394,284,338,283
338,339,395,284,337,285,394
339,395,338,396,285,286,340
340,287,286,396,397,339,341
341,397,398,340,287,342,288
342,288,289,341,398,343,399
343,290,344,399,400,289,342
344,343,290,400,401,345,291
345,401,344,291,402,292,346
346,292,293,403,402,347,345
347,294,348,404,403,346,293
348,347,294,404,405,244,295
349,407,406,464,350,405,295
350,295,296,408,407,349,351
351,352,409,408,296,297,350
352,351,409,297,353,298,410
353,354,411,299,298,352,410
354,353,411,299,300,412,355
355,301,356,413,412,354,300
356,301,302,355,413,357,414
357,302,303,356,414,358,415
358,415,416,357,303,304,359
359,304,358,360,417,416,305
360,306,1132,418,417,359,305
361,307,1074,362,419,1131,1189
362,308,363,307,419,361,420
363,309,364,420,421,308,362
364,363,309,365,422,421,310
365,311,310,364,422,366,423
366,424,367,423,311,312,365
367,424,366,425,312,313,368
368,426,427,425,367,369,313
369,370,314,313,427,368,428
370,314,315,369,371,429,428
371,316,315,430,429,372,370
372,316,317,431,373,430,371
373,432,374,318,317,431,372
374,432,373,375,319,433,318
375,376,434,433,374,319,320
376,375,434,435,377,321,320
377,378,322,435,376,436,321
378,377,322,323,437,436,379
379,323,324,380,378,438,437
380,324,325,379,381,439,438
381,380,325,382,326,439,440
382,383,327,440,441,381,326
383,382,327,442,441,384,328
384,442,383,329,385,443,328
385,329,330,444,443,384,386
386,387,445,330,331,444,385
387,445,386,446,388,331
388,389,332,387,331,446,447
389,390,333,388,332,448,447
390,389,333,334,391,448,449
391,392,450,390,334,449,335
392,336,393,450,391,451,335
393,336,337,392,452,394,451
394,453,395,452,393,337,338
395,339,338,453,394,396,454
396,455,397,339,395,340,454
397,455,396,340,341,398,456
398,397,341,342,456,457,399
399,343,400,458,457,398,342
400,399,343,344,401,459,458
401,400,344,345,459,402,460
402,461,403,346,401,345,460
403,461,402,404,347,346,462
404,347,348,405,403,463,462
405,404,348,463,464,349,295
406,349,407,464,465,521,466
407,349,406,350,408,467,466
408,409,351,350,407,467,468
409,351,352,408,410,468,469
410,411,470,409,352,353,469
411,470,410,353,354,471,412
412,355,413,411,354,471,472
413,355,356,412,473,472,414
414,474,473,356,357,413,415
415,358,416,474,414,357,475
416,415,358,475,476,417,359
417,418,360,359,477,476,416
418,417,360,1190,1132,477
419,479,478,420,362,361,1189
420,363,421,480,479,419,362
421,364,422,420,363,481,480
422,423,482,364,365,421,481
423,422,482,366,424,483,365
424,366,367,425,423,484,483
425,485,484,367,424,368,426
426,427,487,368,486,485,425
427,426,487,428,488,368,369
428,488,427,489,429,369,370
429,430,371,490,489,428,370
430,491,490,429,371,431,372
431,372,373,432,492,430,491
432,373,374,433,493,492,431
433,494,493,375,434,432,374
434,375,376,435,433,494,495
435,376,434,496,495,377,436
436,437,497,496,435,377,378
437,497,498,436,378,438,379
438,498,499,437,379,439,380
439,438,380,500,440,381,499
440,382,441,500,501,439,381
441,440,382,442,383,501,502
442,503,502,441,383,384,443
443,385,444,442,503,504,384
444,385,443,445,504,386
445,446,554,504,444,387,386
446,554,445,387,388,447,505,688,555
447,448,389,505,446,388
448,505,449,447,389,390
449,505,448,506,390,391,450
450,451,507,392,391,506,449
451,507,450,508,392,393,452
452,508,509,453,394,393,451
453,394,395,452,454,510,509
454,511,455,396,395,453,510
455,396,397,511,454,456,512
456,512,513,457,455,397,398
457,458,514,513,456,399,398
458,457,514,459,400,399,515
459,458,400,401,516,515,460
460,517,516,461,402,459,401
461,402,403,462,518,517,460
462,461,518,519,463,404,403
463,404,405,464,520,519,462
464,521,520,349,406,405,463
465,521,406,570,522,466,523
466,524,523,467,406,407,465
467,466,524,407,408,525,468
468,525,526,467,408,469,409
469,526,468,470,527,409,410
470,411,410,527,469,471,528
471,470,411,529,472,528,412
472,473,530,529,471,413,412
473,472,530,531,474,414,413
474,475,532,531,473,414,415
475,532,474,416,415,533,476
476,534,477,533,416,475,417
477,534,476,418,1190,417,535
478,479,536,419,1290,1244,1189,1188
479,537,536,478,419,480,420
480,481,421,537,420,479
481,482,537,480,421,422
482,422,423,483,537,481
483,484,537,482,423,424
484,485,425,483,537,424
485,484,425,426,486,537
486,581,614,695,680,662,639,538,487,1290,426,485,537
487,426,427,538,488,486
488,428,427,538,539,489,487
489,540,539,490,429,488,428
490,491,430,541,540,429,489
491,490,430,542,541,431,492
492,543,542,432,493,431,491
493,494,433,432,544,492,543
494,493,433,545,544,434,495
495,546,496,435,545,494,434
496,546,495,497,547,436,435
497,547,548,496,498,437,436
498,548,497,438,499,437,549
499,498,438,439,500,549,550
500,440,501,439,499,551,550
501,500,440,441,551,502,552
502,442,503,553,552,441,501
503,442,502,443,553,554,504
504,445,444,503,443,554
505,555,506,448,449,447,446
506,555,505,507,449,450
507,556,508,451,450,555,506
508,556,507,509,557,452,451
509,557,508,558,510,452,453
510,558,509,453,454,559,511
511,454,455,512,559,510,560
512,456,513,561,560,511,455
513,512,456,561,457,514,562
514,457,458,562,563,513,515
515,564,563,458,514,516,459
516,515,564,459,517,460,565
517,516,460,565,566,518,461
518,461,462,517,566,567,519
519,462,518,520,568,463,567
520,521,464,569,568,463,519
521,520,464,465,406,569,570
522,572,571,570,609,465,523
523,524,466,465,522,573,572
524,573,574,523,466,467,525
525,468,526,524,574,467,575
526,525,468,527,576,469,575
527,577,576,526,470,469,528
528,527,577,470,529,578,471
529,579,530,528,578,471,472
530,579,529,472,473,580,531
531,473,474,580,530,532
532,475,474,533,531,580
533,475,532,534,476,580
534,476,477,533,580,535
535,1245,1291,580,534,477,1190
536,537,479,478,1290
537,483,484,482,485,486,481,480,536,479,1290
538,539,581,486,488,487
539,581,538,540,582,489,488
540,582,539,489,490,541,583
541,490,540,542,491,584,583
542,543,585,492,541,491,584
543,585,542,492,544,493,586
544,494,545,587,493,543,586
545,587,588,494,544,546,495
546,495,496,588,545,589,547
547,497,548,496,589,590,546
548,547,497,498,591,590,549
549,591,592,548,498,550,499
550,592,593,549,499,500,551
551,500,501,550,593,594,552
552,502,553,595,594,501,551
553,502,552,595,554,503
554,688,650,446,445,595,553,503,504
555,505,506,596,556,507,688,446,651,689
556,507,508,596,555,557
557,509,508,596,556,558
558,509,510,596,557,559,597
559,510,511,598,560,558,597
560,512,561,599,598,511,559
561,513,512,562,600,599,560
562,563,601,561,600,514,513
563,601,562,602,564,515,514
564,602,563,515,516,565,603
565,604,603,566,516,564,517
566,605,604,565,517,567,518
567,606,568,605,566,518,519
568,606,567,569,520,607,519
569,568,520,607,521,570,608
570,609,608,569,521,465,522
571,610,638,572,522,609,611
572,571,522,611,612,573,523
573,524,574,613,612,572,523
574,573,524,575,613,525
575,613,574,576,525,526
576,527,577,526,613,575
577,527,576,578,613,528
578,613,577,579,528,529
579,529,530,613,578,580
580,1291,535,613,579,530,531,532,533,534
581,539,538,614,486,582
582,615,614,583,581,540,539
583,582,615,616,541,584,540
584,585,617,542,616,541,583
585,543,542,617,618,586,584
586,619,587,544,543,618,585
587,545,588,544,620,619,586
588,587,545,546,589,621,620
589,588,546,547,590,622,621
590,548,591,623,622,589,547
591,624,623,549,592,548,590
592,550,593,591,549,625,624
593,592,550,594,626,625,551
594,626,593,595,552,551
595,553,554,594,552,650,626
596,555,556,557,558,627,597,651
597,598,627,558,559,596
598,627,597,599,560,559
599,600,561,598,560,628,627
600,561,562,599,629,601,628
601,563,562,629,600,602,630
602,563,564,601,630,631,603
603,565,604,631,602,632,564
604,605,566,565,603,633,632
605,604,566,633,606,567,634
606,567,568,605,607,634,635
607,568,606,636,635,569,608
608,570,609,637,607,636,569
609,570,608,637,638,571,522
610,571,638,661,705,611
611,612,705,610,571,572
612,705,611,573,613,572
613,573,612,705,575,574,578,577,579,1291,576,580
614,582,615,581,486,639
615,582,614,583,640,616,639
616,640,615,583,617,641,584
617,616,641,585,618,642,584
618,642,643,617,585,619,586
619,620,644,643,587,586,618
620,644,645,619,621,588,587
621,646,645,622,588,589,620
622,647,646,623,590,589,621
623,591,624,648,647,622,590
624,591,623,625,649,648,592
625,650,649,624,593,626,592
626,594,593,625,650,595
627,598,597,596,651,628,599
628,627,599,651,629,600
629,600,601,652,651,628,630
630,601,602,629,652,631,653
631,602,603,632,654,653,630
632,603,604,631,655,633,654
633,605,604,655,632,656,634
634,657,656,633,605,606,635
635,636,607,606,658,657,634
636,637,659,635,607,608,658
637,636,659,609,638,660,608
638,571,610,637,609,661,660
639,615,640,614,662,486
640,615,616,639,662,641,663
641,663,640,642,664,616,617
642,664,665,643,641,618,617
643,644,619,642,665,618,666
644,666,667,620,645,619,643
645,646,668,644,620,667,621
646,645,668,669,647,621,622
647,670,669,646,623,648,622
648,671,670,623,647,649,624
649,625,650,671,624,648
650,625,649,688,554,671,626,595
651,627,596,672,652,628,629,555,689
652,672,651,629,630,653
653,631,654,630,652,672
654,631,653,673,672,655,632
655,632,633,673,654,674,656
656,657,634,633,675,674,655
657,656,634,676,675,658,635
658,659,677,676,657,635,636
659,636,637,658,677,660,678
660,678,659,679,661,637,638
661,705,679,638,610,660
662,663,680,639,640,486
663,681,664,680,662,641,640
664,681,663,642,665,682,641
665,664,642,683,682,643,666
666,644,667,684,683,665,643
667,666,644,684,685,645,668
668,645,646,669,686,667,685
669,670,647,687,686,646,668
670,669,647,687,688,648,671
671,650,688,649,648,670
672,651,652,673,654,689,653
673,672,654,689,655,674
674,673,655,656,675,690,689
675,657,676,656,674,690,691
676,692,677,657,675,691,658
677,658,659,692,676,678,693
678,693,677,660,659,679,694
679,705,694,661,678,660
680,663,662,695,486,681
681,663,664,696,695,682,680
682,697,683,665,696,681,664
683,697,682,665,684,698,666
684,667,685,666,698,683,699
685,700,686,684,667,699,668
686,669,687,700,685,668,701
687,669,686,670,688,701
688,650,554,671,713,701,687,670,446,555
689,555,651,673,672,674,690,702,710
690,675,674,702,691,689
691,702,690,692,676,675
692,676,677,691,703,702,693
693,678,677,703,692,704,694
694,679,705,704,693,678
695,711,714,696,681,706,1238,1398,486,680,1290
696,695,681,706,697,682
697,682,683,707,706,698,696
698,684,683,707,697,708,699
699,700,709,684,685,708,698
700,709,701,699,685,686
701,709,700,713,688,687,686
702,690,691,703,692,689,710
703,702,692,693,704,710
704,705,710,693,703,694
705,710,704,679,694,661,612,611,613,610,1291
706,707,711,697,695,696
707,711,712,706,697,698,708
708,712,713,707,698,709,699
709,700,701,699,713,708
710,705,704,689,702,703
711,714,712,707,706,695
712,714,711,707,708,713
713,701,688,709,712,708,714
714,711,712,695,713
715,1570,1748,726,725,1467,1433
716,730,717,1447,729,1466,1465
717,730,716,1447,718,732,731
718,1475,719,732,717,1447,733
719,1475,718,1745,734,1628,733
720,741,740,1717,1710,1746,721
721,743,742,722,1717,741,720
722,721,1717,744,723,743,1716
723,744,722,1715,1747,745,1716
724,1429,1440,1433,725,751,750
725,724,1433,752,726,715,751
726,752,725,754,753,715,1748
727,9,1498,41,758,759,1726
728,762,729,1549,1686,1466,761
729,762,728,1466,763,716,730
730,716,717,731,764,729,763
731,765,766,730,764,732,717
732,718,717,733,767,766,731
733,768,767,732,719,734,718
734,1745,735,719,733,769,768
735,1745,734,736,1732,769,770
736,771,770,1731,737,735,1732
737,772,771,736,1731,1733,738
738,772,773,1734,739,1733,737
739,1734,738,1746,740,774,773
740,720,741,739,774,1746,775
741,720,740,742,776,775,721
742,721,743,776,741,777,778
743,721,742,779,778,744,722
744,722,723,779,780,743,745
745,723,744,780,781,746,1747
746,782,747,1747,1709,745,781
747,783,782,746,748,1610,1709
748,1496,749,747,1610,784,783
749,750,785,748,1496,1440,784
750,785,786,749,1440,751,724
751,724,725,750,786,787,752
752,725,726,753,788,787,751
753,726,754,752,789,788,790
754,726,753,1748,790,755,791
755,756,792,1748,1683,754,791
756,792,755,757,793,1683,1540
757,793,756,1539,10,42,1540
758,759,795,794,41,727
759,795,758,727,1726,1727,760,796
760,761,797,1686,1727,759,796
761,760,797,798,762,728,1686
762,728,729,798,761,763,799
763,729,762,730,764,799,800
764,730,731,765,801,800,763
765,731,766,801,764,803,802
766,765,731,732,803,767,804
767,768,733,732,766,805,804
768,767,733,769,806,805,734
769,768,806,735,734,770,807
770,736,771,735,769,808,807
771,736,770,737,772,808,809
772,738,773,810,737,771,809
773,772,738,810,811,739,774
774,812,811,739,740,773,775
775,740,741,812,813,774,776
776,742,741,775,813,814,777
777,815,814,778,816,776,742
778,817,816,777,779,743,742
779,818,780,744,778,743,817
780,819,781,818,779,744,745
781,782,820,819,780,745,746
782,783,747,746,820,781,821
783,782,747,784,822,748,821
784,822,783,748,749,785,823
785,824,823,750,786,749,784
786,785,750,824,787,825,751
787,826,825,752,788,786,751
788,752,787,826,827,753,789
789,829,790,828,827,753,788
790,829,789,753,754,791,830
791,831,830,754,755,792,790
792,756,755,831,832,793,791
793,42,78,832,792,757,756
794,833,795,41,758,77,117
795,833,794,759,758,834,796
796,797,835,760,759,834,795
797,760,761,835,796,798,836
798,761,762,799,837,836,797
799,837,798,838,762,763,800
800,764,801,839,838,763,799
801,840,802,765,764,800,839
802,840,801,841,765,842,803
803,765,766,804,843,802,842
804,805,844,843,803,766,767
805,844,804,845,806,768,767
806,807,846,845,805,768,769
807,808,847,806,846,769,770
808,847,807,771,770,809,848
809,848,808,771,772,810,849
810,811,850,772,773,849,809
811,850,810,774,812,773,851
812,774,811,851,775,813,852
813,852,853,812,775,776,814
814,815,777,854,853,813,776
815,816,856,814,777,855,854
816,815,856,817,778,777,857
817,816,778,818,779,858,857
818,859,819,779,780,817,858
819,780,781,860,859,820,818
820,782,781,861,860,819,821
821,862,861,782,820,783,822
822,863,862,784,783,821,823
823,824,785,864,784,863,822
824,823,785,786,864,825,865
825,826,787,786,824,865,866
826,827,867,825,787,866,788
827,868,867,826,789,828,788
828,868,869,789,827,870,829
829,789,790,871,870,830,828
830,791,831,872,829,871,790
831,791,830,792,832,872,873
832,831,792,793,78,874,873
833,794,795,875,117,834,876
834,877,876,835,833,795,796
835,877,834,797,796,878,836
836,837,879,798,878,797,835
837,799,798,836,879,880,838
838,881,880,839,799,837,800
839,881,838,800,882,801,840
840,801,802,883,882,841,839
841,802,840,842,884,885,883
842,841,802,843,886,803,885
843,887,886,844,804,842,803
844,805,804,843,887,888,845
845,846,889,805,806,844,888
846,845,889,806,807,847,890
847,808,807,846,890,891,848
848,809,808,892,891,847,849
849,892,848,893,810,809,850
850,811,810,893,894,849,851
851,895,852,812,811,850,894
852,813,853,895,851,812,896
853,854,897,852,813,896,814
854,853,897,898,855,814,815
855,898,854,815,856,900,899
856,815,816,901,900,857,855
857,902,901,858,817,856,816
858,903,859,818,817,857,902
859,903,858,860,819,904,818
860,905,904,859,819,820,861
861,906,905,821,862,820,860
862,906,907,822,863,821,861
863,822,862,907,823,864,908
864,909,908,823,824,863,865
865,910,866,909,864,824,825
866,867,911,910,865,825,826
867,911,866,827,868,826,912
868,827,867,828,869,912,913
869,915,914,868,828,870,913
870,829,871,869,915,828,916
871,829,870,872,917,916,830
872,873,918,830,831,917,871
873,872,918,832,831,874,919
874,118,920,832,78,873,919
875,833,117,876,921,160,922
876,834,877,833,875,923,922
877,834,876,924,878,835,923
878,924,877,836,879,835,925
879,836,837,880,878,925,926
880,881,838,879,837,927,926
881,880,838,839,927,928,882
882,883,840,929,928,881,839
883,882,840,884,930,929,841
884,932,931,885,883,930,841
885,932,884,933,841,886,842
886,887,843,842,933,885,934
887,886,843,935,934,844,888
888,887,844,936,889,935,845
889,845,846,890,936,888,937
890,889,846,847,937,891,938
891,938,939,890,847,848,892
892,848,891,849,940,939,893
893,941,894,850,940,892,849
894,941,893,850,942,851,895
895,943,896,851,852,894,942
896,943,895,944,852,853,897
897,853,854,898,945,944,896
898,946,899,854,897,945,855
899,946,898,900,948,947,855
900,948,899,949,856,901,855
901,950,949,856,900,857,902
902,903,951,857,901,858,950
903,904,952,951,902,858,859
904,903,952,860,905,953,859
905,906,861,860,904,953,954
906,905,861,862,907,955,954
907,906,862,908,956,863,955
908,909,864,907,956,863,957
909,908,864,958,957,865,910
910,959,911,865,866,909,958
911,960,912,959,910,867,866
912,960,911,867,868,961,913
913,962,961,912,914,869,868
914,915,964,869,963,913,962
915,964,914,869,870,916,965
916,871,917,870,915,965,966
917,872,918,871,916,967,966
918,872,873,917,919,967,968
919,968,969,920,874,873,918
920,161,206,969,118,874,919
921,970,254,205,160,875,922
922,971,923,876,921,875,970
923,971,922,877,924,876,972
924,877,878,923,925,973,972
925,973,974,879,878,926,924
926,927,975,974,925,879,880
927,975,926,976,881,880,928
928,882,929,977,976,927,881
929,978,930,882,928,977,883
930,978,929,883,884,931,979
931,884,932,980,979,930,981
932,884,931,885,933,982,981
933,982,983,932,885,934,886
934,887,935,983,933,886,984
935,887,934,985,984,888,936
936,937,986,888,889,935,985
937,987,986,936,889,890,938
938,988,987,891,939,890,937
939,938,891,988,989,892,940
940,892,939,989,941,990,893
941,991,942,893,894,940,990
942,991,941,992,894,895,943
943,895,896,944,992,993,942
944,943,896,993,994,945,897
945,946,995,897,898,994,944
946,898,899,945,995,947,996
947,998,997,996,946,899,948
948,999,949,900,899,947,998
949,1000,999,901,950,948,900
950,901,949,1000,951,1001,902
951,903,902,950,1001,1002,952
952,903,904,1003,1002,951,953
953,1004,954,952,904,1003,905
954,1004,953,1005,905,955,906
955,1006,956,954,906,1005,907
956,1006,955,907,908,957,1007
957,958,909,908,956,1007,1008
958,957,909,959,910,1009,1008
959,910,911,958,1010,1009,960
960,911,912,959,1010,1011,961
961,962,913,1011,960,1012,912
962,961,913,1012,914,1013,963
963,1015,964,1014,1013,914,962
964,915,914,1015,1016,963,965
965,1017,1016,966,915,964,916
966,965,1017,1018,917,967,916
967,1019,1018,917,966,918,968
968,1019,1020,969,919,918,967
969,255,1020,206,920,968,919
970,254,921,1021,306,971,922
971,922,923,972,970,1022,1021
972,1023,973,924,1022,923,971
973,925,974,1023,972,924,1024
974,973,925,1025,1024,926,975
975,927,926,1025,974,1026,976
976,927,975,977,1027,1026,928
977,976,1027,929,978,928,1028
978,929,930,979,1029,1028,977
979,980,1030,978,1029,931,930
980,1030,979,931,1032,981,1031
981,982,1033,932,1032,931,980
982,1033,981,933,983,932,1034
983,1035,984,982,933,934,1034
984,1035,983,985,935,934,1036
985,984,935,1036,1037,986,936
986,937,987,936,1037,1038,985
987,937,986,988,938,1038,1039
988,987,938,1040,989,939,1039
989,1040,988,939,1041,990,940
990,1042,991,1041,989,940,941
991,941,942,1042,990,992,1043
992,942,991,993,1044,943,1043
993,994,1045,944,992,1044,943
994,993,1045,944,1046,995,945
995,945,946,996,1047,1046,994
996,947,997,995,1047,1048,946
997,947,998,996,1048,1050,1049
998,947,997,948,1050,999,1051
999,949,1000,948,998,1051,1052
1000,949,999,950,1001,1053,1052
1001,1053,1000,1002,1054,950,951
1002,1055,1054,1003,952,1001,951
1003,1002,952,1004,1056,953,1055
1004,953,954,1056,1003,1057,1005
1005,1006,1058,1057,1004,954,955
1006,955,956,1005,1058,1059,1007
1007,1060,1059,1006,956,957,1008
1008,1009,1061,958,1007,957,1060
1009,1010,959,1061,1062,1008,958
1010,1009,959,960,1011,1063,1062
1011,1012,1064,1010,960,1063,961
1012,1064,1011,1065,1013,961,962
1013,1065,1012,963,1014,962,1066
1014,963,1013,1015,1068,1066,1067
1015,964,1016,963,1068,1014,1069
1016,1015,964,965,1017,1070,1069
1017,965,1016,1071,1018,966,1070
1018,967,1019,1071,1017,1072,966
1019,968,1020,967,1018,1073,1072
1020,1019,968,255,969,1074,1073
1021,970,306,1076,1022,1075,971
1022,1076,1021,1023,972,971,1077
1023,972,973,1022,1077,1078,1024
1024,1025,974,1079,973,1078,1023
1025,1024,974,1079,975,1080,1026
1026,1080,1081,1025,975,1027,976
1027,1082,1081,1026,976,977,1028
1028,1029,1083,978,1082,1027,977
1029,1028,1083,978,979,1084,1030
1030,980,979,1085,1031,1084,1029
1031,1085,1030,980,1032,1087,1086
1032,981,1033,1087,1088,980,1031
1033,1088,1089,982,981,1034,1032
1034,1035,1090,1089,1033,982,983
1035,1034,1090,1091,983,984,1036
1036,1035,984,1091,1092,985,1037
1037,1092,1093,986,1038,1036,985
1038,1094,1039,1037,986,1093,987
1039,1095,1094,1038,987,988,1040
1040,1041,1096,1095,988,989,1039
1041,1040,1096,1042,990,1097,989
1042,990,991,1041,1097,1098,1043
1043,1044,992,1042,991,1098,1099
1044,992,993,1045,1043,1099,1100
1045,1101,1100,993,994,1046,1044
1046,1047,1102,994,1045,1101,995
1047,1103,1102,1048,1046,995,996
1048,1047,1103,1104,996,997,1049
1049,1050,1106,997,1048,1104,1105
1050,1106,1107,1049,997,998,1051
1051,998,999,1052,1050,1107,1108
1052,999,1000,1051,1108,1109,1053
1053,1054,1110,1001,1000,1109,1052
1054,1110,1053,1055,1002,1001,1111
1055,1054,1002,1111,1003,1112,1056
1056,1113,1112,1004,1003,1057,1055
1057,1114,1058,1113,1056,1004,1005
1058,1005,1006,1114,1115,1057,1059
1059,1007,1060,1058,1006,1116,1115
1060,1007,1059,1116,1008,1061,1117
1061,1062,1118,1009,1008,1060,1117
1062,1118,1119,1063,1010,1061,1009
1063,1064,1011,1010,1120,1119,1062
1064,1012,1011,1065,1063,1121,1120
1065,1012,1013,1122,1121,1064,1066
1066,1067,1123,1065,1122,1013,1014
1067,1124,1123,1066,1125,1014,1068
1068,1015,1014,1069,1126,1125,1067
1069,1127,1126,1070,1016,1015,1068
1070,1017,1071,1127,1069,1016,1128
1071,1017,1018,1072,1070,1129,1128
1072,1019,1073,1018,1071,1130,1129
1073,1019,1072,1074,1020,1131,1130
1074,1073,1020,255,307,361,1131
1075,306,1132,1021,1076,1133
1076,1021,1022,1077,1134,1133,1075
1077,1134,1076,1135,1022,1023,1078
1078,1024,1079,1077,1023,1135,1136
1079,1136,1137,1025,1024,1078,1080
1080,1026,1081,1079,1025,1138,1137
1081,1080,1026,1027,1082,1139,1138
1082,1083,1140,1027,1081,1139,1028
1083,1028,1029,1140,1082,1084,1141
1084,1029,1030,1085,1083,1141,1142
1085,1030,1031,1084,1086,1143,1142
1086,1087,1145,1085,1143,1031,1144
1087,1145,1146,1086,1088,1032,1031
1088,1033,1089,1147,1146,1087,1032
1089,1088,1033,1034,1090,1148,1147
1090,1034,1035,1091,1089,1149,1148
1091,1090,1035,1036,1092,1150,1149
1092,1151,1150,1093,1091,1036,1037
1093,1092,1151,1152,1037,1094,1038
1094,1039,1095,1038,1153,1152,1093
1095,1039,1094,1096,1154,1040,1153
1096,1040,1041,1097,1155,1154,1095
1097,1096,1155,1042,1041,1156,1098
1098,1157,1156,1097,1042,1043,1099
1099,1158,1157,1044,1043,1098,1100
1100,1101,1159,1045,1099,1044,1158
1101,1159,1100,1045,1046,1160,1102
1102,1103,1047,1161,1046,1160,1101
1103,1102,1047,1161,1048,1104,1162
1104,1048,1103,1162,1049,1105
1105,1163,1220,1104,1162,1049,1106
1106,1050,1107,1049,1105,1163
1107,1106,1050,1051,1164,1163,1108
1108,1165,1164,1051,1052,1107,1109
1109,1110,1166,1052,1053,1165,1108
1110,1054,1053,1109,1166,1167,1111
1111,1167,1168,1112,1110,1054,1055
1112,1056,1113,1168,1169,1111,1055
1113,1169,1170,1056,1112,1057,1114
1114,1058,1115,1057,1170,1113,1171
1115,1114,1058,1172,1116,1059,1171
1116,1060,1059,1173,1117,1172,1115
1117,1061,1118,1173,1116,1060,1174
1118,1119,1175,1062,1174,1061,1117
1119,1118,1175,1062,1120,1176,1063
1120,1176,1119,1064,1063,1121,1177
1121,1178,1177,1122,1065,1064,1120
1122,1179,1123,1121,1065,1066,1178
1123,1124,1067,1179,1122,1180,1066
1124,1123,1067,1180,1181,1182,1125
1125,1183,1126,1182,1068,1067,1124
1126,1127,1069,1183,1125,1184,1068
1127,1126,1069,1070,1185,1128,1184
1128,1129,1186,1185,1127,1071,1070
1129,1130,1187,1128,1186,1072,1071
1130,1187,1129,1131,1073,1188,1072
1131,1130,1073,361,1074,1188,1189
1132,360,306,1191,1133,1190,418,1075
1133,1191,1132,1192,1076,1134,1075
1134,1077,1076,1135,1193,1192,1133
1135,1134,1077,1193,1194,1078,1136
1136,1079,1137,1194,1195,1135,1078
1137,1136,1079,1196,1138,1195,1080
1138,1081,1139,1080,1196,1137,1197
1139,1081,1138,1082,1140,1197,1198
1140,1083,1082,1199,1198,1139,1141
1141,1199,1200,1140,1084,1083,1142
1142,1201,1200,1143,1084,1141,1085
1143,1202,1201,1085,1086,1142,1144
1144,1145,1204,1203,1202,1143,1086
1145,1087,1146,1086,1144,1204,1205
1146,1145,1087,1088,1147,1206,1205
1147,1088,1146,1206,1207,1148,1089
1148,1149,1208,1207,1147,1089,1090
1149,1208,1148,1150,1091,1090,1209
1150,1151,1092,1149,1091,1209,1210
1151,1150,1092,1093,1152,1210,1211
1152,1153,1212,1093,1151,1211,1094
1153,1152,1212,1154,1213,1095,1094
1154,1155,1214,1096,1095,1213,1153
1155,1096,1097,1154,1214,1215,1156
1156,1098,1157,1215,1216,1155,1097
1157,1216,1217,1098,1156,1099,1158
1158,1217,1218,1099,1157,1100,1159
1159,1101,1100,1218,1219,1158,1160
1160,1161,1102,1219,1159,1101
1161,1103,1102,1160,1162,1219
1162,1161,1219,1220,1389,1273,1103,1104,1105
1163,1220,1164,1105,1107,1106
1164,1220,1163,1165,1108,1221,1107
1165,1222,1221,1164,1108,1166,1109
1166,1109,1110,1223,1222,1167,1165
1167,1166,1110,1223,1224,1168,1111
1168,1112,1169,1224,1167,1225,1111
1169,1113,1170,1168,1112,1226,1225
1170,1169,1113,1171,1227,1226,1114
1171,1227,1228,1170,1114,1115,1172
1172,1173,1229,1115,1116,1171,1228
1173,1172,1229,1230,1116,1117,1174
1174,1175,1231,1118,1173,1117,1230
1175,1118,1119,1176,1232,1174,1231
1176,1175,1232,1177,1233,1120,1119
1177,1178,1121,1234,1233,1176,1120
1178,1177,1121,1179,1122,1235,1234
1179,1122,1123,1180,1178,1236,1235
1180,1181,1237,1123,1124,1236,1179
1181,1180,1237,1182,1238,1124
1182,1239,1183,1238,1181,1124,1125
1183,1239,1182,1125,1126,1240,1184
1184,1185,1241,1183,1126,1127,1240
1185,1186,1242,1184,1241,1127,1128
1186,1185,1242,1187,1243,1128,1129
1187,1130,1129,1243,1186,1244,1188
1188,1187,1130,1244,1189,478,1131
1189,478,1188,361,419,1131
1190,418,1132,477,1245,1191,535
1191,1245,1246,1132,1133,1192,1190
1192,1247,1246,1133,1191,1193,1134
1193,1247,1248,1192,1134,1194,1135
1194,1195,1249,1248,1193,1136,1135
1195,1194,1249,1196,1250,1136,1137
1196,1251,1250,1195,1137,1138,1197
1197,1198,1252,1196,1138,1251,1139
1198,1197,1252,1253,1140,1199,1139
1199,1254,1253,1140,1198,1141,1200
1200,1201,1142,1254,1255,1199,1141
1201,1200,1142,1143,1202,1256,1255
1202,1203,1257,1143,1201,1256,1144
1203,1257,1202,1204,1144,1258,1259
1204,1205,1260,1144,1145,1203,1259
1205,1204,1260,1261,1206,1146,1145
1206,1261,1205,1207,1262,1147,1146
1207,1206,1262,1147,1208,1263,1148
1208,1207,1263,1149,1148,1264,1209
1209,1150,1149,1265,1264,1208,1210
1210,1211,1266,1209,1150,1265,1151
1211,1266,1210,1267,1212,1152,1151
1212,1152,1153,1213,1268,1267,1211
1213,1268,1269,1212,1214,1154,1153
1214,1154,1155,1215,1269,1270,1213
1215,1270,1271,1216,1214,1155,1156
1216,1271,1272,1215,1157,1217,1156
1217,1158,1218,1216,1157,1273,1272
1218,1217,1158,1219,1273,1159
1219,1161,1162,1273,1218,1159,1160
1220,1163,1164,1105,1162,1389,1221,1274,1347
1221,1274,1222,1165,1164,1220
1222,1274,1221,1165,1223,1166,1275
1223,1276,1275,1222,1166,1167,1224
1224,1277,1276,1223,1167,1225,1168
1225,1226,1278,1224,1277,1168,1169
1226,1278,1225,1170,1227,1169,1279
1227,1171,1228,1280,1170,1226,1279
1228,1281,1229,1227,1171,1280,1172
1229,1281,1228,1172,1173,1230,1282
1230,1229,1173,1174,1231,1283,1282
1231,1174,1175,1284,1283,1232,1230
1232,1175,1176,1285,1284,1231,1233
1233,1177,1234,1176,1286,1285,1232
1234,1177,1233,1287,1286,1235,1178
1235,1234,1178,1179,1236,1288,1287
1236,1237,1180,1179,1289,1288,1235
1237,1180,1181,1236,1289,1238
1238,1380,1398,695,1290,1182,1239,1181,1237,1329,1289,1359
1239,1182,1183,1240,1238,1290
1240,1183,1239,1241,1290,1184
1241,1184,1185,1290,1242,1240
1242,1185,1186,1290,1241,1243
1243,1187,1186,1244,1290,1242
1244,1243,1187,1188,478,1290
1245,1191,1246,535,1291,1190
1246,1247,1192,1245,1191,1291
1247,1193,1248,1246,1192,1291
1248,1247,1193,1291,1292,1194,1249
1249,1250,1293,1194,1195,1248,1292
1250,1249,1293,1251,1196,1195,1294
1251,1250,1196,1295,1252,1294,1197
1252,1197,1198,1253,1296,1295,1251
1253,1199,1254,1198,1252,1296,1297
1254,1199,1253,1298,1297,1200,1255
1255,1256,1299,1298,1254,1200,1201
1256,1255,1299,1300,1202,1201,1257
1257,1203,1202,1256,1300,1301,1258
1258,1302,1301,1303,1257,1259,1203
1259,1304,1303,1258,1203,1204,1260
1260,1204,1205,1261,1305,1259,1304
1261,1205,1206,1306,1262,1260,1305
1262,1206,1207,1306,1261,1307,1263
1263,1207,1208,1307,1308,1262,1264
1264,1265,1309,1209,1263,1208,1308
1265,1266,1310,1309,1264,1209,1210
1266,1310,1265,1211,1210,1267,1311
1267,1268,1312,1266,1211,1311,1212
1268,1213,1269,1267,1312,1313,1212
1269,1268,1213,1313,1314,1270,1214
1270,1314,1315,1215,1271,1269,1214
1271,1270,1215,1216,1272,1315
1272,1271,1216,1315,1273,1217
1273,1315,1369,1404,1272,1219,1218,1217,1389,1162
1274,1221,1222,1316,1347,1220,1275
1275,1223,1276,1274,1316,1222
1276,1223,1275,1317,1316,1277,1224
1277,1318,1317,1276,1224,1225,1278
1278,1319,1318,1226,1225,1279,1277
1279,1319,1278,1227,1280,1226,1320
1280,1227,1228,1321,1281,1279,1320
1281,1228,1229,1322,1321,1282,1280
1282,1323,1322,1281,1230,1229,1283
1283,1324,1323,1231,1284,1230,1282
1284,1231,1283,1325,1324,1285,1232
1285,1286,1326,1233,1325,1284,1232
1286,1326,1327,1287,1234,1285,1233
1287,1286,1234,1327,1328,1288,1235
1288,1329,1289,1236,1235,1287,1328
1289,1329,1288,1236,1237,1238
1290,486,695,536,537,478,1244,1238,1241,1242,1243,1240,1239
1291,1247,1248,705,613,535,1245,580,1246,1330,1292
1292,1293,1330,1291,1248,1249
1293,1249,1250,1292,1330,1294
1294,1330,1293,1250,1295,1251
1295,1251,1252,1296,1330,1294
1296,1252,1253,1297,1330,1295
1297,1254,1298,1296,1253,1330
1298,1254,1297,1255,1299,1330,1331
1299,1255,1256,1300,1298,1332,1331
1300,1256,1299,1332,1333,1257,1301
1301,1258,1302,1300,1257,1333,1334
1302,1336,1335,1258,1301,1303,1334
1303,1258,1302,1304,1259,1337,1336
1304,1303,1259,1337,1260,1305,1338
1305,1260,1261,1338,1339,1306,1304
1306,1340,1307,1261,1262,1305,1339
1307,1340,1306,1341,1308,1262,1263
1308,1341,1307,1263,1342,1309,1264
1309,1265,1264,1310,1343,1308,1342
1310,1266,1265,1343,1309,1344,1311
1311,1310,1266,1344,1345,1267,1312
1312,1346,1345,1267,1268,1311,1313
1313,1314,1346,1268,1269,1312
1314,1270,1315,1313,1346,1269
1315,1314,1270,1271,1272,1273,1369,1346
1316,1274,1347,1276,1317,1275
1317,1277,1318,1276,1316,1347,1348
1318,1278,1319,1277,1317,1348,1349
1319,1278,1318,1279,1320,1350,1349
1320,1319,1350,1351,1280,1321,1279
1321,1352,1351,1281,1322,1280,1320
1322,1282,1323,1353,1281,1321,1352
1323,1324,1354,1282,1322,1283,1353
1324,1323,1354,1283,1325,1284,1355
1325,1324,1284,1356,1355,1326,1285
1326,1286,1327,1357,1356,1285,1325
1327,1326,1286,1287,1358,1328,1357
1328,1358,1327,1287,1288,1329,1359
1329,1288,1289,1238,1359,1328
1330,1298,1297,1331,1292,1293,1294,1291,1296,1295,1381
1331,1330,1298,1299,1381,1332
1332,1300,1299,1333,1381,1331
1333,1332,1300,1301,1334,1381
1334,1302,1301,1335,1381,1333
1335,1302,1336,1334,1381,1360
1336,1361,1360,1302,1335,1337,1303
1337,1336,1303,1304,1338,1362,1361
1338,1305,1339,1304,1363,1362,1337
1339,1338,1305,1364,1363,1340,1306
1340,1306,1307,1341,1365,1364,1339
1341,1307,1308,1342,1366,1340,1365
1342,1341,1366,1343,1367,1308,1309
1343,1344,1368,1342,1367,1310,1309
1344,1368,1343,1369,1310,1345,1311
1345,1312,1346,1369,1344,1311
1346,1312,1345,1313,1314,1315,1369
1347,1274,1316,1370,1389,1317,1348,1220
1348,1349,1370,1347,1317,1318
1349,1370,1348,1319,1350,1318,1371
1350,1372,1351,1319,1320,1349,1371
1351,1373,1372,1352,1321,1350,1320
1352,1374,1373,1351,1321,1353,1322
1353,1375,1374,1354,1323,1322,1352
1354,1353,1375,1323,1324,1355,1376
1355,1376,1354,1356,1325,1324,1377
1356,1357,1326,1378,1355,1325,1377
1357,1356,1326,1378,1379,1358,1327
1358,1359,1380,1327,1328,1357,1379
1359,1380,1358,1329,1238,1328
1360,1336,1361,1382,1381,1335
1361,1336,1360,1382,1337,1362,1383
1362,1338,1363,1337,1384,1383,1361
1363,1339,1364,1338,1362,1384,1385
1364,1386,1365,1339,1363,1385,1340
1365,1387,1366,1386,1364,1340,1341
1366,1387,1365,1341,1342,1388,1367
1367,1342,1343,1368,1388,1366
1368,1344,1343,1367,1388,1369
1369,1404,1388,1315,1273,1344,1368,1345,1346
1370,1349,1348,1347,1389,1371
1371,1372,1390,1389,1370,1350,1349
1372,1373,1351,1350,1371,1390,1391
1373,1372,1351,1352,1374,1392,1391
1374,1353,1375,1352,1373,1393,1392
1375,1353,1374,1354,1393,1394,1376
1376,1395,1377,1355,1354,1394,1375
1377,1395,1376,1378,1396,1355,1356
1378,1357,1379,1397,1396,1377,1356
1379,1398,1397,1378,1357,1380,1358
1380,1359,1358,1238,1398,1379
1381,1382,1360,1330,1331,1332,1334,1333,1335,1399
1382,1361,1360,1400,1399,1381,1383
1383,1401,1400,1382,1384,1362,1361
1384,1362,1363,1383,1401,1385,1402
1385,1403,1402,1364,1386,1384,1363
1386,1364,1365,1385,1403,1387,1404
1387,1365,1366,1388,1404,1386
1388,1404,1387,1369,1367,1368,1366
1389,1390,1371,1162,1220,1273,1347,1370,1420,1405
1390,1371,1372,1391,1389,1405
1391,1406,1405,1373,1392,1390,1372
1392,1373,1391,1393,1374,1406,1407
1393,1407,1408,1375,1374,1394,1392
1394,1408,1393,1375,1376,1395,1409
1395,1376,1377,1409,1394,1396,1410
1396,1397,1378,1377,1395,1410,1411
1397,1379,1398,1396,1378,1411
1398,1380,1238,1379,1397,695,1411,1419,1423,1425
1399,1400,1382,1381,1412
1400,1383,1401,1399,1382,1413,1412
1401,1383,1400,1413,1402,1414,1384
1402,1403,1414,1385,1401,1384
1403,1414,1402,1385,1404,1386
1404,1388,1387,1369,1414,1403,1386,1273
1405,1406,1391,1390,1420,1389,1415
1406,1405,1391,1392,1415,1407
1407,1393,1408,1392,1406,1416,1415
1408,1407,1393,1394,1409,1417,1416
1409,1408,1417,1395,1394,1410,1418
1410,1409,1395,1396,1411,1419,1418
1411,1410,1396,1397,1398,1419
1412,1413,1400,1399
1413,1412,1400,1401,1414
1414,1403,1402,1404,1401,1413
1415,1416,1420,1405,1406,1407
1416,1420,1415,1407,1408,1417,1421
1417,1408,1409,1421,1416,1418,1422
1418,1419,1423,1410,1422,1409,1417
1419,1423,1418,1410,1411,1398
1420,1416,1415,1389,1405,1421,1424
1421,1417,1416,1422,1424,1420
1422,1421,1424,1425,1418,1423,1417
1423,1419,1418,1398,1422,1425
1424,1421,1422,1420,1425
1425,1424,1422,1423,1398
1426,1470,1468,1544,1545,1441,1469
1427,1451,1445,1436,1443,1449,1439
1428,1442,1452,1454,1438,1446,1435
1429,724,1440,1433,1455,1459,1457
1430,1516,1488,1479,1444,1437,1498
1431,1448,1432,1461,1462,1456,1434
1432,1448,1431,1434,1463,1464,1458
1433,724,725,1429,1455,1467,715
1434,1476,1477,1456,1432,1431,1458
1435,1484,1493,1442,1438,1473,1428
1436,1427,1443,1485,1494,1474,1439
1437,1491,1736,1516,1430,1444,1480
1438,1446,1482,1490,1473,1428,1435
1439,1436,1474,1481,1492,1445,1427
1440,1429,724,750,749,1496,1457
1441,1470,1486,1508,1487,1544,1426
1442,1452,1428,1435,1484,1453,1511
1443,1427,1436,1485,1449,1450,1513
1444,1430,1479,1478,1437,1500,1480
1445,1451,1427,1471,1501,1481,1439
1446,1482,1502,1472,1454,1438,1428
1447,716,717,1475,718,1497,1465
1448,1431,1432,1509,1461,1463,1510
1449,30,29,1443,1450,1427,1451
1450,1513,1601,1449,1443,31,30
1451,1445,1427,29,1449,28,1471
1452,1442,1428,20,19,1454,1453
1453,1511,1600,1442,20,1452,21
1454,1472,1446,18,1428,1452,19
1455,1429,1433,1459,1515,1518,1467
1456,1521,1522,1477,1434,1431,1462
1457,1519,1459,1440,1429,1496,1520
1458,1476,1527,1434,1526,1464,1432
1459,1519,1531,1455,1429,1457,1515
1460,1506,1505,1483,1530,1547,1681
1461,1535,1534,1431,1462,1509,1448
1462,1431,1461,1456,1542,1521,1534
1463,1543,1510,1432,1448,1464,1538
1464,1541,1526,1458,1463,1432,1538
1465,1548,1466,1550,1497,716,1447
1466,729,728,1548,1465,716,1549
1467,1518,1571,1455,1433,1570,715
1468,1470,1426,1469,1661,1660,1623
1469,1662,1661,1468,1426,1562,1545
1470,1426,1468,1486,1441,1537,1623
1471,1606,1744,1445,1501,28,1451
1472,18,1743,1446,1454,1608,1502
1473,1553,1554,1493,1490,1438,1435
1474,1494,1559,1558,1492,1436,1439
1475,719,718,1628,1447,1624,1497
1476,1434,1477,1527,1458,1551,1563
1477,1476,1434,1456,1552,1551,1522
1478,8,1742,1479,1444,1500,1604
1479,1430,1444,1478,8,9,1498
1480,1572,1573,1491,1437,1500,1444
1481,1501,1574,1575,1492,1439,1445
1482,1576,1577,1446,1502,1438,1490
1483,1512,1567,1505,1460,1530,1566
1484,1435,1493,1564,1565,1442,1511
1485,1443,1436,1513,1569,1568,1494
1486,1470,1441,1583,1584,1508,1537
1487,1585,1586,1507,1544,1508,1441
1488,1430,1516,1726,1498,1517,1718
1489,1532,1514,1556,1533,1523,1525
1490,1553,1473,1577,1578,1438,1482
1491,1573,1579,1736,1437,1555,1480
1492,1575,1582,1481,1558,1474,1439
1493,1554,1473,1594,1564,1484,1435
1494,1474,1559,1436,1485,1568,1595
1495,1512,1602,1539,10,11,1505
1496,1520,1610,748,749,1440,1457
1497,1550,1625,1465,1624,1475,1447
1498,727,9,1726,1488,1479,1430
1499,1514,1525,1736,1524,1516,1517
1500,1480,1444,1604,1605,1572,1478
1501,1481,1574,1607,1606,1445,1471
1502,1482,1446,1472,1608,1609,1576
1503,1507,1587,1529,1528,1504,1737
1504,1528,1503,1546,1737,1561,1536
1505,1506,1460,1483,1512,1495,1539
1506,1682,1681,1460,1505,1540,1539
1507,1737,1544,1587,1503,1586,1487
1508,1612,1585,1487,1441,1584,1486
1509,1510,1617,1461,1448,1622,1535
1510,1543,1618,1509,1617,1463,1448
1511,1600,1453,1484,1565,1442,1619
1512,1495,1602,1483,1567,1505,1620
1513,1621,1601,1450,1443,1485,1569
1514,1499,1525,1532,1560,1524,1489
1515,1518,1455,1626,1627,1531,1459
1516,1430,1488,1437,1736,1499,1517
1517,1516,1499,1718,1719,1524,1488
1518,1515,1455,1467,1571,1626,1629
1519,1652,1531,1459,1653,1520,1457
1520,1496,1610,1653,1519,1654,1457
1521,1522,1456,1542,1656,1655,1462
1522,1521,1456,1657,1552,1655,1477
1523,1735,1659,1489,1533,1532,1658
1524,1514,1499,1720,1560,1719,1517
1525,1514,1499,1736,1555,1556,1489
1526,1527,1671,1541,1464,1458,1684
1527,1672,1671,1526,1563,1476,1458
1528,1694,1529,1693,1503,1504,1536
1529,1694,1528,1695,1503,1588,1587
1530,1603,1566,1738,1483,1460,1547
1531,1519,1652,1459,1676,1627,1515
1532,1514,1560,1687,1489,1658,1523
1533,1557,1596,1489,1556,1523,1735
1534,1461,1535,1691,1462,1542,1690
1535,1461,1534,1622,1692,1691,1509
1536,1669,1668,1528,1693,1504,1561
1537,1597,1583,1486,1596,1470,1623
1538,1541,1706,1464,1705,1543,1463
1539,1495,10,1505,757,1506,1540
1540,1506,1682,1539,1683,756,757
1541,1464,1526,1684,1707,1538,1706
1542,1689,1690,1656,1521,1462,1534
1543,1510,1618,1463,1710,1705,1538
1544,1507,1737,1545,1487,1426,1441
1545,1544,1737,1426,1546,1562,1469
1546,1562,1545,1737,1504,1611,1561
1547,1670,1738,1680,1460,1530,1681
1548,1465,1466,1711,1550,1712,1549
1549,728,1686,1712,1713,1466,1548
1550,1625,1497,1465,1711,1548,1714
1551,1552,1477,1476,1666,1563,1664
1552,1662,1657,1522,1551,1477,1664
1553,1473,1554,1490,1578,1589,1591
1554,1473,1553,1493,1593,1594,1591
1555,1525,1736,1579,1580,1491,1556
1556,1580,1557,1489,1533,1555,1525
1557,1533,1596,1580,1556,1581,1597
1558,1474,1492,1634,1633,1559,1582
1559,1494,1474,1635,1634,1595,1558
1560,1514,1532,1720,1524,1721,1687
1561,1504,1546,1667,1668,1611,1536
1562,1664,1662,1611,1546,1545,1469
1563,1666,1673,1527,1672,1551,1476
1564,1594,1493,1484,1565,1616,1615
1565,1484,1564,1616,1511,1644,1619
1566,1530,1603,1699,1697,1483,1567
1567,1701,1699,1512,1483,1620,1566
1568,1485,1569,1642,1639,1595,1494
1569,1642,1646,1621,1513,1485,1568
1570,715,1748,1571,1683,1467
1571,1467,1518,1629,1682,1683,1570
1572,1605,1647,1643,1573,1480,1500
1573,1579,1491,1640,1572,1480,1643
1574,1481,1501,1607,1641,1575
1575,1492,1582,1481,1641,1574,1638
1576,1609,1702,1577,1482,1700,1502
1577,1576,1482,1578,1490,1700,1698
1578,1577,1490,1553,1589,1698,1696
1579,1573,1491,1640,1580,1555,1637
1580,1637,1581,1579,1555,1557,1556
1581,1637,1580,1636,1598,1557,1597
1582,1492,1575,1632,1633,1638,1558
1583,1584,1599,1486,1598,1537,1597
1584,1583,1599,1630,1612,1486,1508
1585,1592,1586,1487,1612,1508,1613
1586,1592,1590,1585,1487,1587,1507
1587,1588,1590,1507,1503,1586,1529
1588,1696,1589,1695,1587,1590,1529
1589,1696,1588,1590,1591,1553,1578
1590,1586,1592,1589,1591,1588,1587
1591,1593,1592,1589,1590,1553,1554
1592,1586,1590,1585,1593,1591,1613
1593,1591,1592,1594,1554,1613,1614
1594,1593,1554,1564,1493,1615,1614
1595,1636,1639,1635,1559,1568,1494
1596,1533,1557,1597,1537,1623,1735
1597,1537,1583,1598,1557,1596,1581
1598,1636,1581,1583,1599,1635,1597
1599,1584,1583,1630,1634,1635,1598
1600,1511,1453,22,21,1650,1619
1601,1513,1621,1450,31,32,1651
1602,1495,1512,1704,12,1620,11
1603,1530,1566,1738,1694,1697,1695
1604,1605,1500,7,1729,1478,1742
1605,1572,1647,1604,1500,1729
1606,1471,1744,1607,1501,1730,27
1607,1574,1641,1645,1501,1606,1730
1608,1728,1609,1472,1743,1502,17
1609,1576,1702,1608,1728,1502
1610,1520,1496,748,747,1654,1709
1611,1666,1667,1562,1664,1546,1561
1612,1585,1508,1613,1631,1630,1584
1613,1612,1631,1593,1592,1585,1614
1614,1593,1613,1631,1615,1594,1632
1615,1632,1638,1594,1614,1616,1564
1616,1641,1638,1615,1564,1565,1644
1617,1618,1734,1733,1509,1510,1622
1618,1510,1543,1617,1734,1746,1710
1619,1644,1648,1650,1565,1600,1511
1620,1704,1703,1701,1602,1512,1567
1621,1513,1601,1646,1649,1569,1651
1622,1692,1535,1617,1509,1731,1733
1623,1735,1660,1468,1596,1537,1470
1624,1724,1625,1475,1497,1628
1625,1550,1497,1724,1624,1714,1723
1626,1678,1680,1518,1515,1629,1627
1627,1531,1676,1675,1678,1515,1626
1628,1725,1745,719,1475,1724,1624
1629,1680,1681,1626,1682,1518,1571
1630,1633,1634,1631,1612,1584,1599
1631,1613,1612,1614,1633,1632,1630
1632,1638,1615,1633,1582,1631,1614
1633,1630,1634,1632,1582,1631,1558
1634,1635,1559,1633,1630,1558,1599
1635,1559,1634,1595,1599,1636,1598
1636,1595,1639,1598,1581,1635,1637
1637,1581,1580,1640,1639,1579,1636
1638,1641,1616,1632,1615,1582,1575
1639,1595,1636,1640,1637,1642,1568
1640,1579,1573,1639,1637,1642,1643
1641,1616,1638,1644,1574,1607,1645,1575
1642,1643,1646,1569,1639,1640,1568
1643,1642,1646,1572,1647,1640,1573
1644,1648,1619,1565,1641,1616,1645
1645,1641,1607,1644,1648,1730
1646,1642,1643,1647,1649,1569,1621
1647,1646,1649,1572,1605,1643,1729
1648,1650,3,1741,1644,1619,1730,1645
1649,1646,1647,1729,1739,1621,1,1651
1650,1648,3,1619,23,22,1600
1651,1,33,1621,1649,1601,32
1652,1519,1531,1677,1679,1676,1653
1653,1519,1520,1654,1685,1679,1652
1654,1708,1685,1610,1520,1653,1709
1655,1656,1665,1663,1657,1521,1522
1656,1665,1655,1542,1521,1688,1689
1657,1662,1552,1522,1663,1655,1661
1658,1665,1659,1687,1532,1523,1688
1659,1665,1658,1660,1735,1523,1663
1660,1659,1735,1623,1468,1663,1661
1661,1469,1662,1468,1663,1660,1657
1662,1469,1661,1562,1664,1552,1657
1663,1660,1661,1659,1665,1655,1657
1664,1562,1662,1611,1551,1666,1552
1665,1658,1659,1656,1655,1663,1688
1666,1611,1667,1563,1673,1551,1664
1667,1666,1611,1673,1561,1668,1674
1668,1669,1675,1536,1667,1561,1674
1669,1668,1675,1536,1678,1693,1670
1670,1738,1547,1680,1669,1678,1693
1671,1685,1684,1527,1672,1526,1679
1672,1527,1671,1563,1677,1679,1673
1673,1674,1677,1563,1666,1672,1667
1674,1677,1673,1676,1675,1668,1667
1675,1668,1669,1676,1674,1678,1627
1676,1674,1675,1531,1627,1677,1652
1677,1674,1673,1676,1652,1679,1672
1678,1675,1669,1670,1680,1626,1627
1679,1677,1652,1672,1671,1685,1653
1680,1629,1681,1547,1670,1678,1626
1681,1682,1506,1629,1680,1460,1547
1682,1681,1506,1629,1540,1571,1683
1683,755,1748,756,1571,1682,1540,1570
1684,1671,1685,1541,1707,1708,1526
1685,1671,1684,1654,1708,1653,1679
1686,1549,728,761,1727,1713,760
1687,1688,1722,1532,1560,1658,1721
1688,1687,1722,1656,1665,1658,1689
1689,1542,1690,1722,1688,1723,1656
1690,1689,1542,1691,1724,1723,1534
1691,1690,1724,1692,1535,1725,1534
1692,1622,1535,1691,1725,1732,1731
1693,1528,1694,1738,1536,1669,1670
1694,1528,1529,1693,1738,1603,1695
1695,1588,1696,1603,1694,1697,1529
1696,1588,1589,1695,1697,1698,1578
1697,1698,1699,1566,1603,1696,1695
1698,1699,1697,1696,1700,1577,1578
1699,1698,1697,1701,1567,1566,1700
1700,1702,1701,1699,1698,1577,1576
1701,1567,1699,1700,1702,1703,1620
1702,1576,1609,1700,1701,1728,1703
1703,1728,1740,2,1704,1620,1701,1702
1704,13,12,1703,2,1620,1602
1705,1710,1717,1543,1716,1706,1538
1706,1715,1716,1707,1538,1541,1705
1707,1541,1684,1706,1715,1708
1708,1654,1685,1715,1707,1684,1709
1709,746,1747,1715,1708,1654,747,1610
1710,1717,720,1746,1618,1543,1705
1711,1721,1720,1712,1550,1548,1714
1712,1720,1711,1549,1713,1719,1548
1713,1712,1549,1719,1727,1686,1718
1714,1722,1723,1721,1711,1625,1550
1715,1706,1716,1707,1747,723,1708,1709
1716,1706,1715,1717,1705,722,723
1717,722,721,720,1710,1705,1716
1718,1727,1726,1517,1719,1488,1713
1719,1712,1713,1720,1718,1517,1524
1720,1721,1711,1524,1560,1712,1719
1721,1711,1720,1560,1687,1714,1722
1722,1723,1714,1687,1688,1689,1721
1723,1722,1714,1689,1690,1724,1625
1724,1690,1691,1723,1725,1624,1625,1628
1725,1628,1745,1691,1692,1724,1732
1726,1727,1718,1498,1488,759,727
1727,1726,1718,1713,1686,760,759
1728,1703,1740,16,1608,1609,17,1702
1729,1649,1739,6,1604,7,1647,1605
1730,26,1741,1606,27,1607,1648,1645
1731,736,737,1622,1733,1732,1692
1732,736,735,1731,1692,1725,1745
1733,1617,1734,738,1731,1622,737
1734,739,738,1746,1617,1618,1733
1735,1660,1659,1623,1596,1523,1533
1736,1525,1499,1491,1437,1555,1516
1737,1507,1544,1545,1503,1546,1504
1738,1603,1530,1670,1547,1694,1693
1739,1649,1729,6,1,5
1740,1703,1728,16,15,2
1741,1648,3,25,1730,26
1742,1478,8,39,38,7,1604
1743,51,18,50,1472,1608,17
1744,1606,1471,63,62,28,27
1745,735,734,719,1628,1725,1732
1746,739,1734,1618,1710,720,740
1747,746,1709,1715,723,745
1748,715,1570,755,1683,726,754
