1,4,3,1362,1363,2,1366
2,6,5,10,4,1,1366
3,7,1362,1,4,8
4,10,9,8,1,3,2
5,12,11,10,19,2,6
6,1381,12,2,5,1366,1372
7,1362,3,13,1365,8,15,14
8,4,9,15,16,7,3
9,10,4,8,18,16,17
10,9,4,18,5,19,2
11,5,12,20,31,21,19
12,5,11,6,1381,1393,22,21
13,7,1365,14,23,1380,1371
14,25,24,23,13,7,15
15,26,16,25,8,7,14
16,26,15,17,27,8,9
17,27,16,29,28,18,9
18,29,17,10,9,30,19
19,31,30,10,5,11,18
20,11,31,33,32,46,21
21,34,33,22,11,20,12
22,34,21,1409,1393,12
23,24,36,14,13,1380,35
24,37,36,38,25,23,14
25,39,38,26,24,14,15
26,15,16,25,39,40,27
27,17,16,40,41,26,28
28,29,17,42,43,41,27
29,28,17,43,44,18,30
30,45,44,31,29,19,18
31,11,20,45,30,46,19
32,20,33,46,64,47,48
33,34,49,20,32,48,21
34,33,49,21,50,22,1409
35,51,1408,1380,1392,36,23
36,24,37,52,51,23,35
37,24,36,54,53,52,38
38,25,39,24,54,37,55
39,55,56,25,38,26,40
40,27,41,56,57,39,26
41,40,27,58,57,42,28
42,28,43,41,60,58,59
43,42,28,61,44,29,60
44,61,43,45,30,29,62
45,44,30,63,62,31,46
46,45,31,64,63,32,20
47,65,85,64,66,32,48
48,67,66,49,33,47,32
49,33,34,48,50,67,68
50,1428,1409,68,69,49,34
51,35,1408,52,70,36
52,71,70,37,53,51,36
53,54,37,73,52,72,71
54,53,37,73,38,74,55
55,39,56,75,74,38,54
56,55,39,76,57,40,75
57,76,56,40,41,58,77
58,41,57,77,78,42,59
59,78,79,80,42,60,58
60,43,42,59,80,81,61
61,62,82,43,44,60,81
62,61,82,63,45,44,83
63,62,45,46,64,84,83
64,85,84,46,63,32,47
65,47,85,87,86,66,109
66,67,88,87,65,48,47
67,88,66,48,89,68,49
68,50,69,90,89,67,49
69,68,50,90,1473,1449,1428
70,1427,91,52,71,92,51,1408
71,72,93,92,52,70,53
72,94,95,71,93,73,53
73,95,96,74,53,54,72
74,75,55,96,73,97,54
75,74,55,76,98,56,97
76,75,98,56,57,77,99
77,99,100,58,78,76,57
78,59,79,77,58,101,100
79,78,59,80,101,103,102
80,81,104,79,59,60,103
81,104,80,60,105,82,61
82,61,62,105,106,81,83
83,84,107,106,82,62,63
84,64,85,83,107,108,63
85,64,84,47,65,108,109
86,136,109,110,65,87,111
87,112,88,65,86,111,66
88,67,66,112,87,113,89
89,113,114,68,90,88,67
90,114,115,69,1473,68,89
91,1427,70,92,116,1472,1448
92,93,71,70,116,91,117
93,71,72,92,94,118,117
94,72,95,119,118,93,120
95,94,72,73,96,121,120
96,95,73,74,121,122,97
97,98,123,122,75,74,96
98,123,97,124,99,75,76
99,124,98,77,100,125,76
100,99,77,101,126,78,125
101,127,126,79,78,102,100
102,103,129,128,79,127,101
103,130,129,79,80,102,104
104,131,130,81,80,105,103
105,131,132,106,104,81,82
106,133,132,105,107,83,82
107,108,134,83,84,106,133
108,134,135,107,84,85,109
109,136,86,108,135,65,85
110,136,166,137,86,138,111
111,112,139,138,87,110,86
112,111,139,140,87,88,113
113,141,114,89,140,112,88
114,141,113,90,115,89,142
115,114,90,1500,1473,142,1530,1531
116,144,143,92,91,117,1472
117,144,116,92,93,118,145
118,119,146,94,93,145,117
119,146,118,94,148,120,147
120,148,149,121,95,119,94
121,120,95,149,122,150,96
122,151,123,150,121,97,96
123,98,97,152,151,122,124
124,153,152,98,99,123,125
125,126,154,99,124,100,153
126,127,101,154,125,155,100
127,126,101,156,155,102,128
128,129,158,157,102,127,156
129,128,158,130,103,102,159
130,104,131,129,103,160,159
131,161,160,104,130,105,132
132,133,106,131,105,161,162
133,132,106,107,163,134,162
134,108,135,107,163,133,164
135,136,165,134,108,109,164
136,110,166,109,86,135,165
137,167,168,110,166,138,199
138,111,139,168,169,110,137
139,111,112,169,170,138,140
140,170,171,141,139,112,113
141,113,114,172,142,140,171
142,172,141,1530,173,114,115
143,116,144,1529,1499,174,1472
144,116,143,174,175,145,117
145,175,144,146,118,176,117
146,119,118,145,147,177,176
147,178,179,177,148,146,119
148,180,179,120,149,119,147
149,148,120,181,150,121,180
150,181,149,182,122,121,151
151,152,123,122,150,182,183
152,153,124,151,123,183,184
153,152,124,125,154,185,184
154,126,125,155,186,185,153
155,156,187,186,127,154,126
156,187,155,127,188,128,157
157,158,190,128,189,188,156
158,128,129,190,157,191,159
159,191,158,192,130,160,129
160,161,131,193,130,159,192
161,160,131,193,132,162,194
162,195,163,133,194,161,132
163,195,162,133,134,164,196
164,197,165,196,163,134,135
165,135,136,166,198,197,164
166,136,110,165,198,137,199
167,201,200,235,137,168,199
168,138,169,167,137,202,201
169,202,203,139,170,168,138
170,140,171,169,139,203,204
171,170,140,141,204,205,172
172,141,142,206,205,171,173
173,1530,1564,207,142,206,172
174,144,175,208,1529,143
175,174,144,145,176,209,208
176,210,177,209,175,145,146
177,147,178,211,210,176,146
178,211,212,147,179,177,213
179,148,180,178,147,214,213
180,148,179,149,215,214,181
181,149,150,180,215,182,216
182,216,217,150,181,151,183
183,182,151,152,184,217,218
184,219,218,183,152,185,153
185,154,186,184,153,220,219
186,155,187,154,221,185,220
187,222,221,156,155,186,188
188,189,223,222,187,156,157
189,223,188,224,225,190,157
190,191,226,158,157,189,225
191,226,190,158,159,192,227
192,193,228,191,159,227,160
193,161,160,228,192,229,194
194,230,229,193,162,161,195
195,162,163,196,231,230,194
196,232,197,164,163,231,195
197,232,233,196,198,165,164
198,234,233,165,166,199,197
199,137,167,166,235,234,198
200,167,201,235,237,236,274
201,167,200,238,237,202,168
202,169,203,239,201,168,238
203,202,169,239,170,240,204
204,171,205,240,241,170,203
205,242,241,172,206,204,171
206,172,205,243,207,242,173
207,1639,243,173,1564,206,1600
208,245,244,175,209,174,1563,1529
209,246,245,176,175,208,210
210,247,246,176,177,211,209
211,178,212,248,177,247,210
212,211,178,248,249,250,213
213,179,214,251,250,178,212
214,215,252,251,179,213,180
215,214,252,253,216,180,181
216,253,215,254,217,182,181
217,255,254,218,216,182,183
218,255,217,184,219,256,183
219,220,257,184,218,185,256
220,257,219,185,258,221,186
221,222,187,259,186,258,220
222,221,187,188,259,260,223
223,189,188,224,261,260,222
224,225,263,223,261,189,262
225,263,224,189,264,190,226
226,191,190,225,264,265,227
227,265,226,266,192,191,228
228,193,192,267,229,266,227
229,268,267,230,194,228,193
230,231,269,268,195,229,194
231,269,230,270,196,195,232
232,197,233,196,271,270,231
233,232,197,234,198,272,271
234,233,198,273,235,272,199
235,274,273,200,167,234,199
236,200,237,276,316,274,275
237,276,277,201,238,200,236
238,278,277,201,237,239,202
239,203,202,238,278,279,240
240,239,279,204,241,203,280
241,205,242,281,240,204,280
242,205,241,243,282,281,206
243,207,1639,242,282,206,283
244,245,208,1638,284,1563,1599
245,209,246,244,208,284,285
246,209,245,247,210,286,285
247,246,210,286,287,211,248
248,212,249,288,287,211,247
249,248,212,290,289,250,288
250,291,290,213,251,249,212
251,214,252,213,250,292,291
252,253,293,214,215,251,292
253,252,293,215,216,254,294
254,295,294,217,255,253,216
255,217,254,295,218,296,256
256,297,296,255,218,219,257
257,220,219,256,298,258,297
258,299,259,298,257,221,220
259,221,222,260,300,299,258
260,222,259,301,300,223,261
261,223,224,262,301,302,260
262,263,304,261,224,303,302
263,262,304,225,224,264,305
264,263,225,305,226,306,265
265,307,306,226,227,264,266
266,307,308,267,227,265,228
267,308,309,229,268,266,228
268,269,310,229,267,230,309
269,310,311,268,231,230,270
270,271,232,312,311,269,231
271,313,272,312,270,232,233
272,273,314,313,271,233,234
273,274,235,314,315,234,272
274,273,235,315,316,236,200
275,361,317,316,276,318,236
276,319,318,237,277,275,236
277,238,278,320,276,237,319
278,238,277,321,279,320,239
279,321,278,239,240,280,322
280,323,322,241,240,279,281
281,282,324,323,241,242,280
282,325,324,281,242,243,283
283,1726,325,1639,1681,282,243,1727
284,1638,244,245,327,326,285
285,328,327,286,246,245,284
286,287,329,328,247,246,285
287,330,329,248,288,286,247
288,248,287,331,330,289,249
289,332,333,290,331,288,249
290,291,334,333,289,250,249
291,290,334,335,250,251,292
292,293,336,252,251,291,335
293,252,253,294,337,336,292
294,295,254,338,337,293,253
295,294,254,338,255,296,339
296,256,297,255,295,339,340
297,256,296,340,341,257,298
298,257,258,342,341,297,299
299,258,259,300,343,342,298
300,301,260,259,299,344,343
301,300,260,261,302,345,344
302,303,262,346,345,301,261
303,347,346,348,302,262,304
304,262,263,349,305,348,303
305,350,349,263,264,304,306
306,351,307,265,350,264,305
307,351,306,266,308,265,352
308,352,353,307,266,309,267
309,308,353,354,267,310,268
310,355,354,269,311,268,309
311,310,269,355,356,312,270
312,357,356,313,271,270,311
313,358,314,312,357,271,272
314,358,313,273,315,359,272
315,314,273,360,316,274,359
316,360,315,275,361,274,236
317,409,361,275,318,363,362
318,276,319,363,317,364,275
319,276,318,365,364,320,277
320,278,321,277,366,365,319
321,278,279,322,367,320,366
322,367,321,323,280,368,279
323,324,369,322,280,368,281
324,282,325,323,369,370,281
325,1726,371,282,324,370,283
326,372,1725,327,1680,1638,284
327,328,285,326,372,373,284
328,327,285,329,374,373,286
329,330,287,328,374,286,375
330,329,287,375,376,331,288
331,330,288,376,289,332,377
332,289,333,331,377,379,378
333,332,289,290,380,379,334
334,290,291,381,380,335,333
335,334,291,336,382,292,381
336,337,383,293,292,335,382
337,336,383,338,384,294,293
338,294,295,384,337,339,385
339,385,386,340,296,295,338
340,341,387,386,297,339,296
341,342,388,387,340,297,298
342,388,341,389,343,298,299
343,344,390,389,342,300,299
344,343,390,300,391,345,301
345,392,346,302,301,391,344
346,347,303,392,345,302,393
347,346,303,348,395,393,394
348,396,395,347,303,349,304
349,305,350,304,348,396,397
350,305,349,398,397,306,351
351,306,307,350,398,352,399
352,308,353,400,399,351,307
353,352,308,354,401,400,309
354,310,355,353,401,309,402
355,310,354,356,403,402,311
356,355,403,357,312,404,311
357,356,312,404,313,405,358
358,313,314,406,405,359,357
359,315,360,406,407,314,358
360,315,316,359,408,361,407
361,409,317,275,316,408,360
362,363,411,410,460,317,409
363,411,362,318,317,412,364
364,413,412,365,319,318,363
365,413,364,319,414,366,320
366,365,320,414,415,321,367
367,416,415,322,321,366,368
368,417,416,369,323,367,322
369,370,418,323,324,368,417
370,418,369,419,324,325,371
371,325,1726,420,419,370,1776
372,1725,326,327,1775,373,421
373,421,422,328,374,372,327
374,328,329,373,422,423,375
375,330,376,424,423,374,329
376,375,330,424,331,377,425
377,425,376,378,426,331,332
378,428,427,379,426,377,332
379,428,378,380,333,332,429
380,334,381,379,333,430,429
381,334,380,382,431,430,335
382,383,432,381,431,335,336
383,382,432,336,337,433,384
384,338,337,434,433,383,385
385,435,434,386,339,384,338
386,340,387,435,436,385,339
387,341,340,386,437,388,436
388,342,341,437,387,389,438
389,342,343,388,390,438,439
390,343,344,439,440,391,389
391,441,440,344,345,390,392
392,345,346,442,441,393,391
393,394,443,346,347,442,392
394,443,393,395,445,444,347
395,396,348,445,394,347,446
396,395,348,349,446,397,447
397,398,350,349,396,448,447
398,397,350,448,449,351,399
399,400,450,449,352,351,398
400,399,450,352,353,401,451
401,451,452,353,354,400,402
402,354,401,452,453,403,355
403,355,356,453,402,404,454
404,455,454,357,356,403,405
405,406,358,456,455,404,357
406,456,457,359,407,405,358
407,408,458,457,406,359,360
408,409,459,407,458,360,361
409,459,408,361,317,460,362
410,514,461,411,362,462,460
411,363,362,412,463,410,462
412,413,364,411,463,363,464
413,412,364,365,465,414,464
414,465,413,365,366,415,466
415,416,467,367,466,414,366
416,467,415,367,417,468,368
417,468,416,368,469,418,369
418,370,369,419,470,469,417
419,371,420,418,370,470,471
420,371,419,1827,1881,471,1776
421,373,422,473,472,1775,372
422,421,373,474,423,374,473
423,424,375,475,474,422,374
424,423,375,475,376,425,476
425,476,424,377,376,477,426
426,378,377,427,478,425,477
427,479,480,378,428,426,478
428,378,427,379,429,480,481
429,482,430,481,380,379,428
430,431,483,482,429,380,381
431,430,483,432,484,381,382
432,382,383,484,431,485,433
433,485,486,432,384,434,383
434,487,486,384,433,435,385
435,386,436,487,434,385,488
436,488,489,435,386,437,387
437,387,388,489,436,438,490
438,439,491,388,389,437,490
439,438,491,390,440,492,389
440,439,390,391,441,492,493
441,391,440,493,494,442,392
442,494,495,443,441,393,392
443,394,393,444,442,495,496
444,394,445,498,497,496,443
445,395,394,444,446,499,498
446,395,396,445,499,500,447
447,501,500,446,396,448,397
448,449,502,398,397,501,447
449,503,502,448,398,450,399
450,399,400,449,503,504,451
451,401,452,400,450,505,504
452,451,401,505,506,453,402
453,506,452,507,454,402,403
454,404,455,508,507,453,403
455,404,454,508,509,456,405
456,406,457,510,509,455,405
457,510,511,458,407,456,406
458,511,512,457,407,408,459
459,409,408,460,512,513,458
460,513,514,459,409,362,410
461,571,515,516,462,514,410
462,517,516,461,463,410,411
463,411,412,517,462,464,518
464,465,413,518,463,412,519
465,519,520,413,414,464,466
466,415,414,520,465,467,521
467,416,415,521,466,468,522
468,523,522,417,416,469,467
469,524,470,418,523,468,417
470,524,469,471,525,418,419
471,525,470,420,1881,526,419
472,1774,1775,473,527,421,1880,1826
473,528,474,527,422,421,472
474,528,473,529,422,423,475
475,476,530,424,423,529,474
476,475,530,531,477,425,424
477,478,532,531,476,425,426
478,477,532,426,427,533,479
479,427,480,534,535,478,533
480,479,427,428,535,536,481
481,429,482,428,480,536,537
482,430,483,429,481,537,538
483,430,431,482,484,539,538
484,432,431,539,483,540,485
485,433,486,484,540,432,541
486,541,542,434,487,485,433
487,434,486,542,435,488,543
488,436,489,544,543,435,487
489,488,436,544,437,490,545
490,437,489,546,491,438,545
491,438,439,547,492,546,490
492,440,493,548,439,547,491
493,494,549,548,441,492,440
494,442,495,493,549,550,441
495,494,442,550,496,551,443
496,552,551,495,444,497,443
497,553,554,498,444,496,552
498,499,555,554,497,444,445
499,498,555,500,556,446,445
500,556,499,447,501,557,446
501,558,557,447,500,502,448
502,449,503,448,559,558,501
503,559,560,449,502,450,504
504,561,505,503,450,560,451
505,452,506,561,504,562,451
506,505,452,453,507,563,562
507,508,454,453,564,563,506
508,509,565,507,454,564,455
509,565,508,455,510,456,566
510,457,511,567,509,456,566
511,510,457,512,568,458,567
512,568,511,458,513,569,459
513,460,514,570,569,512,459
514,571,570,513,460,461,410
515,573,572,631,571,461,516
516,462,517,461,515,574,573
517,462,516,463,518,575,574
518,464,463,576,519,517,575
519,465,520,577,464,576,518
520,578,577,519,465,466,521
521,467,466,579,578,520,522
522,468,523,580,579,521,467
523,468,522,524,581,580,469
524,469,470,525,582,581,523
525,524,582,526,583,471,470
526,1938,1999,525,583,1998,1881,471
527,585,528,584,473,472,1880
528,473,474,529,585,527,586
529,528,474,587,530,475,586
530,475,476,588,531,587,529
531,532,589,588,530,476,477
532,589,531,477,478,590,533
533,590,532,478,591,479,534
534,593,535,479,591,592,533
535,593,534,479,536,594,480
536,537,595,535,594,480,481
537,538,596,595,536,481,482
538,537,596,597,539,482,483
539,597,538,484,483,540,598
540,541,599,484,539,598,485
541,486,542,599,540,485,600
542,541,486,543,601,600,487
543,601,542,602,544,488,487
544,488,489,602,603,543,545
545,604,546,490,603,544,489
546,604,545,605,547,490,491
547,605,546,606,491,492,548
548,607,606,549,493,492,547
549,493,494,607,548,608,550
550,494,495,608,609,551,549
551,552,496,610,609,495,550
552,551,496,611,553,497,610
553,611,552,497,554,613,612
554,614,613,555,553,497,498
555,498,499,614,554,556,615
556,615,616,500,499,555,557
557,558,501,500,556,617,616
558,557,501,502,559,617,618
559,503,560,502,558,619,618
560,619,620,559,503,561,504
561,621,620,504,505,562,560
562,505,561,621,506,622,563
563,564,623,507,506,622,562
564,508,507,563,623,565,624
565,509,508,625,566,564,624
566,625,626,565,509,567,510
567,568,627,510,511,566,626
568,512,511,567,627,628,569
569,629,628,570,568,513,512
570,571,514,513,630,629,569
571,570,514,515,631,461,630
572,694,632,573,515,633,631
573,572,515,634,574,516,633
574,575,635,634,517,573,516
575,635,574,636,576,518,517
576,518,519,636,575,577,637
577,578,520,638,519,637,576
578,577,520,638,579,521,639
579,578,521,580,522,640,639
580,579,522,641,640,581,523
581,641,642,524,523,582,580
582,524,525,643,642,583,581
583,644,643,525,526,1998,582
584,1997,645,585,1937,527,1880
585,527,528,586,646,645,584
586,585,646,587,647,529,528
587,648,647,529,530,588,586
588,649,648,530,531,589,587
589,532,531,590,650,649,588
590,651,591,650,589,532,533
591,651,590,534,592,533,652
592,593,654,653,652,591,534
593,654,592,534,535,594,655
594,535,536,593,656,655,595
595,537,536,657,596,594,656
596,537,538,657,595,658,597
597,538,539,658,659,598,596
598,599,660,659,597,540,539
599,661,660,600,541,540,598
600,599,661,601,662,542,541
601,543,542,602,600,662,663
602,663,664,543,601,544,603
603,604,665,664,602,544,545
604,666,605,603,665,545,546
605,606,667,666,604,546,547
606,605,667,607,548,668,547
607,608,669,606,548,549,668
608,607,669,550,609,549,670
609,670,671,610,551,608,550
610,672,671,609,551,611,552
611,612,673,552,553,672,610
612,673,611,674,675,553,613
613,554,614,553,612,676,675
614,554,613,555,615,677,676
615,556,616,614,555,677,678
616,615,556,678,617,557,679
617,616,557,680,618,679,558
618,680,617,619,681,558,559
619,560,620,559,682,618,681
620,619,560,621,561,682,683
621,620,561,562,683,684,622
622,562,621,563,623,684,685
623,563,564,686,685,622,624
624,687,686,564,565,623,625
625,566,626,565,688,687,624
626,625,566,688,567,689,627
627,567,568,626,689,690,628
628,629,569,690,627,691,568
629,628,569,692,630,691,570
630,692,629,631,693,570,571
631,515,571,630,693,694,572
632,694,572,695,696,760,633
633,634,697,572,573,632,696
634,698,697,635,574,573,633
635,698,634,575,574,636,699
636,575,576,635,637,699,700
637,638,577,576,636,700,701
638,578,577,701,702,637,639
639,578,638,702,640,579,703
640,704,703,639,579,641,580
641,581,642,704,705,640,580
642,641,581,582,643,706,705
643,644,583,707,706,582,642
644,2063,1998,643,583,707,708
645,646,709,1997,584,2062,585
646,709,645,710,647,585,586
647,711,710,646,648,587,586
648,711,712,647,587,649,588
649,712,648,713,588,650,589
650,590,651,714,713,649,589
651,590,591,650,652,715,714
652,716,653,592,715,651,591
653,654,718,592,717,716,652
654,718,719,593,592,653,655
655,656,720,719,594,654,593
656,720,655,594,657,721,595
657,722,721,595,596,656,658
658,597,659,722,723,657,596
659,724,723,658,597,660,598
660,599,661,725,724,659,598
661,599,660,726,662,600,725
662,726,661,727,600,601,663
663,728,727,602,664,662,601
664,663,602,665,729,603,728
665,664,729,603,604,666,730
666,604,605,667,731,665,730
667,668,732,605,606,666,731
668,667,732,733,606,669,607
669,607,608,668,734,670,733
670,609,671,734,669,608,735
671,610,672,670,609,736,735
672,610,671,736,737,673,611
673,612,611,674,738,672,737
674,673,738,612,675,739,740
675,676,741,740,674,612,613
676,675,741,742,614,613,677
677,615,614,678,743,742,676
678,679,744,677,743,615,616
679,744,745,680,678,616,617
680,679,745,617,618,681,746
681,747,682,618,619,680,746
682,620,683,747,681,619,748
683,684,749,682,620,748,621
684,749,683,621,750,685,622
685,751,750,684,686,623,622
686,687,624,685,623,752,751
687,686,624,752,688,625,753
688,753,754,687,625,626,689
689,755,754,688,626,690,627
690,755,689,627,628,756,691
691,757,756,692,629,690,628
692,629,630,691,757,758,693
693,630,631,694,759,758,692
694,572,632,759,760,693,631
695,761,829,760,632,696,762
696,695,632,762,763,633,697
697,698,634,764,763,633,696
698,697,634,635,764,699,765
699,766,765,700,698,635,636
700,767,766,701,699,636,637
701,638,702,767,700,768,637
702,701,638,769,768,703,639
703,769,702,704,640,770,639
704,641,705,770,771,703,640
705,706,772,771,642,704,641
706,705,772,707,773,643,642
707,774,773,706,644,643,708
708,774,707,644,2198,2129,2063
709,646,645,710,776,775,2062
710,647,711,709,776,777,646
711,647,710,648,712,777,778
712,778,779,711,648,713,649
713,650,714,780,779,712,649
714,715,781,780,650,713,651
715,716,782,781,714,652,651
716,717,783,653,782,715,652
717,783,716,785,784,718,653
718,654,719,786,785,653,717
719,786,787,718,654,720,655
720,788,721,719,787,656,655
721,788,720,722,657,789,656
722,723,790,721,657,658,789
723,659,724,722,790,658,791
724,791,792,659,723,725,660
725,793,792,724,660,661,726
726,661,662,727,794,725,793
727,663,728,795,794,726,662
728,663,727,796,795,664,729
729,797,730,664,665,728,796
730,797,729,665,666,798,731
731,666,667,732,799,798,730
732,667,668,733,731,800,799
733,732,668,800,801,734,669
734,669,670,802,801,733,735
735,803,736,802,734,670,671
736,803,735,804,737,671,672
737,804,736,805,672,738,673
738,806,805,739,673,674,737
739,806,738,808,740,807,674
740,675,741,808,739,674,809
741,675,676,742,740,810,809
742,741,676,811,810,743,677
743,812,811,744,677,678,742
744,743,812,679,745,813,678
745,744,679,746,814,813,680
746,745,814,815,680,681,747
747,816,815,681,682,748,746
748,749,817,683,747,816,682
749,684,683,817,748,750,818
750,819,751,685,818,749,684
751,819,750,685,820,752,686
752,753,821,820,751,686,687
753,822,754,752,821,688,687
754,689,755,822,753,823,688
755,689,754,690,823,824,756
756,757,825,691,690,755,824
757,825,756,826,758,691,692
758,826,757,759,827,692,693
759,828,827,694,760,758,693
760,695,829,828,632,759,694
761,695,829,831,762,830,901
762,832,831,761,696,695,763
763,764,697,832,833,762,696
764,763,697,698,833,765,834
765,699,766,835,834,764,698
766,699,765,700,767,835,836
767,700,766,837,836,768,701
768,837,767,769,702,701,838
769,839,838,768,702,703,770
770,839,769,771,840,704,703
771,841,840,770,772,705,704
772,705,706,773,842,841,771
773,772,842,774,707,706,843
774,773,707,844,2198,843,708
775,2128,2197,709,776,845,2062,2061
776,709,710,845,846,777,775
777,776,846,711,778,847,710
778,848,847,712,779,777,711
779,778,712,849,848,780,713
780,714,781,850,849,779,713
781,715,714,780,782,850,851
782,716,715,783,852,781,851
783,717,716,853,784,782,852
784,785,717,855,854,853,783
785,784,717,855,856,786,718
786,719,787,857,856,718,785
787,788,858,786,719,720,857
788,859,858,787,720,721,789
789,860,859,721,788,722,790
790,722,723,860,861,791,789
791,724,792,862,861,790,723
792,791,724,863,862,725,793
793,863,864,725,792,794,726
794,865,864,727,795,726,793
795,727,794,728,796,866,865
796,867,866,728,795,797,729
797,729,730,867,796,798,868
798,868,797,730,869,799,731
799,869,798,731,870,732,800
800,801,871,732,733,799,870
801,800,871,734,802,733,872
802,734,801,735,803,873,872
803,804,874,735,736,802,873
804,874,803,736,737,805,875
805,806,876,738,804,737,875
806,876,877,805,738,807,739
807,877,806,739,878,879,808
808,739,740,880,879,809,807
809,741,810,808,740,881,880
810,811,882,741,809,881,742
811,743,812,882,810,883,742
812,743,811,744,884,813,883
813,885,884,745,744,814,812
814,745,746,885,886,815,813
815,816,887,747,886,814,746
816,888,817,815,887,747,748
817,888,816,749,748,818,889
818,750,749,889,817,819,890
819,750,751,891,820,890,818
820,821,752,891,819,892,751
821,752,753,820,892,822,893
822,753,754,823,821,893,894
823,822,754,755,824,894,895
824,896,895,823,755,825,756
825,757,756,826,897,896,824
826,757,825,758,827,898,897
827,828,759,826,898,758,899
828,827,759,829,760,900,899
829,695,761,760,828,901,900
830,903,831,902,901,761,974
831,903,830,762,832,904,761
832,762,831,904,763,833,905
833,832,763,906,905,834,764
834,907,835,906,833,765,764
835,907,834,765,766,836,908
836,837,767,909,908,766,835
837,910,909,836,767,768,838
838,769,839,910,911,837,768
839,769,838,840,912,911,770
840,912,913,839,771,841,770
841,914,913,842,772,771,840
842,772,773,841,843,915,914
843,773,842,915,916,774,844
844,2342,2341,774,2198,843,916,2270
845,776,846,2197,917,918,775
846,845,776,777,847,919,918
847,919,920,848,778,846,777
848,920,847,778,921,849,779
849,850,922,848,921,780,779
850,851,923,781,922,849,780
851,850,923,781,782,852,924
852,853,925,782,783,924,851
853,854,926,784,783,852,925
854,855,928,927,926,853,784
855,928,854,784,929,785,856
856,786,857,929,930,855,785
857,858,931,786,856,787,930
858,857,931,932,859,788,787
859,789,860,932,858,788,933
860,789,859,790,861,934,933
861,935,862,791,860,790,934
862,935,861,863,792,791,936
863,862,792,793,864,936,937
864,794,865,863,793,938,937
865,794,864,939,938,866,795
866,940,939,867,796,865,795
867,868,941,866,796,797,940
868,941,867,942,798,797,869
869,798,799,870,868,943,942
870,799,869,871,944,800,943
871,945,872,800,801,944,870
872,945,871,946,873,801,802
873,874,947,803,802,946,872
874,804,803,947,873,948,875
875,949,948,805,876,874,804
876,806,877,950,805,875,949
877,876,806,950,807,951,878
878,879,952,951,877,807
879,880,952,878,808,807
880,879,952,808,881,953,809
881,953,954,882,810,809,880
882,811,810,954,881,883,955
883,884,956,955,882,811,812
884,956,883,957,885,813,812
885,886,958,957,884,813,814
886,958,885,959,887,815,814
887,815,816,888,960,886,959
888,816,817,960,887,961,889
889,890,962,818,817,961,888
890,962,889,891,819,963,818
891,819,820,892,964,890,963
892,820,821,964,891,893,965
893,966,965,822,821,892,894
894,822,823,893,966,967,895
895,896,824,823,968,967,894
896,895,824,968,969,897,825
897,970,969,898,826,896,825
898,826,827,971,970,899,897
899,972,900,971,828,898,827
900,972,899,901,973,828,829
901,830,761,973,900,829,974
902,975,1046,976,830,903,974
903,830,831,902,904,977,976
904,831,832,978,977,905,903
905,906,833,904,832,978,979
906,905,833,834,979,980,907
907,834,835,981,980,906,908
908,982,981,909,836,907,835
909,837,910,982,908,983,836
910,837,909,983,838,911,984
911,984,985,910,838,839,912
912,840,913,839,986,985,911
913,914,841,912,840,986,987
914,913,841,987,988,842,915
915,916,989,843,842,988,914
916,915,989,843,2341,990,844
917,2340,991,2197,845,918,2269
918,992,991,917,919,846,845
919,847,920,992,993,846,918
920,919,847,848,921,994,993
921,922,995,994,920,848,849
922,921,995,850,923,849,996
923,850,851,922,924,997,996
924,997,998,925,852,851,923
925,999,998,924,852,853,926
926,1000,999,854,927,853,925
927,1001,1000,1002,854,926,928
928,855,854,1003,929,1002,927
929,1003,928,930,1004,856,855
930,1005,931,857,929,1004,856
931,857,858,1006,932,1005,930
932,1006,931,858,859,1007,933
933,1007,932,934,1008,860,859
934,1009,1008,933,861,860,935
935,861,862,1010,1009,936,934
936,1010,935,862,863,937,1011
937,938,1012,864,863,936,1011
938,939,865,1012,937,1013,864
939,866,940,938,865,1014,1013
940,866,939,1015,1014,941,867
941,868,867,942,940,1016,1015
942,1017,943,941,868,869,1016
943,1017,942,944,1018,869,870
944,943,1018,1019,871,945,870
945,871,872,944,1019,1020,946
946,872,873,945,1020,1021,947
947,874,873,1021,1022,946,948
948,949,1023,1022,947,875,874
949,1023,948,950,1024,875,876
950,1024,949,877,876,951
951,1343,1361,877,950,1287,1195,1024,878,952,1025
952,953,1025,879,880,878,951
953,952,1025,881,954,880
954,953,881,955,1026,882,1025
955,1026,954,883,882,956,1027
956,884,883,1027,1028,955,957
957,958,1029,1028,956,884,885
958,1029,957,959,1030,886,885
959,1031,960,1030,958,886,887
960,1031,959,1032,888,887,961
961,962,1033,888,889,960,1032
962,890,889,1033,961,1034,963
963,1035,1034,891,890,964,962
964,892,891,965,1036,1035,963
965,1037,1036,964,893,966,892
966,1037,1038,893,965,894,967
967,894,966,1038,1039,968,895
968,896,969,1039,967,1040,895
969,1040,1041,968,896,970,897
970,1042,1041,971,898,969,897
971,899,972,1042,1043,970,898
972,899,900,971,973,1044,1043
973,1044,1045,901,900,974,972
974,1045,1046,830,902,973,901
975,902,1046,1112,1047,976,1048
976,902,975,1049,1048,977,903
977,1050,1049,978,904,976,903
978,979,1051,977,904,1050,905
979,978,1051,906,905,980,1052
980,1053,1052,907,981,979,906
981,908,982,1054,907,980,1053
982,1055,1054,908,981,909,983
983,1055,982,909,910,1056,984
984,911,985,1057,910,983,1056
985,984,911,1057,1058,912,986
986,912,985,913,1058,1059,987
987,914,988,913,1060,986,1059
988,987,914,1060,1061,989,915
989,915,916,990,1062,1061,988
990,1062,989,1063,916,2341,2408
991,2407,1064,2340,918,992,917
992,993,1065,919,918,991,1064
993,992,1065,919,1066,994,920
994,1066,1067,995,921,920,993
995,921,922,994,1067,996,1068
996,1069,1068,997,923,922,995
997,1069,996,924,998,1070,923
998,925,999,997,924,1070
999,1000,926,925,998,1070
1000,999,926,1001,927,1070
1001,1000,927,1002,1071,1070
1002,1071,1001,1072,927,1003,928
1003,1004,1073,928,929,1072,1002
1004,1073,1003,1074,1005,929,930
1005,930,931,1074,1004,1006,1075
1006,931,932,1007,1005,1076,1075
1007,1008,1077,932,933,1006,1076
1008,1009,934,1077,1007,1078,933
1009,1008,934,1010,1079,935,1078
1010,1080,1079,1009,935,936,1011
1011,1081,1080,1012,937,1010,936
1012,1081,1082,938,937,1013,1011
1013,1014,1083,1082,939,1012,938
1014,1015,1084,940,1013,1083,939
1015,1014,1084,940,1085,941,1016
1016,1017,1086,942,941,1085,1015
1017,1087,1018,942,943,1016,1086
1018,1088,1087,1017,943,944,1019
1019,1089,1088,944,1018,945,1020
1020,1090,1021,1019,945,1089,946
1021,1090,1020,947,1022,1091,946
1022,1021,947,948,1023,1092,1091
1023,949,948,1022,1092,1024
1024,950,949,951,1195,1092,1023
1025,952,953,951,1149,1231,954,1026,1093
1026,955,954,1027,1093,1025
1027,1026,1093,956,1028,955
1028,1027,956,1094,1029,957,1093
1029,958,957,1094,1095,1030,1028
1030,1095,1029,959,958,1096,1031
1031,959,960,1032,1097,1096,1030
1032,1031,960,1097,1033,961,1098
1033,962,961,1034,1032,1099,1098
1034,962,1033,1035,963,1100,1099
1035,1101,1100,1036,964,1034,963
1036,1102,1037,965,964,1035,1101
1037,966,1038,1102,1036,1103,965
1038,1037,966,1104,1103,1039,967
1039,1105,1040,1038,1104,967,968
1040,1105,1039,969,1041,1106,968
1041,970,1042,1040,969,1107,1106
1042,970,1041,1107,971,1043,1108
1043,1044,1109,1042,971,972,1108
1044,1110,1109,1043,1045,973,972
1045,1046,1111,1044,1110,973,974
1046,902,975,1045,1111,1112,974
1047,1112,975,1167,1113,1114,1048
1048,975,1047,1049,976,1114,1115
1049,1050,1116,1048,976,977,1115
1050,1116,1049,977,978,1117,1051
1051,1117,1118,1052,978,979,1050
1052,1118,1051,1053,980,979,1119
1053,1052,980,981,1054,1120,1119
1054,1055,982,1121,981,1053,1120
1055,1054,982,1121,983,1056,1122
1056,1122,1123,983,1055,1057,984
1057,985,984,1058,1124,1123,1056
1058,1124,1057,985,986,1125,1059
1059,1126,1125,1060,1058,986,987
1060,1059,1126,988,987,1061,1127
1061,1127,1128,989,1062,1060,988
1062,990,989,1061,1128,1063
1063,2465,2519,2408,1062,1128,990
1064,2407,991,2406,1065,992
1065,992,993,2406,1064,1066,2405
1066,994,1067,993,2404,1065,2405
1067,1066,994,1068,2403,995,2404
1068,996,1069,1067,2403,995,2402
1069,996,1068,997,1070,2401,2402
1070,1071,1001,1177,1129,1069,2401,1214,1356,1000,999,998,997,2569
1071,1002,1001,1072,1070,1129
1072,1002,1071,1073,1130,1003,1129
1073,1004,1003,1131,1074,1130,1072
1074,1004,1005,1132,1075,1131,1073
1075,1076,1133,1132,1074,1005,1006
1076,1133,1075,1077,1007,1006,1134
1077,1008,1007,1078,1135,1134,1076
1078,1077,1008,1136,1079,1135,1009
1079,1080,1010,1009,1136,1078,1137
1080,1079,1010,1011,1081,1138,1137
1081,1082,1139,1011,1080,1138,1012
1082,1139,1140,1081,1013,1083,1012
1083,1141,1140,1084,1013,1014,1082
1084,1014,1015,1141,1083,1142,1085
1085,1142,1084,1143,1015,1086,1016
1086,1144,1087,1143,1016,1017,1085
1087,1144,1086,1088,1018,1145,1017
1088,1019,1089,1146,1145,1087,1018
1089,1019,1088,1147,1146,1020,1090
1090,1020,1021,1089,1091,1148,1147
1091,1092,1148,1090,1021,1022
1092,1148,1091,1195,1022,1024,1023
1093,1026,1027,1149,1094,1025,1028
1094,1029,1095,1149,1028,1093
1095,1094,1029,1030,1149,1150,1096
1096,1097,1151,1030,1095,1150,1031
1097,1151,1096,1032,1031,1098,1152
1098,1099,1153,1097,1032,1033,1152
1099,1154,1153,1098,1034,1033,1100
1100,1101,1035,1034,1099,1155,1154
1101,1100,1035,1156,1155,1102,1036
1102,1157,1103,1036,1037,1156,1101
1103,1157,1102,1158,1037,1038,1104
1104,1159,1158,1038,1103,1105,1039
1105,1039,1040,1104,1159,1160,1106
1106,1161,1107,1160,1105,1040,1041
1107,1161,1106,1108,1162,1041,1042
1108,1162,1163,1107,1109,1043,1042
1109,1110,1044,1043,1164,1163,1108
1110,1109,1044,1111,1165,1164,1045
1111,1045,1046,1110,1165,1112,1166
1112,975,1047,1167,1166,1111,1046
1113,1212,1167,1168,1114,1169,1047
1114,1170,1169,1113,1047,1115,1048
1115,1116,1171,1170,1114,1048,1049
1116,1115,1171,1050,1049,1172,1117
1117,1051,1118,1172,1116,1173,1050
1118,1117,1051,1052,1119,1173,1174
1119,1174,1175,1053,1120,1118,1052
1120,1175,1176,1053,1119,1054,1121
1121,1055,1054,1176,1122,1120
1122,1176,1121,1056,1123,1055
1123,1122,1056,1176,1057,1124
1124,1058,1057,1123,1176,1125
1125,1059,1126,1124,1176,1058
1126,1059,1125,1060,1176,1127
1127,1061,1128,1060,1126,1176
1128,1127,1061,2519,1176,1062,1063
1129,1177,1070,1130,1071,1072
1130,1177,1129,1178,1131,1073,1072
1131,1132,1179,1178,1073,1074,1130
1132,1133,1180,1179,1131,1074,1075
1133,1180,1132,1076,1075,1181,1134
1134,1135,1077,1182,1181,1133,1076
1135,1134,1077,1136,1078,1183,1182
1136,1078,1079,1184,1137,1135,1183
1137,1184,1185,1138,1136,1079,1080
1138,1081,1139,1186,1185,1137,1080
1139,1082,1140,1081,1186,1187,1138
1140,1139,1082,1083,1141,1188,1187
1141,1083,1140,1084,1142,1188,1189
1142,1143,1190,1141,1084,1189,1085
1143,1190,1142,1086,1144,1191,1085
1144,1086,1087,1143,1192,1191,1145
1145,1146,1088,1087,1193,1192,1144
1146,1145,1088,1089,1147,1193,1194
1147,1089,1146,1148,1195,1194,1090
1148,1092,1091,1195,1147,1090
1149,1094,1095,1231,1025,1093,1150,1196
1150,1149,1095,1151,1196,1096
1151,1097,1096,1196,1150,1152
1152,1151,1196,1197,1153,1097,1098
1153,1154,1099,1098,1152,1197,1198
1154,1153,1099,1100,1155,1198,1199
1155,1156,1101,1200,1100,1154,1199
1156,1155,1101,1157,1201,1102,1200
1157,1102,1103,1158,1202,1156,1201
1158,1157,1103,1202,1159,1104,1203
1159,1160,1204,1158,1104,1105,1203
1160,1204,1159,1105,1106,1205,1161
1161,1106,1107,1162,1206,1160,1205
1162,1108,1163,1206,1161,1107,1207
1163,1208,1207,1162,1108,1164,1109
1164,1165,1209,1208,1163,1109,1110
1165,1166,1210,1110,1111,1209,1164
1166,1211,1210,1165,1112,1167,1111
1167,1212,1211,1112,1047,1166,1113
1168,1246,1212,1113,1213,1169
1169,1114,1170,1113,1213,1168
1170,1171,1213,1114,1169,1115
1171,1170,1213,1172,1115,1116
1172,1173,1213,1171,1116,1117
1173,1172,1213,1117,1118,1174
1174,1119,1175,1173,1213,1118
1175,1174,1119,1120,1176,1213
1176,1121,1122,1175,1120,1213,1128,2519,1123,1124,1125,1126,1127
1177,1070,1129,1214,1178,1130
1178,1179,1131,1215,1214,1177,1130
1179,1132,1131,1180,1178,1215,1216
1180,1217,1181,1133,1132,1179,1216
1181,1217,1180,1218,1182,1134,1133
1182,1219,1218,1183,1181,1134,1135
1183,1184,1220,1219,1182,1135,1136
1184,1137,1185,1183,1220,1221,1136
1185,1184,1137,1222,1221,1186,1138
1186,1185,1222,1139,1187,1138,1223
1187,1140,1188,1186,1139,1224,1223
1188,1140,1187,1141,1189,1225,1224
1189,1226,1225,1190,1188,1141,1142
1190,1143,1142,1191,1227,1226,1189
1191,1192,1228,1227,1190,1144,1143
1192,1229,1228,1191,1144,1145,1193
1193,1145,1146,1229,1230,1194,1192
1194,1230,1193,1146,1195,1147
1195,1092,1148,1147,1287,1230,1194,951,1024
1196,1151,1150,1152,1197,1231,1149
1197,1198,1231,1196,1152,1153
1198,1231,1197,1153,1232,1199,1154
1199,1233,1200,1198,1232,1154,1155
1200,1233,1199,1201,1234,1156,1155
1201,1156,1157,1235,1234,1200,1202
1202,1158,1157,1236,1203,1235,1201
1203,1236,1202,1237,1158,1204,1159
1204,1160,1159,1237,1203,1238,1205
1205,1238,1204,1206,1239,1160,1161
1206,1239,1240,1205,1162,1161,1207
1207,1208,1163,1206,1162,1241,1240
1208,1207,1163,1241,1164,1209,1242
1209,1243,1242,1165,1164,1210,1208
1210,1211,1166,1165,1209,1243,1244
1211,1212,1245,1210,1166,1167,1244
1212,1245,1211,1167,1168,1246,1113
1213,1172,1173,1170,1171,1168,1246,1274,1169,1174,1175,1176
1214,1215,1247,1356,1348,1336,1320,1275,1300,1178,1070,1177
1215,1214,1247,1179,1216,1178
1216,1247,1248,1215,1179,1180,1217
1217,1180,1181,1218,1249,1248,1216
1218,1219,1182,1217,1181,1250,1249
1219,1218,1182,1220,1251,1183,1250
1220,1183,1184,1251,1219,1221,1252
1221,1185,1222,1252,1253,1220,1184
1222,1254,1223,1185,1221,1186,1253
1223,1254,1222,1224,1255,1187,1186
1224,1256,1255,1223,1225,1188,1187
1225,1189,1226,1257,1256,1224,1188
1226,1227,1258,1189,1225,1190,1257
1227,1191,1190,1228,1259,1226,1258
1228,1260,1259,1229,1192,1191,1227
1229,1228,1192,1193,1230,1260
1230,1229,1193,1194,1287,1260,1195
1231,1198,1197,1149,1025,1196,1232,1261,1288
1232,1261,1233,1198,1231,1199
1233,1261,1232,1199,1200,1234
1234,1262,1261,1235,1201,1200,1233
1235,1202,1236,1234,1201,1263,1262
1236,1202,1203,1237,1235,1264,1263
1237,1236,1203,1204,1265,1264,1238
1238,1239,1266,1204,1205,1265,1237
1239,1206,1240,1266,1238,1267,1205
1240,1268,1241,1239,1206,1267,1207
1241,1268,1240,1207,1269,1242,1208
1242,1243,1209,1270,1241,1269,1208
1243,1242,1209,1271,1244,1210,1270
1244,1272,1245,1271,1243,1211,1210
1245,1246,1273,1212,1211,1272,1244
1246,1273,1245,1168,1212,1213,1274
1247,1214,1215,1248,1275,1216
1248,1217,1249,1275,1247,1216,1276
1249,1217,1248,1250,1277,1218,1276
1250,1277,1278,1251,1219,1218,1249
1251,1279,1278,1220,1219,1252,1250
1252,1221,1253,1220,1280,1279,1251
1253,1222,1254,1252,1221,1281,1280
1254,1222,1223,1253,1281,1282,1255
1255,1224,1256,1283,1282,1223,1254
1256,1257,1284,1224,1255,1283,1225
1257,1258,1285,1256,1284,1226,1225
1258,1286,1285,1259,1257,1226,1227
1259,1260,1228,1258,1286,1227,1287
1260,1259,1228,1287,1230,1229
1261,1232,1233,1262,1234,1288,1231
1262,1261,1234,1288,1263,1235
1263,1289,1288,1262,1235,1264,1236
1264,1265,1237,1236,1263,1289,1290
1265,1264,1237,1238,1290,1266,1291
1266,1239,1238,1267,1292,1291,1265
1267,1240,1239,1293,1268,1266,1292
1268,1240,1241,1293,1267,1294,1269
1269,1241,1268,1270,1295,1294,1242
1270,1295,1296,1271,1269,1243,1242
1271,1296,1297,1272,1243,1244,1270
1272,1297,1298,1273,1244,1245,1271
1273,1246,1245,1298,1272,1299,1274
1274,1319,1335,1299,1273,1246,1213
1275,1276,1300,1214,1248,1247
1276,1300,1275,1301,1277,1248,1249
1277,1302,1301,1278,1250,1249,1276
1278,1251,1279,1277,1302,1303,1250
1279,1251,1278,1304,1303,1280,1252
1280,1304,1279,1252,1281,1305,1253
1281,1282,1306,1253,1254,1305,1280
1282,1283,1307,1306,1281,1254,1255
1283,1307,1282,1256,1284,1308,1255
1284,1285,1309,1256,1257,1308,1283
1285,1284,1309,1310,1286,1258,1257
1286,1310,1285,1258,1259,1287
1287,951,1343,1286,1259,1310,1260,1230,1195
1288,1261,1262,1263,1289,1329,1354,1231,1311
1289,1263,1288,1264,1311,1290
1290,1291,1311,1264,1265,1289
1291,1290,1311,1266,1292,1265,1312
1292,1312,1313,1293,1267,1266,1291
1293,1267,1268,1292,1313,1294,1314
1294,1295,1315,1293,1268,1314,1269
1295,1270,1296,1316,1315,1294,1269
1296,1271,1297,1295,1270,1316,1317
1297,1296,1271,1318,1317,1272,1298
1298,1297,1272,1273,1318,1319,1299
1299,1319,1274,1298,1273
1300,1276,1275,1214,1320,1301
1301,1302,1321,1320,1300,1276,1277
1302,1303,1322,1321,1301,1277,1278
1303,1302,1322,1323,1304,1279,1278
1304,1303,1323,1279,1280,1324,1305
1305,1324,1325,1306,1281,1280,1304
1306,1326,1307,1282,1281,1305,1325
1307,1308,1327,1326,1306,1283,1282
1308,1327,1307,1328,1284,1309,1283
1309,1284,1285,1328,1310,1308
1310,1328,1309,1285,1286,1343,1287
1311,1290,1291,1289,1288,1329,1312
1312,1292,1313,1311,1291,1329
1313,1312,1292,1329,1293,1330,1314
1314,1313,1330,1293,1294,1315,1331
1315,1332,1331,1316,1295,1294,1314
1316,1295,1296,1315,1317,1332,1333
1317,1318,1297,1334,1333,1296,1316
1318,1317,1297,1334,1335,1298,1319
1319,1274,1335,1299,1318,1298
1320,1336,1321,1214,1300,1301
1321,1302,1301,1337,1336,1320,1322
1322,1302,1303,1323,1338,1337,1321
1323,1339,1324,1338,1303,1322,1304
1324,1339,1323,1305,1325,1304,1340
1325,1324,1305,1306,1340,1341,1326
1326,1306,1307,1341,1325,1342,1327
1327,1308,1307,1328,1342,1343,1326
1328,1309,1310,1308,1327,1343
1329,1330,1344,1354,1288,1311,1312,1313
1330,1329,1344,1313,1314,1331
1331,1332,1315,1344,1314,1330
1332,1345,1333,1331,1315,1344,1316
1333,1345,1332,1317,1334,1346,1316
1334,1318,1335,1317,1333,1346,1347
1335,1334,1318,1319,1274,1347,1355
1336,1337,1348,1321,1320,1214
1337,1348,1336,1321,1338,1349,1322
1338,1323,1339,1349,1337,1322,1350
1339,1323,1324,1338,1350,1351,1340
1340,1352,1351,1325,1341,1324,1339
1341,1353,1352,1340,1325,1326,1342
1342,1326,1341,1327,1343,1353
1343,951,1361,1287,1353,1342,1327,1328,1310
1344,1329,1330,1332,1331,1354,1345
1345,1332,1333,1354,1346,1344
1346,1354,1345,1355,1347,1334,1333
1347,1335,1355,1346,1334
1348,1337,1336,1356,1349,1214
1349,1357,1350,1338,1337,1356,1348
1350,1358,1357,1349,1351,1338,1339
1351,1359,1352,1358,1340,1350,1339
1352,1359,1351,1341,1353,1340
1353,1341,1352,1359,1361,1343,1342
1354,1329,1288,1344,1345,1346,1355
1355,1346,1354,1347,1335
1356,1357,1360,1349,1348,1214,1070
1357,1358,1350,1349,1356,1360
1358,1357,1350,1359,1351,1360,1361
1359,1351,1352,1358,1353,1361
1360,1356,1357,1358,1361
1361,1343,951,1360,1358,1359,1353
1362,1363,1364,7,3,1,1365
1363,1362,1364,1368,1367,1,1366
1364,1363,1362,1369,1368,1370,1365
1365,1371,1370,7,13,1362,1364
1366,1367,1372,6,2,1,1363
1367,1363,1368,1372,1366,1373,1374
1368,1363,1367,1375,1374,1369,1364
1369,1377,1376,1375,1368,1364,1370
1370,1365,1371,1369,1364,1378,1377
1371,1365,1370,1380,13,1378,1379
1372,1381,1382,1367,1366,6,1373
1373,1384,1374,1372,1367,1382,1383
1374,1384,1385,1373,1375,1368,1367
1375,1385,1386,1374,1368,1369,1376
1376,1369,1377,1388,1387,1386,1375
1377,1369,1376,1388,1389,1378,1370
1378,1389,1377,1370,1371,1379,1390
1379,1390,1391,1380,1392,1378,1371
1380,35,1392,1371,13,23,1379
1381,6,12,1372,1382,1394,1393
1382,1381,1372,1394,1383,1395,1373
1383,1396,1397,1384,1382,1395,1373
1384,1374,1385,1373,1397,1398,1383
1385,1384,1374,1375,1386,1399,1398
1386,1385,1375,1399,1400,1387,1376
1387,1400,1386,1401,1376,1388,1402
1388,1376,1377,1403,1402,1387,1389
1389,1403,1404,1377,1378,1388,1390
1390,1404,1405,1379,1391,1378,1389
1391,1390,1379,1406,1407,1392,1405
1392,1408,1407,1380,35,1379,1391
1393,1410,1394,22,12,1409,1381
1394,1382,1381,1395,1411,1410,1393
1395,1394,1411,1382,1383,1412,1396
1396,1414,1413,1383,1397,1395,1412
1397,1398,1415,1384,1396,1383,1414
1398,1399,1416,1397,1415,1385,1384
1399,1398,1416,1385,1386,1400,1417
1400,1417,1399,1386,1418,1387,1401
1401,1420,1419,1402,1418,1400,1387
1402,1403,1388,1401,1420,1421,1387
1403,1402,1388,1389,1404,1422,1421
1404,1390,1405,1403,1389,1422,1423
1405,1404,1390,1423,1424,1391,1406
1406,1391,1407,1426,1425,1405,1424
1407,1392,1408,1406,1391,1427,1426
1408,1392,1407,35,51,70,1427
1409,1428,50,34,22,1393,1410
1410,1429,1411,1393,1394,1409,1428
1411,1412,1430,1429,1410,1394,1395
1412,1430,1411,1395,1413,1431,1396
1413,1414,1396,1433,1432,1431,1412
1414,1413,1396,1434,1415,1397,1433
1415,1434,1414,1435,1397,1398,1416
1416,1398,1399,1415,1435,1417,1436
1417,1437,1436,1400,1399,1416,1418
1418,1419,1438,1400,1417,1437,1401
1419,1438,1418,1420,1401,1439,1440
1420,1419,1401,1402,1440,1441,1421
1421,1402,1403,1442,1441,1420,1422
1422,1403,1404,1443,1442,1423,1421
1423,1404,1405,1424,1422,1443,1444
1424,1445,1425,1423,1405,1444,1406
1425,1445,1424,1406,1426,1446,1447
1426,1427,1448,1447,1406,1407,1425
1427,70,91,1448,1426,1408,1407
1428,50,1409,1449,69,1429,1410
1429,1410,1411,1428,1450,1449,1430
1430,1412,1411,1451,1450,1429,1431
1431,1451,1430,1413,1412,1432,1452
1432,1433,1413,1453,1454,1431,1452
1433,1432,1413,1454,1455,1434,1414
1434,1414,1415,1435,1456,1455,1433
1435,1434,1415,1457,1436,1456,1416
1436,1437,1417,1457,1458,1435,1416
1437,1436,1417,1438,1459,1458,1418
1438,1439,1460,1419,1418,1459,1437
1439,1438,1460,1419,1440,1462,1461
1440,1441,1463,1462,1439,1419,1420
1441,1440,1463,1464,1420,1442,1421
1442,1443,1465,1464,1441,1421,1422
1443,1465,1442,1422,1423,1444,1466
1444,1466,1443,1423,1424,1445,1467
1445,1424,1425,1467,1468,1444,1446
1446,1447,1470,1469,1425,1468,1445
1447,1470,1471,1448,1446,1426,1425
1448,1427,1426,1471,1447,1472,91
1449,69,1428,1450,1429,1474,1473
1450,1449,1429,1430,1451,1475,1474
1451,1430,1450,1475,1476,1431,1452
1452,1432,1431,1453,1451,1476,1477
1453,1432,1454,1452,1479,1478,1477
1454,1453,1432,1479,1433,1455,1480
1455,1481,1480,1434,1456,1454,1433
1456,1434,1455,1481,1482,1435,1457
1457,1436,1458,1435,1456,1483,1482
1458,1457,1436,1483,1484,1459,1437
1459,1438,1460,1485,1484,1437,1458
1460,1438,1439,1459,1461,1486,1485
1461,1486,1487,1488,1439,1462,1460
1462,1489,1488,1463,1440,1439,1461
1463,1489,1462,1464,1490,1440,1441
1464,1491,1490,1463,1441,1465,1442
1465,1443,1442,1464,1491,1466,1492
1466,1493,1492,1444,1443,1465,1467
1467,1493,1466,1494,1445,1468,1444
1468,1495,1494,1469,1467,1445,1446
1469,1497,1496,1495,1468,1446,1470
1470,1498,1497,1447,1471,1446,1469
1471,1470,1447,1448,1499,1498,1472
1472,1471,1448,91,116,143,1499
1473,1500,1474,115,90,69,1449
1474,1475,1501,1500,1473,1449,1450
1475,1501,1474,1450,1451,1476,1502
1476,1475,1451,1452,1477,1503,1502
1477,1504,1503,1478,1452,1453,1476
1478,1504,1477,1479,1453,1506,1505
1479,1506,1507,1453,1454,1480,1478
1480,1508,1507,1455,1481,1454,1479
1481,1455,1480,1508,1509,1482,1456
1482,1509,1481,1456,1457,1483,1510
1483,1511,1484,1510,1457,1458,1482
1484,1511,1483,1485,1512,1458,1459
1485,1512,1484,1459,1486,1513,1460
1486,1461,1487,1514,1513,1485,1460
1487,1515,1516,1486,1461,1514,1488
1488,1489,1462,1487,1461,1517,1516
1489,1488,1462,1463,1490,1518,1517
1490,1518,1519,1491,1464,1463,1489
1491,1490,1464,1519,1465,1492,1520
1492,1521,1520,1466,1493,1465,1491
1493,1466,1492,1521,1522,1467,1494
1494,1468,1495,1523,1467,1493,1522
1495,1468,1494,1469,1496,1523,1524
1496,1497,1469,1495,1525,1524,1526
1497,1498,1470,1496,1469,1526,1527
1498,1497,1470,1471,1499,1528,1527
1499,1471,1498,1529,143,1472,1528
1500,1473,1474,115,1532,1531,1501
1501,1475,1474,1533,1532,1502,1500
1502,1503,1534,1475,1501,1476,1533
1503,1535,1534,1502,1477,1504,1476
1504,1536,1505,1477,1503,1535,1478
1505,1506,1538,1536,1504,1537,1478
1506,1479,1507,1538,1505,1539,1478
1507,1480,1508,1506,1479,1540,1539
1508,1480,1507,1481,1541,1540,1509
1509,1481,1482,1542,1541,1510,1508
1510,1511,1483,1482,1543,1509,1542
1511,1483,1484,1544,1512,1510,1543
1512,1545,1544,1511,1485,1484,1513
1513,1545,1512,1546,1514,1486,1485
1514,1515,1487,1547,1546,1513,1486
1515,1487,1516,1514,1548,1549,1547
1516,1550,1517,1515,1487,1549,1488
1517,1550,1516,1551,1518,1488,1489
1518,1490,1519,1551,1517,1489,1552
1519,1518,1490,1553,1552,1491,1520
1520,1492,1521,1554,1491,1519,1553
1521,1492,1520,1554,1522,1555,1493
1522,1556,1555,1521,1493,1523,1494
1523,1557,1524,1522,1556,1494,1495
1524,1525,1558,1557,1523,1496,1495
1525,1560,1526,1558,1524,1559,1496
1526,1560,1525,1496,1497,1527,1561
1527,1562,1528,1497,1498,1526,1561
1528,1562,1527,1499,1498,1529,1563
1529,1499,143,174,1528,208,1563
1530,173,1564,1531,142,115
1531,1530,1564,1565,1532,1500,115
1532,1533,1501,1566,1531,1500,1565
1533,1534,1567,1532,1501,1566,1502
1534,1503,1535,1533,1567,1502,1568
1535,1503,1534,1569,1568,1504,1536
1536,1504,1505,1570,1569,1535,1537
1537,1572,1538,1505,1570,1571,1536
1538,1506,1505,1572,1537,1539,1573
1539,1506,1507,1538,1573,1540,1574
1540,1541,1575,1508,1507,1574,1539
1541,1575,1540,1542,1576,1508,1509
1542,1577,1576,1541,1509,1510,1543
1543,1510,1511,1544,1578,1577,1542
1544,1545,1512,1511,1578,1579,1543
1545,1544,1512,1513,1580,1579,1546
1546,1514,1547,1581,1513,1580,1545
1547,1514,1546,1581,1582,1548,1515
1548,1582,1547,1549,1584,1515,1583
1549,1516,1550,1584,1548,1515,1585
1550,1516,1517,1549,1586,1585,1551
1551,1587,1552,1517,1518,1586,1550
1552,1587,1588,1551,1553,1519,1518
1553,1552,1519,1554,1589,1588,1520
1554,1520,1521,1589,1553,1555,1590
1555,1556,1522,1521,1591,1554,1590
1556,1555,1522,1591,1523,1592,1557
1557,1558,1593,1592,1523,1524,1556
1558,1557,1593,1525,1524,1559,1594
1559,1558,1525,1594,1560,1596,1595
1560,1525,1526,1596,1597,1561,1559
1561,1562,1598,1527,1597,1560,1526
1562,1527,1528,1599,1598,1561,1563
1563,244,208,1528,1529,1599,1562
1564,173,1530,207,1531,1565,1600
1565,1601,1600,1564,1531,1532,1566
1566,1602,1601,1532,1533,1567,1565
1567,1602,1603,1533,1534,1568,1566
1568,1569,1535,1603,1567,1604,1534
1569,1605,1604,1568,1535,1570,1536
1570,1605,1606,1571,1537,1569,1536
1571,1606,1607,1570,1537,1572,1608
1572,1537,1538,1571,1573,1609,1608
1573,1610,1574,1609,1538,1539,1572
1574,1610,1573,1611,1540,1575,1539
1575,1541,1540,1612,1611,1576,1574
1576,1612,1613,1577,1542,1541,1575
1577,1576,1542,1613,1614,1578,1543
1578,1579,1615,1544,1614,1543,1577
1579,1580,1616,1578,1615,1544,1545
1580,1616,1579,1545,1617,1546,1581
1581,1546,1547,1582,1618,1617,1580
1582,1618,1581,1547,1548,1619,1583
1583,1584,1621,1619,1620,1582,1548
1584,1621,1583,1549,1548,1585,1622
1585,1623,1622,1586,1550,1584,1549
1586,1624,1623,1587,1585,1550,1551
1587,1552,1588,1551,1624,1586,1625
1588,1587,1552,1625,1553,1589,1626
1589,1627,1626,1554,1553,1590,1588
1590,1628,1627,1591,1555,1554,1589
1591,1556,1555,1590,1628,1592,1629
1592,1593,1557,1630,1629,1591,1556
1593,1557,1558,1592,1594,1630,1631
1594,1593,1558,1559,1631,1595,1632
1595,1633,1634,1596,1559,1594,1632
1596,1560,1597,1559,1595,1635,1634
1597,1596,1560,1598,1561,1635,1636
1598,1562,1599,1561,1597,1636,1637
1599,1562,1598,244,1563,1637,1638
1600,1565,1601,1640,1639,1564,207
1601,1565,1600,1641,1602,1566,1640
1602,1642,1641,1601,1567,1603,1566
1603,1602,1567,1643,1604,1642,1568
1604,1643,1603,1605,1569,1644,1568
1605,1570,1606,1604,1569,1644,1645
1606,1571,1607,1605,1570,1646,1645
1607,1606,1571,1648,1647,1608,1646
1608,1609,1649,1648,1572,1571,1607
1609,1649,1608,1573,1610,1572,1650
1610,1573,1574,1609,1611,1651,1650
1611,1652,1651,1612,1575,1574,1610
1612,1576,1613,1652,1653,1611,1575
1613,1612,1576,1577,1614,1653,1654
1614,1615,1655,1578,1654,1613,1577
1615,1614,1655,1578,1579,1656,1616
1616,1580,1579,1615,1656,1657,1617
1617,1657,1616,1580,1658,1618,1581
1618,1582,1581,1617,1658,1659,1619
1619,1659,1660,1583,1620,1618,1582
1620,1621,1662,1661,1660,1619,1583
1621,1584,1583,1620,1662,1663,1622
1622,1623,1585,1664,1584,1663,1621
1623,1586,1624,1665,1664,1622,1585
1624,1586,1623,1587,1665,1666,1625
1625,1667,1626,1587,1588,1666,1624
1626,1627,1589,1667,1625,1668,1588
1627,1626,1589,1669,1668,1628,1590
1628,1627,1590,1591,1629,1670,1669
1629,1671,1670,1630,1592,1628,1591
1630,1672,1631,1593,1671,1629,1592
1631,1672,1630,1593,1632,1673,1594
1632,1673,1631,1674,1595,1594,1633
1633,1674,1675,1676,1595,1634,1632
1634,1635,1677,1633,1595,1596,1676
1635,1636,1678,1677,1634,1596,1597
1636,1678,1635,1597,1598,1637,1679
1637,1638,1680,1599,1598,1679,1636
1638,1637,1680,244,284,326,1599
1639,207,243,1600,1640,283,1681
1640,1600,1639,1682,1641,1601,1681
1641,1642,1683,1602,1601,1682,1640
1642,1683,1641,1602,1684,1603,1643
1643,1603,1604,1642,1684,1685,1644
1644,1604,1605,1685,1686,1645,1643
1645,1646,1687,1606,1605,1686,1644
1646,1645,1687,1647,1688,1607,1606
1647,1690,1689,1648,1607,1688,1646
1648,1691,1690,1608,1649,1647,1607
1649,1650,1692,1609,1608,1648,1691
1650,1692,1649,1693,1651,1610,1609
1651,1694,1693,1652,1611,1610,1650
1652,1612,1653,1694,1651,1611,1695
1653,1652,1612,1696,1654,1613,1695
1654,1696,1653,1614,1655,1613,1697
1655,1614,1615,1656,1654,1697,1698
1656,1657,1699,1615,1655,1616,1698
1657,1699,1656,1700,1616,1617,1658
1658,1617,1657,1700,1701,1659,1618
1659,1702,1701,1660,1658,1619,1618
1660,1703,1702,1661,1659,1619,1620
1661,1703,1660,1704,1705,1620,1662
1662,1620,1621,1663,1705,1706,1661
1663,1662,1621,1706,1664,1707,1622
1664,1707,1708,1665,1623,1622,1663
1665,1708,1664,1709,1624,1623,1666
1666,1709,1665,1624,1625,1667,1710
1667,1625,1626,1711,1710,1668,1666
1668,1627,1669,1711,1712,1667,1626
1669,1627,1668,1628,1712,1670,1713
1670,1629,1671,1714,1713,1628,1669
1671,1629,1670,1630,1715,1672,1714
1672,1630,1631,1715,1671,1673,1716
1673,1632,1631,1674,1717,1672,1716
1674,1633,1675,1718,1717,1673,1632
1675,1674,1633,1718,1719,1676,1720
1676,1633,1675,1677,1634,1720,1721
1677,1678,1635,1634,1676,1721,1722
1678,1636,1635,1677,1722,1723,1679
1679,1680,1724,1723,1678,1637,1636
1680,1637,1638,1679,1724,1725,326
1681,283,1639,1640,1682,1727,1728
1682,1729,1683,1728,1641,1640,1681
1683,1729,1682,1642,1641,1684,1730
1684,1683,1642,1643,1731,1730,1685
1685,1644,1686,1684,1643,1731,1732
1686,1733,1732,1685,1644,1687,1645
1687,1645,1646,1733,1734,1688,1686
1688,1647,1689,1646,1735,1734,1687
1689,1690,1737,1647,1735,1736,1688
1690,1689,1737,1691,1648,1647,1738
1691,1690,1648,1649,1692,1739,1738
1692,1693,1740,1650,1649,1739,1691
1693,1740,1692,1694,1651,1741,1650
1694,1693,1651,1741,1652,1695,1742
1695,1653,1652,1694,1742,1696,1743
1696,1653,1654,1695,1743,1744,1697
1697,1655,1654,1696,1744,1745,1698
1698,1655,1656,1699,1745,1697,1746
1699,1657,1656,1700,1698,1747,1746
1700,1699,1657,1747,1658,1748,1701
1701,1702,1749,1659,1700,1658,1748
1702,1701,1749,1703,1750,1659,1660
1703,1751,1750,1702,1660,1661,1704
1704,1705,1753,1752,1751,1661,1703
1705,1704,1753,1662,1706,1754,1661
1706,1755,1707,1705,1662,1663,1754
1707,1664,1708,1755,1706,1756,1663
1708,1707,1664,1665,1709,1757,1756
1709,1758,1757,1708,1665,1710,1666
1710,1709,1758,1667,1711,1759,1666
1711,1759,1760,1668,1712,1667,1710
1712,1711,1668,1669,1760,1761,1713
1713,1714,1670,1669,1762,1712,1761
1714,1713,1670,1763,1715,1671,1762
1715,1671,1672,1764,1763,1716,1714
1716,1717,1765,1673,1764,1715,1672
1717,1718,1674,1765,1766,1716,1673
1718,1717,1674,1766,1767,1675,1719
1719,1718,1675,1767,1768,1720,1769
1720,1769,1770,1675,1676,1719,1721
1721,1722,1771,1770,1720,1676,1677
1722,1771,1721,1772,1677,1678,1723
1723,1773,1724,1679,1772,1722,1678
1724,1774,1725,1773,1723,1679,1680
1725,1774,1724,372,326,1680,1775
1726,325,371,1727,1776,283
1727,1726,1776,283,1681,1777,1728
1728,1682,1729,1681,1727,1777,1778
1729,1682,1683,1728,1730,1779,1778
1730,1731,1684,1780,1779,1729,1683
1731,1730,1684,1780,1685,1732,1781
1732,1686,1733,1781,1782,1731,1685
1733,1783,1782,1687,1734,1686,1732
1734,1733,1687,1784,1735,1688,1783
1735,1784,1785,1734,1689,1736,1688
1736,1737,1787,1786,1735,1689,1785
1737,1738,1788,1689,1690,1736,1787
1738,1788,1737,1739,1691,1690,1789
1739,1740,1790,1692,1691,1738,1789
1740,1693,1692,1790,1739,1741,1791
1741,1694,1693,1740,1791,1792,1742
1742,1695,1694,1743,1793,1741,1792
1743,1793,1742,1695,1744,1794,1696
1744,1795,1745,1794,1743,1696,1697
1745,1795,1744,1697,1796,1698,1746
1746,1747,1797,1796,1699,1745,1698
1747,1797,1746,1699,1700,1748,1798
1748,1798,1799,1700,1747,1749,1701
1749,1701,1702,1750,1800,1748,1799
1750,1751,1801,1800,1703,1702,1749
1751,1801,1750,1752,1802,1704,1703
1752,1802,1751,1704,1753,1804,1803
1753,1704,1705,1754,1805,1752,1804
1754,1753,1805,1705,1706,1755,1806
1755,1756,1807,1706,1707,1806,1754
1756,1757,1808,1807,1708,1755,1707
1757,1758,1709,1756,1808,1708,1809
1758,1757,1709,1710,1810,1809,1759
1759,1711,1760,1811,1810,1710,1758
1760,1759,1711,1812,1761,1811,1712
1761,1812,1760,1813,1762,1712,1713
1762,1813,1761,1814,1713,1714,1763
1763,1764,1815,1715,1714,1762,1814
1764,1815,1763,1715,1716,1816,1765
1765,1717,1766,1716,1817,1816,1764
1766,1765,1717,1718,1767,1818,1817
1767,1718,1766,1819,1818,1768,1719
1768,1769,1821,1819,1820,1767,1719
1769,1768,1821,1720,1770,1719,1822
1770,1771,1721,1769,1720,1823,1822
1771,1722,1721,1772,1770,1823,1824
1772,1771,1722,1773,1723,1824,1825
1773,1723,1724,1774,1772,1826,1825
1774,472,1775,1724,1725,1773,1826
1775,472,1774,1725,372,421
1776,1777,1827,1726,1727,420,371
1777,1827,1776,1828,1778,1727,1728
1778,1828,1777,1728,1829,1729,1779
1779,1730,1729,1778,1829,1780,1830
1780,1730,1731,1831,1830,1779,1781
1781,1732,1782,1731,1832,1831,1780
1782,1783,1733,1781,1732,1833,1832
1783,1782,1733,1834,1833,1734,1784
1784,1735,1785,1835,1734,1834,1783
1785,1784,1735,1786,1836,1835,1736
1786,1836,1785,1838,1837,1736,1787
1787,1788,1839,1736,1737,1786,1838
1788,1738,1737,1839,1840,1787,1789
1789,1790,1841,1840,1739,1738,1788
1790,1841,1789,1740,1739,1842,1791
1791,1842,1790,1740,1843,1741,1792
1792,1844,1843,1741,1791,1742,1793
1793,1743,1742,1794,1845,1792,1844
1794,1795,1846,1845,1793,1744,1743
1795,1796,1847,1846,1794,1744,1745
1796,1847,1795,1746,1797,1745,1848
1797,1747,1746,1849,1848,1798,1796
1798,1850,1849,1748,1799,1797,1747
1799,1798,1748,1850,1851,1800,1749
1800,1852,1851,1801,1750,1749,1799
1801,1751,1750,1800,1802,1853,1852
1802,1752,1751,1803,1854,1853,1801
1803,1802,1854,1855,1856,1804,1752
1804,1805,1857,1856,1753,1752,1803
1805,1858,1806,1804,1857,1753,1754
1806,1858,1805,1807,1859,1755,1754
1807,1860,1808,1806,1859,1756,1755
1808,1861,1860,1807,1756,1757,1809
1809,1861,1808,1810,1758,1862,1757
1810,1862,1863,1811,1759,1809,1758
1811,1759,1760,1812,1863,1864,1810
1812,1760,1761,1811,1813,1864,1865
1813,1812,1761,1762,1814,1866,1865
1814,1813,1762,1763,1866,1867,1815
1815,1764,1763,1868,1867,1814,1816
1816,1764,1815,1868,1869,1765,1817
1817,1818,1870,1869,1765,1766,1816
1818,1870,1817,1767,1819,1871,1766
1819,1767,1818,1872,1871,1820,1768
1820,1873,1872,1821,1874,1819,1768
1821,1768,1769,1874,1820,1875,1822
1822,1876,1875,1823,1769,1821,1770
1823,1876,1877,1771,1824,1770,1822
1824,1825,1878,1823,1771,1772,1877
1825,1878,1824,1826,1879,1773,1772
1826,1879,1825,472,1880,1774,1773
1827,1777,1776,1828,1882,1881,420
1828,1882,1827,1777,1829,1883,1778
1829,1884,1883,1828,1830,1778,1779
1830,1884,1829,1831,1780,1779,1885
1831,1830,1780,1832,1781,1885,1886
1832,1831,1781,1782,1833,1886,1887
1833,1834,1783,1782,1832,1887,1888
1834,1833,1783,1889,1888,1784,1835
1835,1784,1785,1890,1889,1834,1836
1836,1786,1785,1837,1891,1835,1890
1837,1836,1891,1893,1892,1838,1786
1838,1839,1894,1893,1837,1786,1787
1839,1788,1840,1838,1894,1787,1895
1840,1839,1788,1789,1841,1896,1895
1841,1790,1789,1842,1840,1896,1897
1842,1841,1790,1843,1898,1791,1897
1843,1844,1899,1898,1842,1791,1792
1844,1899,1843,1900,1845,1792,1793
1845,1900,1844,1794,1793,1901,1846
1846,1795,1794,1901,1902,1847,1845
1847,1796,1795,1846,1902,1903,1848
1848,1849,1797,1904,1903,1847,1796
1849,1850,1798,1848,1797,1904,1905
1850,1849,1798,1906,1905,1799,1851
1851,1852,1800,1850,1799,1907,1906
1852,1851,1800,1907,1908,1853,1801
1853,1908,1852,1909,1854,1802,1801
1854,1802,1803,1853,1855,1910,1909
1855,1910,1911,1854,1803,1912,1856
1856,1912,1855,1913,1857,1804,1803
1857,1804,1805,1913,1914,1858,1856
1858,1805,1806,1859,1915,1914,1857
1859,1858,1915,1806,1807,1860,1916
1860,1861,1808,1807,1859,1916,1917
1861,1860,1808,1809,1917,1862,1918
1862,1919,1918,1863,1810,1861,1809
1863,1919,1920,1864,1862,1810,1811
1864,1921,1920,1863,1865,1811,1812
1865,1921,1922,1864,1812,1866,1813
1866,1923,1922,1867,1865,1813,1814
1867,1868,1924,1815,1923,1866,1814
1868,1924,1867,1869,1925,1815,1816
1869,1925,1868,1817,1870,1926,1816
1870,1818,1817,1869,1927,1926,1871
1871,1870,1927,1872,1928,1819,1818
1872,1928,1929,1820,1873,1871,1819
1873,1930,1929,1820,1872,1874,1931
1874,1821,1820,1873,1875,1932,1931
1875,1822,1876,1874,1821,1933,1932
1876,1823,1877,1822,1875,1934,1933
1877,1935,1934,1876,1823,1878,1824
1878,1825,1824,1879,1936,1935,1877
1879,1826,1825,1936,1937,1878,1880
1880,527,584,472,1826,1937,1879
1881,1827,420,1882,1938,526,471
1882,1828,1827,1939,1938,1881,1883
1883,1829,1884,1828,1939,1882,1940
1884,1829,1883,1941,1940,1830,1885
1885,1831,1886,1830,1942,1884,1941
1886,1887,1943,1885,1831,1832,1942
1887,1943,1886,1832,1944,1833,1888
1888,1889,1945,1944,1834,1887,1833
1889,1945,1888,1946,1890,1834,1835
1890,1946,1889,1835,1836,1947,1891
1891,1892,1948,1836,1837,1947,1890
1892,1891,1948,1893,1837,1950,1949
1893,1892,1837,1950,1894,1838,1951
1894,1838,1839,1893,1895,1952,1951
1895,1894,1952,1839,1953,1896,1840
1896,1954,1953,1840,1841,1897,1895
1897,1898,1955,1896,1841,1842,1954
1898,1897,1955,1843,1842,1956,1899
1899,1844,1843,1900,1957,1956,1898
1900,1958,1957,1899,1844,1845,1901
1901,1846,1902,1958,1900,1845,1959
1902,1903,1960,1901,1846,1959,1847
1903,1960,1902,1904,1848,1961,1847
1904,1848,1849,1905,1962,1903,1961
1905,1906,1850,1962,1904,1963,1849
1906,1905,1850,1963,1851,1907,1964
1907,1852,1851,1908,1906,1964,1965
1908,1852,1907,1853,1909,1966,1965
1909,1966,1908,1967,1910,1853,1854
1910,1855,1911,1967,1909,1968,1854
1911,1910,1855,1968,1969,1970,1912
1912,1970,1911,1971,1855,1913,1856
1913,1912,1971,1972,1857,1914,1856
1914,1913,1857,1972,1973,1915,1858
1915,1973,1974,1916,1858,1859,1914
1916,1974,1915,1859,1860,1917,1975
1917,1976,1975,1916,1860,1918,1861
1918,1977,1976,1917,1862,1919,1861
1919,1863,1920,1862,1918,1978,1977
1920,1921,1864,1919,1863,1978,1979
1921,1865,1922,1920,1864,1979,1980
1922,1921,1865,1866,1923,1981,1980
1923,1866,1922,1981,1867,1982,1924
1924,1868,1867,1925,1982,1983,1923
1925,1869,1868,1924,1983,1984,1926
1926,1984,1925,1870,1927,1985,1869
1927,1986,1985,1870,1926,1871,1928
1928,1872,1929,1986,1987,1871,1927
1929,1928,1872,1988,1987,1930,1873
1930,1929,1873,1931,1990,1988,1989
1931,1991,1932,1990,1930,1873,1874
1932,1991,1931,1992,1933,1875,1874
1933,1876,1934,1875,1932,1993,1992
1934,1935,1877,1993,1994,1876,1933
1935,1934,1877,1878,1936,1995,1994
1936,1995,1996,1879,1937,1878,1935
1937,1997,584,1936,1879,1880,1996
1938,1939,1882,1999,526,1881,2000
1939,1938,1882,1883,1940,2001,2000
1940,1884,1941,1939,1883,2001,2002
1941,1884,1940,2003,1942,1885,2002
1942,1885,1886,2003,1941,1943,2004
1943,1887,1886,1944,2005,2004,1942
1944,2006,2005,1943,1887,1945,1888
1945,1889,1888,1946,1944,2006,2007
1946,1889,1890,1945,2007,1947,2008
1947,1891,1948,2008,2009,1946,1890
1948,1891,1892,1947,2009,2010,1949
1949,2012,1950,1948,1892,2011,2010
1950,1892,1893,2012,1949,1951,2013
1951,1894,1893,1950,2013,2014,1952
1952,1894,1895,1953,2015,1951,2014
1953,1896,1954,1895,1952,2015,2016
1954,1896,1953,1955,2017,2016,1897
1955,1897,1898,2017,1954,2018,1956
1956,2018,2019,1955,1957,1899,1898
1957,1900,1958,2019,2020,1956,1899
1958,1900,1957,2020,1901,1959,2021
1959,2021,2022,1958,1902,1960,1901
1960,1903,1902,2023,1961,1959,2022
1961,2023,1960,2024,1904,1903,1962
1962,1905,1904,1963,1961,2024,2025
1963,1962,1905,1906,1964,2026,2025
1964,2027,2026,1963,1906,1907,1965
1965,2027,2028,1964,1907,1966,1908
1966,2029,1967,1909,1908,1965,2028
1967,2029,2030,1966,1909,1910,1968
1968,2031,1969,2030,1967,1910,1911
1969,2032,2031,1968,1911,1970,2033
1970,2034,2033,1969,1911,1912,1971
1971,2035,2034,1970,1912,1913,1972
1972,2035,2036,1913,1971,1973,1914
1973,1915,1974,2037,2036,1972,1914
1974,1973,1915,1916,2037,2038,1975
1975,2038,2039,1976,1917,1916,1974
1976,1975,1917,2039,1977,1918,2040
1977,2040,2041,1976,1918,1978,1919
1978,2042,2041,1920,1979,1977,1919
1979,1978,1920,2043,1980,2042,1921
1980,2043,1979,1981,1922,1921,2044
1981,1922,1923,1980,1982,2045,2044
1982,1981,1923,1924,1983,2046,2045
1983,1982,1924,1925,1984,2047,2046
1984,2048,1985,1983,1925,2047,1926
1985,1927,1986,2048,1984,2049,1926
1986,1928,1987,1927,1985,2050,2049
1987,1988,1929,1986,1928,2050,2051
1988,1987,1929,2052,2051,1930,1989
1989,2054,2053,1930,1990,1988,2052
1990,1931,1930,1989,2055,1991,2054
1991,1931,1932,1992,2056,2055,1990
1992,1991,1932,1993,2057,2056,1933
1993,1934,1994,2057,1992,2058,1933
1994,1993,1934,2058,2059,1935,1995
1995,1996,2060,1936,1935,1994,2059
1996,2060,1995,1936,1937,1997,2061
1997,584,645,1937,1996,2061,2062
1998,1999,2063,644,526,583
1999,1998,2063,1938,526,2064,2000
2000,1939,2001,1938,2065,1999,2064
2001,2066,2065,1940,2002,1939,2000
2002,2003,2067,2066,2001,1940,1941
2003,2067,2002,1941,1942,2004,2068
2004,2069,2068,2005,1943,2003,1942
2005,1944,2006,1943,2004,2070,2069
2006,1944,2005,2070,2071,1945,2007
2007,2072,2008,2071,2006,1945,1946
2008,2072,2007,1947,2009,2073,1946
2009,1948,2010,2074,2008,1947,2073
2010,2009,1948,2075,2011,2074,1949
2011,2075,2010,1949,2012,2076,2077
2012,1949,1950,2013,2078,2011,2077
2013,2078,2012,1951,1950,2014,2079
2014,2080,2015,2079,1951,2013,1952
2015,2080,2014,1952,1953,2081,2016
2016,1953,2015,1954,2017,2082,2081
2017,1955,1954,2016,2018,2083,2082
2018,1956,2019,2083,2084,2017,1955
2019,2085,2084,2018,1956,2020,1957
2020,2085,2019,2086,1957,1958,2021
2021,1959,2022,1958,2087,2086,2020
2022,2023,2088,2021,1959,2087,1960
2023,2022,2088,1960,1961,2024,2089
2024,2023,1961,2089,2090,1962,2025
2025,2091,2026,1963,1962,2024,2090
2026,2091,2025,2027,1964,2092,1963
2027,2026,1964,1965,2028,2093,2092
2028,2094,2093,2027,1965,2029,1966
2029,1967,2030,1966,2094,2028,2095
2030,2096,2095,2029,1967,2031,1968
2031,1969,2032,2097,1968,2096,2030
2032,2098,2097,1969,2031,2033,2099
2033,2099,2100,2034,1970,1969,2032
2034,1971,2035,2033,1970,2101,2100
2035,1972,2036,1971,2034,2102,2101
2036,2103,2102,2035,1972,2037,1973
2037,2036,2103,1974,1973,2104,2038
2038,1975,2039,1974,2037,2104,2105
2039,2038,1975,2106,2105,1976,2040
2040,2107,2106,1977,2041,1976,2039
2041,1978,2042,2040,1977,2107,2108
2042,1978,2041,2109,2043,2108,1979
2043,2109,2042,1979,1980,2044,2110
2044,2111,2110,2045,1981,2043,1980
2045,2112,2111,2046,1982,1981,2044
2046,2113,2112,2047,1983,1982,2045
2047,1984,1983,2048,2114,2113,2046
2048,2049,2115,1984,1985,2114,2047
2049,2115,2048,2116,1985,2050,1986
2050,2051,2117,2116,2049,1986,1987
2051,2052,1988,2117,2050,1987,2118
2052,2051,1988,2118,2119,1989,2053
2053,2054,1989,2121,2120,2119,2052
2054,2053,1989,2121,2122,2055,1990
2055,2122,2123,2054,2056,1991,1990
2056,2057,2124,1992,2123,1991,2055
2057,2124,2125,1993,1992,2056,2058
2058,1994,2059,2126,1993,2057,2125
2059,2058,1994,2126,2127,1995,2060
2060,1996,1995,2061,2128,2059,2127
2061,2060,2128,1997,1996,2062,775
2062,645,709,775,1997,2061
2063,1998,1999,644,2064,708,2129
2064,2063,1999,2000,2065,2129,2130
2065,2066,2001,2131,2130,2000,2064
2066,2065,2001,2132,2131,2002,2067
2067,2003,2002,2068,2133,2066,2132
2068,2067,2133,2069,2004,2003,2134
2069,2068,2004,2135,2070,2134,2005
2070,2136,2135,2069,2005,2006,2071
2071,2137,2136,2072,2070,2006,2007
2072,2073,2138,2007,2008,2137,2071
2073,2072,2138,2139,2074,2009,2008
2074,2139,2140,2009,2010,2073,2075
2075,2010,2011,2141,2140,2074,2076
2076,2142,2143,2077,2075,2011,2141
2077,2144,2143,2076,2078,2012,2011
2078,2013,2012,2079,2145,2144,2077
2079,2014,2080,2146,2145,2078,2013
2080,2014,2015,2079,2146,2081,2147
2081,2147,2148,2080,2015,2016,2082
2082,2149,2148,2083,2016,2081,2017
2083,2018,2084,2150,2149,2082,2017
2084,2085,2019,2083,2018,2150,2151
2085,2084,2019,2020,2086,2152,2151
2086,2085,2020,2152,2087,2021,2153
2087,2086,2021,2022,2153,2154,2088
2088,2022,2023,2155,2154,2089,2087
2089,2024,2090,2155,2088,2023,2156
2090,2089,2024,2156,2157,2025,2091
2091,2025,2026,2092,2158,2157,2090
2092,2158,2091,2027,2026,2159,2093
2093,2094,2028,2159,2160,2027,2092
2094,2093,2028,2160,2029,2161,2095
2095,2096,2030,2162,2161,2094,2029
2096,2163,2162,2095,2030,2097,2031
2097,2098,2032,2031,2096,2164,2163
2098,2097,2032,2099,2166,2165,2164
2099,2033,2100,2166,2098,2167,2032
2100,2099,2033,2101,2034,2168,2167
2101,2100,2034,2168,2102,2169,2035
2102,2103,2036,2170,2169,2035,2101
2103,2171,2170,2102,2036,2037,2104
2104,2171,2172,2037,2103,2105,2038
2105,2039,2106,2173,2172,2104,2038
2106,2174,2173,2039,2105,2107,2040
2107,2106,2040,2041,2108,2174,2175
2108,2107,2041,2109,2176,2042,2175
2109,2042,2043,2177,2110,2108,2176
2110,2177,2109,2111,2044,2043,2178
2111,2045,2112,2179,2110,2044,2178
2112,2113,2046,2045,2111,2179,2180
2113,2114,2181,2112,2046,2180,2047
2114,2181,2113,2048,2115,2047,2182
2115,2049,2048,2183,2116,2114,2182
2116,2183,2115,2049,2050,2117,2184
2117,2051,2050,2118,2185,2116,2184
2118,2052,2119,2186,2117,2051,2185
2119,2053,2120,2118,2052,2186,2187
2120,2187,2188,2189,2053,2119,2121
2121,2122,2190,2054,2053,2189,2120
2122,2191,2190,2055,2123,2121,2054
2123,2056,2124,2122,2055,2192,2191
2124,2057,2125,2056,2123,2193,2192
2125,2124,2057,2126,2194,2058,2193
2126,2127,2195,2059,2058,2125,2194
2127,2126,2195,2059,2196,2128,2060
2128,775,2197,2060,2061,2196,2127
2129,2198,708,2063,2064,2130,2199
2130,2065,2131,2129,2064,2200,2199
2131,2132,2066,2065,2130,2200,2201
2132,2131,2066,2202,2201,2067,2133
2133,2067,2068,2202,2203,2132,2134
2134,2068,2133,2204,2203,2135,2069
2135,2205,2136,2070,2204,2134,2069
2136,2205,2135,2070,2137,2071,2206
2137,2136,2071,2206,2207,2072,2138
2138,2072,2073,2207,2208,2139,2137
2139,2209,2208,2140,2074,2138,2073
2140,2141,2210,2139,2209,2074,2075
2141,2140,2210,2075,2076,2142,2211
2142,2076,2143,2213,2141,2211,2212
2143,2144,2214,2142,2076,2077,2213
2144,2143,2214,2077,2078,2145,2215
2145,2079,2078,2216,2215,2146,2144
2146,2079,2080,2147,2217,2216,2145
2147,2148,2218,2081,2146,2217,2080
2148,2147,2218,2149,2219,2081,2082
2149,2148,2219,2220,2150,2082,2083
2150,2220,2149,2151,2221,2083,2084
2151,2152,2222,2150,2221,2084,2085
2152,2151,2222,2223,2086,2085,2153
2153,2224,2223,2152,2086,2087,2154
2154,2155,2088,2225,2224,2087,2153
2155,2156,2226,2154,2088,2225,2089
2156,2226,2227,2155,2090,2157,2089
2157,2228,2227,2158,2156,2090,2091
2158,2092,2091,2157,2228,2159,2229
2159,2230,2229,2093,2160,2092,2158
2160,2159,2093,2231,2161,2230,2094
2161,2231,2160,2232,2162,2095,2094
2162,2163,2096,2232,2161,2095,2233
2163,2234,2164,2162,2096,2233,2097
2164,2234,2163,2235,2098,2165,2097
2165,2235,2236,2098,2164,2237,2166
2166,2099,2098,2167,2238,2237,2165
2167,2239,2168,2166,2099,2238,2100
2168,2239,2167,2100,2101,2169,2240
2169,2170,2102,2241,2168,2240,2101
2170,2103,2171,2169,2102,2241,2242
2171,2103,2170,2172,2243,2242,2104
2172,2243,2171,2173,2244,2105,2104
2173,2174,2106,2244,2172,2245,2105
2174,2173,2106,2107,2175,2246,2245
2175,2247,2246,2174,2107,2108,2176
2176,2247,2248,2108,2109,2177,2175
2177,2178,2249,2109,2110,2176,2248
2178,2249,2177,2179,2250,2111,2110
2179,2250,2178,2251,2180,2112,2111
2180,2113,2181,2252,2251,2179,2112
2181,2114,2113,2180,2182,2253,2252
2182,2254,2183,2181,2253,2115,2114
2183,2254,2182,2255,2184,2115,2116
2184,2255,2183,2116,2117,2185,2256
2185,2117,2118,2184,2186,2257,2256
2186,2258,2187,2119,2118,2185,2257
2187,2258,2186,2120,2188,2119,2259
2188,2187,2120,2260,2259,2189,2261
2189,2262,2190,2261,2188,2120,2121
2190,2262,2189,2122,2191,2121,2263
2191,2192,2264,2122,2190,2263,2123
2192,2191,2264,2124,2193,2123,2265
2193,2125,2194,2266,2124,2192,2265
2194,2267,2266,2125,2126,2195,2193
2195,2126,2127,2268,2267,2196,2194
2196,2195,2268,2128,2197,2127,2269
2197,2128,775,845,917,2196,2269
2198,2199,2270,844,774,708,2129
2199,2198,2270,2271,2130,2200,2129
2200,2130,2199,2131,2271,2272,2201
2201,2132,2202,2131,2273,2200,2272
2202,2132,2201,2133,2203,2274,2273
2203,2202,2133,2274,2275,2134,2204
2204,2134,2203,2135,2205,2276,2275
2205,2277,2206,2135,2136,2204,2276
2206,2277,2205,2278,2136,2137,2207
2207,2279,2278,2206,2208,2138,2137
2208,2280,2279,2207,2209,2139,2138
2209,2280,2208,2139,2281,2210,2140
2210,2282,2281,2140,2141,2209,2211
2211,2212,2283,2282,2142,2141,2210
2212,2283,2211,2142,2213,2284,2285
2213,2286,2214,2143,2142,2212,2285
2214,2143,2144,2215,2287,2286,2213
2215,2287,2214,2145,2216,2144,2288
2216,2217,2146,2145,2215,2289,2288
2217,2290,2218,2146,2147,2216,2289
2218,2147,2148,2290,2217,2291,2219
2219,2148,2149,2220,2291,2218,2292
2220,2221,2293,2149,2150,2219,2292
2221,2293,2220,2150,2151,2222,2294
2222,2151,2152,2223,2294,2221,2295
2223,2152,2222,2153,2224,2296,2295
2224,2225,2297,2153,2223,2296,2154
2225,2297,2224,2226,2155,2298,2154
2226,2156,2227,2155,2299,2225,2298
2227,2228,2157,2226,2156,2299,2300
2228,2227,2157,2158,2301,2300,2229
2229,2230,2159,2228,2158,2302,2301
2230,2229,2159,2160,2303,2302,2231
2231,2160,2161,2230,2303,2232,2304
2232,2161,2162,2304,2231,2305,2233
2233,2163,2162,2305,2306,2232,2234
2234,2163,2164,2235,2306,2233
2235,2234,2164,2165,2236,2306
2236,2444,2594,2235,2165,2306,2378,2237,2307
2237,2165,2166,2238,2236,2307
2238,2166,2167,2237,2307,2308,2239
2239,2167,2168,2238,2240,2309,2308
2240,2241,2310,2168,2169,2239,2309
2241,2240,2310,2170,2169,2311,2242
2242,2171,2243,2170,2312,2311,2241
2243,2172,2171,2242,2244,2313,2312
2244,2173,2172,2313,2243,2245,2314
2245,2315,2314,2173,2244,2246,2174
2246,2316,2315,2175,2247,2245,2174
2247,2175,2246,2176,2248,2317,2316
2248,2247,2176,2177,2249,2317,2318
2249,2178,2177,2319,2250,2318,2248
2250,2179,2178,2319,2249,2320,2251
2251,2179,2180,2252,2250,2320,2321
2252,2322,2253,2181,2180,2251,2321
2253,2322,2323,2254,2252,2181,2182
2254,2182,2183,2255,2324,2323,2253
2255,2324,2254,2183,2184,2256,2325
2256,2257,2326,2325,2255,2185,2184
2257,2256,2326,2185,2186,2258,2327
2258,2186,2187,2328,2259,2257,2327
2259,2328,2258,2260,2188,2187,2329
2260,2330,2329,2259,2188,2261,2331
2261,2189,2262,2332,2331,2260,2188
2262,2263,2333,2189,2190,2261,2332
2263,2262,2333,2334,2191,2264,2190
2264,2265,2335,2191,2192,2263,2334
2265,2336,2335,2264,2266,2193,2192
2266,2337,2267,2194,2265,2336,2193
2267,2337,2266,2338,2268,2194,2195
2268,2338,2267,2195,2196,2269,2339
2269,2340,2339,917,2268,2196,2197
2270,2198,2199,2271,844,2342,2343
2271,2199,2270,2200,2272,2344,2343
2272,2271,2200,2345,2273,2344,2201
2273,2346,2274,2202,2345,2272,2201
2274,2346,2273,2203,2202,2275,2347
2275,2203,2274,2347,2348,2276,2204
2276,2348,2275,2204,2205,2349,2277
2277,2205,2206,2278,2350,2349,2276
2278,2279,2207,2277,2206,2350,2351
2279,2278,2207,2280,2208,2351,2352
2280,2353,2352,2279,2208,2209,2281
2281,2210,2282,2209,2353,2280,2354
2282,2210,2281,2211,2283,2355,2354
2283,2355,2356,2212,2211,2282,2284
2284,2285,2358,2356,2357,2283,2212
2285,2284,2358,2359,2286,2213,2212
2286,2359,2360,2287,2214,2213,2285
2287,2361,2360,2215,2214,2288,2286
2288,2361,2362,2287,2216,2289,2215
2289,2290,2363,2217,2216,2288,2362
2290,2217,2218,2363,2289,2291,2364
2291,2365,2364,2290,2218,2292,2219
2292,2366,2365,2291,2219,2293,2220
2293,2221,2220,2292,2366,2294,2367
2294,2367,2368,2295,2222,2221,2293
2295,2294,2368,2369,2296,2222,2223
2296,2370,2297,2369,2224,2223,2295
2297,2225,2224,2298,2371,2370,2296
2298,2371,2297,2299,2226,2372,2225
2299,2373,2300,2227,2226,2298,2372
2300,2373,2299,2301,2228,2227,2374
2301,2300,2228,2302,2229,2374,2375
2302,2375,2376,2303,2230,2301,2229
2303,2302,2230,2376,2377,2231,2304
2304,2377,2378,2305,2232,2231,2303
2305,2304,2378,2306,2233,2232
2306,2235,2236,2305,2378,2233,2234
2307,2379,2444,2308,2237,2236,2238
2308,2309,2379,2307,2238,2239
2309,2310,2380,2379,2308,2239,2240
2310,2240,2241,2309,2380,2381,2311
2311,2312,2382,2381,2310,2241,2242
2312,2382,2311,2313,2383,2243,2242
2313,2312,2383,2244,2243,2384,2314
2314,2245,2315,2384,2313,2385,2244
2315,2245,2314,2316,2246,2386,2385
2316,2387,2386,2315,2246,2247,2317
2317,2247,2316,2388,2387,2248,2318
2318,2249,2319,2389,2248,2317,2388
2319,2390,2389,2249,2250,2318,2320
2320,2391,2390,2319,2250,2251,2321
2321,2391,2392,2322,2252,2251,2320
2322,2253,2323,2252,2392,2321,2393
2323,2254,2324,2322,2253,2394,2393
2324,2255,2254,2325,2395,2323,2394
2325,2395,2324,2326,2256,2396,2255
2326,2256,2257,2325,2397,2327,2396
2327,2398,2397,2326,2328,2257,2258
2328,2258,2259,2399,2398,2329,2327
2329,2260,2330,2399,2328,2400,2259
2330,2260,2329,2400,2331,2401
2331,2332,2401,2261,2260,2330
2332,2333,2401,2331,2262,2261
2333,2262,2263,2332,2401,2334
2334,2333,2263,2335,2401,2264
2335,2265,2336,2264,2402,2401,2334
2336,2265,2335,2266,2337,2403,2402
2337,2266,2267,2338,2404,2403,2336
2338,2267,2268,2404,2337,2339,2405
2339,2269,2340,2406,2405,2268,2338
2340,2407,991,2269,2339,917,2406
2341,844,2342,916,990,2408
2342,844,2341,2270,2408,2409,2343
2343,2344,2410,2271,2270,2342,2409
2344,2343,2410,2271,2411,2345,2272
2345,2344,2411,2346,2412,2272,2273
2346,2273,2274,2347,2412,2413,2345
2347,2346,2274,2275,2348,2413,2414
2348,2415,2414,2347,2275,2276,2349
2349,2276,2277,2348,2415,2350,2416
2350,2417,2416,2277,2278,2349,2351
2351,2418,2417,2278,2279,2350,2352
2352,2353,2280,2279,2419,2418,2351
2353,2352,2280,2420,2419,2354,2281
2354,2421,2420,2353,2281,2282,2355
2355,2422,2421,2283,2356,2282,2354
2356,2284,2357,2355,2283,2423,2422
2357,2423,2424,2425,2358,2356,2284
2358,2284,2285,2425,2357,2359,2426
2359,2426,2427,2360,2358,2286,2285
2360,2427,2359,2287,2361,2428,2286
2361,2288,2362,2287,2360,2428,2429
2362,2361,2288,2363,2430,2429,2289
2363,2290,2289,2362,2430,2431,2364
2364,2291,2365,2290,2431,2363,2432
2365,2292,2366,2291,2364,2433,2432
2366,2292,2365,2433,2434,2367,2293
2367,2368,2435,2294,2434,2366,2293
2368,2367,2435,2369,2436,2294,2295
2369,2437,2436,2368,2296,2370,2295
2370,2438,2371,2296,2297,2437,2369
2371,2298,2297,2438,2370,2439,2372
2372,2440,2373,2439,2371,2298,2299
2373,2299,2300,2440,2372,2441,2374
2374,2441,2373,2375,2442,2300,2301
2375,2302,2376,2442,2374,2301,2443
2376,2375,2302,2303,2377,2443
2377,2443,2378,2304,2376,2303
2378,2443,2377,2304,2236,2594,2305,2306,2499
2379,2307,2444,2309,2308,2380
2380,2309,2310,2444,2379,2381,2445
2381,2446,2445,2310,2311,2382,2380
2382,2312,2311,2381,2447,2446,2383
2383,2312,2313,2447,2448,2384,2382
2384,2449,2385,2448,2383,2313,2314
2385,2449,2384,2314,2450,2315,2386
2386,2387,2316,2450,2451,2315,2385
2387,2386,2316,2317,2388,2452,2451
2388,2452,2453,2389,2317,2387,2318
2389,2390,2319,2388,2453,2318,2454
2390,2389,2319,2391,2320,2454,2455
2391,2456,2455,2392,2321,2390,2320
2392,2457,2393,2391,2456,2321,2322
2393,2457,2392,2458,2394,2323,2322
2394,2395,2324,2393,2323,2458,2459
2395,2325,2324,2394,2459,2396,2460
2396,2326,2397,2325,2395,2460,2461
2397,2398,2327,2326,2396,2462,2461
2398,2328,2399,2397,2327,2463,2462
2399,2328,2398,2329,2400,2464,2463
2400,2329,2330,2399,2401,2464
2401,1069,1070,2332,2333,2331,2518,2569,2402,2335,2334,2464,2330,2400
2402,2401,2335,1069,2403,2336,1068
2403,1067,1068,2404,2337,2336,2402
2404,1067,2403,1066,2338,2337,2405
2405,2339,2406,1065,1066,2338,2404
2406,1064,1065,2339,2405,2340,2407
2407,991,1064,2340,2406
2408,2465,2409,1063,990,2341,2342
2409,2465,2408,2466,2410,2342,2343
2410,2409,2466,2343,2344,2467,2411
2411,2467,2468,2412,2344,2410,2345
2412,2468,2411,2469,2346,2413,2345
2413,2412,2346,2469,2470,2347,2414
2414,2415,2348,2470,2471,2413,2347
2415,2414,2348,2471,2416,2472,2349
2416,2417,2350,2472,2415,2473,2349
2417,2351,2418,2474,2473,2416,2350
2418,2351,2417,2419,2475,2474,2352
2419,2476,2475,2418,2420,2353,2352
2420,2421,2354,2419,2476,2353,2477
2421,2420,2354,2355,2422,2477,2478
2422,2355,2421,2479,2478,2356,2423
2423,2357,2424,2480,2479,2356,2422
2424,2423,2357,2425,2481,2480,2482
2425,2357,2358,2424,2426,2483,2482
2426,2359,2427,2358,2425,2483,2484
2427,2426,2359,2360,2428,2485,2484
2428,2485,2427,2360,2486,2361,2429
2429,2430,2362,2486,2487,2428,2361
2430,2362,2363,2431,2429,2487,2488
2431,2430,2363,2432,2489,2364,2488
2432,2489,2431,2433,2365,2364,2490
2433,2434,2491,2432,2365,2366,2490
2434,2491,2433,2492,2367,2435,2366
2435,2436,2493,2367,2368,2492,2434
2436,2493,2435,2369,2437,2494,2368
2437,2369,2436,2494,2495,2438,2370
2438,2370,2371,2495,2437,2496,2439
2439,2497,2496,2438,2371,2372,2440
2440,2498,2497,2372,2373,2439,2441
2441,2373,2374,2440,2498,2499,2442
2442,2443,2499,2375,2374,2441
2443,2377,2378,2442,2499,2375,2376
2444,2236,2594,2307,2379,2380,2686,2710,2445,2500,2625
2445,2500,2446,2381,2444,2380
2446,2500,2445,2381,2501,2447,2382
2447,2501,2502,2448,2383,2446,2382
2448,2502,2447,2449,2503,2383,2384
2449,2384,2385,2448,2503,2450,2504
2450,2386,2451,2385,2449,2505,2504
2451,2450,2386,2506,2505,2387,2452
2452,2388,2453,2507,2506,2387,2451
2453,2452,2388,2454,2508,2389,2507
2454,2508,2453,2509,2455,2390,2389
2455,2509,2510,2391,2456,2454,2390
2456,2391,2455,2392,2510,2457,2511
2457,2392,2393,2458,2456,2511,2512
2458,2459,2513,2393,2457,2394,2512
2459,2460,2514,2513,2458,2395,2394
2460,2514,2459,2515,2396,2395,2461
2461,2462,2397,2516,2515,2396,2460
2462,2517,2516,2463,2398,2397,2461
2463,2518,2517,2464,2399,2398,2462
2464,2518,2401,2399,2400,2463
2465,2519,1063,2408,2409,2466,2520
2466,2467,2521,2465,2409,2520,2410
2467,2411,2468,2521,2466,2522,2410
2468,2467,2411,2412,2522,2523,2469
2469,2468,2412,2523,2524,2413,2470
2470,2414,2471,2469,2413,2524,2525
2471,2470,2414,2415,2526,2472,2525
2472,2416,2415,2526,2471,2473,2527
2473,2474,2528,2417,2527,2472,2416
2474,2473,2528,2417,2418,2529,2475
2475,2419,2476,2418,2529,2474,2530
2476,2419,2475,2420,2531,2530,2477
2477,2420,2421,2532,2531,2476,2478
2478,2479,2422,2532,2477,2421,2533
2479,2480,2423,2478,2422,2533,2534
2480,2479,2423,2424,2481,2535,2534
2481,2482,2537,2424,2480,2535,2536
2482,2537,2481,2424,2483,2538,2425
2483,2482,2538,2425,2426,2484,2539
2484,2540,2539,2483,2426,2427,2485
2485,2428,2427,2486,2540,2541,2484
2486,2485,2428,2541,2429,2487,2542
2487,2543,2542,2486,2429,2430,2488
2488,2544,2543,2487,2430,2431,2489
2489,2432,2431,2544,2545,2488,2490
2490,2545,2546,2433,2432,2489,2491
2491,2434,2433,2490,2546,2547,2492
2492,2493,2548,2435,2491,2434,2547
2493,2436,2435,2494,2549,2492,2548
2494,2549,2493,2437,2436,2495,2550
2495,2494,2437,2438,2496,2551,2550
2496,2439,2497,2552,2551,2495,2438
2497,2439,2496,2498,2440,2552
2498,2497,2440,2441,2552,2499
2499,2442,2443,2594,2552,2498,2441,2378
2500,2445,2446,2501,2444,2625,2553
2501,2447,2502,2500,2446,2553
2502,2501,2447,2554,2553,2448,2503
2503,2504,2555,2554,2502,2448,2449
2504,2556,2555,2503,2505,2450,2449
2505,2506,2557,2451,2556,2450,2504
2506,2507,2558,2557,2505,2451,2452
2507,2558,2506,2508,2453,2559,2452
2508,2559,2560,2454,2453,2509,2507
2509,2455,2510,2561,2560,2454,2508
2510,2509,2455,2561,2456,2511,2562
2511,2456,2457,2512,2563,2510,2562
2512,2513,2564,2563,2511,2458,2457
2513,2459,2458,2565,2514,2564,2512
2514,2460,2459,2515,2566,2565,2513
2515,2567,2566,2460,2514,2516,2461
2516,2567,2568,2517,2462,2515,2461
2517,2518,2569,2568,2516,2462,2463
2518,2517,2569,2401,2464,2463
2519,2465,1063,1128,1176,2570,2609,2520
2520,2521,2570,2465,2466,2519
2521,2467,2466,2522,2520,2570
2522,2467,2521,2523,2570,2468
2523,2524,2570,2522,2468,2469
2524,2523,2570,2525,2469,2470
2525,2570,2524,2526,2470,2471
2526,2570,2527,2525,2471,2472
2527,2570,2526,2473,2528,2472
2528,2473,2474,2527,2570,2529,2571
2529,2474,2475,2571,2528,2530,2572
2530,2529,2475,2531,2476,2572,2573
2531,2532,2477,2530,2476,2574,2573
2532,2531,2477,2574,2478,2533,2575
2533,2575,2532,2479,2478,2534,2576
2534,2535,2577,2479,2480,2533,2576
2535,2480,2481,2534,2577,2578,2536
2536,2579,2578,2580,2535,2481,2537
2537,2538,2581,2482,2481,2580,2536
2538,2581,2537,2482,2483,2539,2582
2539,2583,2582,2484,2540,2483,2538
2540,2484,2539,2584,2541,2583,2485
2541,2584,2540,2585,2485,2542,2486
2542,2487,2543,2585,2541,2586,2486
2543,2487,2542,2587,2586,2488,2544
2544,2545,2588,2587,2488,2543,2489
2545,2490,2546,2588,2544,2489,2589
2546,2545,2490,2590,2589,2547,2491
2547,2548,2591,2590,2546,2491,2492
2548,2591,2547,2492,2493,2592,2549
2549,2494,2493,2592,2593,2548,2550
2550,2549,2593,2494,2594,2551,2495
2551,2552,2496,2594,2550,2495
2552,2496,2497,2551,2594,2499,2498
2553,2625,2595,2502,2554,2501,2500
2554,2595,2555,2502,2553,2503
2555,2556,2504,2595,2554,2596,2503
2556,2555,2504,2596,2557,2505,2597
2557,2506,2505,2556,2558,2597,2598
2558,2507,2506,2599,2559,2557,2598
2559,2508,2560,2600,2599,2558,2507
2560,2601,2600,2559,2508,2509,2561
2561,2510,2509,2560,2602,2601,2562
2562,2563,2603,2511,2510,2561,2602
2563,2562,2603,2564,2604,2512,2511
2564,2605,2565,2563,2604,2513,2512
2565,2566,2606,2605,2514,2513,2564
2566,2515,2567,2606,2565,2514,2607
2567,2516,2568,2515,2566,2608,2607
2568,2567,2516,2517,2569,2608
2569,2517,2518,2703,2693,2678,2401,2709,1070,2568,2608,2637,2660
2570,2523,2524,2526,2527,2522,2520,2521,2609,2519,2525,2528,2571
2571,2572,2609,2529,2528,2570
2572,2571,2609,2573,2529,2530
2573,2572,2609,2574,2531,2530
2574,2532,2531,2573,2609,2575
2575,2576,2609,2574,2533,2532
2576,2575,2609,2533,2534,2577
2577,2534,2535,2609,2576,2578
2578,2579,2536,2577,2535,2609,2610
2579,2578,2536,2611,2610,2612,2580
2580,2537,2581,2579,2536,2612,2613
2581,2538,2537,2582,2614,2580,2613
2582,2583,2539,2614,2581,2615,2538
2583,2582,2539,2615,2540,2584,2616
2584,2540,2541,2583,2585,2616,2617
2585,2618,2617,2584,2541,2542,2586
2586,2543,2587,2619,2618,2585,2542
2587,2543,2586,2588,2620,2544,2619
2588,2620,2587,2545,2544,2621,2589
2589,2622,2621,2588,2546,2590,2545
2590,2623,2622,2591,2546,2589,2547
2591,2548,2547,2590,2623,2592,2624
2592,2549,2593,2591,2548,2624
2593,2594,2624,2592,2549,2550
2594,2236,2444,2593,2624,2550,2551,2649,2378,2552,2499
2595,2625,2553,2554,2555,2596
2596,2556,2555,2597,2595,2626,2625
2597,2556,2557,2596,2598,2627,2626
2598,2599,2628,2558,2557,2627,2597
2599,2600,2559,2558,2628,2598,2629
2600,2601,2560,2599,2559,2630,2629
2601,2600,2560,2602,2561,2631,2630
2602,2601,2561,2631,2603,2562,2632
2603,2633,2632,2562,2563,2604,2602
2604,2563,2564,2603,2605,2633,2634
2605,2634,2635,2606,2565,2564,2604
2606,2607,2636,2566,2565,2635,2605
2607,2636,2637,2606,2608,2567,2566
2608,2568,2569,2567,2637,2607
2609,2575,2576,2571,2572,2570,2519,2573,2574,2577,2610,2611,2578
2610,2579,2611,2609,2578
2611,2579,2610,2612,2679,2694,2661,2609,2638
2612,2611,2579,2639,2638,2580,2613
2613,2614,2640,2639,2612,2580,2581
2614,2582,2581,2615,2641,2613,2640
2615,2582,2614,2583,2641,2642,2616
2616,2617,2643,2583,2584,2615,2642
2617,2644,2618,2585,2643,2616,2584
2618,2644,2617,2585,2645,2619,2586
2619,2646,2645,2620,2618,2586,2587
2620,2647,2621,2588,2587,2646,2619
2621,2622,2648,2647,2620,2589,2588
2622,2621,2648,2589,2590,2623,2649
2623,2590,2622,2591,2649,2624
2624,2593,2594,2623,2649,2591,2592
2625,2553,2595,2444,2500,2626,2596,2650,2686
2626,2625,2596,2597,2650,2627
2627,2598,2597,2626,2650,2628,2651
2628,2599,2598,2651,2652,2627,2629
2629,2630,2600,2599,2628,2652,2653
2630,2601,2631,2600,2629,2653,2654
2631,2601,2630,2602,2654,2655,2632
2632,2633,2603,2655,2631,2602,2656
2633,2632,2603,2634,2657,2604,2656
2634,2605,2635,2658,2657,2633,2604
2635,2634,2605,2606,2636,2658,2659
2636,2607,2637,2606,2659,2660,2635
2637,2636,2607,2608,2569,2660
2638,2639,2612,2611,2661
2639,2662,2661,2638,2612,2640,2613
2640,2662,2639,2613,2614,2641,2663
2641,2615,2642,2614,2640,2663,2664
2642,2641,2615,2665,2664,2616,2643
2643,2666,2665,2617,2616,2644,2642
2644,2617,2618,2645,2643,2666,2667
2645,2644,2618,2619,2646,2667,2668
2646,2668,2669,2619,2645,2620,2647
2647,2620,2621,2669,2648,2646
2648,2621,2622,2649,2669,2647
2649,2685,2705,2648,2669,2622,2623,2624,2594
2650,2670,2686,2625,2626,2627,2651
2651,2628,2652,2627,2650,2670
2652,2651,2628,2670,2671,2629,2653
2653,2654,2672,2629,2630,2652,2671
2654,2653,2672,2631,2655,2630,2673
2655,2654,2631,2656,2674,2632,2673
2656,2675,2674,2655,2633,2657,2632
2657,2658,2634,2633,2656,2675,2676
2658,2657,2634,2677,2676,2635,2659
2659,2636,2660,2677,2678,2635,2658
2660,2659,2636,2637,2569,2678
2661,2639,2662,2679,2611,2638
2662,2639,2661,2640,2663,2679,2680
2663,2681,2680,2641,2640,2662,2664
2664,2682,2681,2642,2665,2641,2663
2665,2666,2643,2642,2664,2682,2683
2666,2665,2643,2684,2683,2644,2667
2667,2666,2644,2684,2645,2668,2685
2668,2646,2669,2667,2645,2685
2669,2668,2646,2648,2649,2647,2685
2670,2686,2650,2671,2652,2651
2671,2687,2686,2670,2652,2653,2672
2672,2653,2654,2671,2688,2687,2673
2673,2689,2688,2674,2672,2654,2655
2674,2673,2689,2675,2656,2655,2690
2675,2691,2676,2674,2656,2690,2657
2676,2691,2675,2677,2692,2658,2657
2677,2676,2692,2659,2678,2658,2693
2678,2569,2693,2677,2659,2660
2679,2694,2611,2661,2680,2662
2680,2681,2663,2694,2679,2695,2662
2681,2682,2664,2680,2663,2695,2696
2682,2681,2664,2696,2697,2665,2683
2683,2684,2697,2682,2665,2666
2684,2697,2683,2685,2666,2667
2685,2649,2705,2697,2684,2667,2668,2669
2686,2698,2710,2670,2650,2687,2671,2444,2625
2687,2698,2686,2671,2672,2688
2688,2689,2673,2699,2698,2672,2687
2689,2690,2700,2688,2673,2674,2699
2690,2700,2689,2675,2674,2691,2701
2691,2675,2676,2701,2702,2692,2690
2692,2676,2677,2702,2691,2693,2703
2693,2703,2569,2678,2677,2692
2694,2679,2611,2680,2695,2704
2695,2694,2680,2705,2696,2704,2681
2696,2682,2697,2705,2695,2681
2697,2684,2683,2696,2682,2685,2705
2698,2710,2686,2687,2688,2699,2706
2699,2688,2698,2706,2689,2700
2700,2690,2689,2701,2699,2706,2707
2701,2702,2708,2691,2707,2690,2700
2702,2708,2701,2691,2692,2709,2703
2703,2693,2569,2709,2692,2702
2704,2694,2695,2705
2705,2685,2649,2695,2696,2704,2697
2706,2699,2698,2710,2700,2707
2707,2708,2711,2701,2700,2706,2710
2708,2702,2701,2709,2711,2707
2709,2708,2711,2703,2569,2702
2710,2698,2686,2444,2706,2707,2711
2711,2708,2709,2707,2710
