1,2,13,12,38,11,1215
2,1,13,14,3,1348,1215
3,14,2,1195,1330,1348,15
4,5,1241,20,652,1341,622
5,4,1241,21,20,22,6
6,1241,1275,1276,23,22,1349,5
7,1312,28,1238,8,29
8,9,31,30,29,7,1238
9,10,1254,1253,8,31,1238,32
10,9,1254,33,32,1230
11,1285,1215,1,38,37,1351
12,40,13,68,39,1,38
13,40,12,1,2,14,41
14,2,3,13,42,41,15
15,43,16,3,1195,42,14
16,1195,1339,44,43,15,17
17,1197,1339,44,45,18,1316,16
18,45,46,1316,19,17
19,581,1272,18,1316,596,47,46
20,5,21,652,4,48
21,49,50,5,20,22,48
22,21,5,51,50,6,23
23,51,52,6,22,24,1349
24,25,1258,52,53,23,1349
25,24,1258,26,54,53,1297
26,55,54,25,1228,27,1175,1297
27,26,1228,28,56,55
28,1312,7,56,57,27,1228,29
29,57,58,8,30,28,7
30,59,60,8,31,29,58
31,8,9,61,60,30,32
32,33,10,31,9,61,62
33,1230,34,32,10,63,62
34,35,1350,33,1230,64,63
35,34,1350,64,65,36,1268
36,1268,1351,65,66,35,37
37,67,38,66,11,1351,36
38,67,37,1,12,68,11
39,102,68,69,70,12,40
40,12,13,71,70,39,41
41,71,72,42,14,40,13
42,41,14,15,43,72,73
43,73,74,16,44,15,42
44,75,74,45,17,16,43
45,18,46,75,44,76,17
46,76,77,45,18,19,47
47,78,77,623,596,19,46
48,652,79,80,49,20,21
49,21,50,82,48,80,81
50,49,21,82,22,51,83
51,22,50,83,84,23,52
52,51,23,84,24,53,85
53,86,85,25,54,52,24
54,26,55,25,87,53,86
55,26,54,87,56,88,27
56,88,89,28,57,55,27
57,29,58,90,89,56,28
58,57,29,30,90,91,59
59,30,60,91,58,93,92
60,59,30,61,31,94,93
61,60,31,32,62,95,94
62,95,61,33,63,96,32
63,33,62,97,96,34,64
64,34,63,97,98,35,65
65,36,66,99,98,35,64
66,100,99,65,36,67,37
67,100,101,37,38,68,66
68,39,102,12,101,67,38
69,104,103,39,70,102,138
70,105,104,69,39,71,40
71,41,72,70,40,106,105
72,107,106,71,41,73,42
73,107,72,43,74,108,42
74,109,75,73,43,44,108
75,109,74,110,76,44,45
76,46,77,110,75,111,45
77,78,47,76,46,111,112
78,77,47,623,112,685,653
79,652,48,80,651,684,113
80,79,48,114,113,49,81
81,82,116,115,114,80,49
82,116,81,49,50,117,83
83,84,118,50,51,117,82
84,118,83,85,119,51,52
85,86,53,84,119,120,52
86,87,121,85,53,120,54
87,121,122,86,88,55,54
88,87,122,123,56,89,55
89,124,123,57,90,88,56
90,57,89,125,124,58,91
91,58,59,90,92,126,125
92,93,128,127,59,126,91
93,129,128,60,94,92,59
94,130,95,61,60,129,93
95,130,94,62,61,96,131
96,132,131,95,62,97,63
97,96,132,63,133,98,64
98,133,97,64,134,99,65
99,66,100,98,134,135,65
100,66,99,136,135,67,101
101,137,102,136,100,67,68
102,138,137,101,39,68,69
103,104,69,139,177,140,138
104,105,141,70,103,69,140
105,141,104,70,106,142,71
106,72,107,142,105,143,71
107,72,106,144,143,73,108
108,144,145,107,73,109,74
109,110,146,74,75,145,108
110,146,109,147,111,75,76
111,147,110,76,148,112,77
112,149,148,685,111,77,78
113,758,719,114,80,150,79,684
114,115,151,81,150,113,80
115,151,152,116,153,114,81
116,117,154,115,153,82,81
117,154,116,118,155,82,83
118,84,83,155,117,156,119
119,156,157,84,85,120,118
120,158,157,119,121,86,85
121,87,122,86,120,158,159
122,121,87,160,159,123,88
123,124,89,122,160,88,161
124,123,89,125,90,161,162
125,124,90,91,126,162,163
126,92,127,91,125,164,163
127,128,166,164,165,92,126
128,166,127,93,129,167,92
129,93,128,130,168,94,167
130,131,169,94,95,168,129
131,96,132,130,169,170,95
132,96,131,171,170,97,133
133,132,171,97,98,134,172
134,172,173,98,133,99,135
135,100,136,173,174,99,134
136,100,135,137,101,175,174
137,102,138,176,175,101,136
138,102,137,176,177,103,69
139,177,219,103,140,178,179
140,179,180,139,103,104,141
141,105,104,181,180,140,142
142,182,143,106,105,181,141
143,182,142,107,144,106,183
144,184,183,108,145,107,143
145,144,108,109,146,185,184
146,110,109,185,145,147,186
147,110,111,148,187,146,186
148,149,112,188,187,147,111
149,148,112,188,685,720,189
150,190,151,114,113,758,800
151,115,152,114,190,150,191
152,151,115,153,193,191,192
153,115,116,154,152,194,193
154,117,116,153,194,155,195
155,195,154,118,117,156,196
156,197,157,119,155,118,196
157,120,158,198,197,156,119
158,120,157,198,159,199,121
159,160,200,122,199,158,121
160,159,200,122,201,123,161
161,162,202,201,123,124,160
162,161,202,163,203,125,124
163,204,203,162,125,164,126
164,127,165,205,204,163,126
165,164,127,166,206,205,207
166,128,127,167,208,207,165
167,166,208,209,168,129,128
168,210,209,130,169,129,167
169,130,131,170,168,210,211
170,169,131,132,171,212,211
171,132,170,212,213,133,172
172,134,173,133,171,214,213
173,174,215,172,134,135,214
174,215,173,216,175,136,135
175,176,137,174,136,217,216
176,175,137,138,218,217,177
177,139,219,103,138,176,218
178,139,179,264,219,220,221
179,140,180,178,139,221,222
180,179,140,141,181,223,222
181,141,180,224,223,142,182
182,142,143,224,181,183,225
183,184,144,143,182,225,226
184,183,144,227,226,145,185
185,146,145,184,227,228,186
186,185,228,229,187,147,146
187,230,229,188,148,147,186
188,148,149,187,230,231,189
189,232,231,759,188,149,720
190,845,800,150,151,233,191
191,233,234,192,152,151,190
192,235,234,193,236,191,152
193,194,237,236,192,152,153
194,237,193,153,154,238,195
195,238,239,155,154,196,194
196,156,155,195,239,197,240
197,198,157,156,240,241,196
198,197,157,158,241,199,242
199,200,243,242,159,198,158
200,199,243,244,159,160,201
201,161,202,200,160,244,245
202,161,162,201,245,246,203
203,163,204,162,247,202,246
204,248,247,163,203,164,205
205,164,204,206,165,248,249
206,205,165,250,249,251,207
207,166,208,165,206,252,251
208,166,167,209,253,207,252
209,254,210,168,208,167,253
210,254,209,168,211,255,169
211,212,170,256,255,210,169
212,211,170,171,213,257,256
213,258,257,214,212,171,172
214,259,258,213,215,172,173
215,174,173,260,259,216,214
216,260,215,174,175,217,261
217,175,216,261,218,262,176
218,262,217,176,263,177,219
219,264,263,177,139,178,218
220,313,264,266,265,178,221
221,267,266,220,178,179,222
222,223,180,268,267,179,221
223,222,180,224,181,269,268
224,223,181,182,270,225,269
225,270,224,183,182,226,271
226,271,272,184,227,225,183
227,184,226,272,273,228,185
228,274,273,227,229,185,186
229,275,230,274,228,187,186
230,275,229,231,276,187,188
231,277,276,230,232,189,188
232,278,277,231,801,189,759
233,279,845,234,280,191,190
234,235,192,233,280,281,191
235,234,192,282,281,283,236
236,193,192,237,284,235,283
237,194,193,238,285,236,284
238,237,285,195,239,286,194
239,238,195,287,286,196,240
240,241,288,197,287,196,239
241,288,240,197,198,289,242
242,289,290,199,243,198,241
243,244,291,199,200,290,242
244,243,291,200,245,292,201
245,244,292,293,202,246,201
246,294,293,245,202,247,203
247,248,204,295,203,294,246
248,247,204,295,205,249,296
249,206,250,297,205,248,296
250,297,298,299,206,249,251
251,300,299,250,206,252,207
252,300,301,251,207,253,208
253,302,301,209,208,254,252
254,209,210,303,302,253,255
255,256,304,303,211,210,254
256,255,304,211,257,305,212
257,305,256,213,258,212,306
258,259,214,213,257,307,306
259,308,260,215,258,214,307
260,308,259,215,216,309,261
261,262,310,217,216,260,309
262,311,310,261,218,217,263
263,219,264,262,218,312,311
264,219,263,220,313,178,312
265,314,364,313,266,220,315
266,267,221,316,265,220,315
267,316,317,266,221,222,268
268,318,269,317,222,267,223
269,318,268,223,319,270,224
270,271,320,224,225,319,269
271,270,320,226,272,225,321
272,322,321,271,226,273,227
273,274,323,228,322,272,227
274,273,323,324,228,275,229
275,229,230,274,324,325,276
276,231,277,326,325,230,275
277,231,276,232,278,327,326
278,232,277,894,846,327,801,893
279,845,233,892,943,280,328
280,233,234,279,328,329,281
281,282,235,330,329,280,234
282,281,235,332,283,331,330
283,333,284,332,282,235,236
284,333,283,285,334,236,237
285,286,335,334,237,238,284
286,335,336,285,287,238,239
287,288,337,336,286,239,240
288,287,337,338,289,241,240
289,242,290,338,288,339,241
290,289,242,243,291,340,339
291,243,244,341,340,290,292
292,341,342,244,245,291,293
293,246,294,343,342,292,245
294,246,293,295,344,343,247
295,344,294,247,248,296,345
296,345,346,297,295,248,249
297,298,347,250,249,346,296
298,347,297,250,299,348,349
299,251,300,298,250,349,350
300,251,299,351,350,301,252
301,302,253,352,351,300,252
302,301,253,303,254,352,353
303,255,304,354,302,254,353
304,255,256,355,305,303,354
305,355,304,257,256,356,306
306,357,307,356,258,305,257
307,358,357,306,258,259,308
308,259,260,307,309,358,359
309,360,359,308,260,261,310
310,262,311,261,361,360,309
311,262,310,312,362,361,263
312,311,362,263,264,363,313
313,220,264,312,363,265,364
314,265,364,366,315,416,365
315,367,366,314,316,266,265
316,267,317,266,367,368,315
317,316,267,318,268,369,368
318,370,369,268,269,317,319
319,371,370,318,269,270,320
320,270,271,372,321,371,319
321,272,322,372,320,271,373
322,374,373,323,272,321,273
323,374,322,273,274,324,375
324,274,323,375,376,275,325
325,276,326,376,377,324,275
326,276,325,327,277,378,377
327,326,277,278,378,379,893
328,996,943,329,380,280,279
329,281,330,381,380,328,280
330,281,329,331,282,381
331,332,382,282,330,381
332,382,383,282,283,331,333
333,283,284,334,384,383,332
334,333,384,335,285,385,284
335,286,336,285,334,386,385
336,335,286,287,386,387,337
337,387,388,338,287,288,336
338,337,388,339,389,288,289
339,338,389,340,390,290,289
340,391,390,341,291,339,290
341,391,340,291,292,342,392
342,341,292,343,393,392,293
343,394,393,293,294,344,342
344,295,294,394,343,395,345
345,396,395,296,346,344,295
346,345,296,297,347,396,397
347,298,297,397,398,346,348
348,398,399,400,347,349,298
349,350,401,299,348,400,298
350,349,401,300,351,299,402
351,352,301,300,350,402,403
352,351,301,404,403,353,302
353,405,404,354,303,352,302
354,304,303,353,405,406,355
355,304,305,407,406,356,354
356,407,408,355,357,306,305
357,307,358,306,408,356,409
358,410,359,307,357,409,308
359,410,358,309,360,308,411
360,309,359,361,412,411,310
361,412,360,311,310,413,362
362,311,312,414,413,361,363
363,364,415,312,362,414,313
364,265,314,416,363,415,313
365,418,417,460,416,314,366
366,418,419,367,315,314,365
367,366,315,316,368,420,419
368,421,420,367,316,317,369
369,370,318,422,421,317,368
370,369,318,319,371,422,423
371,319,370,372,424,423,320
372,371,424,320,321,373,425
373,322,374,321,372,425,426
374,322,373,323,427,426,375
375,374,427,428,324,323,376
376,428,429,325,377,324,375
377,378,326,376,325,430,429
378,377,326,430,431,379,327
379,944,431,378,327,893
380,381,994,995,329,328,996
381,382,1040,380,994,331,330,329
382,1040,381,432,474,383,332,331,1103
383,432,382,384,333,332
384,333,334,433,432,385,383
385,434,386,335,384,334,433
386,435,387,434,385,336,335
387,337,388,435,386,436,336
388,387,337,338,437,436,389
389,338,339,437,438,390,388
390,340,391,439,339,438,389
391,340,390,341,439,440,392
392,393,441,440,391,341,342
393,343,394,392,441,442,342
394,343,393,443,442,344,395
395,344,394,396,444,443,345
396,444,395,345,346,445,397
397,347,398,346,445,446,396
398,348,399,397,347,446
399,519,544,398,348,447,400,560,487,446
400,447,399,348,401,349
401,447,402,349,350,400
402,447,401,403,350,351
403,404,352,447,402,351
404,403,352,448,405,353,447
405,448,404,353,354,406,449
406,407,355,450,405,354,449
407,451,408,356,406,355,450
408,452,409,451,407,356,357
409,452,408,410,358,357,453
410,358,359,454,453,411,409
411,455,454,410,360,412,359
412,413,456,361,360,411,455
413,456,412,414,457,361,362
414,458,457,415,413,362,363
415,458,414,459,363,364,416
416,460,459,365,364,314,415
417,365,418,461,496,462,460
418,365,417,462,366,419,463
419,464,463,418,366,420,367
420,368,421,464,419,367,465
421,368,420,466,422,465,369
422,370,369,467,423,466,421
423,468,467,422,424,370,371
424,425,469,468,423,371,372
425,469,424,470,426,372,373
426,470,425,471,374,427,373
427,374,426,375,428,472,471
428,473,472,376,429,375,427
429,428,376,430,377,473
430,378,431,429,377,473
431,563,551,533,507,430,378,473,944,379,997
432,384,433,474,382,383
433,384,432,474,475,434,385
434,475,476,385,386,435,433
435,386,387,436,477,476,434
436,437,388,477,478,435,387
437,479,438,436,388,389,478
438,479,437,480,439,389,390
439,480,438,390,391,481,440
440,441,482,481,439,392,391
441,392,393,442,483,482,440
442,484,483,443,394,441,393
443,442,394,444,485,484,395
444,443,485,486,445,396,395
445,486,444,487,446,397,396
446,399,487,398,445,397
447,401,402,399,400,403,448,404,545,520,560,488
448,404,405,447,488,449
449,450,488,406,405,448
450,449,488,407,406,451
451,407,408,450,488,452
452,408,409,488,451,453
453,454,489,410,488,452,409
454,455,411,453,489,490,410
455,454,411,491,490,412,456
456,413,412,492,491,457,455
457,414,458,493,492,413,456
458,414,457,415,459,493,494
459,416,460,415,458,495,494
460,416,459,365,496,495,417
461,417,496,498,497,462,524
462,417,418,461,463,499,498
463,464,419,418,462,499,500
464,463,419,501,500,465,420
465,501,464,502,466,421,420
466,503,502,421,422,465,467
467,468,423,422,504,503,466
468,467,423,504,424,469,505
469,425,424,470,506,505,468
470,425,426,471,506,469,507
471,426,470,472,507,427
472,507,471,428,473,427
473,428,472,507,431,429,430
474,1138,1103,508,534,475,432,382,433
475,434,476,508,474,433
476,475,434,508,509,477,435
477,436,478,510,435,509,476
478,477,436,510,511,479,437
479,437,438,480,511,478,512
480,438,439,481,513,512,479
481,514,513,482,440,480,439
482,441,483,440,481,514,515
483,516,484,442,441,482,515
484,516,483,442,485,517,443
485,518,517,443,444,484,486
486,444,445,518,519,487,485
487,399,519,446,486,445
488,520,489,449,450,447,448,451,452,453
489,453,454,520,488,490
490,491,455,489,454,520
491,490,455,492,456,520
492,491,456,493,457,520
493,492,457,458,520,521,494
494,521,493,458,495,459,522
495,494,459,496,460,522,523
496,417,461,495,460,524,523
497,498,461,524,545,525,526
498,497,461,527,526,462,499
499,500,528,462,498,527,463
500,501,464,528,499,463,529
501,530,529,500,464,465,502
502,531,530,503,466,465,501
503,502,466,531,532,504,467
504,503,467,532,468,505,533
505,506,533,504,469,468
506,470,469,533,505,507
507,472,471,470,473,431,533,506
508,534,509,476,474,475
509,534,508,476,535,510,477
510,478,511,536,535,477,509
511,510,478,479,512,537,536
512,513,480,511,479,538,537
513,481,514,539,538,512,480
514,481,513,515,540,482,539
515,516,541,540,514,483,482
516,483,484,541,515,542,517
517,485,518,484,542,543,516
518,485,517,543,544,486,519
519,399,544,487,518,486
520,488,489,545,447,490,491,492,493,521
521,545,522,520,493,494
522,545,521,494,495,523
523,545,524,522,495,496
524,461,497,496,545,523
525,545,497,526,546
526,527,547,498,525,497,546
527,547,526,498,528,548,499
528,549,548,500,499,527,529
529,501,530,550,549,528,500
530,501,529,502,531,550,551
531,502,530,532,551,503
532,551,531,503,504,533
533,431,551,506,505,532,504,507
534,508,509,1138,1153,552,564,535,474
535,536,510,552,509,534
536,535,510,552,553,537,511
537,554,553,538,512,511,536
538,539,555,554,513,512,537
539,556,555,538,540,513,514
540,557,556,541,539,515,514
541,516,515,557,540,542,558
542,541,516,543,559,517,558
543,559,542,517,560,544,518
544,519,399,560,543,518
545,447,520,560,521,522,523,524,497,525
546,525,526,547,561
547,527,526,562,561,546,548
548,528,549,562,547,563,527
549,550,529,528,548,563
550,549,529,551,563,530
551,563,550,431,532,531,530,533
552,553,564,536,535,534
553,537,554,552,564,565,536
554,565,566,537,553,538,555
555,539,556,538,567,566,554
556,557,568,539,555,540,567
557,568,556,540,541,569,558
558,569,557,570,559,542,541
559,560,570,543,542,558
560,575,570,578,559,580,544,399,543,447,545
561,562,547,546
562,561,547,548,563
563,551,550,562,548,549,431
564,552,553,571,579,565,534,1153,1160
565,554,566,553,571,564
566,565,554,567,572,555,571
567,572,566,568,573,555,556
568,557,556,573,567,569,574
569,574,568,570,575,557,558
570,560,575,569,559,558
571,576,579,572,566,564,565
572,567,566,576,571,573
573,568,567,577,574,576,572
574,569,568,577,573,578,575
575,560,570,578,569,574
576,571,579,572,577,573
577,579,580,573,574,578,576
578,560,575,580,577,574
579,571,576,577,580,564
580,579,577,578,560
581,19,1272,596,1219,582,597
582,1220,1219,598,583,581,597
583,598,582,599,584,1172,1220
584,600,599,583,1172,585,1173
585,601,586,1314,600,584,1173
586,1352,587,1314,601,585,602
587,586,1352,588,604,603,602
588,587,604,589,605,1352,1260
589,588,605,1260,1261,1204,606
590,1353,608,1282,607,1204,1223
591,1259,1161,611,610,1283,592
592,612,611,593,613,1283,591
593,1164,614,592,613,1283
594,620,619,1250,595,1340,1252
595,621,620,594,1340,622
596,47,19,581,623,597
597,598,624,582,581,596,623
598,624,597,582,583,599,625
599,598,583,600,584,626,625
600,599,584,601,627,626,585
601,585,586,602,628,600,627
602,629,603,587,628,586,601
603,631,604,630,629,587,602
604,632,605,631,603,587,588
605,632,604,606,633,588,589
606,605,633,634,1204,607,589
607,608,635,590,1204,606,634
608,590,1353,635,607,609,636
609,637,636,1353,608,1259,610
610,591,611,1259,638,637,609
611,592,612,591,610,639,638
612,613,641,592,611,640,639
613,641,612,642,592,593,614
614,1164,593,615,643,613,642
615,643,614,616,644,1164,1165
616,644,615,1165,1245,617,645
617,646,645,1244,618,1245,616
618,1249,619,646,647,1244,617
619,594,620,1250,618,1249,648,647
620,594,619,621,595,648,649
621,620,595,622,651,649,650
622,652,651,1341,4,1340,595,621
623,78,47,596,624,654,597,653
624,598,597,625,655,654,623
625,655,624,598,599,626,656
626,657,627,600,599,625,656
627,657,626,600,601,628,658
628,629,659,602,601,658,627
629,659,628,603,630,602,660
630,603,631,629,662,661,660
631,603,604,632,663,630,662
632,604,605,663,631,633,664
633,605,606,634,665,632,664
634,633,606,666,665,607,635
635,636,667,666,608,607,634
636,637,668,667,635,609,608
637,668,636,669,609,610,638
638,639,670,610,637,669,611
639,640,671,638,670,611,612
640,639,671,673,672,641,612
641,613,612,673,674,642,640
642,675,674,643,613,641,614
643,676,675,615,614,642,644
644,616,615,676,677,643,645
645,646,617,616,644,677,678
646,618,647,645,617,679,678
647,646,618,619,648,679,680
648,620,619,649,647,680,681
649,682,681,648,620,621,650
650,684,651,683,682,649,621
651,684,650,652,622,621,79
652,651,622,48,79,20,4
653,654,686,78,623,685
654,686,653,624,655,623,687
655,625,624,654,687,688,656
656,657,689,688,625,655,626
657,626,627,689,656,690,658
658,691,690,628,659,627,657
659,692,691,629,628,660,658
660,661,693,629,630,659,692
661,694,693,660,662,630,695
662,661,630,663,631,695,696
663,632,631,662,696,664,697
664,665,633,663,632,697,698
665,666,634,633,664,698,699
666,635,667,665,634,699,700
667,636,668,635,666,701,700
668,637,636,667,669,702,701
669,702,668,637,703,670,638
670,671,704,638,639,669,703
671,670,704,639,640,672,705
672,706,705,640,673,707,671
673,708,707,674,641,640,672
674,675,642,708,673,641,709
675,676,643,674,642,709,710
676,675,643,711,710,644,677
677,678,712,676,644,711,645
678,712,677,713,679,645,646
679,714,713,646,647,678,680
680,648,647,679,715,714,681
681,682,649,715,716,680,648
682,681,649,717,683,650,716
683,717,682,650,684,719,718
684,650,651,79,719,683,113
685,149,112,720,78,653,721,686
686,722,721,654,653,687,685
687,723,722,654,655,688,686
688,689,656,687,655,723,724
689,657,656,688,725,724,690
690,691,726,658,725,689,657
691,692,659,726,690,727,658
692,691,659,728,727,660,693
693,694,661,660,729,728,692
694,695,731,693,661,729,730
695,731,694,661,662,696,732
696,662,695,663,732,697,733
697,698,734,733,664,663,696
698,734,697,699,735,664,665
699,735,698,736,700,665,666
700,736,737,699,666,667,701
701,667,668,700,702,737,738
702,669,668,701,738,703,739
703,704,740,739,702,669,670
704,741,740,670,671,703,705
705,741,704,742,706,672,671
706,742,705,672,707,744,743
707,673,708,745,744,672,706
708,673,707,674,709,746,745
709,710,747,708,674,746,675
710,709,747,711,676,748,675
711,710,676,677,712,749,748
712,678,677,713,750,711,749
713,714,751,679,750,712,678
714,751,713,679,752,680,715
715,681,716,680,714,753,752
716,715,681,682,717,753,754
717,682,683,755,754,716,718
718,757,756,683,717,719,755
719,113,758,684,683,757,718
720,760,721,149,685,189,759
721,722,686,760,720,761,685
722,721,686,723,687,761,762
723,722,687,763,762,688,724
724,723,688,763,764,689,725
725,726,765,689,724,764,690
726,725,765,691,690,727,766
727,691,726,767,766,692,728
728,692,727,729,768,693,767
729,768,728,693,694,769,730
730,694,731,769,729,770,771
731,695,694,730,732,772,771
732,733,773,731,772,695,696
733,773,732,697,734,696,774
734,698,697,733,735,774,775
735,699,698,736,776,734,775
736,699,735,737,777,776,700
737,777,736,738,778,700,701
738,778,737,779,739,701,702
739,740,780,738,779,703,702
740,704,741,739,780,703,781
741,704,740,705,781,782,742
742,705,706,782,741,743,783
743,785,784,744,742,706,783
744,786,785,745,707,706,743
745,708,707,744,786,787,746
746,708,709,787,745,747,788
747,789,748,709,710,788,746
748,789,747,749,790,710,711
749,790,791,748,711,712,750
750,713,751,712,792,791,749
751,714,713,752,750,792,793
752,751,714,793,794,753,715
753,794,795,754,752,716,715
754,717,755,795,753,796,716
755,717,754,756,797,796,718
756,798,797,757,718,755,799
757,756,718,800,799,758,719
758,113,719,150,757,800
759,189,232,801,720,802,760
760,720,721,802,803,761,759
761,762,804,722,803,760,721
762,804,761,722,723,763,805
763,806,805,764,723,762,724
764,806,763,724,765,807,725
765,766,808,807,725,726,764
766,808,765,727,767,809,726
767,727,766,809,768,728,810
768,729,728,767,811,769,810
769,811,768,729,730,770,812
770,813,812,769,814,771,730
771,772,815,814,770,731,730
772,815,771,731,732,816,773
773,733,732,816,817,774,772
774,773,817,734,733,818,775
775,735,776,734,774,819,818
776,735,736,775,819,820,777
777,821,778,737,736,820,776
778,821,777,738,737,822,779
779,738,778,780,823,739,822
780,739,740,779,823,824,781
781,741,782,780,740,824,825
782,781,741,742,826,783,825
783,826,782,827,743,784,742
784,829,828,743,785,827,783
785,830,829,786,744,743,784
786,831,787,785,744,830,745
787,831,786,745,746,788,832
788,833,789,832,787,747,746
789,747,748,833,788,834,790
790,749,791,748,834,789,835
791,790,749,792,836,750,835
792,836,791,750,751,837,793
793,838,837,751,752,794,792
794,753,795,839,838,752,793
795,794,753,754,796,839,840
796,795,754,797,755,840,841
797,756,798,842,755,796,841
798,756,797,842,844,843,799
799,757,800,845,844,798,756
800,845,190,757,799,758,150
801,846,278,802,232,759
802,846,847,803,801,760,759
803,848,804,802,847,760,761
804,848,803,762,761,805,849
805,806,850,763,762,804,849
806,850,805,763,764,807,851
807,765,808,852,851,806,764
808,766,765,807,853,852,809
809,854,853,767,766,808,810
810,767,809,811,768,854,855
811,856,855,812,768,769,810
812,770,813,856,811,769,857
813,770,812,858,859,857,814
814,770,813,771,859,860,815
815,772,771,816,861,814,860
816,861,815,773,817,772,862
817,863,862,816,773,774,818
818,864,863,817,774,819,775
819,865,820,775,776,818,864
820,865,819,776,777,866,821
821,777,778,822,866,820,867
822,778,821,868,823,779,867
823,779,780,868,822,869,824
824,825,870,869,780,823,781
825,870,824,871,826,782,781
826,872,827,871,825,782,783
827,872,826,828,873,784,783
828,829,784,873,827,875,874
829,830,785,828,784,875,876
830,829,785,786,876,831,877
831,786,787,832,878,877,830
832,788,833,879,878,831,787
833,788,789,832,879,834,880
834,880,833,789,790,835,881
835,881,882,791,790,836,834
836,792,791,837,883,835,882
837,838,793,883,836,884,792
838,837,793,885,884,839,794
839,886,840,794,795,838,885
840,886,839,887,796,795,841
841,888,842,797,796,840,887
842,798,797,888,841,843,889
843,844,798,842,889,891,890
844,799,845,843,798,892,891
845,279,233,800,190,892,799,844
846,802,847,894,278,895,801
847,846,802,803,895,896,848
848,803,804,849,897,847,896
849,897,848,805,850,804,898
850,806,805,849,899,851,898
851,807,852,899,850,900,806
852,807,851,853,901,900,808
853,809,854,901,852,902,808
854,809,853,903,855,902,810
855,856,811,903,854,810,904
856,855,811,812,904,905,857
857,813,858,906,856,905,812
858,908,907,813,859,906,857
859,858,813,909,860,908,814
860,909,859,861,910,814,815
861,910,860,816,815,911,862
862,817,863,912,911,861,816
863,912,913,818,864,817,862
864,818,863,913,914,819,865
865,819,820,866,914,915,864
866,916,867,820,821,865,915
867,916,866,917,868,821,822
868,917,867,822,823,869,918
869,870,919,824,823,868,918
870,919,920,825,824,869,871
871,921,920,825,826,870,872
872,922,873,826,827,871,921
873,922,872,828,827,923,874
874,875,925,924,923,873,828
875,925,874,876,926,828,829
876,875,926,877,927,829,830
877,928,878,927,876,831,830
878,929,928,879,832,877,831
879,930,929,880,878,832,833
880,879,930,834,833,881,931
881,835,882,932,834,931,880
882,933,932,881,835,836,883
883,837,836,884,934,882,933
884,885,838,883,837,934,935
885,884,838,936,935,839,886
886,839,840,887,937,936,885
887,886,840,938,937,841,888
888,841,842,939,889,887,938
889,890,940,842,843,939,888
890,940,889,891,843,942,941
891,890,843,844,943,942,892
892,845,279,943,844,891
893,278,327,944,379,894
894,278,846,895,945,944,893
895,894,846,847,945,946,896
896,946,947,895,847,897,848
897,849,848,948,947,896,898
898,948,897,849,850,899,949
899,949,950,850,851,898,900
900,901,951,852,899,851,950
901,951,900,853,852,952,902
902,853,901,952,854,953,903
903,854,855,953,902,954,904
904,954,955,856,905,903,855
905,904,856,955,857,906,956
906,907,957,858,857,956,905
907,906,957,858,908,958,959
908,960,909,858,907,859,959
909,960,908,859,860,910,961
910,911,962,861,860,909,961
911,962,910,912,963,862,861
912,964,963,863,913,911,862
913,912,863,965,964,914,864
914,915,966,913,965,864,865
915,966,914,967,865,916,866
916,866,867,968,917,915,967
917,867,868,968,916,918,969
918,969,970,917,868,869,919
919,870,920,970,971,869,918
920,919,870,921,871,971,972
921,920,871,972,973,872,922
922,872,873,973,921,923,974
923,974,922,873,924,874,975
924,925,977,874,923,975,976
925,875,874,924,977,978,926
926,875,876,979,978,927,925
927,980,979,928,877,926,876
928,980,927,981,878,929,877
929,930,879,878,928,981,982
930,929,879,880,982,931,983
931,984,932,881,880,930,983
932,933,882,985,881,984,931
933,932,882,985,986,883,934
934,883,884,935,987,986,933
935,936,885,934,884,987,988
936,935,885,989,988,886,937
937,886,936,887,938,990,989
938,991,990,939,887,937,888
939,940,992,888,889,991,938
940,993,992,890,889,941,939
941,994,942,993,940,890
942,994,941,943,995,891,890
943,328,996,892,279,942,995,891
944,894,945,431,379,893,997
945,894,944,895,946,997
946,896,947,945,895,997,998
947,946,896,998,897,948,999
948,897,947,1000,999,898,949
949,899,950,1001,948,898,1000
950,1002,1001,949,899,900,951
951,901,900,952,1002,1003,950
952,901,951,1004,1003,953,902
953,1005,1004,954,952,902,903
954,1006,1005,904,955,953,903
955,954,904,905,1006,1007,956
956,1008,1007,906,957,955,905
957,906,907,956,1008,1009,958
958,1010,1009,1011,957,907,959
959,1011,1012,907,908,958,960
960,908,909,961,959,1013,1012
961,1014,1013,909,910,960,962
962,911,910,1015,1014,961,963
963,912,964,911,1016,962,1015
964,912,963,965,1017,1016,913
965,1017,964,913,1018,966,914
966,915,914,1018,1019,967,965
967,1019,966,915,1020,916,968
968,916,917,967,1021,969,1020
969,1022,970,918,1021,968,917
970,1022,969,919,971,918,1023
971,970,919,1024,1023,972,920
972,921,973,971,1024,920
973,972,921,922,1024,974
974,923,922,973,1024,975
975,924,923,974,1024,976
976,1113,1129,1024,975,924,1025,977,1062,1091
977,924,925,978,1025,976
978,1025,1026,979,926,977,925
979,980,927,978,926,1027,1026
980,979,927,928,981,1027,1028
981,980,928,929,1029,982,1028
982,929,930,1030,1029,983,981
983,1031,1030,984,931,982,930
984,931,932,1032,1031,985,983
985,932,933,986,1033,1032,984
986,987,1034,933,985,934,1033
987,1034,986,1035,934,935,988
988,936,989,1036,935,987,1035
989,936,988,990,1037,1036,937
990,938,991,989,1037,1038,937
991,1039,1038,938,990,939,992
992,993,940,1040,939,1039,991
993,992,940,941,1040,994
994,380,381,995,941,942,993,1040
995,380,994,942,943,996
996,328,943,380,995
997,1041,998,1076,946,945,944,431
998,999,1041,997,946,947
999,1041,998,948,1000,947
1000,1042,1041,948,999,949,1001
1001,1002,950,949,1042,1000,1043
1002,1001,950,1044,1043,951,1003
1003,1004,952,1002,951,1044,1045
1004,1045,1046,953,1005,1003,952
1005,954,1006,953,1004,1047,1046
1006,954,1005,1048,1047,955,1007
1007,1008,956,1048,1049,1006,955
1008,1007,956,957,1049,1009,1050
1009,958,1010,1051,1050,1008,957
1010,958,1009,1053,1052,1051,1011
1011,1054,1053,959,1012,1010,958
1012,1055,1013,1011,959,960,1054
1013,1055,1012,1014,961,960,1056
1014,1013,961,962,1015,1057,1056
1015,962,1014,1016,1058,1057,963
1016,963,964,1059,1017,1058,1015
1017,1018,1060,965,964,1059,1016
1018,1017,1060,966,1019,1061,965
1019,1018,966,967,1061,1020
1020,1061,1021,1019,967,968
1021,1061,1020,968,969,1022
1022,969,970,1021,1023,1061
1023,1024,971,1061,1022,970
1024,1090,1061,1023,971,1129,1112,972,976,973,974,975
1025,978,1026,976,977,1062
1026,1025,978,1063,1027,1062,979
1027,1063,1026,979,980,1028,1064
1028,1064,1027,1065,1029,981,980
1029,1066,1030,982,981,1065,1028
1030,1066,1067,983,1031,1029,982
1031,983,1030,1068,1067,984,1032
1032,985,1033,1069,984,1031,1068
1033,1034,1070,985,1032,986,1069
1034,987,986,1033,1070,1035,1071
1035,1072,1071,987,1034,1036,988
1036,1072,1073,1037,989,988,1035
1037,1074,1073,1036,989,990,1038
1038,1039,991,1075,990,1037,1074
1039,1038,991,1075,1040,992
1040,382,381,1075,1039,993,992,1103,994
1041,999,998,997,1042,1000,1076
1042,1041,1000,1076,1001,1043
1043,1076,1042,1044,1002,1001
1044,1043,1002,1076,1003,1077,1045
1045,1004,1046,1003,1044,1077,1078
1046,1045,1004,1047,1005,1079,1078
1047,1048,1006,1079,1080,1046,1005
1048,1047,1006,1007,1049,1081,1080
1049,1050,1082,1048,1007,1081,1008
1050,1082,1049,1083,1051,1009,1008
1051,1084,1083,1009,1010,1052,1050
1052,1010,1053,1051,1084,1085,1086
1053,1087,1086,1010,1052,1054,1011
1054,1087,1053,1011,1088,1055,1012
1055,1012,1013,1088,1054,1056,1089
1056,1090,1089,1055,1013,1014,1057
1057,1014,1015,1056,1090,1058
1058,1059,1090,1016,1015,1057
1059,1016,1017,1058,1090,1060
1060,1017,1018,1059,1090,1061
1061,1090,1024,1018,1019,1020,1021,1023,1060,1022
1062,1063,1026,976,1025,1091
1063,1026,1027,1062,1064,1092,1091
1064,1028,1027,1065,1093,1063,1092
1065,1094,1066,1029,1064,1028,1093
1066,1030,1067,1029,1095,1094,1065
1067,1066,1030,1068,1031,1095,1096
1068,1067,1031,1097,1069,1032,1096
1069,1097,1068,1032,1033,1070,1098
1070,1033,1034,1098,1099,1071,1069
1071,1072,1035,1034,1100,1070,1099
1072,1073,1101,1071,1035,1036,1100
1073,1074,1102,1101,1072,1037,1036
1074,1102,1073,1037,1075,1103,1038
1075,1039,1040,1038,1103,1074
1076,997,1041,1042,1077,1104,1043,1124,1044,1139
1077,1104,1076,1044,1045,1078
1078,1104,1079,1045,1046,1077
1079,1047,1080,1104,1078,1105,1046
1080,1079,1047,1081,1048,1105,1106
1081,1080,1048,1107,1106,1049,1082
1082,1050,1049,1083,1081,1107,1108
1083,1050,1082,1051,1084,1109,1108
1084,1051,1083,1109,1052,1110,1085
1085,1111,1110,1084,1052,1086,1112
1086,1053,1087,1112,1052,1085
1087,1053,1086,1088,1112,1054
1088,1112,1087,1054,1055,1089
1089,1056,1090,1088,1055,1112
1090,1061,1024,1058,1059,1056,1089,1057,1112,1060
1091,1062,1063,1092,1113,976
1092,1093,1114,1063,1064,1091,1113
1093,1092,1114,1065,1094,1064,1115
1094,1066,1095,1065,1115,1116,1093
1095,1117,1096,1116,1067,1066,1094
1096,1117,1095,1097,1118,1068,1067
1097,1096,1118,1068,1069,1119,1098
1098,1119,1120,1070,1099,1097,1069
1099,1098,1070,1071,1100,1121,1120
1100,1122,1101,1072,1071,1121,1099
1101,1073,1072,1102,1123,1122,1100
1102,1074,1073,1101,1123,1103
1103,1102,1123,1075,1074,1138,474,382,1040
1104,1078,1079,1105,1077,1076,1124
1105,1104,1079,1080,1106,1124
1106,1105,1080,1081,1107,1124
1107,1081,1106,1124,1082,1125,1108
1108,1082,1083,1107,1125,1126,1109
1109,1083,1084,1127,1126,1108,1110
1110,1085,1111,1128,1127,1084,1109
1111,1085,1110,1128,1140,1112
1112,1088,1087,1086,1085,1111,1024,1129,1089,1090
1113,976,1129,1091,1092,1114
1114,1092,1093,1115,1130,1113,1129
1115,1094,1116,1131,1093,1114,1130
1116,1117,1095,1131,1132,1115,1094
1117,1095,1096,1116,1118,1132,1133
1118,1096,1097,1117,1119,1134,1133
1119,1098,1120,1118,1097,1134,1135
1120,1119,1098,1121,1136,1135,1099
1121,1136,1137,1120,1100,1122,1099
1122,1100,1101,1123,1138,1137,1121
1123,1101,1102,1103,1122,1138
1124,1076,1104,1105,1107,1106,1125,1139
1125,1124,1107,1108,1126,1139
1126,1127,1139,1109,1125,1108
1127,1139,1126,1109,1128,1140,1110
1128,1140,1127,1110,1111
1129,976,1113,1148,1154,1024,1112,1114,1130,1141,1158
1130,1114,1115,1141,1131,1129
1131,1116,1132,1115,1141,1130,1142
1132,1131,1116,1117,1142,1143,1133
1133,1134,1118,1117,1144,1132,1143
1134,1144,1145,1135,1119,1118,1133
1135,1120,1136,1145,1146,1134,1119
1136,1121,1137,1120,1135,1147,1146
1137,1122,1138,1136,1121,1147
1138,1122,1123,1137,1103,534,1153,474,1147
1139,1127,1126,1076,1124,1125,1140
1140,1128,1127,1139,1111
1141,1130,1131,1142,1148,1129
1142,1132,1143,1141,1131,1148,1149
1143,1149,1150,1144,1142,1132,1133
1144,1145,1151,1134,1143,1150,1133
1145,1144,1151,1135,1146,1152,1134
1146,1147,1153,1145,1135,1136,1152
1147,1146,1153,1137,1138,1136
1148,1154,1129,1141,1142,1149
1149,1143,1150,1142,1148,1155,1154
1150,1155,1156,1149,1143,1144,1151
1151,1144,1145,1152,1150,1156,1157
1152,1153,1157,1151,1145,1146
1153,1152,1157,1146,1147,1138,534,564,1160
1154,1148,1129,1158,1149,1155
1155,1150,1156,1159,1149,1154,1158
1156,1155,1150,1151,1157,1159,1160
1157,1152,1153,1156,1151,1160
1158,1154,1129,1155,1159,1160
1159,1155,1156,1160,1158
1160,1153,564,1159,1156,1157,1158
1161,1259,591,1218,1232,1283,1231
1162,1207,1225,1257,1350,1268,1234
1163,1276,1239,1275,1267,1209,1217
1164,614,593,1277,1222,615,1283,1165
1165,1222,1245,616,1164,615
1166,1253,1202,1254,1212,1256,1255
1167,1341,1274,1252,1340,1287,1214
1168,1346,1194,1189,1233,1299,1221
1169,1191,1236,1216,1280,1264,1281
1170,1270,1271,1235,1205,1197,1315
1171,1190,1210,1247,1279,1243,1278
1172,1196,1173,584,583,1220,1186
1173,1196,1314,1172,585,584
1174,1345,1300,1284,1199,1193,1265
1175,1228,26,1297,1296,1227,1182
1176,1302,1301,1303,1211,1242,1183
1177,1213,1180,1304,1305,1306,1237
1178,1244,1185,1206,1251,1250,1249
1179,1262,1261,1184,1203,1263,1260
1180,1177,1213,1237,1334,1333,1331
1181,1187,1192,1286,1294,1269,1295
1182,1310,1227,1311,1312,1228,1175
1183,1337,1211,1336,1335,1242,1176
1184,1203,1313,1179,1314,1352,1260
1185,1244,1178,1246,1248,1245,1206
1186,1328,1327,1326,1196,1172,1220
1187,1181,1192,1309,1308,1269,1307
1188,1318,1224,1198,1288,1290,1289
1189,1321,1322,1168,1233,1221,1320
1190,1320,1243,1210,1171,1319,1291
1191,1323,1322,1236,1169,1321,1216
1192,1332,1307,1187,1181,1343,1286
1193,1324,1323,1174,1199,1265,1325
1194,1208,1342,1346,1168,1273,1299
1195,16,1339,1330,1338,3,15
1196,1173,1314,1172,1313,1326,1186
1197,1205,1339,17,1316,1170,1315
1198,1318,1317,1291,1290,1188,1319
1199,1284,1174,1326,1327,1193,1325
1200,1334,1335,1229,1201,1240,1336
1201,1229,1200,1240,1347,1298,1345
1202,1309,1310,1166,1253,1311,1212
1203,1184,1313,1179,1324,1325,1263
1204,1223,1262,1261,607,590,589,606
1205,1197,1339,1270,1337,1170,1338
1206,1185,1178,1248,1290,1289,1251
1207,1162,1225,1305,1234,1303,1304
1208,1194,1342,1332,1331,1273,1333
1209,1163,1239,1294,1295,1296,1217
1210,1190,1171,1246,1247,1291,1248
1211,1330,1301,1338,1183,1337,1176
1212,1308,1306,1309,1202,1166,1256
1213,1307,1331,1177,1180,1308,1306
1214,1167,1252,1289,1288,1287,1251
1215,1285,11,1302,1301,1348,1,2
1216,1324,1323,1263,1264,1191,1169
1217,1163,1267,1209,1292,1294,1293
1218,1161,1232,1280,1279,1278,1231
1219,1220,582,1329,1272,581
1220,582,1219,1329,583,1172,1186,1328
1221,1317,1319,1320,1189,1168,1346
1222,1245,1165,1277,1164,1247,1246
1223,1262,1264,1281,1282,1204,590
1224,1266,1293,1292,1318,1188,1288
1225,1162,1207,1285,1268,1302,1303
1226,1271,1347,1328,1235,1284,1327
1227,1269,1310,1182,1296,1175,1295
1228,26,27,1175,1312,28,1182
1229,1201,1200,1273,1333,1334,1298
1230,1257,1350,33,34,10,1254,1255
1231,1277,1283,1161,1278,1218
1232,1259,1282,1218,1161,1281,1280
1233,1265,1300,1168,1189,1322,1299
1234,1305,1207,1256,1255,1162,1257
1235,1170,1271,1328,1226,1315,1329
1236,1191,1169,1280,1279,1243,1321
1237,1242,1304,1335,1180,1177,1334
1238,1253,1311,7,8,9,1312
1239,1297,1258,1276,1163,1296,1209
1240,1336,1270,1271,1347,1200,1201
1241,5,4,6,1275,1341,1274
1242,1304,1237,1335,1303,1183,1176
1243,1320,1190,1279,1171,1236,1321
1244,1185,1178,1245,1249,618,617
1245,1222,1165,1246,1185,1244,616,617
1246,1185,1248,1210,1247,1245,1222
1247,1210,1246,1278,1277,1171,1222
1248,1185,1246,1291,1290,1206,1210
1249,618,619,1250,1178,1244
1250,594,619,1251,1252,1249,1178
1251,1250,1252,1206,1178,1289,1214
1252,1167,1340,1214,1250,1251,594
1253,1254,9,1238,1311,1166,1202
1254,10,9,1253,1166,1230,1255
1255,1256,1234,1257,1230,1254,1166
1256,1234,1255,1166,1212,1305,1306
1257,1350,1230,1162,1255,1234
1258,25,24,1239,1297,1349,1276
1259,1232,1282,1161,591,1353,609,610
1260,1261,589,1179,1184,1352,588
1261,1179,1262,1260,589,1204
1262,1179,1261,1223,1264,1204,1263
1263,1216,1324,1264,1262,1179,1203
1264,1223,1262,1263,1216,1281,1169
1265,1300,1233,1322,1323,1174,1193
1266,1344,1343,1293,1224,1318,1286
1267,1287,1274,1275,1163,1217,1292
1268,36,1351,1225,1285,1162,35,1350
1269,1227,1310,1181,1187,1295,1309
1270,1336,1240,1337,1271,1170,1205
1271,1240,1270,1226,1347,1170,1235
1272,581,19,1316,1315,1329,1219
1273,1298,1299,1229,1333,1194,1208
1274,1341,1167,1241,1287,1267,1275
1275,6,1241,1276,1274,1267,1163
1276,6,1275,1349,1163,1239,1258
1277,1283,1231,1222,1164,1278,1247
1278,1247,1277,1231,1171,1279,1218
1279,1218,1280,1236,1243,1171,1278
1280,1218,1279,1169,1236,1281,1232
1281,1282,1223,1264,1169,1280,1232
1282,1232,1259,1281,1223,1353,590
1283,1277,1231,1161,591,593,592,1164
1284,1174,1199,1226,1327,1347,1345
1285,1215,11,1302,1225,1268,1351
1286,1293,1294,1181,1192,1343,1266
1287,1288,1292,1267,1274,1167,1214
1288,1287,1292,1188,1224,1289,1214
1289,1290,1188,1206,1288,1214,1251
1290,1291,1198,1188,1248,1289,1206
1291,1198,1290,1319,1248,1190,1210
1292,1287,1288,1217,1267,1293,1224
1293,1286,1294,1266,1224,1217,1292
1294,1293,1286,1181,1209,1295,1217
1295,1181,1269,1209,1294,1296,1227
1296,1227,1175,1239,1297,1295,1209
1297,1239,1258,1175,26,25,1296
1298,1300,1345,1273,1299,1201,1229
1299,1298,1273,1300,1194,1233,1168
1300,1345,1298,1174,1265,1233,1299
1301,1211,1330,1302,1176,1348,1215
1302,1176,1301,1215,1285,1303,1225
1303,1176,1302,1207,1225,1304,1242
1304,1242,1237,1207,1305,1303,1177
1305,1207,1234,1304,1256,1306,1177
1306,1212,1308,1256,1305,1177,1213
1307,1213,1331,1192,1332,1187,1308
1308,1309,1187,1212,1306,1307,1213
1309,1202,1310,1187,1308,1212,1269
1310,1227,1269,1182,1309,1202,1311
1311,1253,1238,1310,1202,1182,1312
1312,7,28,1228,1182,1311,1238
1313,1203,1184,1326,1325,1314,1196
1314,1352,586,1173,1196,1184,1313,585
1315,1316,1272,1170,1235,1197,1329
1316,18,19,1315,1272,17,1197
1317,1319,1221,1318,1198,1344,1346
1318,1344,1266,1224,1188,1198,1317
1319,1317,1221,1190,1320,1198,1291
1320,1190,1243,1221,1189,1321,1319
1321,1322,1189,1191,1320,1243,1236
1322,1321,1189,1191,1323,1265,1233
1323,1324,1216,1191,1322,1193,1265
1324,1323,1216,1263,1193,1325,1203
1325,1326,1199,1313,1193,1324,1203
1326,1327,1199,1325,1313,1186,1196
1327,1186,1328,1326,1199,1226,1284
1328,1186,1327,1235,1226,1329,1220
1329,1219,1220,1235,1328,1315,1272
1330,1211,1301,1338,1195,1348,3
1331,1213,1307,1180,1333,1332,1208
1332,1192,1307,1208,1342,1343,1331
1333,1273,1229,1334,1180,1331,1208
1334,1200,1335,1180,1237,1333,1229
1335,1334,1200,1242,1237,1183,1336
1336,1240,1270,1337,1183,1335,1200
1337,1183,1211,1270,1336,1205,1338
1338,1330,1211,1195,1339,1337,1205
1339,16,1195,1205,1197,1338,17
1340,1252,1167,622,1341,595,594
1341,1167,1274,1241,4,622,1340
1342,1194,1208,1332,1343,1346,1344
1343,1344,1266,1332,1192,1342,1286
1344,1343,1266,1318,1346,1342,1317
1345,1300,1298,1174,1347,1201,1284
1346,1168,1194,1342,1344,1221,1317
1347,1226,1271,1240,1201,1345,1284
1348,1330,1301,1215,3,2
1349,1276,6,24,23,1258
1350,35,34,1257,1230,1162,1268
1351,36,1268,37,11,1285
1352,586,587,1314,1184,1260,588
1353,590,608,1259,1282,609
