1,7,35,8,1468,2,9
2,9,10,1534,1535,1468,1
3,19,18,4,17,1532,1739
4,20,19,3,1472,1532,1528
5,26,1741,1533,6,28,27
6,1539,1522,28,29,5,1533
7,1,35,1589,1742,1468,34
8,9,37,36,1,35,71
9,8,37,38,10,2,1
10,11,39,38,9,2,1535
11,10,39,40,1535,1715,1743
12,1743,41,42,13,1731,1732
13,43,14,12,42,1730,1731
14,43,13,791,755,1730,1729
15,1736,1632,45,44,728,16
16,17,1739,15,1736,45,46
17,16,1739,18,47,3,46
18,19,3,17,47,49,48
19,18,3,20,4,50,49
20,19,4,21,51,50,1472
21,1582,1596,20,51,52,1472
22,1744,1684,1683,55,54,23
23,55,56,1683,22,1682,24
24,1682,1740,23,57,56,25
25,58,57,26,1741,24,1740
26,59,58,25,1741,5,27
27,28,5,26,61,60,59
28,6,29,62,61,5,27
29,28,6,1522,62,63,30
30,64,1690,63,29,1522,1689
31,66,67,1655,1659,32,1745
32,67,68,33,1656,1655,31
33,34,69,1742,32,68,1656
34,33,69,7,1742,70,35
35,7,1,8,70,34,71
36,110,72,73,37,8,71
37,74,73,8,9,36,38
38,74,37,9,75,10,39
39,10,11,40,75,38,76
40,77,76,11,39,1743,41
41,1743,12,40,77,78,42
42,79,43,12,41,13,78
43,79,42,13,14,80,791
44,81,790,15,45,754,728
45,82,81,15,44,46,16
46,83,82,45,47,17,16
47,17,18,48,84,83,46
48,47,84,85,18,49,86
49,86,87,18,48,19,50
50,19,49,87,88,20,51
51,89,88,20,21,52,50
52,89,90,1596,53,21,51
53,52,1596,91,90,54,1744
54,22,55,1744,92,91,53
55,23,56,93,22,54,92
56,55,23,93,94,57,24
57,58,25,56,24,95,94
58,26,59,57,25,95,96
59,60,97,26,58,96,27
60,59,97,99,98,61,27
61,28,62,27,60,99,100
62,100,101,28,29,61,63
63,64,30,102,62,29,101
64,30,1690,65,103,63,102
65,103,64,1745,1690,104,66
66,67,105,104,65,31,1745
67,32,68,66,105,106,31
68,67,32,107,69,106,33
69,33,34,70,108,107,68
70,69,108,109,71,34,35
71,70,109,110,8,36,35
72,110,36,73,111,152,112
73,74,37,113,72,36,112
74,73,37,114,75,113,38
75,114,74,38,115,39,76
76,116,115,40,77,39,75
77,40,76,116,41,78,117
78,79,118,77,41,117,42
79,118,78,42,43,80,119
80,791,830,120,119,79,43
81,45,82,44,790,121,829
82,83,122,45,81,121,46
83,122,82,123,46,47,84
84,85,124,47,48,83,123
85,86,126,125,84,124,48
86,85,126,49,87,127,48
87,86,49,127,128,50,88
88,51,89,87,50,129,128
89,52,90,51,88,130,129
90,89,52,91,131,130,53
91,92,132,131,90,53,54
92,132,91,133,55,93,54
93,56,55,92,94,134,133
94,93,56,95,57,134,135
95,58,96,136,94,57,135
96,97,137,136,59,95,58
97,59,60,96,137,138,98
98,139,140,138,60,99,97
99,60,98,61,140,141,100
100,62,101,99,61,141,142
101,100,62,143,102,142,63
102,143,101,144,63,64,103
103,144,145,65,64,104,102
104,146,105,103,145,65,66
105,66,67,146,104,106,147
106,147,148,67,68,105,107
107,68,69,108,149,106,148
108,69,70,109,107,149,150
109,70,108,71,110,150,151
110,36,72,109,71,151,152
111,153,197,154,112,152,72
112,154,155,113,111,72,73
113,156,114,112,155,74,73
114,74,75,156,113,115,157
115,158,157,116,76,75,114
116,115,158,117,159,76,77
117,159,116,118,160,77,78
118,79,78,160,117,119,161
119,162,161,120,118,80,79
120,872,917,119,162,80,830
121,81,82,122,164,163,829
122,83,82,164,165,123,121
123,122,83,124,166,165,84
124,167,166,84,85,125,123
125,168,167,85,126,124,169
126,85,86,125,169,170,127
127,86,87,128,170,171,126
128,127,87,171,172,129,88
129,130,173,172,128,88,89
130,131,174,173,129,90,89
131,175,174,130,132,91,90
132,92,91,175,176,131,133
133,134,177,132,92,176,93
134,177,133,135,178,94,93
135,134,178,136,179,95,94
136,179,180,137,135,96,95
137,181,180,138,96,97,136
138,181,137,139,98,182,97
139,98,140,138,182,184,183
140,139,98,141,185,99,184
141,186,185,140,99,142,100
142,143,187,186,141,100,101
143,101,102,188,144,142,187
144,103,145,188,143,102,189
145,190,146,144,103,104,189
146,190,145,104,105,191,147
147,106,148,105,192,191,146
148,147,106,192,149,193,107
149,107,108,148,193,194,150
150,108,109,149,194,195,151
151,196,195,109,110,152,150
152,111,72,151,110,197,196
153,199,198,111,197,154,245
154,112,155,111,153,199,200
155,154,112,201,200,113,156
156,202,157,113,114,201,155
157,115,158,202,156,114,203
158,204,159,115,157,116,203
159,160,205,204,158,117,116
160,205,159,118,117,206,161
161,207,206,162,119,118,160
162,161,207,119,120,917,208
163,916,209,164,121,829,871
164,122,165,163,209,210,121
165,166,211,164,122,210,123
166,211,165,124,167,123,212
167,168,213,212,125,124,166
168,213,167,125,215,214,169
169,170,216,215,126,125,168
170,169,216,217,171,127,126
171,217,170,127,128,172,218
172,218,219,173,128,171,129
173,219,172,130,174,220,129
174,175,131,221,130,173,220
175,222,176,174,131,221,132
176,223,177,222,175,132,133
177,134,133,223,176,178,224
178,224,225,177,179,134,135
179,226,225,136,180,178,135
180,181,137,227,226,179,136
181,180,137,138,227,182,228
182,229,228,138,139,181,183
183,184,231,182,139,229,230
184,183,231,185,232,140,139
185,186,141,140,232,184,233
186,185,141,233,187,234,142
187,142,143,186,234,235,188
188,235,236,143,144,187,189
189,190,237,145,144,188,236
190,145,146,189,237,238,191
191,192,239,238,190,146,147
192,240,193,239,191,147,148
193,240,192,148,149,194,241
194,242,241,195,193,149,150
195,196,151,194,242,150,243
196,197,244,195,151,152,243
197,111,153,196,244,152,245
198,199,153,246,296,247,245
199,198,153,248,200,247,154
200,201,155,249,248,199,154
201,200,155,249,202,250,156
202,156,157,251,203,250,201
203,251,202,158,157,252,204
204,158,159,253,205,203,252
205,160,159,253,254,204,206
206,207,161,205,160,254,255
207,206,161,162,256,255,208
208,965,917,257,256,207,162
209,916,163,964,258,210,164
210,258,209,259,165,211,164
211,259,260,166,165,212,210
212,213,167,261,260,211,166
213,168,167,212,261,262,214
214,264,215,263,262,213,168
215,265,264,216,169,214,168
216,169,170,215,266,265,217
217,170,171,216,266,218,267
218,268,267,172,219,217,171
219,218,172,173,268,269,220
220,269,270,219,173,174,221
221,175,174,271,270,220,222
222,175,176,223,272,271,221
223,176,177,222,273,224,272
224,178,225,177,273,274,223
225,226,179,224,178,274,275
226,227,180,225,179,276,275
227,226,180,181,276,228,277
228,229,182,181,277,278,227
229,279,278,228,182,183,230
230,280,279,229,281,183,231
231,183,184,232,282,281,230
232,185,184,231,282,283,233
233,186,185,283,284,232,234
234,186,187,284,285,235,233
235,188,236,286,285,234,187
236,286,287,235,188,189,237
237,238,288,189,190,287,236
238,237,288,239,289,191,190
239,238,289,192,191,240,290
240,241,291,192,193,290,239
241,291,240,242,292,194,193
242,241,292,293,243,194,195
243,293,242,244,196,195,294
244,196,197,294,295,243,245
245,244,197,153,295,296,198
246,198,296,247,298,350,297
247,248,299,298,198,246,199
248,299,247,199,200,249,300
249,200,201,301,300,248,250
250,202,201,302,251,249,301
251,252,303,202,203,302,250
252,303,251,203,304,253,204
253,205,254,204,304,252,305
254,253,205,206,255,306,305
255,207,256,306,307,254,206
256,207,255,308,307,257,208
257,308,1070,256,1016,208,965
258,309,964,209,259,310,210
259,211,260,258,310,311,210
260,312,311,259,211,261,212
261,262,313,312,260,212,213
262,313,261,314,263,214,213
263,316,315,264,314,214,262
264,265,215,317,316,214,263
265,264,215,216,266,318,317
266,216,265,318,319,267,217
267,218,268,320,319,266,217
268,321,269,218,267,320,219
269,270,322,321,268,220,219
270,322,269,271,323,221,220
271,323,270,221,272,222,324
272,273,325,271,222,223,324
273,326,325,272,224,274,223
274,273,224,275,327,225,326
275,327,274,328,276,225,226
276,329,328,227,226,275,277
277,228,278,227,329,276,330
278,279,229,330,331,277,228
279,278,229,331,280,230,332
280,334,333,281,279,230,332
281,280,334,230,231,282,335
282,231,232,336,283,281,335
283,336,282,232,233,284,337
284,234,285,338,337,283,233
285,286,339,338,284,234,235
286,236,287,340,285,339,235
287,288,341,286,236,340,237
288,287,341,237,238,289,342
289,238,239,288,343,342,290
290,240,291,344,239,343,289
291,345,344,241,240,290,292
292,241,242,346,293,345,291
293,242,243,346,292,347,294
294,348,347,244,295,243,293
295,296,349,294,244,348,245
296,295,349,198,246,350,245
297,407,350,352,298,351,246
298,247,299,352,297,353,246
299,248,247,300,354,298,353
300,299,354,355,301,249,248
301,355,300,249,302,356,250
302,357,356,303,251,250,301
303,252,251,357,302,304,358
304,303,252,358,359,253,305
305,360,359,306,304,254,253
306,255,307,360,361,305,254
307,306,255,362,361,256,308
308,257,1070,363,362,256,307
309,258,964,310,364,1015,1069
310,309,364,311,365,258,259
311,312,260,365,310,259,366
312,311,260,313,367,366,261
313,262,261,367,312,314,368
314,369,315,313,262,263,368
315,316,371,369,314,263,370
316,371,315,372,317,263,264
317,372,316,265,318,373,264
318,319,374,265,317,266,373
319,374,318,375,266,267,320
320,376,375,267,268,319,321
321,268,269,377,322,376,320
322,323,378,270,269,377,321
323,378,322,271,270,379,324
324,380,379,325,323,271,272
325,273,326,272,380,324,381
326,382,381,273,325,327,274
327,275,274,382,326,383,328
328,276,329,383,327,275,384
329,276,328,385,384,330,277
330,278,331,385,329,277,386
331,330,278,279,386,332,387
332,388,333,331,279,387,280
333,280,334,388,332,389,390
334,280,333,281,390,391,335
335,391,392,281,282,334,336
336,282,283,335,392,393,337
337,338,394,393,284,336,283
338,339,395,337,394,285,284
339,396,340,395,338,285,286
340,396,339,287,286,397,341
341,287,288,397,340,398,342
342,289,343,399,341,288,398
343,399,400,289,342,344,290
344,401,400,345,291,290,343
345,344,291,401,402,292,346
346,292,293,347,345,403,402
347,404,348,294,293,346,403
348,404,347,294,295,349,405
349,295,296,405,406,350,348
350,407,406,349,297,296,246
351,352,409,408,297,466,407
352,353,410,351,409,297,298
353,352,410,354,299,411,298
354,299,300,353,355,411,412
355,300,301,354,412,356,413
356,357,302,301,413,414,355
357,356,302,303,414,415,358
358,416,415,303,304,357,359
359,360,305,358,304,417,416
360,359,305,418,361,306,417
361,418,360,306,419,362,307
362,363,420,419,361,307,308
363,421,1127,362,420,308,1070
364,1126,1069,309,310,422,365
365,423,422,311,310,366,364
366,424,423,367,365,311,312
367,313,312,425,424,368,366
368,426,369,314,425,367,313
369,426,368,314,315,370,427
370,428,427,371,429,315,369
371,316,315,429,430,372,370
372,316,317,373,431,430,371
373,431,372,374,432,317,318
374,319,318,375,433,432,373
375,376,320,434,433,374,319
376,375,320,377,321,435,434
377,321,322,378,436,376,435
378,323,322,437,436,377,379
379,438,437,380,324,378,323
380,379,324,325,381,439,438
381,382,326,380,325,439,440
382,440,441,381,326,327,383
383,441,442,384,382,327,328
384,329,385,442,383,328,443
385,329,384,330,386,443,444
386,331,330,385,444,445,387
387,386,445,388,446,331,332
388,332,333,446,447,389,387
389,390,448,388,447,333
390,389,448,334,391,333,449
391,335,392,390,334,450,449
392,391,335,451,450,393,336
393,394,452,337,451,392,336
394,453,395,337,338,452,393
395,453,394,339,338,396,454
396,339,340,397,455,395,454
397,455,396,456,398,340,341
398,399,457,456,397,341,342
399,398,457,343,400,458,342
400,401,344,399,343,458,459
401,400,344,345,402,460,459
402,461,460,401,345,346,403
403,346,347,404,402,461,462
404,347,348,403,405,463,462
405,349,406,463,404,348,464
406,407,350,405,349,465,464
407,406,350,465,466,297,351
408,468,467,409,523,466,351
409,469,468,408,351,352,410
410,352,353,409,470,469,411
411,471,470,353,354,412,410
412,471,472,411,354,413,355
413,356,414,472,412,473,355
414,415,474,413,356,473,357
415,416,358,414,474,357,475
416,415,358,417,476,475,359
417,418,477,476,416,359,360
418,419,478,417,477,360,361
419,479,478,418,361,420,362
420,480,479,362,363,419,421
421,363,1127,1234,480,420,1184
422,482,481,423,365,1126,364
423,483,424,422,365,366,482
424,483,423,366,367,425,484
425,367,424,485,484,368,426
426,368,369,427,486,485,425
427,486,426,370,428,487,369
428,429,488,370,427,487
429,488,489,428,430,371,370
430,431,490,489,429,372,371
431,490,430,373,372,491,432
432,492,433,491,431,374,373
433,492,432,493,434,375,374
434,493,494,433,375,376,435
435,494,495,376,377,436,434
436,437,496,378,377,435,495
437,438,379,497,496,436,378
438,437,379,498,497,439,380
439,499,440,498,438,380,381
440,382,441,499,439,500,381
441,440,382,501,442,383,500
442,501,441,383,384,502,443
443,503,502,385,384,442,444
444,385,386,503,504,443,445
445,446,505,504,444,386,387
446,445,505,447,506,388,387
447,446,506,388,389,448
448,507,658,449,506,389,390,447
449,507,448,391,390,450
450,451,507,392,391,449
451,507,450,392,508,452,393
452,394,393,509,453,508,451
453,394,395,509,452,510,454
454,510,453,511,455,395,396
455,397,396,512,511,454,456
456,457,513,397,398,512,455
457,398,399,458,514,456,513
458,457,514,399,400,459,515
459,516,460,458,400,401,515
460,402,461,401,517,516,459
461,518,517,402,460,462,403
462,518,519,461,463,403,404
463,464,520,405,404,462,519
464,463,520,521,465,406,405
465,407,466,522,521,406,464
466,523,408,522,465,407,351
467,468,408,523,525,524,571
468,467,408,409,469,525,526
469,409,468,527,526,470,410
470,411,471,528,469,410,527
471,411,470,528,412,472,529
472,471,412,413,473,529,530
473,472,413,530,531,414,474
474,414,415,532,531,473,475
475,533,532,416,476,474,415
476,477,534,417,416,475,533
477,417,418,534,476,535,478
478,479,419,418,536,535,477
479,478,419,480,420,537,536
480,479,420,537,1234,421,538
481,482,422,1233,539,1126,1183
482,481,422,483,423,539
483,423,424,539,484,482
484,539,483,485,425,424
485,484,425,486,426,539
486,427,426,487,539,485
487,583,619,488,540,709,428,427,1423,486,539,1177
488,540,487,429,489,428
489,541,540,488,429,430,490
490,431,430,541,542,489,491
491,432,492,542,543,431,490
492,432,433,493,491,543,544
493,492,433,434,494,545,544
494,495,546,435,493,434,545
495,546,494,435,496,547,436
496,548,547,495,497,437,436
497,498,549,438,548,496,437
498,549,497,438,550,499,439
499,439,440,551,550,498,500
500,441,501,440,552,551,499
501,441,442,553,502,552,500
502,553,501,443,503,442,554
503,443,502,555,554,444,504
504,555,556,505,503,444,445
505,445,446,506,556,504
506,446,447,556,505,658,598,448
507,451,450,448,658,449,557,508
508,557,509,451,452,507
509,557,508,452,453,510
510,509,453,454,511,557,558
511,512,455,510,454,558,559
512,513,560,511,455,456,559
513,560,512,456,457,561,514
514,562,561,457,458,513,515
515,459,516,458,562,514,563
516,564,517,459,460,515,563
517,518,461,564,565,516,460
518,517,461,462,519,565,566
519,518,462,567,520,566,463
520,568,521,567,519,463,464
521,568,520,464,569,522,465
522,466,523,570,569,465,521
523,571,570,466,408,467,522
524,573,572,611,571,467,525
525,467,468,573,524,526,574
526,527,469,468,525,575,574
527,526,469,575,528,576,470
528,577,576,527,470,471,529
529,578,577,530,528,471,472
530,578,529,531,579,473,472
531,579,530,473,474,532,580
532,475,533,581,474,531,580
533,475,532,581,582,476,534
534,477,476,535,533,582
535,534,477,478,536,582
536,478,535,537,479,582
537,536,479,480,582,538
538,582,1280,537,480,1234
539,483,484,1232,1233,486,487,485,482,1177,481
540,489,541,488,487,583
541,490,542,489,540,584,583
542,541,490,584,491,543,585
543,586,544,542,491,492,585
544,586,543,493,545,587,492
545,493,544,546,494,587,588
546,495,494,589,588,547,545
547,590,589,496,548,546,495
548,591,549,496,547,590,497
549,592,550,591,548,498,497
550,592,549,498,551,593,499
551,552,594,593,550,499,500
552,594,551,595,501,553,500
553,501,502,552,595,554,596
554,597,596,553,502,555,503
555,556,598,597,504,554,503
556,555,598,506,505,504
557,508,509,658,507,599,510,558
558,559,599,557,510,511
559,599,558,560,511,512
560,513,512,561,599,559,600
561,514,562,560,513,600,601
562,602,563,514,561,601,515
563,602,562,603,564,515,516
564,565,604,517,603,563,516
565,604,564,517,518,605,566
566,567,606,605,565,518,519
567,606,607,519,520,566,568
568,520,521,569,608,567,607
569,608,568,521,570,609,522
570,571,523,610,609,522,569
571,570,523,524,611,610,467
572,573,524,613,612,643,611
573,572,524,613,525,574,614
574,614,615,573,525,575,526
575,576,616,574,526,527,615
576,528,577,575,616,527,617
577,528,576,578,529,617,618
578,577,529,530,618,579
579,531,530,618,578,580
580,618,579,532,531,581
581,532,533,618,580,582
582,538,1280,1322,618,581,533,534,535,536,537
583,584,619,487,541,540
584,583,619,541,542,585,620
585,543,586,621,620,542,584
586,543,544,587,622,585,621
587,586,544,588,623,545,622
588,624,589,546,623,587,545
589,625,590,624,547,588,546
590,625,589,547,591,548,626
591,548,549,626,627,592,590
592,549,550,628,627,593,591
593,594,629,551,550,592,628
594,630,629,595,593,552,551
595,630,594,631,552,553,596
596,554,597,632,553,595,631
597,554,596,632,555,598
598,555,556,597,658,506,657,632
599,559,558,658,633,557,560,600
600,633,601,561,599,560
601,633,600,562,602,561
602,562,563,603,634,633,601
603,635,604,563,564,602,634
604,565,564,635,603,636,605
605,636,637,604,606,566,565
606,567,607,566,638,605,637
607,606,567,638,568,608,639
608,640,639,609,569,568,607
609,641,640,610,570,608,569
610,609,570,611,571,642,641
611,524,571,610,643,572,642
612,643,667,644,645,613,572
613,614,645,573,572,612
614,615,645,613,574,573
615,614,645,574,616,575
616,575,576,615,645,617
617,577,618,576,616,645
618,617,577,1322,1382,645,582,578,579,580,581
619,583,584,487,668,686,620,646,700,709
620,646,619,621,585,584
621,622,647,620,646,586,585
622,623,648,586,587,621,647
623,624,649,588,587,622,648
624,623,649,650,625,589,588
625,626,651,650,624,589,590
626,625,651,591,627,652,590
627,628,653,626,591,592,652
628,653,627,592,629,654,593
629,594,630,593,655,654,628
630,594,629,595,631,656,655
631,657,656,630,595,632,596
632,597,596,657,631,598
633,658,599,634,602,600,601
634,602,603,633,658,635
635,603,604,659,658,634,636
636,659,635,605,637,604,660
637,636,605,661,660,606,638
638,607,606,639,662,637,661
639,640,608,663,638,662,607
640,639,608,663,641,664,609
641,665,664,640,609,642,610
642,666,665,641,610,643,611
643,612,667,666,572,611,642
644,699,685,667,612,708,645
645,614,615,613,644,612,616,617,618
646,647,668,620,619,621
647,646,668,669,648,621,622
648,669,647,670,649,622,623
649,623,624,650,671,648,670
650,649,671,672,651,624,625
651,673,672,625,626,650,652
652,653,674,673,651,626,627
653,628,627,674,652,675,654
654,676,675,655,629,628,653
655,654,629,676,677,656,630
656,631,657,677,655,630
657,631,656,677,694,658,632,598
658,599,633,448,507,557,635,659,634,694,657,598,506,678
659,678,660,635,658,636
660,678,659,661,637,636
661,662,679,660,637,678,638
662,661,679,638,639,663,680
663,639,640,664,680,662,681
664,641,665,640,663,682,681
665,642,666,682,683,641,664
666,642,665,683,643,667,684
667,643,612,666,685,644,684
668,686,619,646,647,669
669,647,668,648,687,670,686
670,687,669,648,649,671,688
671,649,650,672,689,688,670
672,673,651,671,650,689,690
673,672,651,691,690,652,674
674,653,652,691,673,692,675
675,692,674,676,693,654,653
676,677,694,675,693,654,655
677,694,676,656,657,655
678,659,660,661,679,658,695,707
679,661,662,678,680,695
680,679,695,663,662,681
681,680,695,682,696,663,664
682,665,683,664,681,696,697
683,682,665,666,698,697,684
684,699,698,683,666,667,685
685,699,644,667,684
686,668,619,700,687,669
687,700,701,686,688,669,670
688,702,701,689,687,671,670
689,702,688,672,671,703,690
690,704,703,691,673,689,672
691,704,705,692,690,673,674
692,691,705,674,693,706,675
693,706,692,694,675,676
694,706,693,677,676,716,657,658
695,679,680,707,678,681,696
696,681,682,697,707,695
697,696,707,698,682,683
698,684,699,697,707,708,683
699,684,698,685,644,708
700,686,619,687,701,709
701,702,688,709,710,700,687
702,701,688,689,710,711,703
703,690,704,711,712,702,689
704,691,705,690,703,713,712
705,704,691,713,706,692
706,713,705,693,692,694,716
707,695,678,696,697,698,708
708,698,699,707,644
709,710,714,701,619,700,717,487,1423
710,709,714,701,711,702
711,714,715,710,712,703,702
712,715,716,713,711,703,704
713,705,706,716,712,704
714,709,710,711,715,717
715,714,711,712,716,717
716,715,712,713,717,706,694
717,715,716,714,709
718,738,739,1748,1680,1681,719
719,1681,720,739,740,741,718
720,1681,719,1599,741,742,721
721,743,742,720,1599,1598,1749
722,1464,747,723,748,1471,1477
723,1471,1746,722,748,724,749
724,725,750,1746,1698,723,749
725,724,750,751,1698,726,752
726,727,753,752,725,1606,1698
727,754,753,728,1543,726,1606
728,44,754,1632,15,727,1543
729,1750,1718,759,760,730,1653
730,760,761,731,1653,1747,729
731,763,762,1747,732,730,761
732,1747,731,763,733,764,1719
733,765,764,734,732,1475,1719
734,766,765,735,1474,1475,733
735,767,766,1751,1476,1474,734
736,1679,1678,1631,769,737,770
737,738,771,770,736,1631,1748
738,718,739,737,771,1748,772
739,738,718,719,740,773,772
740,739,719,773,741,775,774
741,776,775,740,719,720,742
742,721,743,777,776,720,741
743,721,742,777,778,1749,744
744,779,778,1749,1624,745,743
745,1624,1561,746,780,779,744
746,1464,747,781,745,1561,780
747,746,1464,722,748,782,781
748,783,782,749,722,723,747
749,748,783,784,750,723,724
750,785,784,749,724,725,751
751,787,786,725,750,785,752
752,788,787,726,753,751,725
753,754,727,726,752,788,789
754,753,727,44,728,790,789
755,1563,756,791,14,792,1729
756,755,1563,757,793,792,1562
757,1565,1562,756,793,758,794
758,759,795,1565,757,1750,794
759,795,758,729,760,796,1750
760,730,761,797,759,729,796
761,760,730,731,797,762,798
762,763,731,800,798,761,799
763,762,731,764,801,800,732
764,801,763,765,802,733,732
765,766,734,764,802,733,803
766,735,767,804,803,765,734
767,735,766,1751,768,804,805
768,767,1751,769,806,1679,805
769,768,806,1679,736,807,770
770,737,771,736,808,769,807
771,737,738,770,809,772,808
772,809,810,771,773,739,738
773,772,810,739,740,811,774
774,775,813,812,773,740,811
775,776,741,774,813,740,814
776,775,741,815,814,742,777
777,743,778,742,776,816,815
778,817,816,777,743,744,779
779,744,778,818,817,745,780
780,745,746,779,818,781,819
781,820,782,746,747,819,780
782,748,783,820,781,747,821
783,748,782,749,784,822,821
784,750,785,749,783,823,822
785,750,784,786,824,823,751
786,787,751,825,824,826,785
787,786,751,752,788,827,826
788,752,787,827,753,789,828
789,754,790,829,753,828,788
790,44,81,754,789,829
791,80,830,43,14,755,792,831
792,793,756,755,791,831,832
793,756,757,794,833,792,832
794,833,834,793,758,795,757
795,759,758,796,794,834,835
796,795,759,760,797,835,836
797,761,760,837,798,796,836
798,837,797,762,761,799,838
799,762,800,798,840,839,838
800,841,801,762,763,840,799
801,841,800,764,763,802,842
802,764,765,801,842,843,803
803,844,843,804,766,765,802
804,803,766,844,767,805,845
805,806,846,804,767,845,768
806,846,805,768,769,807,847
807,848,808,806,769,847,770
808,849,809,848,807,770,771
809,849,808,772,810,850,771
810,809,772,811,851,773,850
811,810,851,773,852,812,774
812,774,813,854,853,852,811
813,774,775,812,814,855,854
814,776,815,856,775,855,813
815,776,814,816,857,856,777
816,778,817,815,857,858,777
817,778,816,858,859,779,818
818,860,859,819,779,817,780
819,818,860,781,780,820,861
820,821,862,781,782,819,861
821,862,820,822,863,783,782
822,863,821,783,864,823,784
823,865,864,822,784,824,785
824,825,786,866,785,865,823
825,867,866,824,786,826,868
826,786,825,787,827,869,868
827,787,826,788,828,870,869
828,829,871,789,827,870,788
829,789,790,163,121,81,828,871
830,831,872,80,791,120
831,872,830,873,791,792,832
832,874,873,833,831,792,793
833,794,834,793,874,832,875
834,833,794,835,876,795,875
835,877,876,836,834,795,796
836,877,835,878,797,837,796
837,797,798,838,836,878,879
838,879,880,837,798,799,839
839,882,881,840,799,838,880
840,800,841,882,883,839,799
841,800,801,840,842,884,883
842,801,802,841,884,843,885
843,844,886,803,885,842,802
844,886,843,803,845,887,804
845,844,887,805,846,804,888
846,806,805,845,888,889,847
847,890,889,846,806,807,848
848,807,808,849,890,847,891
849,808,809,850,848,891,892
850,849,809,851,810,892,893
851,810,811,850,852,894,893
852,811,812,853,895,894,851
853,896,895,812,854,897,852
854,855,898,897,812,853,813
855,854,898,899,856,814,813
856,857,900,899,815,814,855
857,858,901,900,856,815,816
858,857,901,817,859,902,816
859,903,902,858,817,860,818
860,859,818,819,903,904,861
861,904,905,862,820,819,860
862,821,820,861,905,906,863
863,907,864,822,821,906,862
864,823,865,907,863,822,908
865,823,864,909,908,866,824
866,825,867,910,909,824,865
867,825,866,910,911,912,868
868,869,913,826,825,912,867
869,868,913,914,870,827,826
870,915,871,914,827,828,869
871,915,870,828,829,163,916
872,831,830,873,120,917,918
873,872,831,874,832,919,918
874,873,832,833,875,920,919
875,874,833,876,921,834,920
876,835,877,834,875,921,922
877,835,876,836,878,922,923
878,836,877,924,923,837,879
879,838,880,925,924,878,837
880,879,838,925,926,881,839
881,882,839,880,927,926,928
882,881,839,840,883,928,929
883,884,930,882,840,841,929
884,930,883,931,885,842,841
885,843,886,931,884,842,932
886,844,843,932,933,885,887
887,844,845,886,888,934,933
888,887,934,889,935,846,845
889,847,890,888,935,846,936
890,847,889,936,937,848,891
891,890,848,849,938,892,937
892,938,891,939,849,850,893
893,940,939,894,892,850,851
894,895,941,940,852,851,893
895,942,941,853,896,894,852
896,853,895,944,943,942,897
897,945,944,854,898,896,853
898,854,855,899,946,897,945
899,947,946,898,855,900,856
900,857,856,901,947,899,948
901,857,858,900,948,902,949
902,859,903,950,949,901,858
903,859,902,904,951,950,860
904,905,952,861,951,903,860
905,952,904,906,953,861,862
906,953,905,862,907,863,954
907,863,864,906,908,955,954
908,956,955,907,909,865,864
909,910,866,956,957,908,865
910,909,866,958,911,957,867
911,960,912,958,910,867,959
912,913,961,960,911,867,868
913,912,961,914,962,868,869
914,870,915,962,913,869,963
915,870,871,914,916,964,963
916,163,209,964,915,871
917,965,208,120,872,162,918,966
918,966,967,873,919,872,917
919,968,920,874,873,967,918
920,875,921,874,969,968,919
921,875,876,920,969,970,922
922,971,970,876,877,921,923
923,924,878,922,877,972,971
924,925,879,923,878,972,973
925,974,973,924,879,880,926
926,974,925,880,927,881,975
927,926,881,928,975,977,976
928,882,929,927,881,977,978
929,928,882,978,979,930,883
930,884,883,931,929,979,980
931,884,885,930,932,981,980
932,982,933,886,981,885,931
933,982,932,886,983,934,887
934,983,933,887,888,935,984
935,936,985,888,889,984,934
936,985,935,937,986,889,890
937,936,986,890,891,938,987
938,987,988,939,891,892,937
939,988,938,893,940,892,989
940,893,939,989,894,941,990
941,895,942,894,991,940,990
942,895,941,991,992,943,896
943,944,994,896,993,992,942
944,994,943,995,896,897,945
945,897,944,995,946,996,898
946,947,899,997,945,996,898
947,946,899,997,948,998,900
948,998,947,900,999,901,949
949,950,1000,902,999,948,901
950,949,1000,902,903,951,1001
951,904,952,1001,1002,903,950
952,905,904,1002,1003,951,953
953,906,905,952,954,1003,1004
954,1005,1004,955,907,906,953
955,1005,954,1006,956,908,907
956,955,908,909,957,1006,1007
957,956,909,958,1008,1007,910
958,957,1008,910,911,1009,959
959,1010,1011,960,1009,911,958
960,912,961,911,1012,1011,959
961,912,913,1013,1012,960,962
962,1014,1013,914,913,961,963
963,915,914,1014,962,964,1015
964,258,309,916,209,915,1015,963
965,208,917,257,966,1016
966,918,967,1016,1017,917,965
967,966,918,1018,968,919,1017
968,1019,1018,920,969,919,967
969,1020,1019,920,921,968,970
970,922,971,1021,1020,969,921
971,922,970,1022,972,1021,923
972,1023,1022,971,924,923,973
973,974,925,1024,1023,972,924
974,973,925,1025,1024,926,975
975,1025,974,926,927,976,1026
976,1028,1027,977,1026,927,975
977,1028,1029,976,978,928,927
978,1030,1029,977,979,928,929
979,1031,1030,978,929,980,930
980,1032,1031,981,979,930,931
981,932,982,980,1032,1033,931
982,932,933,981,1034,1033,983
983,984,1035,1034,933,934,982
984,983,1035,985,1036,935,934
985,936,935,1036,984,986,1037
986,985,1037,936,937,987,1038
987,938,988,1039,1038,937,986
988,987,938,939,989,1040,1039
989,990,1041,988,939,1040,940
990,1041,989,991,1042,940,941
991,1043,992,990,1042,941,942
992,1043,991,942,1044,943,993
993,1046,994,943,992,1044,1045
994,1046,993,995,1047,944,943
995,1047,994,944,945,996,1048
996,1049,1048,997,995,945,946
997,1050,1049,996,946,947,998
998,1051,999,997,1050,948,947
999,1052,1051,998,948,1000,949
1000,949,950,999,1052,1001,1053
1001,1054,1053,951,1002,950,1000
1002,952,1003,1001,951,1055,1054
1003,1002,952,1004,1056,953,1055
1004,954,1005,1057,1003,1056,953
1005,1057,1058,954,1004,955,1006
1006,955,1005,1058,1059,1007,956
1007,1059,1006,956,957,1008,1060
1008,1061,1060,957,958,1009,1007
1009,1008,1061,958,959,1010,1062
1010,959,1011,1064,1063,1009,1062
1011,1065,1012,1010,959,960,1064
1012,1065,1011,1013,961,960,1066
1013,1067,1014,1012,961,962,1066
1014,1067,1013,962,963,1015,1068
1015,964,309,963,1014,1069,1068
1016,1070,257,1017,1071,966,965
1017,1072,1018,1016,1071,967,966
1018,1072,1073,1019,968,1017,967
1019,1020,969,1074,1073,1018,968
1020,1019,969,1021,1075,970,1074
1021,1076,1075,1022,1020,970,971
1022,1021,1076,972,1023,971,1077
1023,972,1022,973,1024,1078,1077
1024,1079,1078,973,1023,974,1025
1025,974,1024,975,1079,1026,1080
1026,976,1027,1081,975,1080,1025
1027,976,1028,1083,1082,1081,1026
1028,976,1027,977,1029,1084,1083
1029,1028,977,978,1030,1085,1084
1030,1085,1086,978,1029,979,1031
1031,979,1030,980,1032,1086,1087
1032,980,1031,981,1087,1088,1033
1033,1089,1088,1034,982,1032,981
1034,1033,982,983,1035,1090,1089
1035,983,984,1034,1090,1091,1036
1036,985,984,1091,1092,1035,1037
1037,985,986,1036,1092,1093,1038
1038,1039,987,986,1037,1093,1094
1039,1038,987,1095,1040,988,1094
1040,1096,1095,989,1041,988,1039
1041,1097,1096,990,989,1040,1042
1042,990,991,1043,1098,1041,1097
1043,991,992,1099,1098,1042,1044
1044,1043,992,1100,1099,993,1045
1045,1100,1101,993,1044,1046,1102
1046,993,994,1047,1103,1045,1102
1047,1104,1103,995,994,1046,1048
1048,1104,1047,996,1049,1105,995
1049,1050,997,996,1048,1105,1106
1050,1049,997,1051,1107,1106,998
1051,999,1052,998,1108,1107,1050
1052,999,1051,1108,1053,1109,1000
1053,1001,1054,1052,1109,1000,1110
1054,1001,1053,1002,1055,1111,1110
1055,1056,1112,1003,1002,1054,1111
1056,1113,1112,1057,1003,1004,1055
1057,1005,1058,1056,1113,1004,1114
1058,1057,1005,1115,1059,1006,1114
1059,1115,1058,1006,1007,1060,1116
1060,1008,1061,1007,1117,1059,1116
1061,1008,1060,1009,1062,1118,1117
1062,1118,1119,1063,1010,1061,1009
1063,1120,1119,1064,1121,1010,1062
1064,1122,1065,1063,1121,1010,1011
1065,1011,1012,1122,1064,1066,1123
1066,1124,1123,1067,1013,1012,1065
1067,1013,1014,1066,1068,1125,1124
1068,1126,1069,1015,1014,1067,1125
1069,1126,364,309,1068,1015
1070,308,257,1016,1071,1127,363
1071,1128,1127,1072,1070,1016,1017
1072,1018,1073,1128,1071,1017,1129
1073,1074,1019,1072,1018,1130,1129
1074,1073,1019,1075,1131,1020,1130
1075,1021,1076,1020,1131,1074,1132
1076,1021,1075,1022,1132,1133,1077
1077,1134,1133,1076,1078,1022,1023
1078,1134,1077,1079,1135,1024,1023
1079,1135,1078,1024,1025,1080,1136
1080,1136,1137,1081,1026,1025,1079
1081,1082,1138,1137,1080,1027,1026
1082,1081,1138,1083,1027,1140,1139
1083,1141,1140,1084,1082,1027,1028
1084,1028,1029,1085,1142,1141,1083
1085,1030,1086,1029,1143,1142,1084
1086,1085,1030,1144,1087,1031,1143
1087,1144,1086,1145,1088,1031,1032
1088,1033,1089,1145,1087,1146,1032
1089,1147,1090,1033,1088,1034,1146
1090,1147,1089,1091,1148,1035,1034
1091,1148,1090,1036,1092,1149,1035
1092,1150,1093,1091,1036,1149,1037
1093,1150,1092,1151,1037,1038,1094
1094,1152,1151,1039,1095,1038,1093
1095,1096,1040,1039,1152,1153,1094
1096,1154,1153,1095,1040,1097,1041
1097,1096,1041,1155,1154,1098,1042
1098,1043,1099,1042,1155,1097,1156
1099,1043,1098,1157,1156,1044,1100
1100,1045,1101,1044,1099,1157
1101,1100,1045,1158,1157,1102
1102,1159,1103,1045,1101,1158,1046
1103,1104,1047,1159,1102,1046,1160
1104,1103,1047,1105,1161,1048,1160
1105,1161,1104,1049,1106,1162,1048
1106,1107,1163,1162,1105,1049,1050
1107,1051,1108,1106,1163,1164,1050
1108,1051,1107,1109,1165,1052,1164
1109,1166,1165,1108,1052,1053,1110
1110,1167,1111,1166,1054,1053,1109
1111,1168,1167,1055,1112,1054,1110
1112,1056,1113,1169,1055,1111,1168
1113,1056,1112,1057,1114,1170,1169
1114,1170,1113,1057,1171,1115,1058
1115,1058,1059,1172,1171,1116,1114
1116,1172,1115,1173,1059,1060,1117
1117,1060,1061,1116,1173,1118,1174
1118,1062,1119,1061,1117,1175,1174
1119,1120,1063,1118,1062,1176,1175
1120,1119,1063,1177,1178,1121,1176
1121,1122,1179,1063,1064,1178,1120
1122,1180,1179,1064,1065,1121,1123
1123,1124,1066,1180,1181,1065,1122
1124,1123,1066,1125,1182,1181,1067
1125,1126,1183,1182,1124,1067,1068
1126,1069,364,1125,1183,422,481,1068
1127,1128,1071,421,363,1070,1184,1185
1128,1127,1071,1072,1186,1185,1129
1129,1130,1187,1073,1072,1186,1128
1130,1187,1129,1073,1131,1074,1188
1131,1075,1074,1130,1188,1132,1189
1132,1076,1133,1190,1075,1189,1131
1133,1132,1076,1190,1134,1077,1191
1134,1135,1192,1133,1077,1191,1078
1135,1193,1192,1134,1079,1078,1136
1136,1080,1137,1194,1193,1135,1079
1137,1136,1080,1194,1081,1138,1195
1138,1081,1082,1139,1196,1195,1137
1139,1196,1138,1140,1198,1082,1197
1140,1083,1141,1198,1139,1199,1082
1141,1200,1142,1083,1140,1199,1084
1142,1200,1141,1201,1143,1085,1084
1143,1201,1142,1085,1202,1144,1086
1144,1086,1087,1145,1203,1202,1143
1145,1203,1144,1087,1088,1146,1204
1146,1205,1204,1145,1089,1147,1088
1147,1089,1090,1206,1205,1148,1146
1148,1091,1090,1149,1207,1147,1206
1149,1148,1207,1091,1208,1092,1150
1150,1092,1093,1151,1209,1208,1149
1151,1150,1093,1094,1152,1209,1210
1152,1211,1210,1094,1151,1095,1153
1153,1154,1096,1152,1095,1211,1212
1154,1153,1096,1155,1097,1212,1213
1155,1154,1097,1156,1214,1213,1098
1156,1155,1214,1099,1157,1098
1157,1099,1156,1158,1101,1214,1100
1158,1264,1214,1157,1101,1102,1159,1215
1159,1160,1215,1102,1103,1158
1160,1215,1159,1103,1216,1161,1104
1161,1105,1104,1216,1160,1217,1162
1162,1163,1218,1217,1161,1106,1105
1163,1218,1162,1106,1107,1219,1164
1164,1220,1219,1165,1163,1107,1108
1165,1166,1109,1164,1220,1108,1221
1166,1165,1109,1167,1222,1221,1110
1167,1166,1222,1168,1111,1223,1110
1168,1224,1169,1167,1111,1223,1112
1169,1112,1113,1170,1224,1168,1225
1170,1114,1113,1169,1171,1226,1225
1171,1172,1115,1170,1114,1226,1227
1172,1171,1115,1116,1173,1228,1227
1173,1228,1172,1116,1117,1174,1229
1174,1117,1173,1118,1175,1229,1230
1175,1231,1230,1176,1119,1118,1174
1176,1175,1119,1120,1231,1177
1177,1120,1178,539,487,1232,1423,1176,1231,1279,1321,1356
1178,1177,1120,1179,1232,1121
1179,1180,1122,1121,1232,1178
1180,1181,1232,1123,1179,1122
1181,1180,1232,1182,1123,1124
1182,1181,1232,1183,1125,1124
1183,1125,1126,1232,1182,1233,481
1184,1234,421,1127,1185,1235
1185,1186,1128,1184,1127,1235,1236
1186,1185,1128,1187,1237,1236,1129
1187,1130,1129,1237,1186,1238,1188
1188,1239,1238,1187,1130,1131,1189
1189,1190,1240,1132,1239,1188,1131
1190,1132,1133,1191,1241,1189,1240
1191,1241,1190,1133,1242,1134,1192
1192,1135,1193,1134,1243,1242,1191
1193,1135,1192,1244,1194,1243,1136
1194,1245,1244,1193,1136,1137,1195
1195,1196,1246,1138,1137,1245,1194
1196,1139,1138,1246,1195,1247,1197
1197,1248,1247,1196,1139,1198,1249
1198,1140,1139,1199,1249,1197,1250
1199,1200,1141,1251,1198,1140,1250
1200,1141,1142,1251,1252,1199,1201
1201,1253,1252,1202,1142,1143,1200
1202,1253,1201,1203,1144,1143,1254
1203,1145,1144,1202,1255,1254,1204
1204,1205,1146,1256,1255,1145,1203
1205,1204,1146,1147,1206,1257,1256
1206,1207,1258,1147,1205,1257,1148
1207,1259,1258,1206,1208,1148,1149
1208,1260,1259,1207,1150,1209,1149
1209,1210,1261,1150,1208,1151,1260
1210,1211,1262,1152,1209,1261,1151
1211,1262,1263,1210,1152,1153,1212
1212,1211,1153,1263,1154,1213
1213,1155,1214,1212,1263,1154
1214,1158,1264,1391,1414,1424,1307,1343,1263,1155,1156,1213,1157,1344
1215,1160,1159,1216,1158,1264
1216,1217,1265,1264,1160,1161,1215
1217,1266,1265,1216,1161,1218,1162
1218,1163,1162,1267,1266,1219,1217
1219,1268,1267,1164,1220,1218,1163
1220,1164,1219,1165,1268,1269,1221
1221,1222,1166,1165,1270,1220,1269
1222,1166,1167,1221,1271,1270,1223
1223,1272,1224,1271,1168,1167,1222
1224,1168,1169,1272,1223,1225,1273
1225,1226,1274,1170,1273,1224,1169
1226,1227,1275,1274,1225,1171,1170
1227,1226,1275,1276,1171,1228,1172
1228,1173,1172,1229,1276,1227,1277
1229,1278,1230,1277,1174,1173,1228
1230,1278,1229,1175,1231,1279,1174
1231,1175,1230,1279,1176,1177
1232,1180,1181,1182,1183,1233,539,1179,1178,1177
1233,1232,539,481,1183
1234,480,421,1184,1280,1235,538
1235,1281,1236,1280,1234,1184,1185
1236,1281,1235,1186,1185,1282,1237
1237,1283,1282,1187,1186,1238,1236
1238,1239,1284,1188,1237,1187,1283
1239,1238,1284,1188,1189,1285,1240
1240,1241,1286,1285,1189,1190,1239
1241,1240,1286,1191,1190,1287,1242
1242,1241,1191,1243,1288,1287,1192
1243,1242,1288,1289,1244,1192,1193
1244,1194,1245,1193,1289,1243,1290
1245,1194,1244,1195,1246,1290,1291
1246,1247,1292,1196,1195,1245,1291
1247,1292,1246,1248,1293,1196,1197
1248,1247,1293,1294,1197,1249,1295
1249,1296,1295,1250,1198,1197,1248
1250,1249,1296,1297,1251,1198,1199
1251,1200,1252,1297,1250,1298,1199
1252,1251,1200,1201,1253,1299,1298
1253,1201,1252,1299,1202,1300,1254
1254,1202,1253,1255,1203,1300,1301
1255,1204,1256,1302,1301,1254,1203
1256,1204,1255,1302,1257,1303,1205
1257,1304,1303,1256,1258,1206,1205
1258,1259,1207,1206,1257,1304,1305
1259,1258,1207,1208,1260,1306,1305
1260,1208,1259,1261,1307,1306,1209
1261,1307,1260,1209,1210,1262
1262,1211,1263,1210,1261,1307
1263,1262,1211,1214,1307,1212,1213
1264,1158,1214,1265,1216,1308,1215,1344
1265,1217,1266,1216,1264,1308
1266,1217,1265,1267,1218,1309,1308
1267,1219,1268,1266,1218,1309,1310
1268,1219,1267,1311,1269,1220,1310
1269,1270,1312,1311,1268,1220,1221
1270,1312,1269,1271,1222,1313,1221
1271,1270,1222,1223,1272,1313,1314
1272,1223,1224,1271,1273,1315,1314
1273,1316,1315,1225,1224,1272,1274
1274,1226,1275,1317,1316,1225,1273
1275,1276,1318,1226,1227,1274,1317
1276,1319,1318,1277,1275,1227,1228
1277,1319,1276,1229,1278,1320,1228
1278,1229,1230,1277,1279,1321,1320
1279,1230,1231,1177,1321,1278
1280,582,538,1281,1322,1234,1235
1281,1235,1236,1280,1322,1282
1282,1283,1237,1322,1281,1236
1283,1282,1237,1322,1284,1238
1284,1238,1239,1285,1322,1283
1285,1322,1284,1240,1286,1323,1239
1286,1240,1241,1287,1324,1285,1323
1287,1324,1286,1288,1325,1241,1242
1288,1287,1325,1242,1243,1289,1326
1289,1327,1326,1288,1243,1244,1290
1290,1327,1328,1291,1289,1244,1245
1291,1329,1292,1328,1290,1245,1246
1292,1247,1246,1329,1291,1330,1293
1293,1247,1248,1294,1331,1330,1292
1294,1333,1332,1331,1293,1248,1295
1295,1249,1296,1248,1294,1334,1333
1296,1249,1295,1250,1334,1335,1297
1297,1250,1251,1298,1335,1296,1336
1298,1299,1337,1336,1252,1251,1297
1299,1337,1298,1252,1253,1300,1338
1300,1338,1299,1253,1301,1339,1254
1301,1255,1302,1339,1300,1254,1340
1302,1255,1301,1341,1340,1256,1303
1303,1342,1341,1257,1304,1256,1302
1304,1257,1303,1305,1343,1342,1258
1305,1343,1304,1259,1306,1258
1306,1259,1305,1260,1307,1343
1307,1261,1260,1214,1343,1306,1263,1262
1308,1264,1265,1309,1344,1266
1309,1344,1308,1266,1267,1310,1345
1310,1346,1311,1268,1267,1309,1345
1311,1347,1346,1268,1269,1312,1310
1312,1270,1269,1313,1348,1347,1311
1313,1349,1348,1271,1270,1314,1312
1314,1349,1350,1315,1272,1271,1313
1315,1273,1316,1350,1351,1314,1272
1316,1317,1352,1351,1273,1315,1274
1317,1352,1316,1353,1318,1274,1275
1318,1319,1276,1353,1317,1275,1354
1319,1318,1276,1277,1320,1355,1354
1320,1356,1355,1319,1278,1277,1321
1321,1177,1279,1278,1356,1320
1322,1357,1382,618,1280,1281,1285,1284,1323,582,1282,1283
1323,1357,1322,1286,1285,1324
1324,1287,1286,1323,1357,1325
1325,1326,1357,1287,1288,1324
1326,1325,1357,1327,1289,1288
1327,1328,1357,1326,1290,1289
1328,1327,1357,1290,1291,1358,1329
1329,1291,1292,1330,1359,1328,1358
1330,1329,1359,1293,1331,1360,1292
1331,1294,1293,1330,1360,1332,1361
1332,1294,1333,1362,1361,1331,1363
1333,1294,1332,1364,1334,1295,1363
1334,1364,1333,1365,1335,1296,1295
1335,1366,1365,1334,1296,1336,1297
1336,1337,1367,1298,1366,1335,1297
1337,1367,1368,1299,1298,1336,1338
1338,1368,1337,1369,1339,1300,1299
1339,1369,1338,1301,1300,1340,1370
1340,1341,1302,1370,1371,1339,1301
1341,1303,1342,1340,1302,1371
1342,1303,1341,1371,1304,1343
1343,1390,1404,1371,1305,1304,1342,1307,1214,1306
1344,1345,1372,1309,1308,1391,1214,1264
1345,1372,1344,1346,1310,1309
1346,1347,1311,1373,1372,1310,1345
1347,1346,1311,1373,1374,1312,1348
1348,1313,1349,1374,1375,1312,1347
1349,1376,1350,1314,1313,1348,1375
1350,1315,1351,1376,1349,1314,1377
1351,1316,1352,1377,1378,1350,1315
1352,1317,1316,1351,1378,1379,1353
1353,1317,1318,1354,1380,1352,1379
1354,1380,1353,1319,1355,1381,1318
1355,1381,1356,1320,1319,1354
1356,1381,1355,1320,1321,1177,1399,1423,1411,1419
1357,1325,1326,1382,1322,1327,1328,1323,1358,1324
1358,1382,1357,1328,1359,1329
1359,1329,1330,1382,1358,1360
1360,1361,1382,1359,1330,1331
1361,1382,1360,1332,1362,1331
1362,1332,1361,1383,1382,1363,1384
1363,1385,1384,1332,1333,1362,1364
1364,1333,1334,1365,1386,1385,1363
1365,1335,1366,1334,1364,1386,1387
1366,1335,1365,1387,1367,1388,1336
1367,1337,1368,1389,1388,1336,1366
1368,1367,1337,1389,1390,1338,1369
1369,1338,1339,1390,1370,1368
1370,1340,1371,1390,1369,1339
1371,1370,1340,1390,1343,1342,1341
1372,1373,1346,1345,1344,1391
1373,1372,1346,1347,1374,1391,1392
1374,1373,1347,1348,1375,1393,1392
1375,1374,1348,1376,1394,1393,1349
1376,1349,1350,1375,1394,1377,1395
1377,1351,1378,1350,1376,1395,1396
1378,1352,1379,1377,1351,1396,1397
1379,1378,1352,1397,1398,1380,1353
1380,1354,1353,1399,1398,1381,1379
1381,1355,1356,1399,1354,1380
1382,1361,1360,1357,1322,618,1358,1359,1362,1383
1383,1362,1382,1384,1400
1384,1363,1385,1401,1400,1362,1383
1385,1386,1364,1363,1384,1401,1402
1386,1402,1403,1385,1364,1365,1387
1387,1386,1365,1366,1403,1404,1388
1388,1389,1367,1366,1387,1404
1389,1388,1367,1368,1390,1404
1390,1389,1368,1343,1404,1371,1369,1370
1391,1414,1214,1344,1372,1373,1392,1405
1392,1393,1405,1391,1373,1374
1393,1392,1405,1406,1374,1375,1394
1394,1375,1376,1407,1406,1393,1395
1395,1407,1408,1394,1376,1396,1377
1396,1409,1408,1395,1377,1378,1397
1397,1379,1398,1410,1378,1396,1409
1398,1411,1399,1397,1379,1410,1380
1399,1411,1398,1356,1381,1380
1400,1384,1401,1383,1412
1401,1384,1385,1400,1412,1402,1413
1402,1386,1403,1401,1385,1413
1403,1402,1386,1387,1404,1413
1404,1390,1343,1403,1387,1413,1389,1388
1405,1392,1393,1406,1391,1414
1406,1405,1393,1407,1394,1415,1414
1407,1406,1394,1395,1408,1415,1416
1408,1407,1395,1396,1409,1416,1417
1409,1396,1408,1418,1417,1397,1410
1410,1398,1397,1411,1419,1418,1409
1411,1398,1399,1356,1410,1419
1412,1401,1400,1413
1413,1401,1412,1402,1403,1404
1414,1391,1214,1424,1405,1406,1415,1420
1415,1406,1407,1420,1414,1416
1416,1417,1421,1420,1415,1407,1408
1417,1421,1416,1418,1409,1408,1422
1418,1419,1410,1417,1409,1423,1422
1419,1418,1410,1411,1356,1423
1420,1415,1414,1424,1416,1421
1421,1417,1416,1422,1425,1420,1424
1422,1425,1421,1423,1418,1417
1423,487,709,1177,1356,1419,1418,1422,1425
1424,1414,1214,1420,1421,1425
1425,1422,1421,1423,1424
1426,1455,1449,1666,1461,1460,1448
1427,1467,1457,1446,1445,1454,1466
1428,1456,1479,1442,1441,1458,1478
1429,1476,1469,1447,1474,1438,1450
1430,1486,1462,1444,1439,1484,1452
1431,1435,1440,1473,1490,1489,1453
1432,1485,1491,1492,1488,1480,1481
1433,1494,1493,1465,1437,1483,1536
1434,1463,1436,1500,1499,1470,1451
1435,1487,1440,1431,1505,1497,1453
1436,1463,1434,1518,1548,1501,1451
1437,1510,1482,1483,1511,1465,1433
1438,1513,1496,1447,1504,1429,1450
1439,1495,1512,1444,1430,1508,1452
1440,1435,1487,1431,1520,1519,1473
1441,1498,1516,1442,1428,1456,1514
1442,1517,1458,1525,1428,1441,1498
1443,1503,1502,1459,1536,1494,1506
1444,1523,1462,1430,1439,1495,1527
1445,1734,1531,1509,1427,1446,1454
1446,1509,1524,1521,1427,1457,1445
1447,1438,1496,1529,1530,1469,1429
1448,1733,1666,1426,1644,1515,1449
1449,1426,1455,1526,1538,1448,1515
1450,1474,1475,1541,1429,1438,1504
1451,1700,1470,1734,1548,1436,1434
1452,1484,1430,1544,1545,1508,1439
1453,1489,1553,1552,1431,1435,1497
1454,1564,1700,1734,1445,1427,1466
1455,1426,1449,1554,1526,1460,1542
1456,1550,1549,1428,1479,1514,1441
1457,1547,1546,1467,1427,1521,1446
1458,1517,1442,1556,1478,1555,1428
1459,1443,1536,1559,1502,1557,1558
1460,1566,1551,1461,1426,1455,1542
1461,1666,1491,1426,1737,1551,1460
1462,1567,1486,1430,1444,1523,1572
1463,1436,1434,1500,1570,1571,1501
1464,1561,1560,746,747,722,1477
1465,1574,1573,1493,1433,1511,1437
1466,1562,1467,1563,1427,1454,1564
1467,1565,1562,1546,1427,1457,1466
1468,2,1534,1590,1,7,1589
1469,1568,1476,1569,1529,1447,1429
1470,1499,1587,1434,1451,1700,1699
1471,723,1746,1581,1477,1575,722
1472,1582,1585,20,4,21,1528
1473,1578,1490,1431,1579,1440,1519
1474,1475,1450,1476,735,734,1429
1475,1474,1450,1541,734,1719,733
1476,1469,1568,735,1474,1429,1751
1477,1560,1580,1575,1471,1464,722
1478,1576,1586,1458,1555,1428,1479
1479,1577,1576,1549,1456,1428,1478
1480,1537,1591,1481,1592,1492,1432
1481,1666,1491,1733,1537,1480,1432
1482,1510,1437,1609,1597,1654,1483
1483,1654,1558,1536,1482,1437,1433
1484,1452,1430,1486,1583,1584,1544
1485,1593,1540,1488,1432,1491,1737
1486,1462,1567,1588,1430,1484,1583
1487,1435,1440,1602,1505,1520,1601
1488,1540,1485,1595,1594,1492,1432
1489,1453,1553,1490,1431,1599,1598
1490,1473,1578,1600,1431,1489,1598
1491,1461,1666,1481,1432,1485,1737
1492,1607,1594,1488,1432,1592,1480
1493,1494,1433,1465,1574,1507,1506
1494,1493,1433,1536,1443,1506
1495,1628,1527,1439,1512,1627,1444
1496,1438,1513,1447,1530,1634,1635
1497,1505,1435,1625,1626,1552,1453
1498,1441,1516,1638,1639,1442,1525
1499,1470,1587,1633,1629,1434,1500
1500,1630,1570,1463,1434,1499,1629
1501,1436,1518,1637,1636,1463,1571
1502,1503,1443,1559,1641,1642,1459
1503,1443,1502,1643,1694,1642,1506
1504,1646,1645,1438,1513,1450,1541
1505,1602,1487,1435,1497,1625,1621
1506,1695,1507,1694,1503,1494,1493,1443
1507,1695,1506,1574,1493,1603,1696
1508,1545,1647,1648,1452,1512,1439
1509,1524,1651,1531,1652,1446,1445
1510,1612,1511,1611,1597,1482,1437
1511,1612,1510,1437,1613,1573,1465
1512,1495,1439,1627,1648,1649,1508
1513,1438,1496,1504,1635,1650,1645
1514,1655,1550,1456,1659,1516,1441
1515,1662,1661,1538,1644,1448,1449
1516,1498,1441,1514,1659,1638,1660
1517,1458,1442,1556,1665,1525,1663
1518,1548,1436,1501,1728,1738,1636
1519,1440,1473,1615,1616,1579,1520
1520,1616,1617,1487,1440,1601,1519
1521,1547,1667,1668,1446,1524,1457
1522,1539,6,29,1685,1689,30
1523,1444,1462,1683,1684,1572,1527
1524,1669,1651,1509,1446,1668,1521
1525,1517,1442,1664,1639,1498,1663
1526,1455,1554,1449,1538,1672,1671
1527,1495,1628,1682,1683,1523,1444
1528,1532,1692,1693,4,1585,1472
1529,1569,1469,1447,1530,1674,1675
1530,1673,1634,1674,1496,1529,1447
1531,1738,1652,1509,1734,1445,1548
1532,1528,1692,4,3,1739,1691
1533,1539,1687,1688,1741,5,6
1534,1714,1535,1701,2,1468,1590
1535,1534,1714,1715,11,2,10
1536,1459,1443,1558,1483,1494,1433
1537,1706,1707,1733,1481,1591,1480
1538,1662,1515,1526,1449,1670,1671
1539,1522,6,1533,1687,1686,1685
1540,1593,1485,1735,1720,1488,1595
1541,1450,1475,1716,1646,1504,1719
1542,1618,1619,1566,1460,1554,1455
1543,1695,1632,728,727,1696,1606
1544,1584,1713,1712,1484,1452,1545
1545,1712,1711,1647,1544,1508,1452
1546,1718,1750,1547,1565,1467,1457
1547,1521,1667,1718,1546,1457,1717
1548,1518,1436,1451,1734,1738,1531
1549,1658,1577,1657,1550,1456,1479
1550,1656,1657,1655,1514,1549,1456
1551,1566,1460,1461,1608,1737,1593
1552,1553,1680,1677,1626,1453,1497
1553,1681,1680,1552,1453,1489,1599
1554,1455,1526,1620,1672,1542,1619
1555,1586,1708,1556,1709,1478,1458
1556,1517,1665,1458,1710,1709,1555
1557,1723,1722,1459,1558,1559,1640
1558,1483,1654,1557,1459,1536,1640
1559,1502,1641,1459,1724,1557,1723
1560,1561,1464,1477,1580,1622,1623
1561,1560,1464,745,1624,746,1623
1562,1565,757,1467,1466,1563,756
1563,755,756,1729,1564,1562,1466
1564,1699,1700,1563,1729,1454,1730,1466
1565,757,1562,758,1467,1750,1546
1566,1460,1551,1542,1610,1618,1608
1567,1462,1486,1588,1725,1726,1572
1568,1469,1476,1679,1751,1678,1569
1569,1675,1676,1469,1529,1678,1568
1570,1630,1500,1571,1463,1704,1703
1571,1570,1463,1501,1704,1705,1637
1572,1684,1727,1726,1567,1462,1523
1573,1574,1604,1465,1613,1605,1511
1574,1603,1604,1573,1465,1493,1507
1575,1581,1604,1605,1580,1477,1471
1576,1703,1577,1586,1704,1478,1479
1577,1702,1658,1703,1576,1549,1479
1578,1473,1490,1600,1579,1622,1623
1579,1622,1578,1473,1615,1614,1519
1580,1622,1614,1477,1560,1605,1575
1581,1575,1604,1746,1471,1603,1697
1582,21,1596,1726,1727,1472,1585
1583,1722,1584,1484,1486,1588,1723
1584,1722,1583,1721,1544,1713,1484
1585,1582,1472,1693,1528,1726,1725
1586,1555,1708,1576,1704,1705,1478
1587,1499,1470,1633,1732,1731,1699
1588,1724,1725,1567,1486,1723,1583
1589,1742,1657,7,1590,1658,1468
1590,1589,1658,1702,1701,1534,1468
1591,1708,1709,1592,1537,1480,1706
1592,1607,1710,1709,1591,1492,1480
1593,1485,1540,1735,1609,1608,1737,1551
1594,1607,1712,1492,1595,1713,1488
1595,1721,1720,1713,1540,1594,1488
1596,21,1582,52,53,1727,1744
1597,1611,1510,1608,1609,1610,1482
1598,1600,1749,1490,721,1599,1489
1599,1681,720,1489,1553,721,1598
1600,1578,1490,1749,1598,1624,1623
1601,1617,1618,1619,1602,1487,1520
1602,1619,1601,1487,1505,1621,1620
1603,1697,1696,1604,1574,1581,1507
1604,1581,1575,1603,1574,1573,1605
1605,1575,1580,1613,1573,1614,1604
1606,1697,1698,1543,1696,726,727
1607,1712,1594,1592,1710,1492,1711
1608,1593,1609,1566,1551,1597,1610
1609,1593,1608,1735,1597,1482,1654
1610,1566,1618,1617,1608,1597,1611
1611,1597,1510,1612,1616,1610,1617
1612,1510,1511,1611,1616,1615,1613
1613,1612,1615,1511,1614,1573,1605
1614,1622,1580,1615,1579,1613,1605
1615,1614,1579,1519,1616,1612,1613
1616,1520,1617,1615,1519,1611,1612
1617,1616,1520,1601,1618,1610,1611
1618,1617,1601,1542,1619,1566,1610
1619,1542,1618,1601,1602,1620,1554
1620,1554,1672,1621,1673,1619,1602
1621,1673,1620,1674,1625,1602,1505
1622,1614,1580,1560,1623,1579,1578
1623,1622,1560,1624,1600,1578,1561
1624,1749,744,745,1561,1600,1623
1625,1674,1621,1675,1505,1497,1626
1626,1677,1676,1675,1625,1497,1552
1627,1495,1512,1649,1687,1628,1688
1628,1495,1527,1682,1627,1688,1740
1629,1633,1499,1714,1630,1500,1701
1630,1701,1702,1570,1500,1703,1629
1631,1677,1748,1676,1678,736,737
1632,1543,1695,1736,1643,15,728,1694
1633,1629,1499,1587,1732,1715,1714
1634,1673,1530,1496,1672,1635,1671
1635,1670,1650,1671,1634,1496,1513
1636,1637,1501,1518,1728,1707,1733
1637,1706,1705,1636,1501,1571,1707
1638,1660,1689,1516,1498,1685,1639
1639,1664,1686,1685,1638,1498,1525
1640,1721,1722,1557,1720,1654,1558
1641,1502,1559,1693,1692,1642,1724
1642,1692,1691,1643,1641,1502,1503
1643,1736,1632,1691,1642,1694,1503
1644,1515,1661,1728,1733,1448
1645,1646,1667,1504,1513,1650,1668
1646,1645,1667,1504,1541,1716,1717
1647,1545,1711,1508,1648,1663,1665
1648,1508,1647,1512,1649,1664,1663
1649,1512,1648,1627,1687,1686,1664
1650,1669,1670,1635,1668,1513,1645
1651,1669,1524,1662,1652,1661,1509
1652,1531,1738,1728,1661,1651,1509
1653,1718,1717,1716,1747,730,729
1654,1483,1558,1735,1720,1640,1609,1482
1655,31,1659,1514,1550,1656,32
1656,1550,1657,32,33,1742,1655
1657,1742,1589,1656,1550,1658,1549
1658,1577,1702,1590,1589,1549,1657
1659,1655,31,1514,1516,1745,1660
1660,1689,1638,1516,1659,1690,1745
1661,1515,1662,1652,1728,1644,1651
1662,1515,1661,1538,1669,1651,1670
1663,1648,1647,1664,1525,1517,1665
1664,1639,1686,1649,1648,1525,1663
1665,1556,1517,1647,1711,1663,1710
1666,1461,1491,1426,1481,1733,1448
1667,1547,1521,1668,1645,1646,1717
1668,1667,1521,1669,1650,1524,1645
1669,1524,1651,1650,1670,1662,1668
1670,1650,1669,1635,1662,1538,1671
1671,1526,1672,1635,1634,1538,1670
1672,1554,1620,1673,1634,1526,1671
1673,1530,1634,1674,1621,1620,1672
1674,1530,1673,1529,1621,1625,1675
1675,1676,1569,1625,1674,1626,1529
1676,1675,1569,1678,1677,1626,1631
1677,1631,1748,1676,1626,1552,1680
1678,1569,1676,1679,736,1631,1568
1679,1678,736,1568,1751,769,768
1680,1748,718,1553,1681,1552,1677
1681,720,719,1553,1680,1599,718
1682,1527,1683,1628,1740,24,23
1683,22,1684,1523,1527,1682,23
1684,1572,1727,1744,22,1683,1523
1685,1539,1686,1522,1689,1639,1638
1686,1539,1685,1687,1664,1639,1649
1687,1539,1533,1688,1686,1649,1627
1688,1533,1687,1740,1628,1741,1627
1689,1660,1638,1522,30,1685,1690
1690,64,30,1745,65,1660,1689
1691,1736,1643,1739,1692,1642,1532
1692,1528,1532,1693,1691,1642,1641
1693,1725,1724,1692,1528,1585,1641
1694,1695,1506,1643,1503,1632
1695,1543,1632,1507,1506,1694,1696
1696,1697,1603,1507,1695,1543,1606
1697,1606,1698,1603,1696,1581,1746
1698,1697,1606,724,1746,725,726
1699,1700,1564,1731,1587,1730,1470
1700,1699,1564,1454,1451,1470,1734
1701,1630,1702,1590,1629,1714,1534
1702,1577,1658,1630,1701,1703,1590
1703,1577,1576,1630,1702,1704,1570
1704,1576,1586,1705,1571,1570,1703
1705,1706,1637,1586,1704,1708,1571
1706,1637,1705,1708,1707,1537,1591
1707,1706,1637,1537,1636,1733
1708,1591,1709,1586,1555,1705,1706
1709,1591,1708,1556,1710,1555,1592
1710,1607,1592,1556,1709,1711,1665
1711,1545,1712,1647,1607,1665,1710
1712,1545,1711,1607,1594,1544,1713
1713,1544,1584,1712,1721,1595,1594
1714,1534,1535,1633,1715,1629,1701
1715,1535,11,1732,1743,1633,1714
1716,1653,1717,1541,1646,1719,1747
1717,1653,1718,1716,1646,1667,1547
1718,1653,1717,1750,729,1546,1547
1719,1747,1716,1475,1541,733,732
1720,1540,1735,1654,1640,1721,1595
1721,1722,1584,1640,1720,1713,1595
1722,1584,1583,1723,1557,1721,1640
1723,1588,1724,1557,1722,1559,1583
1724,1725,1693,1588,1723,1641,1559
1725,1693,1724,1588,1567,1726,1585
1726,1727,1582,1567,1572,1725,1585
1727,1572,1684,1726,1582,1596,1744
1728,1652,1738,1661,1518,1636,1733,1644
1729,1563,1564,1730,14,755
1730,13,14,1731,1699,1564,1729
1731,13,12,1730,1587,1699,1732
1732,1633,1587,1715,1743,1731,12
1733,1537,1481,1636,1707,1666,1448,1728,1644
1734,1700,1451,1548,1531,1445,1454
1735,1540,1593,1720,1654,1609
1736,1632,1643,1691,1739,15,16
1737,1461,1491,1551,1485,1593
1738,1531,1652,1728,1518,1548
1739,17,16,1691,1736,1532,3
1740,1688,1628,1682,24,25,1741
1741,26,25,5,1740,1533,1688
1742,1657,1589,7,34,33,1656
1743,12,41,40,1715,1732,11
1744,1684,22,54,53,1596,1727
1745,65,1690,66,1659,31,1660
1746,723,1471,1581,724,1698,1697
1747,732,731,1653,730,1719,1716
1748,1680,718,738,1631,1677,737
1749,1600,1598,1624,744,721,743
1750,1718,729,1546,759,758,1565
1751,767,768,735,1568,1679,1476
