1,1659,1581,5,4,1545,33
2,1658,15,1544,1580,14,13
3,23,1543,1657,1579,25,24
4,34,35,5,1,33,69
5,4,35,1659,6,1,36
6,1659,5,1743,37,1735,1571,36
7,39,38,8,1518,1571,1743
8,1503,9,40,39,1518,7
9,1503,8,810,773,1736,40
10,1550,741,11,42,41,1521
11,1522,12,10,42,43,1521
12,43,44,13,11,1522,1544
13,44,12,45,1544,2,14
14,45,46,47,15,2,13
15,1658,2,16,48,47,14
16,15,48,49,1744,1658,1741
17,1517,18,51,50,1744,1572
18,1517,17,19,52,51,1499
19,1499,1500,52,18,53,20
20,1500,1501,19,53,21,54
21,1501,1502,22,20,54,55
22,55,56,21,1502,1543,23
23,3,1543,22,56,24,57
24,57,23,25,3,59,58
25,24,3,59,60,1657,26
26,61,1745,60,25,1742,1657
27,1745,62,63,1573,28,1519
28,64,63,29,1504,27,1519
29,1505,30,65,1504,28,64
30,1505,1506,65,66,31,29
31,66,30,1507,1506,67,32
32,1545,33,67,68,31,1507
33,69,68,4,1545,1,32
34,108,70,4,35,71,69
35,34,4,5,71,72,36
36,72,35,73,37,6,5
37,73,74,38,36,1743,6
38,74,37,75,39,7,1743
39,40,8,75,38,76,7
40,39,8,77,76,810,9
41,741,772,42,78,10,850,809
42,41,78,10,11,79,43
43,12,44,80,79,42,11
44,43,12,13,80,45,81
45,46,82,81,44,14,13
46,82,45,83,84,47,14
47,84,46,48,85,15,14
48,15,16,47,85,86,49
49,1744,50,87,86,16,48
50,49,1744,87,88,51,17
51,89,88,50,17,52,18
52,53,90,19,18,51,89
53,90,52,54,91,19,20
54,53,91,55,92,21,20
55,22,56,92,93,54,21
56,55,22,23,57,94,93
57,95,94,24,23,56,58
58,97,59,96,95,57,24
59,97,98,24,25,58,60
60,99,98,59,25,26,61
61,26,1745,62,100,60,99
62,101,63,61,100,1745,27
63,101,62,64,28,102,27
64,63,28,103,102,65,29
65,30,66,104,103,64,29
66,105,104,65,30,31,67
67,32,68,106,31,66,105
68,69,33,107,106,67,32
69,68,33,107,4,34,108
70,108,34,110,109,150,71
71,111,72,35,34,70,110
72,111,112,71,35,36,73
73,37,74,72,112,113,36
74,73,37,38,75,113,114
75,115,114,74,38,39,76
76,40,77,116,115,75,39
77,40,76,810,116,117,851
78,41,42,79,118,850
79,118,78,42,80,119,43
80,120,119,44,43,79,81
81,45,82,44,120,80,121
82,121,122,46,45,81,83
83,46,84,82,122,124,123
84,83,46,47,85,125,124
85,86,126,125,84,47,48
86,126,85,87,127,49,48
87,127,86,49,88,128,50
88,128,87,50,51,89,129
89,129,130,51,88,90,52
90,53,52,130,89,91,131
91,53,54,92,132,131,90
92,132,91,55,93,133,54
93,92,55,133,94,56,134
94,57,95,56,135,93,134
95,57,94,96,136,135,58
96,95,136,97,138,137,58
97,59,98,58,138,96,139
98,97,59,60,99,140,139
99,60,98,141,140,61,100
100,142,141,61,62,101,99
101,62,63,102,142,100,143
102,101,63,143,144,64,103
103,104,145,65,64,102,144
104,105,66,146,145,103,65
105,104,66,147,146,106,67
106,68,107,147,148,67,105
107,108,149,68,69,106,148
108,34,70,107,149,150,69
109,152,110,70,150,195,151
110,153,152,109,70,111,71
111,154,112,72,153,110,71
112,155,154,111,113,72,73
113,156,155,112,114,73,74
114,157,156,115,75,113,74
115,116,158,114,75,76,157
116,158,115,76,159,117,77
117,940,159,894,116,77,851
118,161,119,79,78,160,850
119,120,162,80,161,118,79
120,119,162,163,80,121,81
121,82,122,120,163,164,81
122,121,82,164,165,83,123
123,124,167,122,83,166,165
124,123,167,125,168,84,83
125,168,124,85,84,126,169
126,170,127,86,85,125,169
127,170,126,87,86,171,128
128,129,172,171,88,87,127
129,128,172,89,130,88,173
130,129,89,90,131,174,173
131,91,132,175,90,174,130
132,92,91,131,175,176,133
133,93,92,176,177,132,134
134,135,178,94,93,177,133
135,179,178,134,95,94,136
136,137,180,179,95,96,135
137,180,136,138,182,96,181
138,182,137,97,96,139,183
139,138,97,183,184,140,98
140,141,185,99,139,98,184
141,142,100,140,185,99,186
142,141,100,101,143,186,187
143,102,144,142,101,188,187
144,145,189,188,143,102,103
145,144,189,146,104,103,190
146,145,104,190,147,105,191
147,106,148,146,105,192,191
148,147,106,192,193,149,107
149,107,108,150,194,193,148
150,70,109,149,108,194,195
151,196,197,152,195,243,109
152,110,153,109,197,151,198
153,110,152,111,154,198,199
154,112,155,111,153,199,200
155,201,200,112,154,113,156
156,114,157,113,155,202,201
157,114,156,202,203,158,115
158,204,159,116,115,157,203
159,204,158,117,940,205,116
160,893,850,939,206,161,118
161,118,119,207,206,162,160
162,208,207,119,120,163,161
163,120,162,209,164,208,121
164,122,165,209,163,210,121
165,164,122,166,211,210,123
166,212,211,167,213,165,123
167,213,166,123,124,214,168
168,169,215,125,124,214,167
169,216,215,168,125,170,126
170,217,171,126,127,216,169
171,217,170,172,128,218,127
172,128,129,171,219,218,173
173,174,220,219,129,172,130
174,131,130,175,220,173,221
175,132,176,131,174,222,221
176,175,132,133,177,223,222
177,178,224,223,176,133,134
178,177,224,225,179,135,134
179,225,178,136,180,135,226
180,137,136,179,181,227,226
181,180,227,137,182,228,229
182,138,137,230,229,181,183
183,230,182,184,231,139,138
184,231,232,183,139,140,185
185,140,141,233,232,184,186
186,142,187,234,233,141,185
187,186,142,234,235,188,143
188,144,189,235,187,143,236
189,144,145,188,237,236,190
190,237,238,189,145,146,191
191,238,239,192,190,146,147
192,240,239,191,147,148,193
193,194,241,149,240,192,148
194,193,241,149,242,195,150
195,242,194,151,243,150,109
196,244,294,151,197,243,245
197,196,151,152,245,198,246
198,153,152,197,199,247,246
199,248,200,153,154,198,247
200,201,155,248,199,154,249
201,200,155,202,156,250,249
202,201,156,157,203,250,251
203,202,157,251,252,158,204
204,158,159,205,253,252,203
205,253,204,990,1043,159,940
206,254,939,160,207,255,161
207,162,208,256,255,206,161
208,162,207,257,256,163,209
209,258,257,210,163,164,208
210,259,258,211,209,164,165
211,166,212,260,259,210,165
212,262,213,166,211,260,261
213,262,212,167,166,214,263
214,215,264,168,263,213,167
215,216,169,168,265,264,214
216,217,266,215,169,265,170
217,216,266,170,171,218,267
218,217,171,267,219,268,172
219,268,218,220,269,173,172
220,221,270,269,219,174,173
221,220,270,222,271,175,174
222,272,271,221,175,176,223
223,177,224,273,176,222,272
224,177,178,223,225,273,274
225,178,179,224,274,275,226
226,227,276,225,179,180,275
227,228,277,276,226,180,181
228,227,277,279,278,229,181
229,279,228,182,230,280,181
230,281,280,182,229,183,231
231,184,232,281,230,183,282
232,231,184,282,233,185,283
233,284,283,234,186,232,185
234,233,186,187,235,284,285
235,236,286,234,187,285,188
236,286,287,235,237,189,188
237,190,238,287,236,189,288
238,191,239,237,190,289,288
239,238,191,240,192,289,290
240,239,192,290,241,291,193
241,193,194,240,291,292,242
242,243,293,292,241,194,195
243,293,242,196,294,195,151
244,196,294,348,295,296,245
245,197,196,246,297,244,296
246,297,298,247,197,245,198
247,246,298,299,248,198,199
248,199,200,300,299,249,247
249,301,300,250,201,248,200
250,249,201,301,302,251,202
251,303,302,203,252,250,202
252,304,303,204,253,251,203
253,205,204,305,304,252,1043
254,306,1042,206,939,255,989
255,207,256,307,306,254,206
256,257,208,207,255,308,307
257,256,208,308,258,209,309
258,210,259,310,309,257,209
259,210,258,211,311,310,260
260,312,311,211,212,261,259
261,313,312,262,314,260,212
262,212,213,314,261,315,263
263,214,213,264,316,262,315
264,265,215,317,214,263,316
265,216,266,264,215,317,318
266,216,217,265,267,319,318
267,268,320,319,266,217,218
268,267,320,321,269,219,218
269,270,220,321,268,322,219
270,220,221,269,323,322,271
271,222,272,221,324,323,270
272,222,271,273,325,324,223
273,272,325,326,223,224,274
274,273,224,225,327,326,275
275,327,328,274,225,276,226
276,227,277,226,329,275,328
277,227,228,276,329,278,330
278,228,279,332,331,330,277
279,228,278,229,332,280,333
280,281,230,333,279,334,229
281,280,230,231,282,335,334
282,336,335,283,281,231,232
283,233,284,336,282,232,337
284,285,338,233,283,234,337
285,284,338,286,339,234,235
286,236,287,235,285,339,340
287,341,340,286,236,288,237
288,287,341,237,238,289,342
289,239,238,288,342,343,290
290,344,343,240,239,289,291
291,292,345,344,290,240,241
292,345,291,242,293,346,241
293,243,242,292,294,347,346
294,196,244,348,347,243,293
295,405,348,349,244,296,350
296,297,351,295,244,350,245
297,296,351,246,298,245,352
298,297,246,247,299,353,352
299,353,354,248,300,298,247
300,301,249,248,299,354,355
301,300,249,356,302,250,355
302,251,303,357,356,301,250
303,251,302,357,252,304,358
304,252,303,359,358,305,253
305,1155,359,304,253,1098,1043
306,361,360,254,1042,255,307
307,255,306,362,361,308,256
308,363,362,257,256,309,307
309,258,310,363,308,257,364
310,365,311,258,309,259,364
311,312,366,365,310,260,259
312,366,311,261,313,260,367
313,261,312,369,314,368,367
314,262,261,315,370,369,313
315,316,371,314,370,262,263
316,371,315,317,372,263,264
317,373,318,372,316,265,264
318,373,317,319,374,266,265
319,374,375,320,267,266,318
320,267,268,319,375,376,321
321,377,322,268,269,320,376
322,377,321,269,378,270,323
323,378,379,270,322,324,271
324,380,379,323,271,272,325
325,272,273,326,324,380,381
326,273,325,382,327,381,274
327,383,382,326,275,328,274
328,384,383,327,275,329,276
329,385,384,276,277,328,330
330,331,386,278,277,385,329
331,330,386,332,278,387,388
332,278,279,331,388,333,389
333,280,279,334,390,332,389
334,391,390,333,335,281,280
335,282,336,392,391,281,334
336,282,335,337,393,392,283
337,338,394,336,393,284,283
338,284,285,337,394,395,339
339,338,395,285,286,340,396
340,396,397,341,287,339,286
341,397,340,287,288,342,398
342,398,399,289,288,341,343
343,290,344,400,399,289,342
344,401,345,400,290,343,291
345,292,291,401,344,346,402
346,347,403,292,345,293,402
347,346,403,348,294,293,404
348,347,294,295,405,404,244
349,407,406,405,295,464,350
350,408,407,349,295,351,296
351,409,352,296,297,350,408
352,353,410,409,351,298,297
353,352,410,299,354,298,411
354,353,299,411,300,355,412
355,412,413,354,300,356,301
356,357,302,301,413,355,414
357,356,302,303,415,414,358
358,415,357,359,304,303,416
359,1155,305,358,304,416,417
360,306,361,1097,1041,1042,418,1154
361,306,360,419,362,418,307
362,363,420,419,361,308,307
363,362,420,308,309,421,364
364,365,422,421,310,363,309
365,310,311,422,364,366,423
366,312,311,424,423,367,365
367,368,425,424,366,312,313
368,425,367,426,427,369,313
369,370,428,427,313,314,368
370,314,315,429,428,369,371
371,316,315,372,430,429,370
372,431,373,317,316,430,371
373,431,372,317,318,374,432
374,375,433,319,318,373,432
375,433,434,374,376,319,320
376,435,377,434,375,320,321
377,321,322,435,376,378,436
378,323,379,437,377,322,436
379,378,323,437,380,324,438
380,439,381,379,324,325,438
381,439,380,440,325,326,382
382,327,383,440,441,326,381
383,441,442,328,384,327,382
384,328,383,443,442,385,329
385,443,444,384,329,386,330
386,330,331,387,445,444,385
387,446,388,445,331,386
388,446,387,332,331,447,389
389,390,448,447,388,333,332
390,334,391,389,448,333,449
391,334,390,449,392,450,335
392,391,450,451,336,335,393
393,336,337,452,394,451,392
394,337,338,395,452,393,453
395,396,454,394,338,453,339
396,454,395,340,397,455,339
397,396,340,341,455,456,398
398,342,399,457,456,341,397
399,398,342,400,458,457,343
400,399,458,401,344,343,459
401,459,460,344,345,402,400
402,461,460,401,403,346,345
403,346,347,461,402,404,462
404,462,463,348,405,347,403
405,295,348,404,349,464,463
406,466,407,349,464,521,465
407,466,406,349,408,467,350
408,467,407,350,409,468,351
409,351,352,468,408,410,469
410,352,353,469,409,470,411
411,354,353,412,471,410,470
412,471,411,472,355,413,354
413,412,355,356,472,414,473
414,415,357,473,413,356,474
415,414,357,358,474,475,416
416,358,415,475,476,359,417
417,477,1211,476,416,359,1155
418,419,361,1210,478,360,1154
419,361,362,418,479,478,420
420,362,363,480,421,479,419
421,364,422,481,480,420,363
422,482,423,365,364,421,481
423,424,366,482,422,365,483
424,423,366,367,484,483,425
425,368,367,426,485,484,424
426,427,487,368,425,486,485
427,426,487,488,428,369,368
428,489,488,429,370,369,427
429,428,489,490,370,430,371
430,491,490,372,431,429,371
431,372,373,432,492,430,491
432,492,431,493,433,374,373
433,494,493,375,434,374,432
434,435,495,494,376,433,375
435,495,496,376,377,434,436
436,497,496,435,377,378,437
437,378,379,438,498,436,497
438,498,499,437,379,439,380
439,380,381,440,500,438,499
440,441,501,382,439,381,500
441,440,501,383,442,382,502
442,441,383,502,503,384,443
443,385,444,504,384,442,503
444,443,385,504,445,386
445,387,446,504,444,386,596
446,650,701,714,687,387,388,445,596,447,557,505
447,448,389,446,388,505
448,389,390,505,449,447
449,506,505,448,390,391,450
450,451,507,506,449,391,392
451,508,507,452,450,393,392
452,451,508,393,394,453,509
453,454,395,510,452,394,509
454,396,395,453,510,455,511
455,396,454,397,456,511,512
456,457,513,398,455,397,512
457,399,398,513,456,458,514
458,399,400,514,457,459,515
459,401,460,458,515,400,516
460,461,402,459,401,516,517
461,518,462,460,402,403,517
462,404,463,518,461,519,403
463,462,404,519,520,464,405
464,406,521,520,463,405,349
465,406,466,572,521,523,522
466,406,407,524,523,465,467
467,408,407,466,524,468,525
468,409,408,525,526,467,469
469,410,409,468,470,527,526
470,469,527,410,471,528,411
471,412,411,472,528,470,529
472,471,412,529,530,413,473
473,531,530,414,413,472,474
474,475,532,415,414,531,473
475,532,474,476,533,415,416
476,533,475,416,534,477,417
477,1304,534,476,417,1211,1261
478,536,479,535,1210,418,419
479,536,478,537,480,419,420
480,481,538,537,479,420,421
481,480,538,539,482,422,421
482,422,423,483,539,481
483,484,539,424,423,482
484,483,539,485,424,425
485,484,539,486,425,426
486,540,487,539,485,426
487,426,427,540,486,541,488
488,489,428,541,542,487,427
489,488,428,429,490,543,542
490,544,491,430,429,489,543
491,544,490,430,492,545,431
492,432,431,545,546,493,491
493,547,546,432,492,494,433
494,548,495,493,433,547,434
495,548,494,435,496,549,434
496,495,435,550,549,436,497
497,550,551,436,496,498,437
498,438,499,551,497,437,552
499,498,438,552,553,439,500
500,501,554,553,439,440,499
501,440,441,555,502,554,500
502,555,501,442,503,441,556
503,502,442,504,556,443
504,556,503,443,444,445,596
505,506,449,448,557,446,447
506,507,557,505,449,450
507,451,508,558,557,506,450
508,451,507,452,509,559,558
509,559,508,510,560,452,453
510,454,453,560,509,511,561
511,454,455,512,510,561,562
512,563,513,456,562,455,511
513,563,512,457,456,564,514
514,458,457,513,564,565,515
515,458,459,565,566,516,514
516,460,517,567,515,566,459
517,516,460,567,568,518,461
518,461,462,568,517,519,569
519,520,570,463,518,462,569
520,519,570,521,571,463,464
521,520,571,464,406,572,465
522,610,572,523,574,573,465
523,574,522,524,466,465,575
524,576,575,523,466,467,525
525,577,576,468,526,467,524
526,527,578,525,468,577,469
527,578,526,469,470,579,528
528,579,580,527,529,471,470
529,530,580,528,472,471
530,529,580,531,473,472
531,530,473,474,532,580
532,475,474,531,580,533
533,476,475,532,580,1304,534
534,477,1304,533,476
535,1258,1259,536,1210,478,1260
536,478,479,1258,535,537,1257
537,1257,1256,538,479,480,536
538,1255,539,1256,537,480,481
539,1255,538,1418,483,484,638,661,611,540,581,485,486,482,481
540,581,539,486,487,541
541,542,582,488,581,540,487
542,582,541,543,583,488,489
543,544,490,583,542,584,489
544,585,545,490,491,543,584
545,585,586,544,492,546,491
546,547,587,586,493,545,492
547,587,546,588,493,494,548
548,494,495,549,589,588,547
549,496,550,495,590,589,548
550,591,551,497,590,496,549
551,591,550,497,552,592,498
552,593,592,551,499,553,498
553,552,499,500,554,593,594
554,501,500,553,594,595,555
555,501,502,595,554,596,556
556,504,503,596,555,502
557,558,507,506,446,505,650,625,597
558,557,507,508,559,597
559,509,508,560,558,597
560,510,509,561,598,559,597
561,510,511,598,560,599,562
562,563,512,511,561,599,600
563,600,601,512,513,564,562
564,602,601,565,563,513,514
565,603,602,566,564,515,514
566,565,603,604,567,515,516
567,604,566,516,517,568,605
568,567,517,605,518,606,569
569,607,606,570,568,519,518
570,519,520,608,607,571,569
571,520,521,572,570,608,609
572,522,610,571,521,609,465
573,574,679,522,610,637
574,573,679,523,522,575
575,524,576,679,574,523
576,524,575,525,577,679
577,525,576,679,526,578
578,527,526,577,679,579
579,528,580,679,578,527
580,529,530,579,528,1344,679,531,532,533,1304
581,582,611,540,539,541
582,612,583,542,541,611,581
583,612,582,543,542,584,613
584,583,543,614,585,544,613
585,545,586,544,615,614,584
586,616,615,585,545,546,587
587,547,546,588,617,616,586
588,587,547,618,617,589,548
589,618,588,590,619,549,548
590,620,619,589,550,591,549
591,550,551,621,620,590,592
592,552,593,551,622,621,591
593,552,592,623,622,553,594
594,595,624,554,553,593,623
595,624,596,594,554,555
596,624,595,687,446,555,556,504,445
597,557,558,598,560,625,559
598,561,560,597,625,599
599,600,626,625,598,561,562
600,563,601,627,626,599,562
601,600,563,564,602,628,627
602,565,603,564,601,629,628
603,565,602,566,604,630,629
604,630,603,566,631,567,605
605,631,632,604,567,568,606
606,607,633,569,605,632,568
607,606,633,634,570,608,569
608,635,634,609,570,607,571
609,636,635,608,610,571,572
610,522,572,636,609,637,573
611,582,581,638,539,612
612,582,583,639,613,611,638
613,614,640,639,612,584,583
614,640,641,615,613,585,584
615,642,616,641,586,614,585
616,642,615,586,643,617,587
617,644,643,618,588,616,587
618,617,588,589,619,645,644
619,620,646,590,645,589,618
620,619,646,590,621,647,591
621,647,620,591,622,592,648
622,593,623,649,648,621,592
623,593,622,649,624,594
624,595,596,594,687,649,623
625,650,557,597,598,626,599
626,600,627,599,650,625
627,600,626,601,651,628,650
628,629,652,601,602,651,627
629,628,652,630,653,602,603
630,629,653,604,603,631,654
631,630,604,654,655,605,632
632,631,605,606,655,656,633
633,606,607,634,657,656,632
634,658,657,607,633,635,608
635,609,636,634,608,659,658
636,609,635,660,659,610,637
637,610,636,660,679,573
638,661,539,639,611,612
639,640,662,613,612,661,638
640,614,641,613,639,662,663
641,663,664,615,642,640,614
642,665,664,615,616,641,643
643,644,617,642,616,665,666
644,643,617,667,666,618,645
645,667,668,646,619,618,644
646,619,620,668,645,669,647
647,670,669,621,620,646,648
648,649,670,622,647,621
649,670,648,622,687,624,623
650,446,701,671,688,557,625,626,651,627
651,650,671,652,627,628
652,628,629,653,651,671
653,629,630,652,671,654,672
654,630,631,655,653,672,673
655,654,631,656,674,632,673
656,674,655,632,657,633,675
657,658,634,656,633,675,676
658,657,634,677,676,635,659
659,678,660,636,635,658,677
660,678,659,636,679,637
661,706,712,714,680,695,662,639,638,539
662,639,640,663,661,680
663,641,664,681,680,640,662
664,642,665,682,681,663,641
665,642,664,666,683,682,643
666,683,665,644,667,684,643
667,645,668,644,666,684,685
668,667,645,646,669,685,686
669,647,670,668,646,686,687
670,647,669,649,648,687
671,650,688,672,651,652,653
672,688,671,654,653,673
673,689,688,674,655,654,672
674,656,655,673,689,690,675
675,691,690,674,676,657,656
676,692,691,658,677,675,657
677,658,676,692,693,659,678
678,659,660,679,677,694,693
679,573,574,575,576,694,705,678,660,580,1344,637,577,578,579
680,681,695,661,663,662
681,682,664,695,680,663,696
682,681,664,683,697,665,696
683,684,698,697,666,665,682
684,683,698,666,667,685,699
685,686,700,699,667,668,684
686,700,685,687,668,669
687,714,446,700,686,669,670,649,624,596
688,650,671,701,689,673,672
689,688,673,674,690,701
690,691,675,689,674,702,701
691,690,675,702,676,692,703
692,676,691,704,703,693,677
693,704,692,705,677,694,678
694,679,705,693,678
695,681,680,706,696,661
696,707,697,706,695,681,682
697,707,696,683,698,682,708
698,683,684,697,708,709,699
699,700,709,685,698,684
700,699,709,686,685,714,687
701,446,650,688,689,690,702,710
702,703,710,690,691,701
703,710,702,691,692,704
704,692,703,710,711,693,705
705,704,711,694,679,693
706,695,696,712,661,707
707,696,697,713,712,706,708
708,698,709,713,707,697
709,699,700,714,708,698,713
710,703,702,701,704,711
711,704,710,705
712,706,661,714,707,713
713,707,712,714,708,709
714,709,700,687,446,712,661,713
715,1542,1462,716,725,724,1512
716,726,725,715,717,727,1512
717,727,728,1639,1746,716,1512
718,1638,734,1487,719,1485,735
719,1487,718,720,737,735,736
720,719,1487,738,737,1467,1466
721,744,1748,746,722,1614,745
722,746,721,1614,1615,1749,747
723,724,753,1462,1488,1473,752
724,753,723,1462,754,725,715
725,716,726,715,754,755,724
726,716,725,727,757,756,755
727,717,728,757,726,716,758
728,727,717,758,759,1746,729
729,730,1747,759,760,1746,728
730,729,1747,1667,731,761,760
731,732,762,1667,1666,730,761
732,762,731,1661,733,763,1666
733,732,1661,1638,734,763,764
734,1638,718,733,764,765,735
735,766,736,719,718,734,765
736,768,767,766,735,719,737
737,720,738,719,769,736,768
738,770,769,720,737,1467,739
739,740,771,770,1467,1469,738
740,1471,741,739,771,772,1469
741,1471,740,1550,10,41,772
742,777,776,743,1479,1531,1478
743,778,744,1748,777,742,1479
744,1748,721,779,745,778,743
745,780,781,779,746,744,721
746,721,722,747,782,781,745
747,748,783,782,746,722,1749
748,783,747,1686,749,784,1749
749,1601,750,748,1686,785,784
750,786,785,751,749,1601,1520
751,750,786,1520,1488,787,752
752,753,788,787,1488,723,751
753,752,788,789,724,723,754
754,789,753,724,790,725,755
755,791,790,754,725,756,726
756,793,792,757,791,755,726
757,727,726,793,756,794,758
758,728,759,795,794,757,727
759,729,760,796,758,728,795
760,759,729,797,796,761,730
761,798,797,730,731,760,762
762,732,731,763,798,761,799
763,732,733,764,762,799,800
764,801,800,765,734,733,763
765,766,802,764,801,734,735
766,765,802,736,767,735,803
767,736,768,766,803,804,805
768,736,767,806,805,737,769
769,770,738,737,768,806,807
770,769,738,739,771,807,808
771,739,740,772,809,770,808
772,771,740,809,741,41
773,810,9,1736,1534,811,774
774,775,812,1530,811,773,1534
775,1531,776,774,812,1530,813
776,1531,775,742,777,814,813
777,815,778,742,776,743,814
778,815,777,743,744,779,816
779,745,780,817,816,744,778
780,818,819,745,781,779,817
781,820,819,780,745,746,782
782,747,746,821,783,781,820
783,821,822,748,747,784,782
784,748,749,785,783,823,822
785,786,750,749,784,823,824
786,785,750,751,825,824,787
787,825,826,752,788,786,751
788,752,753,827,789,787,826
789,827,788,753,754,828,790
790,829,828,754,789,755,791
791,829,830,792,755,790,756
792,756,793,791,830,832,831
793,756,792,757,832,794,833
794,758,795,834,833,793,757
795,796,835,758,759,834,794
796,760,797,835,836,759,795
797,760,796,798,837,761,836
798,838,837,797,761,762,799
799,800,839,762,798,763,838
800,840,801,799,839,764,763
801,840,800,764,765,841,802
802,803,842,765,766,841,801
803,802,842,843,804,767,766
804,803,843,767,845,844,805
805,768,806,846,845,804,767
806,768,805,846,847,807,769
807,848,847,808,806,769,770
808,771,809,848,807,770,849
809,771,772,808,41,850,849
810,9,773,40,77,811,851
811,810,851,774,812,773,852
812,774,775,811,853,852,813
813,854,853,775,776,814,812
814,815,855,776,777,854,813
815,777,778,814,855,816,856
816,817,779,857,856,778,815
817,816,779,780,857,818,858
818,780,819,817,858,859,860
819,818,780,861,860,820,781
820,821,862,819,781,782,861
821,862,820,783,822,863,782
822,821,783,863,864,784,823
823,864,865,784,785,822,824
824,786,825,823,785,866,865
825,826,867,787,786,824,866
826,825,867,787,827,868,788
827,788,789,869,868,826,828
828,790,829,827,789,870,869
829,791,830,790,828,870,871
830,831,872,829,791,792,871
831,872,830,873,874,832,792
832,793,792,875,874,833,831
833,875,876,834,794,793,832
834,835,877,795,833,794,876
835,877,834,796,836,878,795
836,837,879,835,796,878,797
837,836,879,798,838,797,880
838,881,839,798,837,880,799
839,881,838,799,800,882,840
840,800,801,841,883,882,839
841,840,801,883,842,884,802
842,802,803,843,841,884,885
843,842,803,844,886,804,885
844,843,886,887,888,845,804
845,805,846,888,844,804,889
846,805,806,845,890,889,847
847,890,891,848,807,846,806
848,847,807,808,849,892,891
849,892,848,809,808,850,893
850,893,160,78,118,41,809,849
851,810,811,77,894,117,852
852,894,895,853,811,851,812
853,852,895,813,854,812,896
854,813,853,814,897,855,896
855,814,815,897,854,856,898
856,816,857,899,898,855,815
857,858,900,816,856,899,817
858,857,900,817,818,901,859
859,902,901,818,858,860,903
860,861,819,904,903,818,859
861,860,819,905,904,820,862
862,821,820,861,906,863,905
863,821,822,906,862,864,907
864,823,865,908,863,822,907
865,864,823,908,909,824,866
866,910,909,867,824,825,865
867,825,826,866,910,911,868
868,869,827,826,912,867,911
869,868,827,912,913,828,870
870,828,869,913,914,871,829
871,914,870,915,830,829,872
872,831,830,915,916,873,871
873,916,917,918,872,874,831
874,875,919,873,918,832,831
875,833,876,874,919,920,832
876,875,833,920,921,877,834
877,835,834,922,878,921,876
878,922,877,879,923,835,836
879,836,837,923,878,880,924
880,837,838,924,879,881,925
881,925,926,838,839,880,882
882,926,927,840,883,839,881
883,840,882,841,884,928,927
884,885,929,928,883,841,842
885,884,929,930,886,843,842
886,843,844,931,887,930,885
887,932,931,933,886,844,888
888,934,933,844,887,845,889
889,890,935,846,888,845,934
890,889,935,847,891,846,936
891,890,847,892,937,848,936
892,893,938,849,848,891,937
893,850,160,938,892,939,849
894,941,940,852,895,117,851,942
895,894,852,942,943,853,896
896,943,895,854,897,853,944
897,854,855,896,898,945,944
898,945,897,946,899,856,855
899,900,947,946,898,856,857
900,857,858,947,899,901,948
901,949,902,948,900,859,858
902,949,901,951,950,859,903
903,860,904,902,951,859,952
904,861,905,860,903,952,953
905,861,904,954,906,953,862
906,907,955,862,863,954,905
907,908,956,906,955,863,864
908,956,907,957,865,864,909
909,866,910,958,957,908,865
910,866,909,867,911,959,958
911,910,867,959,868,960,912
912,913,961,960,869,868,911
913,962,961,912,869,870,914
914,962,963,915,913,870,871
915,963,914,964,916,872,871
916,964,965,915,872,873,917
917,967,918,916,873,965,966
918,967,917,968,873,919,874
919,874,875,968,918,969,920
920,970,921,876,969,875,919
921,970,920,876,877,922,971
922,972,971,877,878,921,923
923,879,878,924,973,922,972
924,880,879,923,973,974,925
925,881,926,975,974,924,880
926,882,927,925,881,975,976
927,926,882,928,883,977,976
928,884,929,977,978,883,927
929,978,979,884,885,928,930
930,886,931,885,979,929,980
931,887,932,886,930,980,981
932,983,933,887,931,982,981
933,983,932,887,888,934,984
934,888,933,984,985,889,935
935,889,890,934,936,986,985
936,987,937,986,935,890,891
937,987,936,891,892,938,988
938,893,892,939,937,988,989
939,206,254,160,893,989,938
940,941,894,117,159,990,205
941,940,894,942,991,990
942,941,991,895,943,992,894
943,993,992,942,895,896,944
944,994,993,896,897,943,945
945,946,995,898,897,944,994
946,945,995,996,899,947,898
947,900,899,946,948,997,996
948,901,900,949,998,997,947
949,999,998,901,902,948,950
950,951,902,1000,999,949,1001
951,950,902,903,1001,952,1002
952,953,1003,1002,903,951,904
953,952,1003,1004,954,904,905
954,1004,1005,905,906,953,955
955,906,907,956,1006,954,1005
956,908,907,957,955,1006,1007
957,956,908,958,909,1007,1008
958,957,909,959,1009,1008,910
959,1010,1009,958,911,910,960
960,912,961,911,959,1011,1010
961,962,913,912,960,1012,1011
962,914,963,961,913,1013,1012
963,962,914,915,1014,964,1013
964,1014,963,965,1015,916,915
965,1016,966,964,1015,916,917
966,1016,965,1018,1017,967,917
967,917,918,1019,1018,968,966
968,967,918,1020,969,919,1019
969,1020,968,1021,919,970,920
970,1022,1021,971,920,921,969
971,922,972,970,1022,921,1023
972,922,971,1024,1023,973,923
973,1024,1025,972,923,924,974
974,1026,975,1025,973,925,924
975,1026,1027,926,925,974,976
976,975,926,1028,977,1027,927
977,1029,1028,928,978,927,976
978,1029,1030,929,979,977,928
979,978,929,1030,1031,980,930
980,1032,981,979,1031,931,930
981,1032,980,1033,931,932,982
982,932,983,981,1034,1033,1035
983,932,933,982,984,1036,1035
984,985,1037,983,933,934,1036
985,1037,984,934,986,935,1038
986,987,936,985,935,1038,1039
987,936,937,986,988,1040,1039
988,989,1041,1040,987,938,937
989,1042,1041,988,939,254,938
990,940,941,205,1043,991,1044
991,941,942,1045,992,990,1044
992,943,993,1045,991,1046,942
993,943,992,944,994,1047,1046
994,944,993,1047,1048,995,945
995,945,946,996,1049,1048,994
996,995,946,1049,1050,997,947
997,1051,1050,948,998,996,947
998,999,949,948,1052,1051,997
999,998,949,950,1000,1052,1053
1000,1055,1001,1054,950,999,1053
1001,1055,1000,1056,1002,950,951
1002,1003,1057,952,1056,1001,951
1003,1058,1004,952,953,1057,1002
1004,1058,1003,1059,953,954,1005
1005,1004,954,1059,1060,955,1006
1006,955,956,1060,1005,1007,1061
1007,1062,1008,1061,957,956,1006
1008,1063,1009,1062,1007,957,958
1009,1010,1064,1063,1008,959,958
1010,1064,1009,959,1065,1011,960
1011,1065,1066,961,1012,1010,960
1012,961,1011,1013,962,1066,1067
1013,1067,1068,1012,962,1014,963
1014,963,964,1015,1069,1068,1013
1015,1069,1014,964,965,1070,1016
1016,1017,1071,965,966,1070,1015
1017,1016,1071,1018,1073,966,1072
1018,1017,1073,966,967,1019,1074
1019,1075,1074,967,1018,1020,968
1020,1075,1019,1076,968,969,1021
1021,970,1022,1020,969,1076,1077
1022,970,1021,1023,1078,1077,971
1023,1022,1078,1079,971,1024,972
1024,973,1025,1023,972,1079,1080
1025,1024,973,1081,1026,1080,974
1026,1027,1082,975,1081,1025,974
1027,1082,1026,975,1083,976,1028
1028,1029,977,1084,976,1027,1083
1029,978,1030,1028,977,1085,1084
1030,1029,978,1085,979,1031,1086
1031,1032,1087,1086,1030,979,980
1032,980,981,1033,1088,1087,1031
1033,1088,1032,981,1034,982,1089
1034,1091,1035,1090,1089,1033,982
1035,1091,1034,1092,983,1036,982
1036,1037,1093,984,983,1092,1035
1037,985,984,1094,1093,1038,1036
1038,1094,1095,1037,1039,985,986
1039,1038,1095,986,987,1096,1040
1040,1041,1097,988,987,1096,1039
1041,989,1042,1097,360,988,1040
1042,989,1041,254,306,360
1043,205,990,1098,1044,305,253
1044,1098,1043,1045,991,990,1099
1045,991,992,1046,1044,1099,1100
1046,992,993,1047,1045,1100,1101
1047,1102,1048,1101,993,994,1046
1048,1102,1047,994,1049,1103,995
1049,1103,1104,1048,995,996,1050
1050,997,1051,1105,1049,1104,996
1051,997,1050,1052,1106,1105,998
1052,1051,1106,1053,1107,998,999
1053,1052,1107,1000,1054,999,1108
1054,1110,1055,1000,1053,1108,1109
1055,1110,1054,1000,1001,1056,1111
1056,1057,1112,1001,1002,1055,1111
1057,1113,1112,1056,1003,1002,1058
1058,1114,1113,1003,1004,1059,1057
1059,1058,1004,1060,1115,1114,1005
1060,1061,1116,1115,1059,1005,1006
1061,1060,1116,1117,1062,1007,1006
1062,1063,1118,1007,1008,1117,1061
1063,1008,1009,1064,1119,1062,1118
1064,1010,1009,1119,1063,1120,1065
1065,1011,1066,1121,1010,1064,1120
1066,1122,1121,1065,1011,1012,1067
1067,1013,1068,1012,1122,1066,1123
1068,1069,1124,1067,1013,1014,1123
1069,1124,1068,1015,1014,1125,1070
1070,1071,1126,1125,1069,1016,1015
1071,1016,1017,1070,1126,1127,1072
1072,1128,1073,1017,1071,1127
1073,1017,1018,1128,1072,1129,1074
1074,1075,1019,1130,1018,1073,1129
1075,1074,1019,1130,1131,1020,1076
1076,1075,1020,1131,1132,1077,1021
1077,1022,1078,1133,1132,1076,1021
1078,1022,1023,1077,1134,1133,1079
1079,1078,1134,1023,1135,1080,1024
1080,1136,1081,1079,1135,1024,1025
1081,1136,1080,1025,1026,1137,1082
1082,1137,1138,1027,1026,1083,1081
1083,1082,1027,1139,1138,1084,1028
1084,1085,1029,1140,1028,1083,1139
1085,1029,1030,1140,1141,1084,1086
1086,1142,1087,1031,1141,1030,1085
1087,1143,1088,1142,1086,1032,1031
1088,1033,1032,1143,1087,1144,1089
1089,1090,1145,1034,1033,1088,1144
1090,1145,1089,1034,1146,1147,1091
1091,1034,1035,1092,1147,1090,1148
1092,1091,1035,1149,1093,1036,1148
1093,1094,1037,1150,1149,1092,1036
1094,1093,1037,1038,1095,1151,1150
1095,1094,1038,1039,1096,1152,1151
1096,1152,1153,1039,1040,1097,1095
1097,1041,360,1040,1096,1153,1154
1098,1156,1099,1155,305,1043,1044
1099,1156,1098,1044,1045,1100,1157
1100,1045,1046,1099,1158,1157,1101
1101,1159,1158,1047,1102,1100,1046
1102,1047,1048,1101,1160,1103,1159
1103,1104,1161,1160,1049,1102,1048
1104,1161,1103,1049,1162,1105,1050
1105,1163,1162,1050,1051,1104,1106
1106,1107,1164,1051,1052,1163,1105
1107,1164,1106,1052,1053,1108,1165
1108,1107,1053,1054,1166,1165,1109
1109,1168,1167,1110,1054,1108,1166
1110,1054,1055,1109,1168,1169,1111
1111,1112,1170,1169,1056,1110,1055
1112,1057,1113,1170,1171,1056,1111
1113,1058,1114,1057,1112,1172,1171
1114,1058,1113,1172,1173,1115,1059
1115,1174,1173,1060,1059,1114,1116
1116,1117,1175,1060,1061,1115,1174
1117,1175,1116,1176,1062,1118,1061
1118,1177,1176,1119,1062,1063,1117
1119,1064,1063,1178,1177,1118,1120
1120,1121,1179,1064,1119,1178,1065
1121,1122,1066,1120,1179,1065,1180
1122,1121,1066,1181,1180,1067,1123
1123,1181,1182,1124,1122,1067,1068
1124,1069,1068,1182,1123,1183,1125
1125,1069,1124,1070,1183,1126
1126,1183,1127,1070,1071,1125
1127,1238,1183,1288,1426,1289,1126,1071,1072,1128
1128,1072,1073,1129,1184,1289,1127
1129,1184,1130,1128,1073,1074
1130,1075,1131,1074,1184,1129,1185
1131,1130,1075,1185,1186,1132,1076
1132,1131,1186,1187,1077,1133,1076
1133,1188,1187,1134,1078,1077,1132
1134,1135,1189,1188,1133,1078,1079
1135,1190,1136,1134,1189,1079,1080
1136,1190,1135,1080,1081,1191,1137
1137,1082,1138,1192,1081,1191,1136
1138,1137,1082,1193,1192,1083,1139
1139,1194,1140,1083,1138,1084,1193
1140,1085,1141,1084,1194,1139,1195
1141,1140,1085,1196,1195,1086,1142
1142,1086,1087,1143,1197,1141,1196
1143,1198,1144,1087,1088,1197,1142
1144,1198,1143,1199,1145,1088,1089
1145,1199,1144,1090,1089,1200,1146
1146,1200,1145,1201,1202,1090,1147
1147,1146,1090,1091,1148,1202,1203
1148,1204,1203,1149,1092,1147,1091
1149,1092,1093,1205,1204,1150,1148
1150,1151,1206,1094,1093,1205,1149
1151,1152,1207,1095,1206,1094,1150
1152,1208,1153,1096,1207,1151,1095
1153,1208,1152,1096,1097,1154,1209
1154,1210,1209,418,1153,1097,360
1155,359,305,1098,1211,417,1156
1156,1212,1211,1098,1099,1157,1155
1157,1099,1156,1212,1213,1158,1100
1158,1101,1159,1214,1213,1157,1100
1159,1101,1158,1215,1160,1214,1102
1160,1161,1216,1103,1102,1215,1159
1161,1104,1103,1160,1216,1217,1162
1162,1217,1161,1105,1163,1218,1104
1163,1105,1162,1218,1219,1164,1106
1164,1107,1106,1219,1163,1165,1220
1165,1220,1164,1166,1221,1107,1108
1166,1222,1221,1165,1108,1167,1109
1167,1168,1109,1222,1166,1223,1224
1168,1167,1109,1110,1225,1169,1224
1169,1226,1170,1111,1225,1168,1110
1170,1171,1227,1226,1112,1169,1111
1171,1227,1228,1170,1113,1172,1112
1172,1113,1171,1228,1114,1173,1229
1173,1172,1114,1229,1230,1115,1174
1174,1115,1173,1230,1175,1231,1116
1175,1117,1116,1176,1232,1231,1174
1176,1177,1233,1118,1232,1175,1117
1177,1176,1233,1234,1178,1118,1119
1178,1179,1235,1177,1234,1119,1120
1179,1235,1178,1236,1180,1120,1121
1180,1237,1181,1179,1236,1122,1121
1181,1237,1180,1238,1182,1123,1122
1182,1238,1181,1123,1124,1183
1183,1238,1127,1124,1182,1126,1125
1184,1129,1130,1289,1239,1128,1185
1185,1184,1130,1131,1186,1239
1186,1240,1187,1239,1131,1185,1132
1187,1240,1186,1188,1241,1133,1132
1188,1242,1189,1187,1241,1133,1134
1189,1242,1188,1134,1135,1190,1243
1190,1135,1136,1189,1191,1243,1244
1191,1245,1192,1136,1137,1190,1244
1192,1138,1193,1137,1246,1245,1191
1193,1247,1194,1138,1192,1246,1139
1194,1248,1247,1193,1139,1140,1195
1195,1196,1249,1248,1141,1140,1194
1196,1249,1195,1141,1250,1197,1142
1197,1143,1142,1251,1250,1198,1196
1198,1143,1144,1199,1252,1251,1197
1199,1144,1145,1200,1198,1253,1252
1200,1145,1146,1199,1254,1253,1201
1201,1202,1255,1146,1200,1254
1202,1201,1255,1146,1203,1147
1203,1255,1202,1148,1204,1147
1204,1255,1205,1149,1148,1203
1205,1256,1255,1206,1204,1150,1149
1206,1207,1257,1256,1205,1151,1150
1207,1206,1257,1152,1151,1258,1208
1208,1152,1153,1258,1259,1209,1207
1209,1154,1210,1260,1259,1153,1208
1210,1154,1209,535,478,418,1260
1211,1156,1212,1262,1261,477,417,1155
1212,1156,1211,1263,1262,1157,1213
1213,1264,1263,1157,1212,1158,1214
1214,1159,1158,1264,1265,1213,1215
1215,1216,1266,1265,1160,1159,1214
1216,1160,1161,1215,1266,1217,1267
1217,1216,1267,1161,1162,1218,1268
1218,1269,1268,1217,1163,1162,1219
1219,1220,1270,1163,1218,1269,1164
1220,1270,1219,1165,1164,1221,1271
1221,1222,1166,1272,1271,1165,1220
1222,1221,1166,1223,1273,1272,1167
1223,1273,1222,1224,1275,1274,1167
1224,1275,1223,1168,1225,1167,1276
1225,1169,1226,1168,1277,1276,1224
1226,1170,1227,1169,1225,1278,1277
1227,1171,1228,1170,1226,1279,1278
1228,1227,1171,1172,1279,1280,1229
1229,1230,1281,1280,1228,1172,1173
1230,1281,1229,1282,1173,1231,1174
1231,1283,1282,1230,1175,1232,1174
1232,1284,1283,1233,1176,1175,1231
1233,1176,1177,1234,1284,1232,1285
1234,1233,1177,1286,1285,1178,1235
1235,1179,1178,1236,1286,1287,1234
1236,1235,1179,1180,1288,1287,1237
1237,1180,1181,1288,1236,1238
1238,1181,1182,1183,1127,1237,1288
1239,1240,1289,1184,1186,1185
1240,1186,1187,1239,1289,1241,1290
1241,1187,1188,1240,1290,1291,1242
1242,1188,1189,1241,1291,1243,1292
1243,1292,1293,1244,1189,1190,1242
1244,1293,1243,1294,1245,1190,1191
1245,1191,1192,1246,1295,1294,1244
1246,1295,1296,1192,1193,1247,1245
1247,1248,1194,1193,1297,1246,1296
1248,1247,1194,1195,1249,1297,1298
1249,1196,1195,1248,1299,1298,1250
1250,1299,1249,1251,1197,1300,1196
1251,1252,1301,1300,1250,1197,1198
1252,1301,1251,1302,1253,1199,1198
1253,1254,1200,1303,1302,1252,1199
1254,1253,1200,1201,1255,1303
1255,538,539,1418,1201,1202,1256,1205,1203,1204,1373,1392,1254,1343,1303,1407
1256,538,1255,1257,537,1205,1206
1257,537,1256,1206,1207,536,1258
1258,1259,535,536,1257,1208,1207
1259,1258,535,1260,1209,1208
1260,535,1259,1209,1210
1261,1262,1305,1211,477,1304
1262,1212,1263,1261,1305,1211,1306
1263,1212,1262,1306,1213,1264,1307
1264,1213,1263,1265,1308,1307,1214
1265,1215,1266,1264,1308,1309,1214
1266,1215,1216,1265,1309,1267,1310
1267,1216,1217,1266,1311,1310,1268
1268,1269,1218,1217,1312,1267,1311
1269,1268,1218,1312,1313,1219,1270
1270,1220,1219,1314,1313,1269,1271
1271,1272,1221,1315,1270,1314,1220
1272,1271,1221,1315,1316,1273,1222
1273,1223,1222,1316,1272,1317,1274
1274,1317,1273,1318,1319,1275,1223
1275,1224,1223,1276,1320,1319,1274
1276,1321,1320,1277,1225,1275,1224
1277,1276,1225,1226,1278,1321,1322
1278,1279,1323,1226,1227,1277,1322
1279,1323,1278,1227,1228,1280,1324
1280,1279,1324,1228,1325,1281,1229
1281,1326,1282,1230,1229,1280,1325
1282,1326,1281,1283,1231,1230,1327
1283,1328,1327,1284,1232,1282,1231
1284,1329,1285,1283,1232,1233,1328
1285,1329,1284,1234,1286,1233,1330
1286,1234,1285,1235,1287,1330
1287,1288,1236,1286,1235,1330
1288,1362,1330,1287,1236,1127,1426,1237,1383,1238
1289,1239,1240,1127,1426,1184,1128,1400,1290,1331
1290,1241,1291,1240,1289,1331
1291,1290,1241,1242,1331,1332,1292
1292,1243,1293,1333,1242,1291,1332
1293,1292,1243,1333,1334,1244,1294
1294,1245,1295,1335,1334,1293,1244
1295,1246,1296,1335,1336,1245,1294
1296,1297,1337,1295,1246,1247,1336
1297,1248,1298,1247,1296,1337,1338
1298,1339,1338,1297,1248,1299,1249
1299,1339,1340,1298,1249,1250,1300
1300,1301,1341,1251,1340,1299,1250
1301,1252,1251,1342,1302,1300,1341
1302,1253,1303,1252,1343,1342,1301
1303,1253,1302,1343,1254,1255
1304,1305,1344,477,534,533,580,1261
1305,1304,1344,1306,1261,1262
1306,1305,1344,1263,1262,1307
1307,1306,1344,1308,1263,1264
1308,1307,1344,1264,1265,1309
1309,1308,1344,1310,1265,1266
1310,1309,1344,1311,1267,1266
1311,1310,1267,1344,1268,1312
1312,1269,1313,1268,1311,1345,1344
1313,1312,1269,1270,1314,1345,1346
1314,1270,1313,1346,1271,1347,1315
1315,1348,1316,1271,1272,1314,1347
1316,1348,1315,1272,1273,1317,1349
1317,1273,1274,1316,1349,1318,1350
1318,1351,1350,1274,1319,1352,1317
1319,1318,1274,1352,1353,1275,1320
1320,1321,1276,1354,1353,1275,1319
1321,1320,1276,1354,1355,1322,1277
1322,1355,1321,1356,1323,1277,1278
1323,1279,1278,1357,1356,1322,1324
1324,1279,1280,1357,1323,1325,1358
1325,1358,1359,1326,1324,1280,1281
1326,1281,1282,1359,1325,1327,1360
1327,1360,1361,1328,1283,1282,1326
1328,1361,1327,1283,1362,1284,1329
1329,1284,1285,1330,1328,1362
1330,1362,1288,1329,1285,1286,1287
1331,1363,1332,1289,1290,1291,1400
1332,1363,1333,1331,1291,1292
1333,1363,1332,1293,1334,1292,1364
1334,1333,1293,1294,1335,1365,1364
1335,1295,1336,1366,1365,1294,1334
1336,1335,1295,1367,1337,1366,1296
1337,1296,1297,1367,1368,1336,1338
1338,1339,1298,1369,1368,1337,1297
1339,1338,1298,1299,1340,1370,1369
1340,1371,1370,1339,1299,1300,1341
1341,1342,1372,1371,1300,1301,1340
1342,1372,1341,1301,1302,1373,1343
1343,1302,1303,1255,1373,1342
1344,1304,1305,1345,1419,1306,580,679,1307,1308,1309,1310,1311,1312
1345,1419,1344,1346,1312,1313
1346,1419,1345,1313,1314,1347
1347,1348,1419,1346,1314,1315
1348,1315,1316,1347,1419,1349
1349,1350,1419,1316,1317,1348
1350,1349,1419,1351,1318,1317
1351,1419,1350,1318,1352,1374
1352,1318,1351,1319,1353,1375,1374
1353,1376,1354,1352,1319,1320,1375
1354,1376,1353,1320,1321,1355,1377
1355,1377,1378,1354,1321,1322,1356
1356,1357,1323,1379,1322,1378,1355
1357,1356,1323,1379,1380,1324,1358
1358,1325,1359,1380,1381,1357,1324
1359,1358,1325,1326,1382,1381,1360
1360,1327,1361,1382,1383,1359,1326
1361,1360,1327,1328,1362,1383
1362,1330,1288,1361,1328,1383,1329
1363,1332,1333,1331,1364,1384,1400
1364,1365,1334,1384,1363,1333
1365,1335,1366,1334,1364,1385,1384
1366,1335,1365,1385,1386,1336,1367
1367,1337,1368,1336,1386,1387,1366
1368,1367,1337,1369,1338,1387,1388
1369,1389,1370,1368,1338,1339,1388
1370,1340,1371,1389,1369,1390,1339
1371,1391,1390,1340,1370,1372,1341
1372,1392,1391,1342,1341,1373,1371
1373,1255,1392,1372,1342,1343
1374,1393,1419,1375,1351,1352
1375,1374,1393,1353,1352,1394,1376
1376,1353,1354,1395,1377,1375,1394
1377,1395,1396,1355,1378,1376,1354
1378,1377,1355,1396,1397,1379,1356
1379,1380,1398,1397,1356,1357,1378
1380,1398,1379,1357,1399,1358,1381
1381,1382,1399,1380,1358,1359
1382,1399,1383,1381,1360,1359
1383,1399,1382,1360,1361,1412,1362,1288,1426
1384,1385,1400,1364,1363,1365
1385,1366,1386,1384,1400,1365,1401
1386,1385,1366,1367,1387,1401,1402
1387,1386,1367,1368,1402,1403,1388
1388,1404,1403,1369,1368,1387,1389
1389,1369,1370,1390,1405,1404,1388
1390,1371,1391,1370,1406,1405,1389
1391,1392,1372,1371,1390,1406,1407
1392,1391,1372,1373,1255,1407
1393,1374,1419,1375,1394,1408
1394,1395,1409,1375,1393,1376,1408
1395,1377,1396,1394,1409,1376,1410
1396,1395,1377,1378,1410,1397,1411
1397,1398,1412,1379,1411,1396,1378
1398,1397,1412,1380,1379,1399
1399,1382,1383,1381,1398,1412,1380
1400,1426,1289,1384,1385,1363,1331,1401,1413
1401,1400,1385,1386,1402,1413
1402,1401,1386,1387,1414,1413,1403
1403,1404,1415,1388,1402,1387,1414
1404,1415,1403,1416,1388,1405,1389
1405,1406,1390,1404,1389,1417,1416
1406,1391,1407,1405,1390,1417,1418
1407,1406,1391,1392,1418,1255
1408,1394,1409,1393,1419,1420
1409,1394,1395,1408,1410,1420,1421
1410,1395,1396,1409,1421,1411
1411,1421,1412,1397,1396,1410
1412,1397,1398,1421,1411,1425,1399,1383
1413,1422,1426,1401,1400,1414,1402
1414,1413,1402,1403,1415,1422
1415,1404,1403,1416,1423,1422,1414
1416,1415,1404,1417,1405,1424,1423
1417,1416,1405,1406,1418,1424
1418,1255,539,1417,1406,1407,1424,1427
1419,1345,1344,1349,1350,1351,1346,1374,1393,1347,1348,1408,1420,1425
1420,1408,1409,1419,1425,1421
1421,1411,1412,1420,1409,1425,1410
1422,1413,1426,1415,1423,1414
1423,1415,1422,1424,1427,1416,1426
1424,1417,1418,1416,1427,1423
1425,1420,1419,1421,1412
1426,1413,1422,1288,1127,1289,1383,1400,1423,1427
1427,1424,1423,1426,1418
1428,1443,1457,1436,1437,1527,1526
1429,1441,1435,1431,1434,1453,1477
1430,1439,1433,1438,1445,1446,1432
1431,1429,1434,1444,1435,1449,1442
1432,1448,1440,1433,1430,1438,1447
1433,1430,1439,1440,1451,1450,1432
1434,1454,1442,1429,1431,1452,1453
1435,1441,1470,1429,1444,1431,1468
1436,1455,1458,1428,1437,1456,1443
1437,1459,1525,1428,1436,1526,1456
1438,1445,1430,1489,1490,1447,1432
1439,1430,1433,1461,1450,1460,1446
1440,1433,1451,1463,1480,1448,1432
1441,1435,1470,1429,1569,1674,1477
1442,1454,1434,1449,1431,1464,1472
1443,1428,1457,1465,1455,1436,1535
1444,1486,1466,1431,1435,1468,1449
1445,1438,1430,1564,1625,1490,1446
1446,1625,1475,1439,1460,1445,1430
1447,1533,1489,1448,1532,1438,1432
1448,1532,1447,1478,1480,1432,1440
1449,1481,1464,1486,1442,1431,1444
1450,1461,1439,1476,1474,1433,1451
1451,1440,1433,1474,1450,1463,1482
1452,1454,1434,1513,1483,1495,1453
1453,1539,1495,1477,1429,1434,1452
1454,1434,1442,1452,1484,1483,1472
1455,1458,1436,1492,1443,1465,1491
1456,1436,1437,1458,1459,1493,1494
1457,1443,1428,1527,1586,1585,1535
1458,1455,1436,1492,1456,1508,1493
1459,1437,1525,1509,1494,1675,1456
1460,1475,1511,1461,1439,1446,1510
1461,1450,1439,1516,1476,1460,1510
1462,1542,715,723,724,1473,1637
1463,1440,1451,1617,1616,1480,1482
1464,1481,1524,1523,1449,1472,1442
1465,1515,1514,1491,1443,1455,1535
1466,1486,1444,1487,720,1467,1468
1467,720,738,739,1469,1468,1466
1468,1470,1469,1435,1444,1467,1466
1469,1468,1470,1471,740,739,1467
1470,1435,1441,1468,1469,1674,1471
1471,741,740,1674,1550,1469,1470
1472,1484,1454,1523,1528,1464,1442
1473,1488,1691,723,1694,1637,1462
1474,1482,1536,1476,1450,1537,1451
1475,1737,1738,1511,1460,1625,1446
1476,1461,1516,1474,1450,1538,1537
1477,1569,1556,1453,1539,1429,1441
1478,1531,1532,1479,742,1480,1448
1479,1617,1748,743,742,1478,1480
1480,1479,1478,1617,1463,1440,1448
1481,1464,1524,1449,1486,1485,1546
1482,1474,1536,1616,1618,1451,1463
1483,1547,1513,1548,1484,1454,1452
1484,1549,1528,1548,1483,1454,1472
1485,1487,1486,718,1481,1638,1546
1486,1487,1485,1444,1466,1481,1449
1487,1485,1486,719,718,720,1466
1488,1473,1691,723,752,1520,751
1489,1533,1447,1490,1438,1529,1673
1490,1599,1673,1489,1438,1564,1445
1491,1557,1551,1492,1465,1514,1455
1492,1455,1458,1508,1552,1551,1491
1493,1553,1558,1456,1494,1508,1458
1494,1509,1459,1456,1493,1553,1554
1495,1539,1540,1739,1513,1453,1452
1496,1598,1522,1580,1544,1672,1652
1497,1650,1579,1605,1705,1502,1543
1498,1545,1507,1654,1581,1706,1606
1499,1500,19,1574,1565,18,1517
1500,1565,1566,1499,19,1501,20
1501,1500,20,1566,21,1502,1605
1502,21,1501,22,1543,1605,1497
1503,1518,1575,9,8,1736,1740
1504,1576,1567,1505,29,28,1519
1505,1506,30,1567,1568,29,1504
1506,1505,30,1507,31,1606,1568
1507,1545,1498,31,1506,1606,32
1508,1577,1558,1493,1458,1492,1552
1509,1541,1675,1554,1555,1459,1494
1510,1511,1460,1461,1516,1584,1583
1511,1585,1584,1737,1475,1460,1510
1512,715,1542,716,717,1639,1640
1513,1559,1547,1483,1739,1495,1452
1514,1563,1578,1465,1515,1557,1491
1515,1738,1563,1465,1514,1535,1737
1516,1461,1476,1538,1583,1607,1510
1517,18,17,1499,1572,1619,1574
1518,1575,1503,8,1620,7,1571
1519,1624,1576,1573,1504,28,27
1520,1488,751,1691,1689,750,1601
1521,11,10,1597,1598,1550,1522
1522,11,12,1544,1598,1496,1521
1523,1524,1464,1594,1595,1528,1472
1524,1464,1481,1523,1546,1595,1596
1525,1437,1459,1560,1526,1675,1559
1526,1560,1561,1525,1437,1527,1428
1527,1457,1586,1428,1526,1587,1561
1528,1549,1484,1593,1594,1523,1472
1529,1533,1534,1736,1673,1489,1740
1530,1533,1532,775,774,1531,1534
1531,776,775,1532,1478,742,1530
1532,1530,1533,1448,1447,1531,1478
1533,1530,1532,1489,1447,1529,1534
1534,1529,1533,1736,1530,773,774
1535,1585,1737,1515,1465,1457,1443
1536,1482,1474,1537,1655,1618,1641
1537,1642,1641,1536,1474,1538,1476
1538,1537,1642,1607,1643,1476,1516
1539,1495,1540,1670,1556,1453,1477
1540,1669,1541,1539,1495,1739,1670
1541,1669,1540,1509,1675,1555,1739
1542,715,1462,1512,1656,1637,1640
1543,3,23,22,1502,1497,1579
1544,12,1522,2,1580,13,1496
1545,1507,1498,1581,1,33,32
1546,1638,1661,1481,1485,1524,1596
1547,1560,1559,1513,1483,1548,1562
1548,1549,1582,1547,1562,1483,1484
1549,1484,1528,1548,1582,1593,1592
1550,1471,1674,10,741,1597,1521
1551,1557,1491,1631,1552,1630,1492
1552,1631,1551,1636,1577,1492,1508
1553,1493,1558,1494,1554,1663,1664
1554,1555,1509,1664,1665,1494,1553
1555,1554,1509,1665,1677,1669,1541
1556,1570,1569,1671,1670,1539,1477
1557,1551,1491,1630,1629,1578,1514
1558,1508,1577,1668,1553,1493,1663
1559,1547,1560,1513,1675,1739,1525
1560,1547,1559,1561,1562,1526,1525
1561,1560,1562,1526,1527,1587,1589
1562,1561,1560,1589,1582,1547,1548
1563,1578,1514,1738,1515,1626,1627
1564,1445,1625,1599,1490,1602,1626
1565,1566,1500,1574,1499,1680,1681
1566,1565,1500,1501,1681,1682,1605
1567,1504,1576,1505,1568,1683,1684
1568,1505,1567,1684,1685,1606,1506
1569,1441,1674,1597,1570,1556,1477
1570,1598,1672,1597,1569,1671,1556
1571,1735,6,1620,1518,1743,7
1572,1741,1717,1744,17,1517,1619
1573,1624,1519,27,1745,1742,1726
1574,1619,1703,1565,1499,1680,1517
1575,1518,1503,1621,1600,1620,1740
1576,1504,1567,1624,1519,1704,1683
1577,1508,1558,1668,1636,1552,1676
1578,1563,1514,1628,1627,1629,1557
1579,1650,1497,1657,3,1543,1649
1580,1658,1651,1652,2,1544,1496
1581,1653,1659,1,1654,1498,1545
1582,1548,1549,1589,1591,1562,1592
1583,1608,1588,1584,1607,1516,1510
1584,1588,1586,1585,1511,1583,1510
1585,1535,1737,1586,1457,1584,1511
1586,1587,1588,1457,1527,1584,1585
1587,1589,1590,1586,1588,1527,1561
1588,1608,1583,1586,1587,1584,1590
1589,1587,1590,1582,1591,1562,1561
1590,1587,1589,1608,1588,1609,1591
1591,1589,1582,1592,1610,1609,1590
1592,1610,1611,1591,1582,1549,1593
1593,1612,1594,1549,1528,1592,1611
1594,1523,1595,1612,1593,1528,1613
1595,1594,1523,1635,1613,1524,1596
1596,1661,1546,1635,1595,1524,1666
1597,1550,1674,1598,1521,1569,1570
1598,1496,1522,1597,1521,1672,1570
1599,1490,1673,1603,1602,1600,1564
1600,1673,1740,1575,1621,1603,1599
1601,749,750,1688,1689,1520,1686
1602,1604,1627,1603,1599,1564,1626
1603,1621,1622,1604,1602,1599,1600
1604,1628,1627,1622,1603,1602,1623
1605,1497,1705,1501,1566,1502,1682
1606,1506,1568,1507,1685,1706,1498
1607,1643,1538,1583,1516,1644,1608
1608,1583,1588,1590,1644,1607,1609
1609,1645,1610,1590,1591,1644,1608
1610,1592,1611,1645,1609,1591,1646
1611,1610,1592,1647,1646,1612,1593
1612,1647,1611,1593,1594,1613,1648
1613,1648,1662,1595,1635,1612,1594
1614,721,722,1748,1617,1615,1616
1615,1618,1687,1616,1614,722,1749
1616,1482,1618,1615,1614,1617,1463
1617,1748,1614,1479,1616,1463,1480
1618,1615,1687,1616,1482,1655,1536
1619,1574,1703,1716,1517,1572,1717
1620,1621,1575,1518,1571,1735,1734
1621,1622,1603,1575,1600,1620,1734
1622,1621,1603,1604,1733,1734,1623
1623,1733,1622,1604,1732,1632,1628
1624,1576,1519,1573,1725,1726,1704
1625,1445,1564,1626,1738,1475,1446
1626,1627,1563,1738,1602,1625,1564
1627,1604,1628,1578,1602,1626,1563
1628,1604,1627,1578,1629,1632,1623
1629,1633,1630,1632,1557,1578,1628
1630,1634,1631,1629,1633,1551,1557
1631,1630,1634,1660,1636,1552,1551
1632,1629,1633,1732,1731,1628,1623
1633,1629,1630,1632,1730,1634,1731
1634,1630,1631,1660,1633,1730,1729
1635,1662,1667,1595,1613,1596,1666
1636,1660,1631,1577,1552,1707,1676
1637,1694,1473,1462,1656,1542,1697
1638,718,734,733,1661,1546,1485
1639,1746,717,1701,1702,1640,1512
1640,1701,1639,1656,1700,1512,1542
1641,1642,1537,1655,1536,1690,1688
1642,1641,1537,1538,1643,1693,1690
1643,1607,1538,1642,1644,1693,1696
1644,1607,1608,1643,1696,1645,1609
1645,1609,1610,1646,1698,1696,1644
1646,1699,1647,1611,1645,1698,1610
1647,1699,1646,1611,1700,1648,1612
1648,1662,1701,1613,1700,1647,1612
1649,1725,1724,1726,1657,1579,1650
1650,1579,1497,1723,1724,1705,1649
1651,1658,1580,1652,1717,1710,1716
1652,1679,1710,1580,1651,1672,1496
1653,1735,1659,1581,1733,1734,1654
1654,1581,1498,1653,1733,1732,1706
1655,1686,1687,1618,1536,1641,1688
1656,1699,1700,1542,1637,1640,1697
1657,3,1579,1726,1742,25,1649,26
1658,1580,1651,15,2,16,1717,1741
1659,6,5,1735,1653,1581,1
1660,1729,1728,1636,1631,1707,1634
1661,732,733,1638,1546,1596,1666
1662,1635,1667,1702,1701,1648,1613
1663,1712,1664,1553,1558,1668,1713
1664,1712,1663,1554,1665,1553,1711
1665,1708,1711,1554,1664,1555,1677
1666,1667,731,1661,732,1596,1635
1667,1662,1635,1666,731,730,1747,1702
1668,1558,1577,1663,1714,1676,1713
1669,1540,1541,1670,1678,1555,1677
1670,1669,1678,1671,1556,1539,1540
1671,1570,1672,1556,1679,1678,1670
1672,1496,1598,1570,1671,1679,1652
1673,1600,1740,1599,1490,1529,1489
1674,1471,1550,1597,1441,1569,1470
1675,1509,1541,1459,1525,1739,1559
1676,1707,1715,1714,1668,1636,1577
1677,1665,1708,1555,1709,1678,1669
1678,1670,1669,1679,1671,1709,1677
1679,1652,1710,1709,1672,1671,1678
1680,1719,1720,1574,1703,1565,1681
1681,1720,1721,1565,1680,1566,1682
1682,1566,1681,1721,1722,1605,1705
1683,1704,1728,1576,1567,1684,1729
1684,1729,1730,1568,1685,1567,1683
1685,1568,1684,1730,1606,1706,1731
1686,1655,1687,748,749,1601,1749,1688
1687,1615,1618,1655,1686,1749
1688,1689,1601,1690,1641,1686,1655
1689,1688,1601,1692,1691,1520,1690
1690,1693,1692,1642,1689,1688,1641
1691,1473,1488,1692,1694,1520,1689
1692,1690,1693,1695,1694,1691,1689
1693,1696,1695,1690,1692,1642,1643
1694,1692,1695,1637,1473,1691,1697
1695,1693,1696,1692,1694,1697,1698
1696,1693,1695,1644,1643,1645,1698
1697,1656,1637,1694,1695,1699,1698
1698,1645,1646,1699,1695,1696,1697
1699,1646,1647,1698,1656,1700,1697
1700,1656,1699,1640,1647,1648,1701
1701,1662,1702,1648,1639,1640,1700
1702,1662,1701,1639,1746,1747,1667
1703,1574,1619,1680,1719,1716,1718
1704,1683,1728,1576,1624,1725,1727
1705,1723,1722,1497,1605,1650,1682
1706,1731,1732,1498,1606,1685,1654
1707,1715,1676,1660,1728,1727,1636
1708,1665,1711,1719,1677,1718,1709
1709,1710,1679,1718,1678,1677,1708
1710,1652,1679,1709,1651,1716,1718
1711,1708,1665,1720,1712,1719,1664
1712,1664,1663,1720,1711,1713,1721
1713,1714,1722,1712,1663,1668,1721
1714,1715,1723,1722,1713,1668,1676
1715,1723,1714,1707,1676,1724,1727
1716,1619,1703,1651,1710,1718,1717
1717,1572,1741,1619,1651,1658,1716
1718,1703,1719,1716,1710,1709,1708
1719,1720,1680,1703,1718,1708,1711
1720,1719,1680,1721,1681,1711,1712
1721,1720,1681,1682,1712,1722,1713
1722,1714,1713,1723,1705,1721,1682
1723,1715,1714,1724,1650,1722,1705
1724,1723,1715,1727,1725,1650,1649
1725,1724,1727,1649,1726,1624,1704
1726,1725,1649,1742,1657,1624,1573
1727,1724,1725,1715,1704,1728,1707
1728,1683,1704,1660,1729,1707,1727
1729,1660,1728,1730,1684,1683,1634
1730,1729,1684,1633,1634,1685,1731
1731,1706,1732,1632,1685,1730,1633
1732,1706,1731,1632,1733,1623,1654
1733,1622,1734,1623,1653,1732,1654
1734,1733,1622,1621,1620,1653,1735
1735,1659,1653,1571,6,1620,1734
1736,773,9,1534,1529,1503,1740
1737,1535,1585,1475,1738,1511,1515
1738,1563,1515,1626,1625,1737,1475
1739,1495,1540,1541,1675,1559,1513
1740,1600,1673,1575,1503,1736,1529
1741,1572,1717,1744,16,1658
1742,1726,1657,1745,26,1573
1743,37,6,1571,7,38
1744,49,50,17,16,1572,1741
1745,61,26,62,27,1742,1573
1746,1639,717,1747,729,1702,728
1747,730,729,1746,1702,1667
1748,744,721,1617,1614,743,1479
1749,1687,1686,1615,748,722,747
