1,2706,9,33,10,11,2
2,12,11,3,2235,2706,1
3,2,12,13,2015,2180,2235
4,2633,2634,5,2367,17,16
5,18,17,4,2634,2635,19
6,24,7,2540,2466,23
7,24,6,2628,2540,26,25,8
8,2628,2707,7,27,26
9,2438,2659,2146,32,2706,1,33
10,35,11,33,1,34,85
11,35,10,36,12,2,1
12,37,36,11,2,3,13
13,14,38,2015,3,12,37
14,13,38,2239,39,2015,2167
15,16,49,48,2443,2367
16,49,50,15,2367,17,4
17,50,51,5,18,16,4
18,53,52,5,17,51,19
19,2635,20,5,18,54,53
20,21,2564,55,54,2635,19,2375
21,20,2564,55,2710,56
22,65,2712,66,2677,23,2466
23,24,67,66,6,22,2466
24,6,7,68,67,25,23
25,70,69,7,26,68,24
26,71,70,27,7,25,8
27,28,2707,26,71,8,72
28,73,72,27,2707,2455,29
29,28,2455,2626,74,73,2625
30,2260,2714,82,31,81,2126
31,32,2146,82,30,83,2126
32,2146,9,31,84,33,83
33,1,10,84,32,85,9
34,85,139,86,10,87,35
35,10,11,36,87,34,88
36,35,11,37,12,88,89
37,36,12,89,13,38,90
38,13,14,91,90,39,37
39,40,92,14,2239,38,91
40,92,39,41,93,2239,2610,2708
41,93,40,42,94,2708
42,43,95,94,41,2708,2444
43,96,44,95,42,2445,2444
44,96,97,43,2445,1013,2607
45,152,1116,97,1013,2709,1062
46,2721,2327,47,98,2722,1061
47,99,98,48,2157,46,2722
48,47,99,100,15,2443,49,2157
49,16,50,15,100,101,48
50,17,51,49,16,102,101
51,50,17,52,103,102,18
52,18,53,104,103,51,105
53,18,52,106,105,54,19
54,55,20,106,53,107,19
55,54,20,21,56,107,108
56,109,108,57,2710,55,21
57,2601,2710,56,110,109,58
58,59,2711,57,110,111,2601
59,60,112,58,2711,111,2038
60,59,112,113,2038,2037,61
61,2036,62,2037,113,114,60
62,61,2036,2163,63,115,114
63,2477,64,62,2163,116,115
64,2477,63,65,2712,117,116
65,22,2712,66,118,64,117
66,67,119,65,22,23,118
67,68,120,119,66,24,23
68,67,120,24,25,69,121
69,25,70,122,121,123,68
70,71,26,25,69,123,124
71,70,26,72,125,27,124
72,73,28,125,71,27,126
73,72,28,126,127,74,29
74,29,2626,128,127,73,75
75,2626,2450,74,128,129,76,2713
76,130,129,2278,77,2713,75
77,2277,2278,78,76,130,131
78,79,132,131,2277,77,2389
79,132,78,80,133,2389,2664
80,133,79,134,2714,81,2664
81,2714,30,80,82,134,135
82,83,136,30,31,81,135
83,136,82,84,137,31,32
84,137,83,138,85,32,33
85,139,138,34,84,10,33
86,140,196,139,34,141,87
87,142,88,141,86,34,35
88,142,87,36,35,89,143
89,36,37,90,88,143,144
90,144,145,38,91,89,37
91,146,145,92,38,90,39
92,146,91,40,39,93,147
93,41,40,147,92,94,148
94,149,148,93,42,41,95
95,43,42,94,149,96,150
96,44,97,43,151,150,95
97,96,44,1013,45,152,151
98,47,99,1115,153,46,1061
99,47,98,48,100,154,153
100,155,154,99,49,101,48
101,100,49,50,102,155,156
102,157,156,103,51,50,101
103,157,158,102,104,52,51
104,159,158,103,52,105,160
105,53,106,161,52,104,160
106,53,105,161,54,107,162
107,108,163,106,54,55,162
108,107,163,56,109,55,164
109,56,108,57,110,165,164
110,165,166,111,57,109,58
111,167,166,110,112,59,58
112,59,60,113,168,167,111
113,61,114,112,60,169,168
114,115,170,113,61,169,62
115,170,114,116,63,171,62
116,115,63,172,171,117,64
117,118,65,116,172,64,173
118,174,119,65,66,117,173
119,67,120,66,174,118,175
120,67,68,119,175,121,176
121,122,177,69,176,68,120
122,121,177,69,179,178,123
123,180,179,124,69,70,122
124,180,123,181,125,71,70
125,72,71,126,182,124,181
126,182,125,183,72,127,73
127,128,184,183,126,74,73
128,184,127,129,185,74,75
129,130,76,185,128,75,186
130,129,76,187,186,131,77
131,78,132,187,130,77,188
132,79,78,131,188,189,133
133,80,79,134,132,190,189
134,80,133,190,81,191,135
135,191,192,136,134,81,82
136,83,82,193,137,135,192
137,194,193,84,83,138,136
138,194,137,85,139,195,84
139,85,138,34,195,86,196
140,257,196,198,197,86,141
141,199,198,86,140,87,142
142,87,88,200,199,143,141
143,200,201,88,89,142,144
144,90,145,202,201,143,89
145,146,91,144,90,203,202
146,145,91,92,203,147,204
147,93,92,146,204,205,148
148,149,94,206,93,205,147
149,150,207,148,94,206,95
150,207,149,151,208,96,95
151,208,150,209,152,97,96
152,45,1116,210,209,1173,151,97
153,154,212,1115,98,99,211
154,153,212,213,155,100,99
155,154,100,156,214,101,213
156,102,157,155,214,215,101
157,216,215,103,158,102,156
158,157,103,104,159,216,217
159,219,218,104,158,160,217
160,159,219,104,105,161,220
161,221,220,105,106,160,162
162,107,106,221,161,163,222
163,164,223,107,108,222,162
164,223,163,224,108,165,109
165,225,224,110,166,164,109
166,111,167,165,110,226,225
167,111,166,226,227,112,168
168,169,113,112,228,227,167
169,228,229,168,113,114,170
170,115,114,169,171,229,230
171,231,230,172,116,170,115
172,171,116,117,232,231,173
173,118,117,174,172,233,232
174,118,119,175,173,234,233
175,119,120,176,235,174,234
176,121,177,236,235,175,120
177,121,122,178,237,236,176
178,237,177,179,239,122,238
179,123,180,239,178,240,122
180,123,179,124,181,240,241
181,180,124,242,241,182,125
182,126,125,183,242,181,243
183,126,182,243,244,184,127
184,185,245,128,127,183,244
185,184,245,129,128,186,246
186,187,247,246,130,185,129
187,247,186,130,131,188,248
188,132,189,249,131,187,248
189,188,132,249,190,133,250
190,251,250,189,133,191,134
191,251,190,135,192,134,252
192,191,135,136,253,193,252
193,194,137,136,253,192,254
194,193,137,138,195,255,254
195,255,194,139,138,256,196
196,257,140,86,256,195,139
197,257,320,198,259,258,140
198,259,197,140,141,199,260
199,142,200,141,198,260,261
200,142,199,201,262,143,261
201,144,202,262,200,263,143
202,263,264,144,201,203,145
203,202,145,265,264,146,204
204,266,265,146,147,203,205
205,206,267,266,147,204,148
206,268,207,149,148,205,267
207,269,268,206,150,149,208
208,270,209,269,151,150,207
209,270,208,152,210,271,151
210,1234,1297,1173,152,209,271
211,272,1233,212,1172,153,1115
212,153,154,213,273,272,211
213,274,273,214,212,154,155
214,274,213,215,275,155,156
215,216,157,214,275,276,156
216,215,157,217,277,158,276
217,277,216,218,278,158,159
218,219,159,280,279,278,217
219,218,159,281,280,160,220
220,221,161,281,282,160,219
221,220,161,283,282,162,222
222,163,223,284,283,221,162
223,285,284,164,163,224,222
224,286,285,225,165,164,223
225,287,226,224,165,286,166
226,287,288,225,166,167,227
227,289,288,226,167,168,228
228,169,229,290,289,168,227
229,228,169,230,291,290,170
230,231,171,292,291,229,170
231,230,171,232,172,292,293
232,233,294,231,172,293,173
233,294,232,174,173,234,295
234,235,296,174,175,233,295
235,176,175,236,234,296,297
236,237,177,298,176,235,297
237,238,299,178,177,236,298
238,299,237,239,301,178,300
239,179,178,301,302,238,240
240,302,303,179,180,241,239
241,240,180,242,181,303,304
242,241,181,182,305,304,243
243,242,305,306,182,183,244
244,307,306,243,183,184,245
245,184,185,246,308,307,244
246,186,247,309,308,245,185
247,310,248,187,186,246,309
248,310,247,187,311,188,249
249,189,188,312,250,311,248
250,251,190,312,249,313,189
251,250,190,191,252,313,314
252,315,253,314,251,191,192
253,315,252,192,193,254,316
254,255,317,194,316,253,193
255,318,256,317,254,195,194
256,318,255,319,257,196,195
257,319,320,197,196,140,256
258,320,197,259,321,322,386
259,198,197,258,260,323,322
260,323,324,259,199,261,198
261,325,324,260,199,200,262
262,263,326,201,200,325,261
263,202,264,327,262,326,201
264,263,202,265,203,327,328
265,264,203,328,204,266,329
266,267,330,329,204,265,205
267,331,330,266,268,205,206
268,207,269,206,331,267,332
269,207,268,332,333,270,208
270,334,333,208,209,269,271
271,335,1297,334,210,209,270
272,273,212,1296,1233,211,336
273,213,274,337,272,212,336
274,213,273,337,214,275,338
275,338,274,214,215,339,276
276,340,339,215,275,277,216
277,217,216,340,341,278,276
278,342,341,218,279,217,277
279,343,342,218,280,344,278
280,218,279,345,344,281,219
281,280,219,220,282,345,346
282,346,347,221,283,281,220
283,221,282,348,347,222,284
284,349,285,223,222,283,348
285,349,284,223,286,224,350
286,285,224,225,287,351,350
287,352,288,226,225,286,351
288,352,353,289,227,287,226
289,288,227,353,290,228,354
290,355,291,289,228,229,354
291,355,290,356,292,230,229
292,291,230,293,357,356,231
293,358,294,357,292,231,232
294,359,358,293,233,232,295
295,360,359,294,233,234,296
296,297,361,360,234,235,295
297,298,362,361,296,235,236
298,362,297,363,299,237,236
299,238,237,363,298,300,364
300,366,365,364,299,301,238
301,239,302,238,367,366,300
302,368,303,240,301,239,367
303,368,302,240,241,369,304
304,242,305,241,303,369,370
305,370,371,242,304,243,306
306,307,244,372,371,305,243
307,373,372,306,244,245,308
308,374,309,246,373,245,307
309,247,246,374,308,310,375
310,247,248,309,376,375,311
311,248,310,376,377,312,249
312,249,250,313,378,377,311
313,379,378,312,250,314,251
314,379,313,252,315,380,251
315,380,381,252,253,316,314
316,381,315,254,317,253,382
317,255,318,254,383,316,382
318,255,256,317,384,383,319
319,257,320,385,384,318,256
320,319,257,197,258,386,385
321,322,388,387,456,258,386
322,388,321,258,323,389,259
323,260,324,390,389,322,259
324,323,260,261,325,391,390
325,261,324,391,326,262,392
326,262,263,327,325,392,393
327,263,264,326,328,393,394
328,264,265,329,395,394,327
329,328,395,266,330,265,396
330,331,267,266,329,396,397
331,330,267,332,398,268,397
332,399,398,331,268,269,333
333,400,334,270,332,269,399
334,400,333,270,401,335,271
335,271,1297,401,402,1363,334
336,403,1296,404,273,337,272
337,274,273,404,405,338,336
338,275,274,405,337,339,406
339,338,406,276,340,275,407
340,407,408,277,341,276,339
341,342,278,340,277,409,408
342,343,279,341,278,409,410
343,342,279,344,412,411,410
344,412,343,280,345,413,279
345,280,344,346,414,413,281
346,282,347,415,345,414,281
347,348,416,346,282,415,283
348,416,347,349,417,283,284
349,284,285,417,348,418,350
350,351,419,286,418,349,285
351,419,350,420,286,287,352
352,288,353,287,421,420,351
353,352,288,289,354,422,421
354,422,353,423,289,290,355
355,290,291,356,423,424,354
356,425,424,355,291,357,292
357,425,356,293,292,358,426
358,294,359,293,357,426,427
359,294,358,360,295,428,427
360,359,295,361,429,296,428
361,297,296,429,360,362,430
362,298,297,363,430,361,431
363,298,299,362,432,431,364
364,365,433,432,300,299,363
365,433,364,366,300,435,434
366,365,300,436,367,301,435
367,437,368,436,301,302,366
368,302,303,437,367,438,369
369,439,438,370,368,303,304
370,440,439,305,371,369,304
371,370,305,372,441,306,440
372,373,307,371,441,442,306
373,372,307,374,443,442,308
374,443,373,308,309,375,444
375,374,309,444,310,376,445
376,446,445,310,375,311,377
377,311,376,378,312,447,446
378,379,313,377,312,448,447
379,378,313,314,449,380,448
380,315,381,450,449,314,379
381,380,315,316,450,382,451
382,452,451,317,383,381,316
383,453,452,384,318,317,382
384,383,318,385,319,453,454
385,384,319,455,454,386,320
386,320,258,456,321,385,455
387,458,457,321,456,528,388
388,322,321,458,459,387,389
389,323,322,459,388,460,390
390,324,323,391,461,460,389
391,325,324,461,390,462,392
392,326,325,391,462,463,393
393,326,327,392,463,464,394
394,465,464,328,395,327,393
395,466,396,328,329,394,465
396,466,395,467,329,330,397
397,330,396,468,398,467,331
398,399,332,331,468,397,469
399,398,332,470,400,469,333
400,470,399,333,334,471,401
401,472,471,335,402,400,334
402,401,335,1433,1505,472,1363
403,336,1296,404,473,1432,1362
404,405,474,403,473,336,337
405,474,404,337,406,475,338
406,476,475,405,338,339,407
407,340,408,477,476,406,339
408,407,340,478,477,409,341
409,342,410,479,478,341,408
410,409,342,411,343,479,480
411,412,482,343,410,480,481
412,411,482,483,413,344,343
413,483,412,414,484,344,345
414,413,484,485,415,345,346
415,486,485,346,347,414,416
416,348,347,487,417,415,486
417,488,418,349,348,487,416
418,488,417,489,419,349,350
419,489,418,351,350,420,490
420,491,490,419,351,352,421
421,422,492,491,352,420,353
422,493,492,423,421,354,353
423,355,424,422,493,494,354
424,425,356,423,355,495,494
425,424,356,357,495,426,496
426,497,496,425,357,358,427
427,497,498,428,359,358,426
428,427,359,429,499,360,498
429,361,360,499,428,500,430
430,362,361,500,429,501,431
431,502,501,432,363,430,362
432,433,503,502,364,431,363
433,432,503,365,364,434,504
434,435,506,433,504,505,365
435,434,506,507,436,365,366
436,367,437,366,508,507,435
437,367,368,436,509,438,508
438,509,437,368,369,439,510
439,370,440,369,438,510,511
440,370,439,512,511,441,371
441,371,372,513,512,442,440
442,443,514,513,441,373,372
443,374,373,514,442,515,444
444,516,515,374,443,445,375
445,376,446,516,444,517,375
446,376,445,517,447,518,377
447,448,519,518,446,378,377
448,519,447,449,379,378,520
449,380,450,379,448,521,520
450,380,449,381,521,522,451
451,452,382,381,522,450,523
452,451,382,453,383,524,523
453,452,383,384,525,524,454
454,526,455,385,525,453,384
455,526,454,385,527,456,386
456,321,387,528,386,527,455
457,387,458,529,601,528,530
458,459,531,387,457,530,388
459,531,458,532,388,389,460
460,532,533,459,389,390,461
461,391,390,460,462,533,534
462,535,534,391,461,392,463
463,536,535,392,462,393,464
464,537,536,394,465,463,393
465,466,538,394,464,537,395
466,395,396,467,538,465,539
467,396,466,539,540,397,468
468,469,541,540,397,398,467
469,468,541,470,542,399,398
470,399,400,542,469,471,543
471,472,401,400,470,544,543
472,545,544,471,401,402,1505
473,1504,1432,403,404,546,474
474,475,547,546,405,404,473
475,474,547,548,406,476,405
476,549,477,548,406,475,407
477,478,408,549,476,550,407
478,477,408,409,479,551,550
479,409,478,410,480,551,552
480,481,553,479,410,552,411
481,555,554,480,553,482,411
482,411,412,556,555,483,481
483,412,413,556,482,484,557
484,413,414,558,557,485,483
485,486,415,414,484,558,559
486,485,415,560,559,487,416
487,560,561,416,417,488,486
488,417,418,489,562,561,487
489,418,419,490,488,562,563
490,420,491,564,419,489,563
491,492,565,420,490,564,421
492,491,565,422,493,566,421
493,422,492,494,567,566,423
494,493,567,568,423,495,424
495,569,568,494,425,424,496
496,497,426,425,569,495,570
497,496,426,427,498,571,570
498,497,427,428,499,571,572
499,500,573,429,428,498,572
500,573,499,429,430,501,574
501,502,431,575,574,500,430
502,501,431,575,503,576,432
503,432,433,577,504,502,576
504,505,578,577,503,433,434
505,504,578,434,579,506
506,507,579,434,435,505
507,506,579,508,580,435,436
508,509,581,507,580,437,436
509,508,581,437,438,510,582
510,583,582,509,438,439,511
511,583,510,584,512,440,439
512,585,584,513,511,441,440
513,585,512,586,514,441,442
514,443,442,586,513,515,587
515,516,588,443,514,444,587
516,588,515,444,445,517,589
517,516,589,446,445,518,590
518,447,519,591,590,446,517
519,448,447,518,520,592,591
520,521,449,448,593,519,592
521,520,449,450,593,594,522
522,450,451,523,595,594,521
523,596,524,595,522,451,452
524,596,523,525,597,453,452
525,526,598,597,524,453,454
526,598,599,525,454,455,527
527,528,600,456,455,526,599
528,601,600,457,387,527,456
529,673,601,457,602,603,530
530,604,603,531,457,458,529
531,459,458,604,530,605,532
532,460,533,606,605,531,459
533,607,606,532,460,461,534
534,535,462,608,607,461,533
535,534,462,463,536,609,608
536,464,537,463,535,609,610
537,611,610,464,536,538,465
538,537,611,466,465,612,539
539,613,612,540,467,466,538
540,468,541,613,539,467,614
541,542,615,468,469,540,614
542,541,615,616,470,469,543
543,616,542,617,471,544,470
544,472,545,618,617,471,543
545,472,544,1578,619,618,1505
546,474,547,473,1504,621,620
547,474,475,546,548,621,622
548,475,547,476,549,623,622
549,476,477,550,624,548,623
550,624,549,477,551,478,625
551,478,479,552,626,625,550
552,553,627,480,626,551,479
553,627,552,480,481,554,628
554,481,555,630,629,628,553
555,481,554,630,556,482,631
556,555,482,483,632,631,557
557,633,632,558,484,483,556
558,557,484,634,633,485,559
559,560,486,634,635,558,485
560,487,561,559,486,636,635
561,562,637,560,487,488,636
562,638,563,637,561,488,489
563,638,562,564,639,490,489
564,640,565,639,563,490,491
565,491,492,566,641,640,564
566,565,641,642,567,493,492
567,568,643,642,566,493,494
568,569,495,567,643,644,494
569,568,495,644,570,645,496
570,645,646,569,571,496,497
571,646,570,497,498,647,572
572,648,573,498,499,647,571
573,648,572,500,499,649,574
574,501,575,500,650,649,573
575,651,650,501,574,502,576
576,577,652,502,503,575,651
577,576,652,503,504,578
578,504,505,717,859,652,577,579
579,506,507,578,859,653,505,580
580,507,508,581,579,653
581,508,509,580,582,653
582,510,583,581,509,653,654
583,510,582,654,511,584,655
584,585,512,583,511,655,656
585,584,512,513,656,586,657
586,657,658,585,513,514,587
587,659,588,658,586,514,515
588,516,515,659,587,660,589
589,590,661,516,517,660,588
590,661,589,662,518,591,517
591,592,663,518,590,519,662
592,664,663,591,593,519,520
593,664,592,520,521,594,665
594,665,666,593,521,595,522
595,596,667,666,594,523,522
596,523,524,595,667,668,597
597,525,524,668,669,598,596
598,526,599,525,670,669,597
599,598,526,527,600,671,670
600,601,672,528,671,527,599
601,600,672,673,529,528,457
602,674,736,673,529,603,675
603,530,604,676,675,529,602
604,530,603,676,677,531,605
605,678,606,677,604,531,532
606,533,607,678,605,679,532
607,533,606,680,608,679,534
608,680,607,681,609,534,535
609,608,681,535,536,610,682
610,611,537,609,536,682,683
611,610,537,538,684,683,612
612,613,539,611,684,685,538
613,612,539,540,614,686,685
614,541,615,686,687,540,613
615,541,542,688,687,616,614
616,617,689,615,542,543,688
617,689,616,543,544,618,690
618,691,690,544,617,619,545
619,1578,545,1647,691,618
620,1577,1504,692,621,1646,546
621,693,692,547,546,620,622
622,623,694,693,548,547,621
623,622,694,624,549,695,548
624,550,549,623,625,695
625,626,551,695,550,624
626,552,551,627,695,625
627,553,552,628,695,626
628,629,554,553,627,695
629,753,801,554,630,628,842,957,696,1706,1707,695
630,631,696,555,554,629
631,696,630,632,556,697,555
632,633,698,557,697,631,556
633,699,698,632,557,634,558
634,700,635,559,699,633,558
635,700,634,560,636,559,701
636,561,637,560,635,701,702
637,562,561,638,703,636,702
638,562,563,704,703,637,639
639,564,563,640,705,638,704
640,706,641,564,565,705,639
641,706,640,565,566,642,707
642,643,708,641,566,567,707
643,709,644,642,708,567,568
644,709,643,645,710,568,569
645,570,646,711,710,644,569
646,645,570,711,712,571,647
647,648,713,571,646,712,572
648,572,573,649,714,713,647
649,650,715,714,648,573,574
650,651,575,715,649,716,574
651,650,575,716,717,652,576
652,576,577,578,717,651
653,579,859,718,582,581,654,580
654,655,718,653,583,582
655,718,654,656,583,584
656,657,719,718,655,584,585
657,719,656,720,658,586,585
658,721,720,659,657,586,587
659,587,588,660,722,721,658
660,722,659,723,661,589,588
661,590,589,724,723,662,660
662,663,725,661,590,724,591
663,592,664,662,725,591,726
664,592,663,727,665,593,726
665,728,727,594,666,664,593
666,665,594,667,729,595,728
667,666,729,595,596,730,668
668,669,731,730,667,597,596
669,731,668,732,598,670,597
670,733,671,598,669,599,732
671,733,734,670,600,672,599
672,734,735,600,601,673,671
673,735,672,601,529,602,736
674,736,602,738,675,789,737
675,603,676,738,674,602,739
676,603,604,677,675,740,739
677,676,604,678,605,740,741
678,742,741,605,606,677,679
679,606,607,678,742,743,680
680,607,608,681,679,744,743
681,680,608,744,745,609,682
682,745,746,681,609,683,610
683,746,682,747,684,611,610
684,685,748,747,683,611,612
685,749,748,684,686,612,613
686,685,749,614,687,613,750
687,615,688,686,614,751,750
688,615,687,751,752,616,689
689,617,616,688,690,752
690,691,618,689,617,752
691,690,618,1708,1647,752,619
692,621,693,1707,620,1646
693,622,694,621,692,1707
694,622,623,693,695,1707
695,628,629,627,626,625,624,623,694,1707
696,631,630,753,697,629
697,754,753,632,698,696,631
698,633,699,632,755,754,697
699,633,698,700,634,756,755
700,634,635,699,701,757,756
701,758,757,636,635,702,700
702,759,758,637,703,701,636
703,638,704,760,637,759,702
704,705,761,760,638,703,639
705,761,704,640,706,639,762
706,640,641,705,763,707,762
707,708,642,763,764,706,641
708,709,765,642,643,707,764
709,765,766,708,643,644,710
710,711,645,766,767,644,709
711,645,646,710,767,712,768
712,768,711,646,713,769,647
713,770,769,648,647,712,714
714,649,648,770,713,771,715
715,650,649,714,771,772,716
716,717,772,651,650,715
717,578,859,716,772,819,651,652
718,655,654,859,773,719,653,656
719,657,656,720,773,718
720,721,773,719,658,657
721,773,720,658,659,722,774
722,660,659,723,774,721,775
723,660,722,724,661,775,776
724,723,661,662,725,777,776
725,662,663,726,778,724,777
726,778,725,663,664,727,779
727,779,780,665,728,664,726
728,781,780,665,727,729,666
729,730,782,666,667,781,728
730,783,731,782,729,667,668
731,783,730,784,669,668,732
732,784,731,733,785,669,670
733,786,734,785,732,671,670
734,786,733,672,735,787,671
735,734,672,787,788,736,673
736,789,788,735,674,602,673
737,791,790,789,834,674,738
738,791,792,739,674,675,737
739,738,792,740,676,793,675
740,739,676,793,794,741,677
741,742,678,795,794,740,677
742,741,678,795,743,796,679
743,796,742,679,680,744,797
744,798,745,681,680,743,797
745,682,746,798,744,681,799
746,745,682,800,799,683,747
747,748,800,746,683,684
748,749,685,684,747,800
749,748,685,686,750,800
750,749,686,687,800,751
751,752,800,687,688,750
752,841,800,1763,1811,751,688,875,689,690,691,1708
753,629,801,697,754,696
754,697,753,801,755,698,802
755,756,803,754,698,802,699
756,755,803,757,804,700,699
757,701,758,756,804,805,700
758,701,757,806,805,759,702
759,807,760,758,702,703,806
760,704,761,703,807,759,808
761,705,704,760,809,762,808
762,810,809,763,761,706,705
763,707,764,811,810,762,706
764,811,812,765,708,763,707
765,709,766,708,813,764,812
766,814,813,765,709,710,767
767,815,768,766,710,711,814
768,815,767,769,816,712,711
769,713,770,816,768,817,712
770,713,769,714,771,818,817
771,819,818,770,714,772,715
772,819,771,716,717,715
773,721,720,859,718,820,719,774
774,775,820,773,722,721
775,820,774,776,722,723
776,777,821,775,820,723,724
777,776,821,822,724,725,778
778,726,725,777,822,823,779
779,727,780,726,778,823,824
780,781,825,728,779,727,824
781,780,825,728,826,729,782
782,730,729,826,781,827,783
783,730,731,784,828,782,827
784,783,731,828,732,829,785
785,830,786,733,732,829,784
786,733,734,787,830,785,831
787,786,734,832,788,735,831
788,832,787,735,789,736,833
789,788,736,737,834,833,674
790,791,737,835,872,836,834
791,738,792,790,737,836,837
792,791,738,739,838,793,837
793,739,740,838,792,839,794
794,840,795,839,793,740,741
795,840,794,741,742,796,841
796,841,795,743,742,797
797,796,841,743,744,798
798,744,745,797,841,799
799,800,746,841,798,745
800,747,748,841,752,799,746,751,749,750
801,629,753,754,842,802
802,803,843,754,801,755,842
803,843,802,755,756,844,804
804,756,757,845,805,844,803
805,758,806,757,845,804,846
806,758,805,807,847,846,759
807,847,806,848,808,759,760
808,809,849,848,807,760,761
809,810,850,808,849,762,761
810,850,809,811,851,762,763
811,851,810,764,812,763,852
812,811,764,813,765,853,852
813,814,766,854,765,812,853
814,813,766,767,855,815,854
815,767,768,856,855,816,814
816,769,768,817,856,815,857
817,769,816,857,770,818,858
818,771,819,858,770,817
819,771,818,952,972,914,858,772,979,717,859
820,773,859,821,775,774,776
821,776,777,820,859,822
822,821,777,823,860,859,778
823,822,860,778,779,861,824
824,825,862,779,780,823,861
825,862,824,780,781,826,863
826,825,863,827,864,781,782
827,826,864,828,865,782,783
828,827,865,783,784,866,829
829,866,828,784,785,867,830
830,785,786,867,868,829,831
831,786,787,869,868,832,830
832,787,788,831,870,869,833
833,871,870,834,789,832,788
834,872,871,789,737,833,790
835,872,790,873,901,874,836
836,791,837,875,874,835,790
837,836,791,838,875,792
838,837,875,792,793,839
839,793,794,838,875,840
840,841,875,794,795,839
841,840,875,796,795,800,752,797,798,799
842,629,801,943,957,925,902,876,843,802
843,803,802,844,876,842
844,845,877,803,843,804,876
845,877,844,804,805,878,846
846,847,879,806,878,845,805
847,879,880,846,807,806,848
848,849,881,847,807,808,880
849,882,881,848,808,809,850
850,810,809,883,882,851,849
851,811,810,852,884,883,850
852,884,885,853,851,812,811
853,886,854,885,852,813,812
854,887,886,853,855,814,813
855,887,854,815,856,814,888
856,889,888,815,855,857,816
857,889,856,858,816,817
858,914,819,818,889,857,817
859,717,578,718,773,820,821,579,653,819,822,860,890
860,861,890,822,823,859
861,860,890,862,823,824
862,825,824,861,890,891,863
863,825,826,891,892,864,862
864,826,827,893,865,892,863
865,827,828,893,864,894,866
866,895,894,828,829,867,865
867,830,868,829,866,896,895
868,867,830,869,831,897,896
869,868,831,898,897,832,870
870,871,899,833,898,832,869
871,834,872,870,899,833,900
872,834,871,835,790,901,900
873,835,901,966,924,874
874,875,836,966,873,835
875,840,841,837,838,874,836,966,839,752,1811
876,902,877,844,842,843
877,845,844,902,903,878,876
878,903,904,845,846,879,877
879,847,880,905,846,904,878
880,879,847,905,848,906,881
881,849,882,848,907,906,880
882,849,881,883,908,907,850
883,884,909,908,882,851,850
884,909,883,852,885,851,910
885,884,852,911,886,910,853
886,887,854,912,911,885,853
887,886,854,912,855,888,913
888,889,856,913,887,914,855
889,888,856,857,914,858
890,860,861,862,859,915,936,891
891,862,890,915,892,863
892,864,893,891,915,863
893,894,916,864,865,892,915
894,895,866,916,893,865,917
895,894,866,896,867,917,918
896,868,897,867,895,918,919
897,868,896,919,920,898,869
898,920,897,921,869,899,870
899,870,871,921,898,922,900
900,923,922,899,901,871,872
901,924,923,835,873,872,900
902,877,903,925,876,842
903,926,925,902,877,878,904
904,905,927,903,878,879,926
905,928,906,880,879,904,927
906,928,905,907,881,929,880
907,930,929,908,906,881,882
908,883,882,930,907,931,909
909,884,883,932,910,931,908
910,911,933,932,909,885,884
911,910,933,934,912,885,886
912,887,886,911,934,935,913
913,914,935,888,887,912
914,913,935,952,819,858,888,889
915,936,890,891,892,893,916
916,894,893,915,917,936
917,895,894,916,936,918
918,919,937,936,896,895,917
919,937,918,897,920,896,938
920,919,897,898,938,939,921
921,940,922,920,898,939,899
922,940,921,941,923,899,900
923,924,901,941,922,942,900
924,923,901,966,942,873
925,903,926,943,902,842
926,903,925,943,927,944,904
927,904,905,928,945,944,926
928,905,906,927,945,946,929
929,930,907,947,946,928,906
930,929,907,908,931,948,947
931,948,949,930,932,909,908
932,933,950,910,909,931,949
933,910,911,932,950,951,934
934,935,952,951,933,911,912
935,934,952,913,914,912
936,915,890,937,918,917,916,953,965
937,919,918,936,953,938
938,953,937,919,920,939
939,938,920,953,954,921,940
940,921,922,941,955,954,939
941,940,955,922,923,956,942
942,966,956,924,941,923
943,957,842,944,926,925
944,957,943,945,927,958,926
945,946,959,944,927,928,958
946,959,945,929,947,928,960
947,948,961,929,946,960,930
948,931,949,961,947,962,930
949,948,931,962,950,963,932
950,932,933,949,963,951,964
951,964,952,934,950,933
952,934,935,964,951,819,972,914
953,954,965,936,937,938,939
954,965,953,939,955,940
955,940,941,954,965,956
956,966,942,955,965,941
957,943,842,977,973,958,967,944,629,1706
958,967,959,957,944,945
959,968,967,946,945,958,960
960,969,968,961,947,959,946
961,960,969,970,948,947,962
962,948,949,963,971,961,970
963,949,950,962,971,972,964
964,951,952,950,963,972
965,954,953,936,955,956,966
966,956,942,965,924,873,874,875
967,959,968,973,958,957
968,960,969,959,967,974,973
969,960,968,961,970,975,974
970,969,961,975,976,962,971
971,976,972,962,963,970
972,952,819,976,971,979,963,964
973,968,974,967,977,957
974,975,978,968,973,977,969
975,978,974,970,969,979,976
976,971,972,979,975,970
977,978,974,979,973,957
978,975,974,977,979
979,972,976,978,975,977,819
980,2149,1991,990,991,992,981
981,993,992,1991,1974,1962,980
982,997,998,2716,2386,2408,983
983,2408,984,999,1000,998,982
984,1999,1001,2408,983,1000,2119
985,1006,1005,2168,2200,2029,986
986,2715,987,1007,1006,985,2200
987,2715,986,988,1007,1008,1009
988,2198,1010,2518,2715,987,1009,2520
989,2149,2430,1019,1018,990,2718
990,980,991,1020,989,1019,2149
991,1021,1022,990,980,992,1020
992,981,993,1023,1022,980,991
993,1962,994,981,992,1024,1023
994,1962,993,2202,2657,1024,1025
995,1034,1033,2041,1963,1961,996
996,997,1035,1961,995,2716,1034
997,998,1036,996,1035,982,2716
998,997,1036,982,1037,999,983
999,983,1000,998,1039,1038,1037
1000,1039,1040,984,1001,999,983
1001,1040,1041,1999,984,1002,1000
1002,1001,1999,1042,1041,1003,1971
1003,2719,1043,1971,2085,1002,1042
1004,2221,2312,1050,2029,1051,1005
1005,985,1006,1052,1051,2029,1004
1006,1007,1053,985,1005,1052,986
1007,1053,1006,1008,1054,986,987
1008,1055,1054,1007,987,1009,1056
1009,1010,1057,987,988,1056,1008
1010,988,2198,1011,1058,1057,1009
1011,2160,1012,1010,1058,2198,1059
1012,1011,2160,2263,2721,1059,1060
1013,2666,2709,97,44,45,2607
1014,2226,2068,1967,1015,1065,1066
1015,1967,1014,1066,1067,2012,1016
1016,1068,1067,2012,2717,1017,1015
1017,2718,2717,1068,1069,1016,1018
1018,1070,1069,1019,989,2718,1017
1019,1070,1018,989,990,1071,1020
1020,1072,1021,990,991,1019,1071
1021,991,1022,1073,1072,1020,1074
1022,1021,991,992,1023,1075,1074
1023,992,1022,1075,1076,1024,993
1024,993,994,1076,1023,1077,1025
1025,994,2657,1024,1026,1078,1077
1026,2657,2303,1027,1025,1079,1078
1027,1028,2179,2303,1026,1079,1080
1028,1027,2179,1080,2195,1029,1081
1029,2272,1030,1082,1081,1028,2195
1030,2272,1029,1082,1083,2511,1031
1031,1084,1083,2511,1030,2215,1032
1032,1085,1033,1084,1031,2041,2215
1033,995,1034,1085,1086,1032,2041
1034,995,1033,1086,1087,1035,996
1035,996,997,1088,1087,1034,1036
1036,997,998,1037,1089,1088,1035
1037,1036,998,1090,1038,1089,999
1038,1090,1091,1037,1039,999,1092
1039,1000,1040,1093,1092,999,1038
1040,1001,1041,1039,1000,1094,1093
1041,1040,1001,1002,1042,1095,1094
1042,1043,1096,1002,1041,1095,1003
1043,2719,1044,1003,1042,1096,1097
1044,1045,1098,1043,2719,2598,1097
1045,1098,1044,2421,1046,2598,1099
1046,1045,2421,1100,1099,2420,1047
1047,2420,2720,1046,1048,1101,1100
1048,1049,2600,1101,1047,2720,1102
1049,1050,1103,1102,2600,2312,1048
1050,1103,1049,1104,2312,1004,1051
1051,1005,1052,1050,1104,1105,1004
1052,1106,1105,1005,1006,1051,1053
1053,1007,1006,1106,1107,1052,1054
1054,1055,1008,1007,1107,1108,1053
1055,1054,1008,1109,1108,1056,1110
1056,1057,1111,1009,1008,1055,1110
1057,1111,1056,1010,1009,1058,1112
1058,1010,1011,1112,1057,1113,1059
1059,1114,1113,1060,1012,1011,1058
1060,1114,1059,2721,1061,1012
1061,98,1115,2721,46,1114,1060
1062,1063,2723,1117,1116,2709,45
1063,1062,2723,1118,1064,1117
1064,2723,2676,1065,2226,1118,1063,1119
1065,1064,2226,1014,1066,1119,1120
1066,1015,1067,1065,1014,1121,1120
1067,1068,1016,1066,1015,1121,1122
1068,1067,1016,1017,1069,1123,1122
1069,1070,1018,1068,1017,1123,1124
1070,1069,1018,1019,1125,1124,1071
1071,1126,1125,1070,1019,1020,1072
1072,1073,1021,1020,1127,1126,1071
1073,1072,1021,1074,1127,1128,1129
1074,1130,1075,1073,1021,1022,1129
1075,1022,1023,1130,1131,1074,1076
1076,1023,1024,1077,1075,1131,1132
1077,1076,1024,1132,1133,1078,1025
1078,1077,1025,1079,1026,1133,1134
1079,1134,1135,1078,1026,1027,1080
1080,1079,1027,1028,1135,1136,1081
1081,1137,1136,1082,1080,1029,1028
1082,1138,1137,1030,1029,1081,1083
1083,1139,1138,1031,1084,1082,1030
1084,1031,1083,1140,1139,1032,1085
1085,1033,1086,1032,1140,1084,1141
1086,1087,1142,1085,1033,1034,1141
1087,1143,1142,1086,1034,1035,1088
1088,1035,1087,1143,1144,1036,1089
1089,1036,1037,1144,1145,1090,1088
1090,1038,1091,1037,1146,1145,1089
1091,1090,1038,1092,1148,1146,1147
1092,1093,1039,1091,1148,1149,1038
1093,1150,1149,1092,1039,1094,1040
1094,1095,1151,1041,1040,1150,1093
1095,1094,1151,1152,1096,1042,1041
1096,1042,1043,1153,1152,1097,1095
1097,1098,1154,1153,1044,1096,1043
1098,1045,1044,1154,1097,1099,1155
1099,1100,1156,1046,1155,1098,1045
1100,1156,1099,1157,1046,1047,1101
1101,1048,1047,1102,1100,1157,1158
1102,1103,1049,1048,1101,1158,1159
1103,1050,1049,1104,1102,1159,1160
1104,1103,1050,1160,1161,1105,1051
1105,1052,1106,1104,1161,1162,1051
1106,1052,1105,1162,1163,1107,1053
1107,1164,1163,1054,1108,1106,1053
1108,1107,1054,1164,1165,1109,1055
1109,1166,1165,1108,1055,1110,1167
1110,1167,1168,1109,1111,1056,1055
1111,1057,1056,1112,1169,1168,1110
1112,1111,1169,1058,1057,1113,1170
1113,1171,1170,1114,1059,1112,1058
1114,1113,1059,1060,1172,1171,1061,1115
1115,98,153,211,1172,1061,1114
1116,152,45,1062,1117,1173,1174
1117,1063,1062,1116,1118,1175,1174
1118,1063,1064,1119,1175,1117,1176
1119,1064,1118,1065,1120,1177,1176
1120,1178,1177,1121,1066,1065,1119
1121,1122,1179,1066,1067,1120,1178
1122,1179,1121,1067,1180,1123,1068
1123,1124,1181,1180,1122,1068,1069
1124,1181,1123,1125,1182,1070,1069
1125,1124,1182,1126,1071,1070,1183
1126,1125,1071,1127,1184,1183,1072
1127,1128,1185,1126,1184,1072,1073
1128,1127,1185,1186,1187,1129,1073
1129,1187,1188,1128,1073,1074,1130
1130,1075,1131,1189,1074,1188,1129
1131,1132,1190,1130,1075,1189,1076
1132,1131,1190,1191,1076,1077,1133
1133,1192,1134,1132,1077,1191,1078
1134,1192,1193,1135,1079,1133,1078
1135,1193,1134,1079,1194,1080,1136
1136,1081,1137,1195,1080,1135,1194
1137,1196,1138,1081,1136,1082,1195
1138,1196,1137,1083,1139,1082,1197
1139,1083,1138,1198,1197,1140,1084
1140,1141,1199,1198,1139,1084,1085
1141,1199,1140,1200,1086,1142,1085
1142,1087,1143,1201,1086,1141,1200
1143,1087,1142,1201,1202,1144,1088
1144,1202,1143,1203,1145,1089,1088
1145,1203,1144,1089,1204,1146,1090
1146,1204,1205,1145,1147,1091,1090
1147,1206,1205,1146,1207,1148,1091
1148,1091,1092,1208,1207,1149,1147
1149,1093,1150,1208,1209,1092,1148
1150,1093,1149,1210,1151,1209,1094
1151,1094,1095,1211,1152,1210,1150
1152,1211,1151,1095,1212,1153,1096
1153,1097,1154,1213,1212,1152,1096
1154,1098,1097,1153,1213,1155,1214
1155,1215,1214,1156,1099,1098,1154
1156,1216,1215,1100,1099,1157,1155
1157,1100,1156,1216,1101,1158,1217
1158,1102,1159,1101,1157,1217,1218
1159,1218,1219,1158,1102,1103,1160
1160,1219,1220,1104,1161,1103,1159
1161,1160,1104,1220,1221,1162,1105
1162,1222,1221,1106,1163,1161,1105
1163,1164,1107,1223,1222,1162,1106
1164,1163,1107,1108,1165,1224,1223
1165,1225,1224,1164,1108,1109,1166
1166,1167,1227,1109,1165,1226,1225
1167,1166,1227,1228,1168,1110,1109
1168,1111,1169,1167,1228,1110,1229
1169,1111,1112,1168,1230,1229,1170
1170,1171,1113,1112,1231,1230,1169
1171,1232,1231,1170,1113,1114,1172
1172,1232,1233,211,1115,1114,1171
1173,210,1234,152,1116,1174
1174,1235,1234,1173,1175,1117,1116
1175,1235,1236,1118,1117,1176,1174
1176,1177,1237,1236,1119,1175,1118
1177,1176,1237,1178,1238,1120,1119
1178,1238,1177,1120,1121,1179,1239
1179,1180,1240,1122,1121,1178,1239
1180,1181,1241,1179,1240,1123,1122
1181,1124,1123,1180,1241,1182,1242
1182,1243,1242,1124,1125,1181,1183
1183,1244,1243,1184,1182,1125,1126
1184,1185,1245,1126,1127,1244,1183
1185,1127,1128,1246,1245,1184,1186
1186,1247,1248,1128,1185,1187,1246
1187,1129,1188,1128,1186,1249,1248
1188,1187,1129,1249,1189,1250,1130
1189,1130,1131,1188,1250,1251,1190
1190,1131,1132,1252,1191,1251,1189
1191,1252,1190,1132,1253,1133,1192
1192,1134,1193,1133,1254,1253,1191
1193,1192,1134,1135,1194,1254,1255
1194,1193,1135,1256,1255,1195,1136
1195,1136,1137,1194,1256,1196,1257
1196,1137,1138,1195,1257,1197,1258
1197,1139,1198,1259,1258,1196,1138
1198,1260,1259,1199,1139,1197,1140
1199,1260,1198,1141,1140,1200,1261
1200,1199,1141,1261,1142,1201,1262
1201,1263,1202,1142,1143,1200,1262
1202,1263,1201,1143,1144,1264,1203
1203,1144,1145,1264,1202,1265,1204
1204,1146,1205,1266,1265,1203,1145
1205,1204,1146,1267,1266,1206,1147
1206,1205,1147,1269,1268,1267,1207
1207,1269,1206,1147,1208,1148,1270
1208,1209,1271,1149,1207,1148,1270
1209,1271,1208,1149,1210,1272,1150
1210,1273,1211,1272,1151,1209,1150
1211,1151,1152,1273,1210,1212,1274
1212,1213,1275,1211,1274,1152,1153
1213,1275,1212,1153,1154,1214,1276
1214,1155,1215,1277,1276,1154,1213
1215,1216,1278,1155,1214,1277,1156
1216,1278,1215,1217,1279,1156,1157
1217,1216,1279,1280,1218,1158,1157
1218,1280,1217,1159,1219,1281,1158
1219,1160,1220,1218,1159,1282,1281
1220,1283,1221,1219,1160,1161,1282
1221,1283,1220,1162,1222,1284,1161
1222,1223,1163,1162,1221,1284,1285
1223,1286,1285,1222,1163,1224,1164
1224,1225,1165,1287,1286,1223,1164
1225,1224,1165,1287,1166,1226,1288
1226,1166,1225,1227,1290,1289,1288
1227,1291,1228,1166,1167,1290,1226
1228,1291,1227,1167,1168,1229,1292
1229,1293,1230,1169,1228,1168,1292
1230,1293,1229,1169,1170,1294,1231
1231,1232,1171,1170,1295,1230,1294
1232,1231,1171,1172,1233,1296,1295
1233,1232,1172,1296,272,211
1234,210,1297,1173,1174,1235,1298
1235,1299,1298,1174,1234,1175,1236
1236,1176,1237,1300,1235,1175,1299
1237,1176,1177,1301,1238,1236,1300
1238,1301,1237,1302,1178,1177,1239
1239,1238,1178,1302,1303,1179,1240
1240,1304,1241,1179,1180,1239,1303
1241,1180,1181,1304,1240,1305,1242
1242,1243,1182,1306,1305,1181,1241
1243,1242,1182,1244,1183,1307,1306
1244,1243,1183,1245,1308,1184,1307
1245,1185,1246,1308,1244,1184,1309
1246,1185,1245,1186,1247,1310,1309
1247,1248,1312,1186,1246,1311,1310
1248,1247,1312,1186,1187,1249,1313
1249,1314,1250,1188,1187,1248,1313
1250,1314,1249,1188,1189,1315,1251
1251,1189,1250,1315,1316,1252,1190
1252,1190,1191,1316,1251,1317,1253
1253,1254,1192,1317,1318,1252,1191
1254,1253,1192,1193,1255,1319,1318
1255,1256,1194,1254,1193,1319,1320
1256,1255,1194,1321,1320,1195,1257
1257,1258,1322,1195,1196,1321,1256
1258,1257,1322,1323,1259,1197,1196
1259,1324,1323,1260,1198,1258,1197
1260,1259,1198,1325,1324,1199,1261
1261,1326,1262,1200,1199,1260,1325
1262,1263,1327,1326,1261,1200,1201
1263,1201,1202,1327,1262,1264,1328
1264,1329,1265,1328,1263,1202,1203
1265,1329,1264,1204,1266,1330,1203
1266,1331,1267,1204,1265,1205,1330
1267,1331,1266,1205,1332,1268,1206
1268,1269,1334,1206,1332,1267,1333
1269,1335,1334,1268,1206,1207,1270
1270,1269,1335,1207,1271,1336,1208
1271,1209,1208,1336,1270,1337,1272
1272,1338,1337,1271,1210,1273,1209
1273,1339,1338,1210,1211,1274,1272
1274,1339,1273,1211,1212,1275,1340
1275,1213,1212,1274,1340,1341,1276
1276,1277,1342,1214,1341,1275,1213
1277,1343,1342,1276,1214,1215,1278
1278,1344,1343,1216,1215,1277,1279
1279,1216,1217,1278,1344,1345,1280
1280,1281,1346,1217,1218,1279,1345
1281,1280,1346,1282,1347,1218,1219
1282,1348,1347,1281,1219,1220,1283
1283,1220,1221,1284,1349,1282,1348
1284,1349,1283,1221,1222,1350,1285
1285,1223,1286,1351,1350,1284,1222
1286,1223,1285,1351,1352,1224,1287
1287,1353,1352,1224,1225,1288,1286
1288,1289,1354,1287,1225,1226,1353
1289,1354,1355,1290,1226,1356,1288
1290,1291,1357,1227,1289,1226,1356
1291,1227,1228,1357,1290,1292,1358
1292,1358,1359,1291,1228,1293,1229
1293,1229,1230,1360,1294,1292,1359
1294,1360,1293,1361,1295,1230,1231
1295,1362,1361,1296,1231,1232,1294
1296,336,403,1232,1233,272,1362,1295
1297,1364,1363,210,1234,335,271,1298
1298,1299,1235,1365,1234,1297,1364
1299,1298,1235,1365,1366,1236,1300
1300,1367,1366,1236,1237,1301,1299
1301,1237,1238,1302,1368,1300,1367
1302,1301,1238,1368,1239,1369,1303
1303,1239,1302,1370,1369,1304,1240
1304,1240,1241,1305,1371,1370,1303
1305,1242,1306,1304,1241,1371,1372
1306,1242,1305,1373,1372,1307,1243
1307,1374,1373,1306,1243,1244,1308
1308,1375,1374,1245,1244,1309,1307
1309,1376,1375,1308,1245,1310,1246
1310,1377,1376,1309,1246,1311,1247
1311,1312,1379,1378,1377,1247,1310
1312,1379,1311,1247,1248,1380,1313
1313,1380,1381,1248,1249,1314,1312
1314,1382,1381,1249,1250,1315,1313
1315,1382,1314,1250,1383,1316,1251
1316,1315,1383,1384,1317,1251,1252
1317,1318,1385,1253,1384,1316,1252
1318,1385,1317,1319,1386,1253,1254
1319,1386,1318,1387,1254,1255,1320
1320,1321,1388,1256,1319,1255,1387
1321,1388,1389,1320,1256,1257,1322
1322,1257,1258,1323,1390,1321,1389
1323,1391,1390,1259,1324,1322,1258
1324,1259,1323,1260,1325,1391,1392
1325,1260,1324,1392,1326,1393,1261
1326,1261,1262,1327,1394,1325,1393
1327,1263,1262,1328,1395,1326,1394
1328,1327,1395,1396,1329,1264,1263
1329,1264,1265,1396,1328,1397,1330
1330,1397,1329,1265,1331,1266,1398
1331,1266,1267,1332,1398,1399,1330
1332,1331,1267,1400,1399,1268,1333
1333,1400,1401,1402,1334,1268,1332
1334,1335,1269,1402,1333,1268,1403
1335,1334,1269,1270,1403,1404,1336
1336,1271,1270,1337,1405,1404,1335
1337,1338,1272,1336,1405,1406,1271
1338,1273,1339,1407,1406,1337,1272
1339,1273,1338,1408,1340,1274,1407
1340,1408,1339,1275,1274,1409,1341
1341,1342,1410,1275,1340,1409,1276
1342,1343,1277,1341,1410,1276,1411
1343,1344,1278,1342,1277,1411,1412
1344,1343,1278,1279,1345,1413,1412
1345,1279,1344,1280,1346,1413,1414
1346,1280,1281,1414,1415,1347,1345
1347,1348,1282,1281,1346,1415,1416
1348,1347,1282,1416,1417,1349,1283
1349,1284,1283,1350,1418,1348,1417
1350,1351,1419,1285,1418,1349,1284
1351,1420,1352,1350,1419,1285,1286
1352,1420,1351,1353,1287,1286,1421
1353,1352,1287,1354,1422,1288,1421
1354,1423,1422,1353,1289,1355,1288
1355,1354,1289,1423,1425,1424,1356
1356,1426,1425,1357,1355,1289,1290
1357,1358,1427,1291,1290,1426,1356
1358,1357,1427,1292,1359,1291,1428
1359,1358,1292,1428,1429,1360,1293
1360,1430,1361,1293,1294,1429,1359
1361,1295,1362,1430,1360,1294,1431
1362,1295,1361,1432,403,1296,1431
1363,1364,1297,1433,335,402
1364,1363,1297,1433,1298,1365,1434
1365,1299,1298,1366,1364,1435,1434
1366,1367,1300,1365,1299,1436,1435
1367,1366,1300,1437,1368,1301,1436
1368,1369,1438,1302,1301,1437,1367
1369,1438,1368,1302,1303,1370,1439
1370,1440,1439,1303,1369,1371,1304
1371,1440,1441,1304,1305,1370,1372
1372,1371,1441,1442,1306,1373,1305
1373,1443,1442,1307,1374,1306,1372
1374,1307,1373,1308,1375,1443,1444
1375,1308,1374,1376,1309,1445,1444
1376,1375,1309,1445,1310,1377,1446
1377,1310,1376,1378,1447,1311,1446
1378,1447,1377,1449,1448,1311,1379
1379,1312,1311,1450,1449,1380,1378
1380,1313,1381,1451,1450,1379,1312
1381,1451,1452,1382,1314,1380,1313
1382,1452,1381,1314,1315,1383,1453
1383,1315,1382,1453,1454,1384,1316
1384,1383,1454,1455,1385,1316,1317
1385,1318,1317,1455,1384,1386,1456
1386,1456,1457,1319,1318,1387,1385
1387,1386,1319,1457,1458,1320,1388
1388,1321,1389,1320,1459,1458,1387
1389,1388,1321,1459,1322,1460,1390
1390,1391,1323,1322,1461,1460,1389
1391,1390,1323,1392,1462,1461,1324
1392,1463,1462,1391,1393,1324,1325
1393,1464,1463,1392,1394,1325,1326
1394,1464,1393,1326,1327,1465,1395
1395,1327,1328,1466,1465,1394,1396
1396,1328,1329,1395,1397,1467,1466
1397,1329,1330,1468,1398,1467,1396
1398,1468,1469,1399,1397,1331,1330
1399,1469,1398,1400,1332,1331,1470
1400,1333,1401,1399,1332,1471,1470
1401,1400,1333,1472,1473,1471,1402
1402,1333,1334,1474,1473,1401,1403
1403,1474,1475,1334,1335,1402,1404
1404,1335,1403,1475,1405,1476,1336
1405,1406,1477,1476,1336,1337,1404
1406,1478,1407,1338,1405,1477,1337
1407,1478,1406,1338,1408,1479,1339
1408,1339,1340,1409,1480,1407,1479
1409,1480,1408,1340,1481,1410,1341
1410,1481,1482,1341,1342,1409,1411
1411,1482,1483,1410,1342,1343,1412
1412,1483,1484,1343,1344,1411,1413
1413,1484,1485,1344,1345,1414,1412
1414,1415,1486,1346,1413,1345,1485
1415,1414,1486,1487,1346,1347,1416
1416,1348,1417,1415,1347,1487,1488
1417,1416,1348,1489,1488,1418,1349
1418,1419,1350,1349,1490,1489,1417
1419,1350,1351,1418,1491,1490,1420
1420,1351,1352,1492,1491,1421,1419
1421,1352,1420,1353,1422,1493,1492
1422,1423,1354,1353,1493,1494,1421
1423,1424,1495,1422,1354,1355,1494
1424,1423,1495,1425,1497,1496,1355
1425,1497,1424,1356,1426,1498,1355
1426,1356,1425,1499,1427,1357,1498
1427,1357,1358,1500,1428,1499,1426
1428,1358,1359,1500,1427,1501,1429
1429,1359,1360,1501,1502,1428,1430
1430,1431,1503,1360,1361,1429,1502
1431,1430,1503,1504,1432,1362,1361
1432,1504,473,1431,1362,403
1433,1506,1434,1363,1364,402,1505
1434,1506,1507,1433,1365,1435,1364
1435,1508,1507,1436,1366,1365,1434
1436,1435,1366,1508,1509,1437,1367
1437,1367,1368,1509,1436,1438,1510
1438,1369,1368,1511,1510,1437,1439
1439,1370,1440,1511,1438,1512,1369
1440,1370,1439,1371,1441,1512,1513
1441,1514,1513,1440,1371,1372,1442
1442,1373,1443,1515,1514,1441,1372
1443,1373,1442,1515,1374,1444,1516
1444,1516,1517,1374,1443,1445,1375
1445,1518,1517,1376,1375,1444,1446
1446,1377,1447,1376,1518,1445,1519
1447,1520,1519,1378,1377,1448,1446
1448,1449,1378,1522,1447,1520,1521
1449,1450,1379,1448,1378,1523,1522
1450,1449,1379,1380,1524,1451,1523
1451,1381,1452,1380,1525,1524,1450
1452,1451,1381,1382,1526,1453,1525
1453,1526,1452,1383,1382,1454,1527
1454,1383,1453,1384,1527,1528,1455
1455,1384,1385,1454,1528,1529,1456
1456,1529,1530,1386,1457,1385,1455
1457,1456,1386,1458,1531,1530,1387
1458,1459,1532,1531,1388,1457,1387
1459,1458,1532,1533,1389,1388,1460
1460,1533,1534,1390,1461,1389,1459
1461,1391,1462,1390,1460,1534,1535
1462,1463,1392,1536,1535,1391,1461
1463,1464,1393,1462,1392,1537,1536
1464,1463,1393,1394,1465,1537,1538
1465,1466,1395,1394,1464,1538,1539
1466,1467,1540,1465,1395,1396,1539
1467,1541,1540,1466,1397,1396,1468
1468,1398,1469,1542,1541,1397,1467
1469,1468,1398,1399,1470,1543,1542
1470,1544,1543,1469,1471,1399,1400
1471,1401,1472,1544,1470,1400
1472,1401,1473,1471,1544,1545
1473,1472,1401,1474,1402,1546,1545
1474,1403,1475,1547,1473,1402,1546
1475,1474,1403,1547,1548,1476,1404
1476,1405,1477,1475,1548,1549,1404
1477,1405,1406,1476,1550,1549,1478
1478,1550,1551,1406,1407,1479,1477
1479,1551,1552,1480,1407,1408,1478
1480,1409,1408,1553,1481,1552,1479
1481,1553,1480,1410,1482,1409,1554
1482,1411,1483,1481,1410,1554,1555
1483,1412,1484,1482,1411,1555,1556
1484,1483,1412,1413,1485,1557,1556
1485,1484,1413,1414,1486,1557,1558
1486,1414,1415,1487,1559,1485,1558
1487,1560,1559,1486,1415,1488,1416
1488,1417,1489,1560,1561,1487,1416
1489,1490,1562,1417,1488,1561,1418
1490,1489,1562,1491,1419,1418,1563
1491,1492,1420,1490,1419,1564,1563
1492,1491,1420,1564,1493,1421,1565
1493,1494,1566,1422,1421,1492,1565
1494,1493,1566,1422,1423,1495,1567
1495,1423,1424,1568,1567,1496,1494
1496,1497,1570,1568,1569,1424,1495
1497,1425,1424,1570,1496,1571,1498
1498,1572,1571,1499,1426,1497,1425
1499,1426,1427,1573,1500,1498,1572
1500,1574,1573,1427,1428,1501,1499
1501,1500,1428,1429,1502,1575,1574
1502,1501,1429,1430,1576,1503,1575
1503,1430,1431,1577,1504,1576,1502
1504,1432,473,1577,620,546,1431,1503
1505,402,1433,472,545,1578,1579,1506
1506,1434,1507,1433,1580,1505,1579
1507,1508,1435,1506,1434,1580,1581
1508,1507,1435,1436,1509,1582,1581
1509,1583,1582,1508,1436,1437,1510
1510,1511,1438,1584,1583,1509,1437
1511,1510,1438,1584,1439,1512,1585
1512,1513,1586,1585,1439,1440,1511
1513,1514,1587,1512,1586,1441,1440
1514,1513,1587,1441,1442,1588,1515
1515,1443,1442,1589,1588,1516,1514
1516,1517,1590,1444,1589,1515,1443
1517,1590,1516,1518,1445,1591,1444
1518,1517,1445,1592,1519,1591,1446
1519,1520,1447,1592,1518,1593,1446
1520,1519,1447,1521,1594,1448,1593
1521,1594,1520,1522,1596,1448,1595
1522,1449,1523,1597,1448,1521,1596
1523,1524,1598,1450,1449,1522,1597
1524,1598,1523,1599,1451,1525,1450
1525,1452,1451,1524,1526,1599,1600
1526,1600,1601,1452,1453,1527,1525
1527,1602,1601,1526,1454,1453,1528
1528,1527,1454,1602,1603,1529,1455
1529,1456,1530,1603,1604,1528,1455
1530,1529,1456,1531,1605,1457,1604
1531,1530,1605,1458,1532,1457,1606
1532,1458,1459,1531,1533,1607,1606
1533,1607,1608,1532,1460,1534,1459
1534,1609,1535,1608,1533,1460,1461
1535,1536,1462,1609,1534,1461,1610
1536,1537,1611,1535,1462,1463,1610
1537,1536,1611,1463,1464,1538,1612
1538,1613,1612,1539,1537,1464,1465
1539,1613,1538,1465,1540,1466,1614
1540,1541,1615,1467,1466,1539,1614
1541,1615,1540,1467,1542,1468,1616
1542,1541,1468,1616,1469,1543
1543,1470,1544,1616,1469,1542
1544,1616,1743,1470,1543,1545,1471,1472
1545,1684,1743,1617,1544,1546,1473,1472
1546,1474,1547,1617,1545,1473
1547,1475,1474,1546,1618,1617,1548
1548,1618,1619,1475,1547,1476,1549
1549,1619,1620,1548,1550,1477,1476
1550,1478,1551,1620,1621,1549,1477
1551,1552,1622,1550,1478,1621,1479
1552,1622,1551,1623,1479,1480,1553
1553,1554,1624,1480,1481,1552,1623
1554,1624,1553,1625,1555,1482,1481
1555,1625,1554,1626,1483,1482,1556
1556,1627,1626,1555,1483,1484,1557
1557,1485,1484,1558,1556,1627,1628
1558,1485,1486,1557,1628,1629,1559
1559,1487,1560,1486,1558,1629,1630
1560,1487,1559,1488,1561,1631,1630
1561,1562,1632,1631,1560,1488,1489
1562,1489,1490,1561,1632,1633,1563
1563,1564,1634,1490,1491,1633,1562
1564,1492,1491,1634,1563,1565,1635
1565,1636,1635,1492,1493,1564,1566
1566,1493,1494,1637,1636,1567,1565
1567,1495,1568,1637,1566,1638,1494
1568,1495,1567,1496,1569,1639,1638
1569,1568,1496,1570,1640,1639
1570,1497,1496,1571,1640,1569
1571,1572,1640,1498,1570,1497
1572,1573,1641,1640,1571,1498,1499
1573,1574,1500,1641,1572,1499,1642
1574,1575,1643,1573,1500,1642,1501
1575,1574,1643,1576,1644,1501,1502
1576,1645,1577,1502,1503,1644,1575
1577,1504,620,1645,1576,1503,1646
1578,619,545,1647,1579,1505
1579,1648,1647,1578,1505,1580,1506
1580,1506,1507,1649,1648,1579,1581
1581,1650,1582,1649,1507,1580,1508
1582,1583,1651,1650,1581,1509,1508
1583,1651,1582,1509,1652,1584,1510
1584,1510,1511,1653,1652,1585,1583
1585,1586,1512,1653,1584,1511,1654
1586,1655,1654,1512,1513,1585,1587
1587,1513,1514,1588,1656,1655,1586
1588,1657,1589,1656,1587,1515,1514
1589,1657,1588,1658,1590,1516,1515
1590,1517,1516,1591,1658,1589,1659
1591,1660,1592,1590,1517,1518,1659
1592,1661,1593,1660,1591,1518,1519
1593,1661,1592,1519,1662,1594,1520
1594,1662,1663,1521,1520,1593,1595
1595,1665,1664,1596,1594,1663,1521
1596,1666,1665,1595,1521,1522,1597
1597,1598,1667,1523,1666,1522,1596
1598,1667,1597,1524,1523,1599,1668
1599,1668,1598,1524,1525,1669,1600
1600,1526,1601,1670,1669,1599,1525
1601,1600,1526,1670,1671,1602,1527
1602,1601,1527,1672,1671,1603,1528
1603,1673,1672,1529,1604,1602,1528
1604,1674,1673,1603,1529,1605,1530
1605,1606,1675,1530,1531,1604,1674
1606,1605,1675,1607,1676,1532,1531
1607,1606,1676,1533,1608,1677,1532
1608,1607,1533,1677,1609,1534,1678
1609,1534,1535,1608,1679,1610,1678
1610,1679,1609,1535,1611,1536,1680
1611,1536,1537,1610,1680,1681,1612
1612,1682,1681,1538,1613,1537,1611
1613,1538,1612,1539,1683,1614,1682
1614,1683,1613,1539,1540,1615
1615,1541,1540,1616,1614,1683
1616,1544,1743,1615,1541,1542,1683,1543
1617,1684,1545,1546,1547,1618
1618,1548,1619,1547,1617,1685,1684
1619,1618,1548,1549,1620,1686,1685
1620,1619,1549,1686,1550,1621,1687
1621,1688,1687,1620,1550,1551,1622
1622,1552,1551,1689,1688,1623,1621
1623,1624,1690,1689,1552,1622,1553
1624,1690,1623,1554,1553,1691,1625
1625,1692,1626,1554,1555,1624,1691
1626,1627,1693,1556,1692,1625,1555
1627,1626,1693,1556,1628,1694,1557
1628,1695,1694,1627,1557,1558,1629
1629,1696,1695,1558,1628,1559,1630
1630,1697,1696,1560,1631,1559,1629
1631,1632,1698,1561,1560,1630,1697
1632,1561,1562,1633,1699,1698,1631
1633,1699,1632,1634,1700,1562,1563
1634,1701,1635,1700,1564,1563,1633
1635,1701,1634,1565,1636,1702,1564
1636,1565,1635,1702,1566,1637,1703
1637,1638,1704,1703,1566,1636,1567
1638,1704,1637,1639,1705,1567,1568
1639,1638,1705,1569,1640,1568
1640,1572,1641,1571,1706,1906,1705,1570,1569,1639
1641,1573,1572,1640,1642,1706
1642,1643,1706,1574,1573,1641
1643,1574,1575,1706,1642,1644
1644,1645,1706,1576,1643,1575
1645,1576,1577,1644,1706,1707,1646
1646,692,1707,620,1645,1577
1647,1579,1648,1708,691,619,1578
1648,1709,1708,1579,1647,1649,1580
1649,1648,1709,1580,1581,1650,1710
1650,1581,1582,1651,1649,1711,1710
1651,1583,1582,1650,1711,1712,1652
1652,1713,1653,1712,1584,1651,1583
1653,1713,1652,1584,1585,1654,1714
1654,1655,1586,1715,1714,1653,1585
1655,1654,1586,1715,1716,1587,1656
1656,1588,1657,1587,1655,1717,1716
1657,1588,1589,1656,1717,1718,1658
1658,1719,1659,1589,1590,1718,1657
1659,1719,1658,1591,1660,1720,1590
1660,1591,1592,1659,1661,1720,1721
1661,1592,1593,1660,1662,1721,1722
1662,1594,1663,1661,1593,1722,1723
1663,1724,1723,1662,1594,1664,1595
1664,1595,1665,1725,1724,1726,1663
1665,1596,1666,1595,1664,1726,1727
1666,1596,1665,1597,1667,1727,1728
1667,1598,1597,1666,1728,1729,1668
1668,1599,1598,1669,1730,1729,1667
1669,1668,1599,1670,1731,1600,1730
1670,1601,1671,1600,1669,1731,1732
1671,1670,1601,1672,1602,1732,1733
1672,1673,1734,1671,1602,1603,1733
1673,1735,1674,1672,1734,1604,1603
1674,1735,1673,1604,1675,1736,1605
1675,1605,1606,1676,1737,1736,1674
1676,1675,1737,1606,1607,1677,1738
1677,1678,1739,1738,1607,1608,1676
1678,1739,1677,1679,1740,1608,1609
1679,1678,1740,1741,1609,1610,1680
1680,1742,1741,1611,1610,1681,1679
1681,1682,1612,1742,1680,1611,1743
1682,1681,1612,1683,1743,1613
1683,1613,1614,1682,1743,1615,1616
1684,1793,1743,1545,1617,1685,1618,1744
1685,1744,1686,1684,1618,1619
1686,1744,1685,1745,1619,1620,1687
1687,1621,1688,1746,1686,1620,1745
1688,1689,1622,1621,1687,1746,1747
1689,1623,1690,1688,1622,1748,1747
1690,1624,1623,1689,1749,1691,1748
1691,1749,1690,1624,1625,1750,1692
1692,1625,1626,1693,1751,1750,1691
1693,1626,1627,1694,1752,1751,1692
1694,1753,1752,1693,1695,1628,1627
1695,1754,1753,1694,1628,1629,1696
1696,1629,1695,1697,1630,1755,1754
1697,1698,1756,1755,1696,1630,1631
1698,1756,1697,1699,1632,1631,1757
1699,1633,1632,1698,1758,1757,1700
1700,1701,1634,1758,1759,1699,1633
1701,1702,1760,1634,1635,1700,1759
1702,1701,1760,1636,1635,1761,1703
1703,1637,1704,1762,1636,1702,1761
1704,1638,1637,1703,1762,1705
1705,1810,1762,1638,1639,1640,1906,1704,1882,1850
1706,1644,1645,1707,629,1643,1642,957,1641,1640,1906
1707,1706,629,694,695,693,692,1646,1645
1708,1709,1648,691,1647,752,1763
1709,1708,1648,1649,1710,1763
1710,1709,1649,1763,1711,1650
1711,1650,1651,1763,1710,1712
1712,1652,1713,1711,1763,1651
1713,1652,1653,1712,1763,1764,1714
1714,1715,1765,1654,1764,1713,1653
1715,1714,1765,1655,1716,1766,1654
1716,1715,1655,1766,1767,1717,1656
1717,1768,1767,1718,1716,1656,1657
1718,1769,1768,1717,1657,1658,1719
1719,1658,1659,1718,1770,1720,1769
1720,1770,1719,1659,1660,1771,1721
1721,1772,1771,1722,1720,1660,1661
1722,1772,1721,1773,1723,1661,1662
1723,1663,1724,1774,1773,1722,1662
1724,1663,1723,1725,1775,1774,1664
1725,1775,1724,1664,1726,1777,1776
1726,1664,1725,1727,1778,1777,1665
1727,1726,1778,1665,1666,1728,1779
1728,1667,1729,1666,1727,1780,1779
1729,1728,1667,1781,1780,1730,1668
1730,1729,1668,1781,1782,1669,1731
1731,1669,1670,1732,1782,1730,1783
1732,1784,1783,1731,1670,1671,1733
1733,1785,1784,1672,1734,1732,1671
1734,1672,1673,1735,1786,1733,1785
1735,1673,1674,1786,1734,1736,1787
1736,1675,1674,1735,1787,1788,1737
1737,1675,1676,1789,1788,1736,1738
1738,1739,1790,1677,1676,1737,1789
1739,1678,1677,1738,1790,1740,1791
1740,1678,1679,1739,1792,1791,1741
1741,1742,1680,1740,1679,1792
1742,1741,1680,1681,1743,1792
1743,1616,1544,1684,1793,1545,1868,1915,1942,1742,1681,1682,1683,1792,1834
1744,1685,1686,1745,1793,1684
1745,1744,1686,1793,1794,1746,1687
1746,1795,1794,1747,1687,1688,1745
1747,1795,1746,1688,1796,1748,1689
1748,1796,1747,1690,1689,1749,1797
1749,1690,1691,1798,1750,1797,1748
1750,1799,1751,1798,1749,1692,1691
1751,1752,1800,1799,1750,1693,1692
1752,1753,1694,1693,1800,1751,1801
1753,1695,1754,1752,1694,1802,1801
1754,1695,1753,1803,1755,1696,1802
1755,1756,1804,1803,1697,1696,1754
1756,1805,1804,1698,1697,1757,1755
1757,1758,1699,1756,1805,1806,1698
1758,1757,1699,1700,1759,1806,1807
1759,1808,1807,1760,1701,1758,1700
1760,1701,1702,1809,1761,1808,1759
1761,1809,1760,1702,1703,1762,1810
1762,1810,1705,1704,1703,1761
1763,752,1811,1764,1708,1709,1710,1711,1712,1713
1764,1765,1811,1763,1713,1714
1765,1714,1715,1764,1811,1766
1766,1811,1767,1716,1715,1765
1767,1811,1766,1768,1717,1716
1768,1767,1717,1769,1718,1812,1811
1769,1768,1718,1813,1770,1812,1719
1770,1813,1769,1771,1814,1719,1720
1771,1721,1772,1770,1814,1720,1815
1772,1721,1771,1773,1816,1722,1815
1773,1772,1816,1722,1723,1774,1817
1774,1724,1723,1773,1817,1818,1775
1775,1725,1724,1776,1819,1818,1774
1776,1819,1820,1775,1725,1777,1821
1777,1725,1776,1726,1778,1822,1821
1778,1779,1823,1726,1727,1822,1777
1779,1778,1823,1728,1780,1824,1727
1780,1728,1779,1781,1729,1825,1824
1781,1780,1729,1730,1826,1825,1782
1782,1826,1781,1730,1827,1731,1783
1783,1732,1784,1828,1827,1782,1731
1784,1785,1733,1732,1783,1828,1829
1785,1784,1733,1734,1829,1830,1786
1786,1831,1830,1787,1735,1734,1785
1787,1831,1786,1832,1735,1736,1788
1788,1833,1832,1736,1787,1789,1737
1789,1790,1834,1788,1737,1833,1738
1790,1738,1739,1791,1834,1789
1791,1834,1790,1739,1792,1740
1792,1791,1740,1834,1741,1742,1743
1793,1684,1743,1868,1745,1794,1744,1835
1794,1795,1746,1793,1745,1835
1795,1794,1746,1747,1796,1836,1835
1796,1797,1837,1747,1748,1836,1795
1797,1796,1837,1838,1798,1749,1748
1798,1838,1797,1749,1750,1799,1839
1799,1750,1751,1800,1840,1798,1839
1800,1752,1751,1840,1841,1799,1801
1801,1800,1841,1802,1753,1842,1752
1802,1842,1843,1803,1801,1753,1754
1803,1844,1804,1755,1802,1843,1754
1804,1756,1805,1845,1844,1803,1755
1805,1756,1804,1845,1757,1806,1846
1806,1847,1807,1846,1805,1757,1758
1807,1759,1808,1848,1847,1806,1758
1808,1760,1809,1759,1807,1849,1848
1809,1760,1761,1808,1849,1850,1810
1810,1762,1705,1761,1809,1850
1811,1851,1883,1766,1767,1764,1765,752,1763,875,1768,1812
1812,1769,1768,1811,1851,1813
1813,1769,1770,1851,1812,1814
1814,1770,1771,1851,1813,1815
1815,1816,1851,1814,1771,1772
1816,1851,1815,1772,1773,1817
1817,1852,1818,1816,1773,1774,1851
1818,1852,1817,1853,1774,1775,1819
1819,1776,1820,1775,1818,1854,1853
1820,1819,1776,1854,1821,1855,1856
1821,1857,1822,1777,1776,1820,1856
1822,1857,1821,1823,1858,1778,1777
1823,1778,1779,1824,1859,1822,1858
1824,1823,1859,1860,1779,1825,1780
1825,1824,1780,1861,1826,1860,1781
1826,1827,1862,1861,1825,1781,1782
1827,1826,1862,1783,1828,1863,1782
1828,1783,1827,1784,1829,1864,1863
1829,1864,1865,1828,1785,1784,1830
1830,1786,1831,1865,1866,1785,1829
1831,1786,1830,1787,1832,1867,1866
1832,1787,1831,1833,1788,1867
1833,1832,1788,1867,1834,1789
1834,1791,1790,1893,1867,1789,1833,1914,1792,1743
1835,1793,1794,1795,1836,1868
1836,1796,1837,1869,1795,1835,1868
1837,1796,1797,1870,1838,1836,1869
1838,1797,1798,1870,1837,1839,1871
1839,1871,1872,1799,1840,1798,1838
1840,1800,1841,1799,1872,1873,1839
1841,1840,1800,1874,1842,1801,1873
1842,1874,1841,1802,1843,1875,1801
1843,1842,1802,1875,1803,1876,1844
1844,1876,1877,1803,1804,1845,1843
1845,1805,1804,1846,1878,1877,1844
1846,1845,1878,1806,1847,1879,1805
1847,1880,1879,1848,1806,1807,1846
1848,1849,1881,1808,1807,1847,1880
1849,1848,1881,1882,1808,1809,1850
1850,1882,1705,1849,1809,1810
1851,1811,1883,1816,1815,1812,1813,1814,1817,1852
1852,1817,1818,1853,1883,1851
1853,1818,1852,1854,1883,1819
1854,1883,1853,1819,1820,1855
1855,1884,1856,1883,1854,1820
1856,1884,1855,1820,1821,1885,1857
1857,1821,1822,1885,1886,1858,1856
1858,1822,1823,1859,1857,1886,1887
1859,1823,1824,1860,1888,1887,1858
1860,1888,1859,1824,1889,1861,1825
1861,1862,1890,1826,1889,1860,1825
1862,1861,1890,1826,1827,1891,1863
1863,1892,1891,1862,1827,1828,1864
1864,1865,1893,1829,1892,1828,1863
1865,1830,1866,1864,1893,1829
1866,1865,1830,1867,1831,1893
1867,1893,1834,1866,1831,1832,1833
1868,1793,1743,1915,1835,1836,1869,1894
1869,1894,1870,1837,1836,1868
1870,1837,1838,1894,1895,1869,1871
1871,1896,1895,1839,1872,1838,1870
1872,1871,1839,1896,1897,1840,1873
1873,1898,1874,1872,1840,1841,1897
1874,1898,1873,1841,1842,1899,1875
1875,1842,1843,1900,1899,1874,1876
1876,1844,1877,1843,1875,1901,1900
1877,1845,1878,1876,1844,1901,1902
1878,1903,1902,1879,1845,1846,1877
1879,1847,1880,1903,1878,1904,1846
1880,1847,1879,1881,1905,1848,1904
1881,1848,1849,1882,1906,1905,1880
1882,1881,1849,1906,1850,1705
1883,1811,1851,1854,1853,1852,1855,1884,1907
1884,1855,1856,1908,1885,1883,1907
1885,1857,1886,1856,1908,1884,1909
1886,1887,1910,1885,1857,1858,1909
1887,1886,1910,1859,1888,1858,1911
1888,1912,1911,1889,1860,1859,1887
1889,1888,1912,1860,1890,1913,1861
1890,1861,1862,1913,1889,1914,1891
1891,1914,1890,1892,1863,1862
1892,1864,1893,1891,1863,1914
1893,1864,1865,1892,1867,1834,1914,1866
1894,1870,1895,1869,1868,1915
1895,1896,1916,1871,1894,1870,1915
1896,1916,1895,1871,1872,1897,1917
1897,1896,1872,1918,1898,1917,1873
1898,1873,1874,1899,1919,1918,1897
1899,1898,1919,1900,1875,1920,1874
1900,1899,1875,1920,1921,1876,1901
1901,1877,1902,1876,1922,1921,1900
1902,1903,1878,1901,1877,1922,1923
1903,1902,1878,1879,1904,1923,1924
1904,1905,1925,1879,1903,1880,1924
1905,1881,1906,1880,1904,1925
1906,1881,1905,1882,1925,1939,1640,1705,1706,1949,1955
1907,1884,1908,1926,1940,1883
1908,1884,1885,1909,1907,1927,1926
1909,1928,1927,1908,1885,1886,1910
1910,1886,1887,1928,1909,1911,1929
1911,1912,1888,1929,1930,1910,1887
1912,1911,1888,1889,1930,1913
1913,1890,1889,1930,1912,1914
1914,1930,1941,1890,1913,1891,1892,1893,1834
1915,1942,1743,1868,1894,1895,1916,1931
1916,1896,1895,1915,1917,1931
1917,1932,1931,1896,1897,1916,1918
1918,1898,1919,1933,1897,1932,1917
1919,1898,1899,1918,1933,1920,1934
1920,1900,1899,1935,1934,1921,1919
1921,1922,1936,1920,1900,1901,1935
1922,1921,1936,1901,1902,1937,1923
1923,1938,1924,1937,1922,1902,1903
1924,1938,1923,1925,1904,1903,1939
1925,1906,1939,1904,1905,1924
1926,1940,1907,1908,1927
1927,1928,1909,1908,1940,1926,1941
1928,1927,1909,1941,1910,1929
1929,1911,1930,1941,1928,1910
1930,1914,1941,1929,1911,1912,1913
1931,1932,1942,1917,1916,1915
1932,1931,1942,1933,1943,1917,1918
1933,1943,1932,1934,1944,1919,1918
1934,1933,1944,1935,1945,1920,1919
1935,1934,1945,1920,1936,1946,1921
1936,1921,1922,1935,1946,1937,1947
1937,1923,1938,1936,1922,1947,1948
1938,1923,1924,1949,1948,1937,1939
1939,1925,1906,1924,1938,1949
1940,1926,1907,1927,1941
1941,1930,1914,1928,1927,1929,1940
1942,1931,1932,1915,1743,1943,1950,1959
1943,1933,1932,1950,1944,1942
1944,1933,1934,1950,1943,1951,1945
1945,1952,1946,1934,1935,1944,1951
1946,1952,1945,1953,1935,1936,1947
1947,1954,1948,1936,1937,1953,1946
1948,1938,1949,1954,1955,1947,1937
1949,1938,1948,1955,1939,1906
1950,1943,1944,1951,1956,1942,1959
1951,1944,1950,1956,1945,1952
1952,1945,1946,1953,1956,1957,1951
1953,1952,1946,1954,1958,1957,1947
1954,1948,1955,1953,1958,1947
1955,1954,1948,1949,1906,1958,1960
1956,1952,1957,1950,1951,1959
1957,1956,1952,1953,1958,1960,1959
1958,1953,1954,1957,1960,1955
1959,1942,1950,1956,1957,1960
1960,1958,1957,1959,1955
1961,1963,2042,995,996,2716,2222
1962,994,993,2109,2202,1974,981
1963,2042,1961,2044,2041,995,2043
1964,2018,2035,2034,2059,2065,2056
1965,2040,2014,2055,2069,2066,2023
1966,2062,2028,2013,2033,2071,2063
1967,1014,2068,1015,2072,2061,2012
1968,2011,2036,2021,2039,2049,2037
1969,2067,2026,2010,2031,2075,2070
1970,2093,2064,2008,2007,2092,2046
1971,2085,2060,2006,1999,1003,1002
1972,2100,2101,2005,2002,2053,2057
1973,2103,2102,2054,2001,2058,2004
1974,1991,981,2027,1962,2096,2109
1975,2019,1993,2087,2108,2025,2080
1976,2090,2032,1994,2016,2076,2106
1977,2084,2020,1992,2024,2083,2107
1978,2099,2089,2017,2088,2030,1988
1979,2051,2104,2112,2110,2105,2111
1980,2050,1989,1998,2130,2123,2074
1981,2114,2115,2009,2079,1987,2045
1982,2121,2073,2052,2120,1990,1997
1983,2139,2135,2078,2048,2000,1986
1984,2047,1985,2082,2128,2003,2127
1985,1984,2047,2003,2081,2137,2143
1986,2000,2086,1983,2133,2132,2048
1987,2097,2144,2138,2009,1981,2045
1988,2124,2030,1978,2147,2113,2017
1989,2050,1980,1998,2141,2142,2098
1990,2052,2145,1982,2148,2091,1997
1991,1974,981,2027,980,2149,2125
1992,2152,2122,2020,2134,2024,1977
1993,2131,2151,2019,1975,2025,2129
1994,2155,2140,2032,1976,2016,2118
1995,2328,1996,2022,2077,2308,2309
1996,2328,1995,2136,2722,2022,2327
1997,2073,2172,2091,2173,1990,1982
1998,1980,1989,2098,2187,2074,2186
1999,1001,984,1002,2006,1971,2119
2000,2182,2181,2086,2078,1986,1983
2001,2004,2116,2175,2190,2054,1973
2002,2161,2053,2162,1972,2005,2117
2003,1985,2081,2185,2184,2082,1984
2004,2001,2116,2166,2165,2058,1973
2005,2177,2193,2057,1972,2002,2117
2006,2060,2170,1971,1999,2119,2171
2007,2245,2244,2046,2246,1970,2008
2008,2189,2243,2244,1970,2064,2007
2009,2079,2191,1987,2097,2192,1981
2010,2194,2154,2026,1969,2031,2153
2011,2163,2036,1968,2197,2150,2021
2012,1016,2717,2220,2061,1967,1015
2013,1966,2033,2028,2158,2199,2169
2014,2040,1965,2159,2206,2183,2023
2015,14,13,3,2167,2203,2180
2016,2118,2208,2207,2076,1994,1976
2017,2088,2164,1978,2113,1988,2176
2018,2188,2210,2035,1964,2034,2178
2019,1993,1975,2238,2237,2131,2080
2020,2219,2218,2084,2122,1992,1977
2021,2205,2150,2011,1968,2049,2204
2022,2136,2217,1996,1995,2216,2077
2023,2201,2209,2055,1965,2159,2014
2024,2241,2240,2083,2134,1992,1977
2025,1993,2129,2231,1975,2230,2087
2026,2067,1969,2227,2242,2153,2010
2027,1974,1991,2096,2125,2234,2233
2028,2062,1966,2211,2212,2013,2158
2029,2168,2248,1004,2221,1005,985
2030,1988,2124,1978,2249,2250,2099
2031,2070,2224,2010,1969,2225,2154
2032,2090,1976,2252,1994,2140,2251
2033,2013,1966,2236,2253,2063,2169
2034,2228,2178,1964,2018,2214,2059
2035,2188,2254,2018,1964,2056,2232
2036,61,62,2011,2163,2037,1968
2037,2036,61,60,2038,2039,1968
2038,2319,2039,59,60,2037,2711
2039,2319,2038,1968,2049,2037,2282
2040,1965,2014,2066,2183,2256,2247
2041,2044,2215,1963,1032,995,1033
2042,1963,1961,2043,2229,2259,2222
2043,2042,2229,2258,2223,2044,1963
2044,2041,2215,1963,2223,2255,2043
2045,2114,1981,2267,1987,2266,2138
2046,2007,2246,2269,2268,2092,1970
2047,1984,1985,2137,2275,2276,2127
2048,2280,2279,2132,2135,1983,1986
2049,2283,2204,1968,2039,2021,2282
2050,1989,1980,2141,2277,2278,2123
2051,1979,2104,2112,2156,2294,2293
2052,2295,2145,1990,2120,2296,1982
2053,2002,2161,2274,2273,2101,1972
2054,2175,2001,1973,2102,2301,2298
2055,2257,2201,2069,2094,1965,2023
2056,2232,2297,2065,2265,2035,1964
2057,2302,2306,2177,2005,2100,1972
2058,2285,2284,2103,1973,2165,2004
2059,2264,2214,1964,2065,2262,2034
2060,2085,1971,2170,2290,2006,2289
2061,2072,2286,2314,2220,1967,2012
2062,1966,2028,2211,2271,2270,2071
2063,2071,2291,1966,2292,2236,2033
2064,2299,2300,1970,2093,2189,2008
2065,2265,2313,2262,2056,2059,1964
2066,2069,1965,2040,2463,2333,2247
2067,1969,2026,2227,2316,2075,2307
2068,1014,2226,1967,2288,2287,2072
2069,2094,2055,1965,2095,2333,2066
2070,2075,2304,2305,2224,2031,1969
2071,2063,2291,2270,2317,1966,2062
2072,2286,2061,2287,2318,2068,1967
2073,1997,2172,2121,1982,2323,2322
2074,2130,2335,1980,2334,2187,1998
2075,2304,2070,2067,1969,2326,2307
2076,2207,2016,2325,2324,1976,2106
2077,2571,2380,1995,2022,2216,2308
2078,2182,2000,1983,2139,2352,2351
2079,2009,2191,2115,2342,2343,1981
2080,2358,2238,2348,2108,2019,1975
2081,2003,1985,2185,2373,2143,2372
2082,2128,1984,2350,2184,2003,2349
2083,2353,2362,2241,2024,2107,1977
2084,2218,2020,1977,2107,2336,2337
2085,2289,2397,1971,2060,2719,1003
2086,2181,2000,1986,2357,2356,2133
2087,1975,2108,2340,2341,2025,2230
2088,2311,2089,2164,2017,1978,2261
2089,2099,1978,2311,2088,2378,2685
2090,1976,2032,2252,2361,2106,2364
2091,2368,2369,2173,1997,2148,1990
2092,2344,2093,1970,2268,2046,2363
2093,1970,2064,2345,2299,2344,2092
2094,2069,2055,2257,2095,2320,2213
2095,2174,2213,2094,2069,2333,2332
2096,2027,1974,2233,2347,2346,2109
2097,2376,2144,1987,2192,2375,2009
2098,2142,2370,1989,1998,2371,2186
2099,2089,1978,2378,2030,2383,2250
2100,2377,2302,1972,2101,2057,2354
2101,2100,1972,2354,2355,2273,2053
2102,2103,2359,1973,2379,2054,2298
2103,2359,2102,1973,2058,2360,2284
2104,2385,2365,1979,2051,2105,2294
2105,2366,2315,2104,2365,2110,1979
2106,2090,2361,2374,2324,2076,1976
2107,2381,2353,2083,2336,2084,1977
2108,1975,2087,2348,2080,2340,2382
2109,1962,2202,2346,2384,2096,1974
2110,2525,2526,2111,2105,2315,1979
2111,2526,2110,2527,2196,2112,1979
2112,2281,2156,2051,1979,2196,2111
2113,2390,2391,2176,2147,1988,2017
2114,2115,1981,2396,2392,2045,2267
2115,2114,1981,2393,2392,2079,2342
2116,2004,2001,2166,2190,2399,2398
2117,2406,2405,2162,2193,2005,2002
2118,2016,2208,2412,1994,2155,2413
2119,2171,2006,1999,984,2408,2407
2120,2052,2296,1982,2121,2402,2394
2121,2073,1982,2395,2322,2120,2394
2122,2423,2219,2020,1992,2152,2424
2123,2389,2277,2050,2388,1980,2130
2124,2404,2249,1988,2030,2403,2147
2125,2430,2429,2234,2027,1991,2149
2126,30,31,2146,2260,2428,2427
2127,2414,2422,1984,2128,2047,2276
2128,2082,1984,2349,2415,2127,2414
2129,2435,2433,2025,1993,2151,2231
2130,2074,2335,1980,2123,2411,2388
2131,2416,2151,1993,2237,2417,2019
2132,2431,2436,2280,2048,2133,1986
2133,2432,2431,2132,2356,1986,2086
2134,2152,2425,2426,2240,1992,2024
2135,2279,2401,2139,1983,2400,2048
2136,2022,2217,2722,1996,2442,2157,2443
2137,2410,2409,1985,2143,2275,2047
2138,2266,2419,1987,2144,2418,2045
2139,1983,2135,2437,2352,2400,2078
2140,2155,1994,2251,2032,2440,2441
2141,2450,2142,1989,2713,2050,2278
2142,2370,2098,2450,2141,2451,1989
2143,2409,2439,1985,2137,2372,2081
2144,2376,2097,1987,2138,2418,2449
2145,2295,2448,2148,2447,2052,1990
2146,9,32,31,2438,2428,2126
2147,2446,2403,2113,2391,2124,1988
2148,2453,2369,2447,2145,2091,1990
2149,989,2430,980,1991,2125,990
2150,2021,2205,2456,2457,2197,2011
2151,2416,2131,1993,2570,2435,2129
2152,2134,2425,1992,2122,2424,2452
2153,2194,2458,2026,2242,2459,2010
2154,2194,2010,2467,2468,2031,2225
2155,2140,1994,2440,2118,2454,2413
2156,2281,2112,2051,2293,2461,2460
2157,48,47,2443,2722,2136
2158,2474,2199,2013,2028,2212,2473
2159,2014,2206,2476,2475,2023,2209
2160,2329,2263,1011,1012,2330,2198
2161,2002,2053,2162,2470,2471,2274
2162,2471,2472,2405,2117,2161,2002
2163,2011,2036,62,2197,2477,63
2164,2088,2017,2321,2542,2261,2176
2165,2481,2285,2482,2166,2058,2004
2166,2004,2116,2398,2483,2482,2165
2167,2490,2491,14,2015,2239,2203
2168,2248,2493,2492,2029,2200,985
2169,2331,2199,2033,2253,2013,2310
2170,2494,2290,2060,2006,2171,2495
2171,2496,2495,2119,2006,2407,2170
2172,1997,2073,2487,2488,2173,2323
2173,2489,2368,2091,1997,2488,2172
2174,2095,2213,2339,2332,2485,2484
2175,2001,2190,2479,2480,2054,2301
2176,2390,2113,2542,2629,2164,2017
2177,2193,2005,2306,2504,2057,2503
2178,2228,2034,2541,2540,2210,2018
2179,1028,1027,2510,2303,2509,2195
2180,2547,2546,2015,3,2203,2235
2181,2000,2182,2086,2357,2515,2516
2182,2000,2181,2078,2351,2517,2516
2183,2014,2206,2040,2256,2548,2543
2184,2350,2522,2185,2523,2003,2082
2185,2579,2523,2184,2081,2373,2003
2186,2513,2187,2512,1998,2098,2371
2187,2334,2074,2513,2186,1998,2514
2188,2018,2210,2254,2035,2567,2569
2189,2008,2243,2566,2565,2300,2064
2190,2001,2175,2479,2399,2116,2497
2191,2009,2079,2562,2563,2343,2192
2192,2375,2097,2563,2564,2009,2191
2193,2177,2005,2406,2502,2503,2117
2194,2478,2458,2010,2154,2153,2468
2195,2508,2272,2509,1028,2179,1029
2196,2527,2111,2522,2112,2281,2523
2197,2457,2150,2521,2477,2163,2011
2198,2330,2518,988,1010,1011,2160
2199,2169,2331,2474,2158,2013,2519
2200,2492,2168,985,2520,986,2715
2201,2606,2608,2257,2055,2209,2023
2202,1962,2109,994,2657,2384
2203,2490,2167,2015,2545,2546,2180
2204,2283,2611,2049,2612,2205,2021
2205,2021,2150,2204,2612,2613,2456
2206,2014,2159,2183,2543,2476,2544
2207,2604,2208,2016,2076,2325,2603
2208,2604,2207,2118,2016,2412,2605
2209,2608,2609,2475,2201,2023,2159
2210,2188,2018,2567,2568,2178,2541
2211,2271,2534,2028,2212,2062,2535
2212,2211,2028,2158,2535,2473,2536
2213,2095,2174,2339,2338,2094,2320
2214,2624,2264,2059,2228,2034,2627
2215,2044,2041,1031,2511,2255,1032
2216,2630,2380,2631,2217,2022,2077
2217,2136,2022,2216,2631,2442,2632
2218,2219,2020,2084,2596,2337,2597
2219,2218,2020,2599,2423,2122,2597
2220,2667,2717,2668,2314,2061,2012
2221,2539,2538,2312,2248,1004,2029
2222,2716,1961,2386,2387,2042,2259
2223,2506,2255,2505,2258,2044,2043
2224,2070,2305,2031,2551,2225,2552
2225,2551,2550,2224,2467,2031,2154
2226,1014,2068,1065,1064,2288,2676
2227,2026,2242,2316,2067,2661,2660
2228,2178,2034,2214,2540,2627,2628
2229,2258,2500,2042,2043,2499,2259
2230,2577,2231,2025,2087,2341,2578
2231,2577,2230,2025,2129,2576,2433
2232,2615,2616,2056,2297,2254,2035
2233,2651,2650,2347,2096,2027,2234
2234,2429,2125,2027,2233,2652,2651
2235,2180,2547,3,2,2706,2659
2236,2571,2308,2253,2033,2063,2292
2237,2417,2131,2019,2238,2644,2643
2238,2358,2080,2645,2644,2019,2237
2239,14,39,2610,40,2167,2491
2240,2024,2241,2531,2532,2426,2134
2241,2024,2240,2083,2362,2533,2532
2242,2227,2026,2153,2660,2658,2459
2243,2008,2189,2244,2573,2566,2572
2244,2008,2243,2245,2007,2573,2574
2245,2007,2244,2246,2574,2575,2434
2246,2046,2007,2245,2269,2602,2434
2247,2464,2465,2463,2066,2256,2040
2248,2168,2493,2221,2538,2537,2029
2249,2124,2404,2553,2554,2250,2030
2250,2555,2554,2249,2383,2030,2099
2251,2678,2683,2140,2032,2441,2252
2252,2090,2032,2364,2684,2683,2251
2253,2236,2033,2169,2308,2309,2310
2254,2569,2614,2188,2035,2615,2232
2255,2506,2223,2507,2215,2511,2044
2256,2548,2549,2465,2040,2183,2247
2257,2320,2524,2201,2055,2606,2094
2258,2500,2229,2501,2505,2223,2043
2259,2499,2229,2042,2498,2222,2387
2260,30,2714,2664,2663,2427,2126
2261,2636,2637,2164,2088,2311,2321
2262,2065,2313,2264,2622,2621,2059
2263,2329,2160,2721,1012,2327,2328
2264,2624,2214,2059,2262,2622,2623
2265,2065,2313,2618,2619,2056,2297
2266,2138,2419,2702,2701,2267,2045
2267,2700,2701,2266,2114,2045,2396
2268,2687,2688,2363,2092,2046,2269
2269,2046,2246,2268,2687,2602,2686
2270,2271,2529,2317,2071,2528,2062
2271,2529,2270,2534,2530,2211,2062
2272,1030,1029,2508,2195,2511
2273,2274,2654,2053,2653,2101,2355
2274,2654,2273,2053,2470,2655,2161
2275,2584,2582,2276,2410,2137,2047
2276,2588,2584,2275,2422,2047,2127
2277,2389,2123,77,2278,78,2050
2278,2277,77,76,2713,2141,2050
2279,2401,2135,2048,2280,2648,2649
2280,2048,2279,2647,2648,2132,2436
2281,2156,2112,2196,2460,2579,2523
2282,2039,2049,2681,2680,2283,2319
2283,2611,2204,2049,2679,2282,2680
2284,2058,2285,2580,2360,2581,2103
2285,2165,2481,2058,2284,2583,2581
2286,2072,2061,2671,2318,2314,2670
2287,2318,2072,2673,2674,2068,2288
2288,2226,2676,2675,2674,2068,2287
2289,2085,2397,2290,2060,2594,2595
2290,2494,2170,2060,2289,2594,2593
2291,2317,2526,2063,2071,2525,2292
2292,2704,2571,2291,2063,2525,2236
2293,2696,2697,2294,2051,2461,2156
2294,2698,2385,2104,2051,2293,2697
2295,2145,2448,2052,2691,2296,2692
2296,2120,2052,2691,2295,2690,2402
2297,2056,2232,2617,2618,2616,2265
2298,2379,2590,2591,2301,2102,2054
2299,2064,2300,2693,2694,2345,2093
2300,2064,2299,2694,2565,2695,2189
2301,2298,2591,2175,2480,2592,2054
2302,2100,2377,2586,2306,2057,2587
2303,1026,2657,2656,2510,2179,1027
2304,2075,2070,2305,2557,2326,2558
2305,2070,2224,2304,2557,2556,2552
2306,2504,2177,2586,2302,2057,2585
2307,2316,2561,2067,2326,2560,2075
2308,2236,2571,1995,2077,2309,2253
2309,2329,2310,1995,2308,2253,2328
2310,2329,2309,2253,2169,2331,2330
2311,2088,2089,2705,2637,2261,2685
2312,2600,2539,2221,1049,1050,1004
2313,2065,2265,2262,2621,2619,2620
2314,2670,2669,2220,2061,2668,2286
2315,2105,2366,2703,2525,2704,2110
2316,2662,2561,2227,2067,2661,2307
2317,2526,2527,2528,2291,2270,2071
2318,2287,2072,2671,2286,2672,2673
2319,2039,2038,2711,2682,2681,2282
2320,2524,2257,2469,2094,2213,2338
2321,2542,2164,2642,2641,2261,2636
2322,2557,2556,2323,2073,2395,2121
2323,2558,2557,2487,2073,2322,2172
2324,2106,2374,2695,2325,2694,2076
2325,2693,2694,2603,2324,2076,2207
2326,2559,2558,2075,2304,2307,2560
2327,2721,2263,46,2722,1996,2328
2328,1995,1996,2309,2329,2263,2327
2329,2263,2160,2310,2309,2330,2328
2330,2518,2331,2198,2160,2329,2310
2331,2169,2199,2330,2518,2519,2310
2332,2485,2174,2095,2333,2462,2486
2333,2095,2069,2332,2462,2463,2066
2334,2559,2560,2335,2514,2074,2187
2335,2130,2074,2334,2560,2411,2561
2336,2594,2337,2107,2381,2084,2593
2337,2594,2336,2218,2596,2084,2595
2338,2469,2675,2213,2339,2674,2320
2339,2674,2673,2174,2213,2484,2338
2340,2382,2583,2581,2087,2341,2108
2341,2340,2087,2581,2578,2580,2230
2342,2679,2680,2079,2115,2343,2393
2343,2079,2342,2680,2681,2562,2191
2344,2093,2092,2691,2345,2363,2690
2345,2693,2299,2093,2344,2691,2692
2346,2384,2655,2347,2654,2109,2096
2347,2654,2346,2653,2233,2650,2096
2348,2586,2587,2358,2080,2108,2382
2349,2529,2350,2415,2530,2082,2128
2350,2184,2522,2529,2349,2082,2528
2351,2672,2671,2352,2517,2182,2078
2352,2139,2437,2670,2671,2351,2078
2353,2591,2590,2362,2381,2107,2083
2354,2647,2377,2101,2355,2100,2648
2355,2649,2648,2354,2101,2273,2653
2356,2432,2642,2133,2641,2086,2357
2357,2640,2515,2086,2356,2641,2181
2358,2238,2080,2645,2646,2587,2348
2359,2103,2102,2588,2379,2584,2360
2360,2582,2580,2359,2584,2103,2284
2361,2090,2106,2697,2374,2698,2364
2362,2353,2590,2533,2589,2083,2241
2363,2688,2689,2268,2690,2344,2092
2364,2684,2699,2090,2252,2698,2361
2365,2104,2385,2701,2366,2105,2700
2366,2701,2702,2105,2315,2703,2365
2367,2442,2633,2443,16,15,4
2368,2620,2489,2173,2369,2619,2091
2369,2453,2148,2619,2618,2368,2091
2370,2623,2451,2142,2098,2371,2622
2371,2512,2621,2370,2622,2098,2186
2372,2373,2573,2574,2439,2143,2081
2373,2372,2573,2185,2081,2572,2579
2374,2361,2697,2106,2696,2324,2695
2375,2634,2376,2192,2097,20,2564,2635
2376,2144,2097,2375,2634,2449
2377,2100,2302,2647,2354,2587,2646
2378,2099,2089,2685,2688,2383,2687
2379,2298,2590,2588,2589,2359,2102
2380,2571,2077,2630,2703,2216,2704
2381,2353,2591,2107,2593,2592,2336
2382,2340,2583,2586,2585,2108,2348
2383,2250,2555,2688,2378,2099,2689
2384,2656,2657,2655,2346,2202,2109
2385,2104,2365,2294,2698,2699,2700
2386,2387,2408,2716,982,2222
2387,2498,2407,2408,2386,2222,2259
2388,2664,2389,2123,2663,2130,2411
2389,2277,2123,2388,2664,78,79
2390,2113,2391,2176,2629,2638,2464
2391,2113,2390,2465,2446,2147,2464
2392,2393,2115,2396,2114,2684,2683
2393,2115,2392,2683,2678,2679,2342
2394,2402,2555,2554,2120,2121,2395
2395,2322,2121,2553,2554,2556,2394
2396,2392,2114,2700,2699,2267,2684
2397,2085,2289,2719,2598,2595
2398,2399,2116,2166,2500,2501,2483
2399,2500,2499,2190,2116,2497,2398
2400,2651,2401,2135,2652,2437,2139
2401,2651,2400,2279,2135,2650,2649
2402,2555,2394,2689,2690,2120,2296
2403,2147,2446,2404,2551,2124,2550
2404,2124,2249,2552,2553,2403,2551
2405,2472,2162,2117,2406,2506,2507
2406,2193,2502,2505,2117,2405,2506
2407,2498,2387,2496,2171,2408,2119
2408,984,983,2387,2386,2119,982,2407
2409,2410,2137,2439,2143,2577,2576
2410,2409,2137,2582,2578,2275,2577
2411,2663,2662,2335,2561,2130,2388
2412,2118,2208,2617,2605,2616,2413
2413,2615,2454,2616,2412,2155,2118
2414,2415,2532,2422,2533,2127,2128
2415,2532,2414,2349,2530,2531,2128
2416,2151,2131,2417,2637,2705,2570
2417,2637,2636,2237,2131,2416,2643
2418,2144,2138,2631,2419,2449,2632
2419,2266,2138,2702,2631,2418,2630
2420,2421,2597,2720,2599,1047,1046
2421,1045,1046,2597,2420,2596,2598
2422,2589,2588,2414,2533,2127,2276
2423,2600,2599,2219,2122,2424,2539
2424,2538,2452,2539,2122,2152,2423
2425,2152,2134,2426,2535,2452,2536
2426,2534,2531,2425,2535,2134,2240
2427,2661,2428,2260,2663,2662,2126
2428,2661,2427,2660,2438,2146,2126
2429,2430,2125,2669,2652,2234,2668
2430,2429,2125,2149,989,2667,2668,2718
2431,2432,2133,2436,2132,2645,2644
2432,2431,2133,2643,2642,2356,2644
2433,2434,2435,2129,2576,2231,2575
2434,2433,2435,2602,2246,2575,2245
2435,2434,2433,2129,2151,2570,2602
2436,2646,2647,2431,2132,2280,2645
2437,2139,2352,2400,2652,2669,2670
2438,2659,9,2146,2428,2660,2658
2439,2409,2143,2576,2575,2372,2574
2440,2612,2441,2155,2140,2454,2613
2441,2440,2612,2611,2678,2251,2140
2442,2633,2367,2443,2217,2136,2632
2443,2367,2442,15,48,2157,2136
2444,2445,43,2708,42,2608,2609
2445,2606,2607,43,2444,44,2608
2446,2391,2465,2147,2403,2549,2550
2447,2148,2145,2605,2604,2453,2448
2448,2603,2604,2295,2145,2692,2447
2449,2144,2376,2634,2633,2632,2418
2450,75,2626,2142,2141,2451,2713
2451,2623,2370,2625,2626,2450,2142
2452,2538,2424,2425,2536,2537,2152
2453,2148,2369,2447,2605,2617,2618
2454,2413,2615,2614,2613,2440,2155
2455,28,2707,2625,2624,2627,29
2456,2614,2569,2150,2457,2613,2205
2457,2567,2521,2150,2456,2197,2569
2458,2194,2478,2153,2545,2546,2459
2459,2546,2547,2658,2458,2242,2153
2460,2572,2566,2579,2461,2156,2281
2461,2696,2293,2156,2460,2565,2566
2462,2639,2638,2486,2333,2332,2463
2463,2464,2638,2333,2462,2066,2247
2464,2463,2638,2465,2391,2390,2247
2465,2391,2446,2256,2549,2464,2247
2466,2540,6,2541,23,22,2677
2467,2550,2549,2548,2154,2468,2225
2468,2548,2543,2154,2467,2478,2194
2469,2338,2675,2666,2524,2320,2665
2470,2274,2655,2161,2471,2656,2510
2471,2162,2472,2509,2510,2470,2161
2472,2471,2162,2405,2507,2508,2509
2473,2493,2474,2537,2536,2158,2212
2474,2158,2199,2493,2473,2519,2492
2475,2610,2491,2609,2209,2159,2476
2476,2206,2159,2475,2491,2544,2490
2477,64,63,2521,2197,2163,2712
2478,2194,2458,2545,2544,2543,2468
2479,2190,2175,2496,2497,2495,2480
2480,2494,2495,2175,2479,2592,2301
2481,2585,2504,2165,2285,2583,2482
2482,2504,2481,2503,2483,2166,2165
2483,2502,2503,2482,2501,2398,2166
2484,2174,2339,2485,2517,2672,2673
2485,2332,2174,2516,2517,2486,2484
2486,2462,2639,2332,2516,2515,2485
2487,2558,2323,2559,2514,2488,2172
2488,2487,2514,2513,2489,2172,2173
2489,2620,2512,2368,2173,2488,2513
2490,2491,2167,2203,2476,2544,2545
2491,2490,2167,2610,2475,2239,2476
2492,2493,2474,2168,2200,2520,2519
2493,2168,2248,2473,2474,2492,2537
2494,2480,2495,2290,2170,2592,2593
2495,2480,2494,2496,2171,2479,2170
2496,2495,2171,2497,2479,2407,2498
2497,2496,2479,2399,2499,2498,2190
2498,2407,2387,2259,2499,2497,2496
2499,2500,2399,2259,2229,2497,2498
2500,2258,2229,2399,2499,2398,2501
2501,2502,2483,2398,2258,2505,2500
2502,2483,2503,2406,2193,2501,2505
2503,2483,2502,2482,2504,2177,2193
2504,2585,2481,2306,2177,2482,2503
2505,2406,2502,2501,2258,2223,2506
2506,2223,2255,2505,2406,2405,2507
2507,2472,2508,2405,2506,2255,2511
2508,2472,2507,2272,2195,2509,2511
2509,2471,2472,2510,2508,2195,2179
2510,2656,2303,2471,2509,2179,2470
2511,1031,1030,2272,2507,2508,2215,2255
2512,2371,2621,2620,2489,2513,2186
2513,2187,2186,2512,2488,2489,2514
2514,2334,2559,2487,2488,2187,2513
2515,2640,2357,2516,2486,2181,2639
2516,2517,2485,2182,2486,2515,2181
2517,2516,2485,2351,2182,2484,2672
2518,2330,2331,2198,2520,2519,988
2519,2520,2518,2199,2331,2474,2492
2520,2519,2518,2200,2492,2715,988
2521,2567,2457,2477,2197,2568,2677,2712
2522,2350,2184,2196,2527,2523,2528
2523,2185,2579,2184,2522,2196,2281
2524,2320,2257,2606,2607,2469,2666
2525,2526,2110,2315,2704,2291,2292
2526,2525,2110,2111,2317,2527,2291
2527,2526,2317,2196,2111,2528,2522
2528,2527,2317,2522,2529,2350,2270
2529,2349,2350,2271,2270,2530,2528
2530,2415,2349,2271,2534,2531,2529
2531,2534,2426,2240,2532,2415,2530
2532,2415,2414,2531,2240,2241,2533
2533,2422,2414,2362,2589,2241,2532
2534,2426,2531,2535,2271,2530,2211
2535,2425,2426,2534,2536,2211,2212
2536,2452,2425,2535,2537,2473,2212
2537,2452,2536,2473,2493,2248,2538
2538,2424,2452,2539,2221,2248,2537
2539,2600,2312,2538,2221,2424,2423
2540,2541,2178,6,2466,2228,2628,7
2541,2178,2540,2466,2210,2568,2677
2542,2321,2164,2629,2176,2641,2640
2543,2544,2478,2468,2548,2183,2206
2544,2545,2478,2543,2206,2476,2490
2545,2478,2544,2490,2203,2546,2458
2546,2180,2547,2459,2545,2458,2203
2547,2659,2658,2180,2546,2459,2235
2548,2256,2549,2468,2543,2183,2467
2549,2256,2548,2465,2550,2467,2446
2550,2225,2551,2549,2467,2446,2403
2551,2225,2550,2404,2403,2224,2552
2552,2404,2553,2556,2551,2305,2224
2553,2249,2554,2404,2552,2395,2556
2554,2249,2553,2555,2250,2394,2395
2555,2250,2554,2383,2402,2394,2689
2556,2557,2322,2395,2552,2553,2305
2557,2558,2323,2322,2556,2305,2304
2558,2323,2557,2487,2326,2559,2304
2559,2560,2334,2326,2558,2514,2487
2560,2559,2334,2335,2326,2307,2561
2561,2316,2662,2307,2411,2335,2560
2562,2191,2563,2681,2682,2343,2601,2710
2563,2191,2562,2192,2564,2710
2564,21,20,2710,2375,2192,2563
2565,2695,2696,2566,2189,2461,2300
2566,2572,2460,2243,2189,2565,2461
2567,2521,2457,2188,2210,2569,2568
2568,2210,2567,2521,2541,2677
2569,2614,2254,2456,2567,2188,2457
2570,2686,2602,2151,2435,2705,2416
2571,2380,2077,2236,2308,2704,2292
2572,2566,2460,2579,2243,2573,2373
2573,2373,2372,2244,2243,2572,2574
2574,2575,2245,2244,2372,2573,2439
2575,2576,2439,2574,2245,2433,2434
2576,2577,2231,2575,2439,2409,2433
2577,2230,2231,2576,2578,2410,2409
2578,2580,2582,2341,2230,2410,2577
2579,2572,2460,2185,2523,2281,2373
2580,2578,2582,2360,2284,2581,2341
2581,2340,2583,2285,2580,2284,2341
2582,2580,2578,2360,2584,2275,2410
2583,2382,2340,2581,2285,2585,2481
2584,2276,2588,2582,2275,2359,2360
2585,2481,2504,2586,2382,2306,2583
2586,2306,2302,2382,2585,2587,2348
2587,2586,2348,2377,2646,2302,2358
2588,2379,2589,2276,2584,2359,2422
2589,2379,2588,2422,2533,2362,2590
2590,2353,2591,2298,2379,2362,2589
2591,2353,2590,2381,2298,2301,2592
2592,2494,2480,2593,2381,2591,2301
2593,2290,2494,2594,2592,2381,2336
2594,2289,2290,2593,2336,2337,2595
2595,2596,2598,2289,2594,2337,2397
2596,2595,2598,2218,2337,2597,2421
2597,2421,2420,2599,2219,2218,2596
2598,1044,2719,1045,2397,2595,2596,2421
2599,2600,2423,2219,2597,2720,2420
2600,2539,2312,2599,2423,2720,1049,1048
2601,57,2710,58,2711,2562,2682
2602,2570,2686,2269,2246,2434,2435
2603,2325,2693,2448,2604,2692,2207
2604,2208,2207,2603,2448,2605,2447
2605,2604,2447,2453,2617,2412,2208
2606,2201,2608,2445,2607,2524,2257
2607,2445,2606,2524,44,1013,2666
2608,2201,2606,2209,2609,2444,2445
2609,2708,2610,2475,2209,2608,2444
2610,2239,40,2609,2708,2491,2475
2611,2283,2204,2612,2679,2441,2678
2612,2204,2611,2440,2441,2205,2613
2613,2454,2440,2456,2205,2614,2612
2614,2569,2254,2456,2615,2454,2613
2615,2232,2616,2413,2454,2614,2254
2616,2232,2615,2412,2617,2297,2413
2617,2453,2618,2412,2605,2297,2616
2618,2369,2619,2265,2617,2453,2297
2619,2369,2618,2265,2368,2313,2620
2620,2489,2512,2368,2313,2621,2619
2621,2512,2371,2262,2313,2622,2620
2622,2264,2262,2371,2370,2621,2623
2623,2370,2451,2624,2264,2625,2622
2624,2214,2264,2625,2455,2623,2627
2625,2455,2624,2451,2623,2626,29
2626,75,2450,29,74,2625,2451
2627,2707,2455,2624,2214,2228,2628
2628,2627,2228,7,2540,2707,8
2629,2639,2638,2390,2542,2176,2640
2630,2380,2703,2216,2702,2631,2419
2631,2216,2217,2419,2418,2632,2630
2632,2442,2217,2633,2449,2418,2631
2633,2634,4,2442,2367,2632,2449
2634,2633,4,2375,2376,5,2635,2449
2635,20,19,5,2634,2375
2636,2261,2637,2417,2321,2642,2643
2637,2636,2261,2705,2311,2417,2416
2638,2639,2629,2390,2462,2463,2464
2639,2638,2629,2462,2486,2640,2515
2640,2357,2515,2641,2542,2639,2629
2641,2642,2321,2640,2542,2356,2357
2642,2641,2321,2643,2432,2636,2356
2643,2432,2642,2417,2636,2237,2644
2644,2645,2238,2237,2643,2432,2431
2645,2644,2238,2358,2436,2431,2646
2646,2647,2436,2587,2377,2645,2358
2647,2646,2436,2377,2354,2648,2280
2648,2647,2280,2355,2649,2354,2279
2649,2355,2648,2279,2401,2650,2653
2650,2651,2401,2233,2649,2347,2653
2651,2400,2401,2650,2233,2652,2234
2652,2669,2429,2400,2651,2437,2234
2653,2273,2654,2355,2347,2649,2650
2654,2274,2273,2653,2347,2346,2655
2655,2274,2470,2384,2656,2346,2654
2656,2384,2657,2655,2510,2303,2470
2657,2384,2656,994,2202,1025,1026,2303
2658,2659,2547,2459,2438,2660,2242
2659,2438,9,2658,2547,2706,2235
2660,2428,2438,2658,2242,2227,2661
2661,2428,2427,2227,2316,2662,2660
2662,2316,2561,2663,2411,2661,2427
2663,2411,2662,2260,2427,2664,2388
2664,2388,2389,2260,2714,79,80,2663
2665,2723,2709,2666,2469,2675,2676
2666,2709,1013,2665,2469,2524,2607
2667,2220,2717,2718,2430,2668
2668,2430,2667,2220,2314,2669,2429
2669,2670,2314,2652,2429,2668,2437
2670,2669,2314,2437,2352,2671,2286
2671,2286,2318,2672,2351,2670,2352
2672,2351,2671,2318,2517,2673,2484
2673,2674,2339,2672,2318,2484,2287
2674,2339,2673,2675,2338,2288,2287
2675,2469,2338,2674,2288,2676,2665
2676,2723,1064,2288,2226,2675,2665
2677,22,2712,2466,2541,2568,2521
2678,2683,2251,2393,2679,2611,2441
2679,2680,2342,2611,2283,2393,2678
2680,2679,2342,2681,2282,2283,2343
2681,2680,2282,2343,2682,2319,2562
2682,2319,2711,2681,2562,2601
2683,2678,2251,2393,2684,2392,2252
2684,2364,2699,2683,2392,2252,2396
2685,2089,2378,2311,2687,2686,2705
2686,2570,2602,2705,2685,2687,2269
2687,2688,2268,2685,2378,2269,2686
2688,2689,2363,2687,2268,2378,2383
2689,2688,2363,2402,2690,2555,2383
2690,2363,2344,2691,2296,2689,2402
2691,2344,2345,2692,2296,2295,2690
2692,2345,2691,2603,2693,2448,2295
2693,2694,2299,2325,2345,2603,2692
2694,2693,2299,2300,2325,2324,2695
2695,2324,2374,2696,2694,2565,2300
2696,2697,2293,2374,2695,2461,2565
2697,2696,2293,2361,2374,2294,2698
2698,2294,2385,2699,2697,2361,2364
2699,2700,2396,2364,2684,2698,2385
2700,2267,2701,2699,2396,2385,2365
2701,2702,2366,2700,2267,2266,2365
2702,2701,2366,2266,2419,2630,2703
2703,2630,2380,2315,2366,2702,2704
2704,2525,2315,2571,2380,2703,2292
2705,2637,2311,2686,2685,2570,2416
2706,2659,9,1,2,2235
2707,28,27,2455,2627,2628,8
2708,2609,2610,41,40,2444,42
2709,2723,2665,2666,1013,45,1062
2710,2601,57,21,2564,56,2562,2563
2711,59,58,2038,2319,2682,2601
2712,22,65,2677,64,2521,2477
2713,2278,76,75,2450,2141
2714,2260,30,2664,81,80
2715,987,986,988,2200,2520
2716,982,997,2386,996,1961,2222
2717,2220,2667,2718,1017,1016,2012
2718,1017,2717,2667,989,1018,2430
2719,1043,1044,2598,1003,2085,2397
2720,2600,2599,2420,1047,1048
2721,2263,1012,2327,46,1061,1060
2722,2136,1996,2327,46,2157,47
2723,2709,2665,1063,1062,2676,1064
