1,1044,1093,5,4,27,1095
2,985,3,1067,19,20,21
3,22,930,985,2,961,21
4,55,28,5,29,1,27
5,29,4,30,6,1,1093
6,1093,965,31,30,5,7
7,965,964,8,32,6,31
8,33,9,7,964,32,982
9,33,8,1101,34,982,1094
10,1100,35,977,947,36,11
11,37,36,12,1001,947,10
12,38,39,37,11,1001,13
13,1001,1090,39,12,40,14
14,15,41,40,1090,983,13
15,14,41,962,16,42,983
16,962,15,42,17,43,953
17,43,16,953,44,18,984
18,44,17,984,1067,19,45
19,18,1067,45,2,20,46
20,2,21,19,48,47,46
21,20,2,48,49,22,3
22,930,23,3,49,50,21
23,930,22,24,934,51,50
24,970,25,23,934,51,52
25,970,1039,24,26,53,52
26,27,54,1095,1039,25,53
27,54,26,1095,4,55,1
28,29,57,55,4,85,56
29,28,57,58,30,5,4
30,31,59,58,29,6,5
31,30,59,6,60,32,7
32,61,60,8,7,33,31
33,62,34,8,9,61,32
34,520,493,62,33,9,1101,550
35,1100,10,63,36,492,519
36,37,11,64,63,35,10
37,36,11,64,38,12,65
38,65,66,12,39,67,37
39,38,12,67,68,40,13
40,41,14,69,68,39,13
41,14,15,70,69,42,40
42,43,71,41,15,16,70
43,71,42,72,17,16,44
44,73,72,45,43,17,18
45,73,44,46,74,18,19
46,74,45,75,19,20,47
47,75,76,20,48,77,46
48,21,20,47,77,49,78
49,79,78,48,21,22,50
50,49,22,79,80,51,23
51,23,24,50,80,81,52
52,53,82,51,24,81,25
53,82,52,83,54,26,25
54,27,26,84,83,55,53
55,4,28,85,27,84,54
56,119,86,57,87,85,28
57,88,87,28,29,56,58
58,88,89,29,57,59,30
59,30,31,90,89,58,60
60,90,91,59,61,32,31
61,62,92,91,33,60,32
62,92,61,33,34,550,93
63,64,95,35,36,94,519
64,95,63,96,37,36,65
65,38,66,97,96,64,37
66,65,38,98,97,99,67
67,39,38,99,66,100,68
68,69,101,100,67,39,40
69,102,101,41,70,68,40
70,41,69,103,102,71,42
71,103,104,43,42,72,70
72,44,73,104,71,43,105
73,106,105,44,72,45,74
74,46,45,75,107,73,106
75,74,107,46,47,76,108
76,77,110,109,75,47,108
77,76,110,47,48,111,78
78,79,49,111,112,77,48
79,78,49,113,80,112,50
80,113,79,50,114,81,51
81,82,115,114,80,51,52
82,81,115,83,116,53,52
83,116,82,53,117,84,54
84,117,118,85,83,54,55
85,55,28,119,118,56,84
86,87,121,119,156,56,120
87,122,121,86,88,57,56
88,58,89,87,57,122,123
89,88,58,123,124,59,90
90,91,125,60,59,89,124
91,125,90,60,92,126,61
92,62,61,126,91,127,93
93,128,127,92,62,550
94,129,618,549,582,95,63,519
95,64,63,96,130,129,94
96,64,95,130,131,97,65
97,66,98,132,131,96,65
98,66,97,134,99,132,133
99,134,98,66,67,100,135
100,101,136,99,67,68,135
101,102,69,137,136,100,68
102,101,69,138,137,103,70
103,139,138,71,104,102,70
104,103,71,72,139,105,140
105,73,106,104,140,72,141
106,73,105,142,141,74,107
107,74,75,108,143,106,142
108,109,144,107,75,143,76
109,146,110,76,108,144,145
110,146,109,76,77,147,111
111,78,112,77,110,147,148
112,149,148,111,78,79,113
113,79,80,149,112,114,150
114,113,80,150,115,151,81
115,81,82,152,151,114,116
116,153,152,117,83,82,115
117,153,116,154,118,84,83
118,119,155,154,117,85,84
119,155,118,86,156,56,85
120,121,158,157,195,156,86
121,158,120,122,87,86,159
122,123,160,121,87,88,159
123,122,160,161,124,88,89
124,161,123,89,162,125,90
125,91,90,162,124,163,126
126,164,163,92,91,127,125
127,128,93,165,164,126,92
128,127,93,165,619,583,550,658
129,94,618,166,130,95
130,95,96,131,167,166,129
131,168,167,132,97,96,130
132,133,169,168,98,97,131
133,132,169,170,171,98,134
134,98,99,172,171,133,135
135,136,173,172,134,99,100
136,101,137,100,174,173,135
137,101,136,175,174,138,102
138,139,176,103,175,137,102
139,176,138,103,177,140,104
140,177,139,104,105,141,178
141,178,179,142,106,105,140
142,141,179,106,180,107,143
143,144,181,107,108,180,142
144,145,182,143,181,108,109
145,182,144,109,146,184,183
146,109,110,147,185,145,184
147,185,146,110,186,148,111
148,149,187,112,186,147,111
149,148,187,112,113,188,150
150,188,149,113,189,151,114
151,152,190,189,115,150,114
152,151,190,153,116,191,115
153,152,116,191,117,154,192
154,153,117,193,192,118,155
155,119,118,193,194,154,156
156,194,195,119,86,120,155
157,195,238,120,158,197,196
158,121,120,157,197,198,159
159,199,198,122,160,158,121
160,122,123,199,200,161,159
161,162,201,160,123,124,200
162,201,161,124,202,125,163
163,164,126,203,202,162,125
164,163,126,204,203,165,127
165,658,205,204,164,127,128
166,207,206,167,129,130,618
167,168,208,207,131,130,166
168,209,169,208,167,132,131
169,209,168,132,133,170,210
170,133,169,210,171,212,211
171,133,170,134,172,212,213
172,173,214,213,134,171,135
173,172,214,174,215,136,135
174,216,215,175,137,136,173
175,216,174,217,176,137,138
176,139,138,217,175,177,218
177,139,140,176,218,219,178
178,141,179,220,219,140,177
179,178,141,142,221,220,180
180,179,142,221,181,222,143
181,143,144,223,222,182,180
182,145,144,181,223,183,224
183,226,225,182,224,145,184
184,226,227,145,146,183,185
185,186,228,147,146,184,227
186,228,185,147,187,148,229
187,188,230,148,149,229,186
188,230,187,231,149,150,189
189,151,190,188,150,231,232
190,151,152,189,191,233,232
191,234,233,190,152,153,192
192,235,193,154,191,153,234
193,235,192,154,236,194,155
194,156,195,237,236,193,155
195,157,238,194,156,120,237
196,239,283,197,240,157,238
197,196,240,158,157,241,198
198,241,242,199,159,197,158
199,160,200,198,159,242,243
200,199,160,161,201,244,243
201,162,161,200,244,202,245
202,246,203,162,201,245,163
203,204,247,246,202,163,164
204,247,203,164,165,248,205
205,658,700,745,165,248,204
206,207,249,166,618,657,699
207,250,249,208,167,206,166
208,168,167,207,251,250,209
209,168,169,210,252,251,208
210,170,169,211,253,252,209
211,212,255,210,253,254,170
212,211,255,256,213,170,171
213,256,257,172,214,212,171
214,215,258,257,172,173,213
215,216,174,214,258,259,173
216,215,174,175,217,260,259
217,218,261,175,216,176,260
218,261,217,262,219,176,177
219,220,263,262,218,178,177
220,263,219,221,179,178,264
221,220,179,264,180,265,222
222,223,266,181,180,221,265
223,222,266,181,182,224,267
224,267,268,182,183,223,225
225,183,226,268,269,224,270
226,183,225,184,227,270,271
227,226,184,271,272,228,185
228,186,185,273,272,229,227
229,230,274,273,187,228,186
230,188,187,231,229,274,275
231,188,230,232,276,275,189
232,231,276,189,190,233,277
233,277,278,191,234,190,232
234,191,233,278,279,192,235
235,279,280,192,193,234,236
236,280,281,237,194,235,193
237,195,194,281,236,282,238
238,195,157,196,282,237,283
239,283,196,285,284,240,331
240,196,197,285,239,241,286
241,198,242,287,240,197,286
242,241,198,287,243,288,199
243,289,288,242,244,200,199
244,201,200,243,289,290,245
245,290,244,202,246,291,201
246,202,203,291,292,245,247
247,204,203,292,246,293,248
248,745,294,293,247,205,204
249,250,207,744,699,206,295
250,249,207,208,251,296,295
251,297,296,252,208,250,209
252,210,253,209,298,297,251
253,210,211,254,299,252,298
254,211,255,301,300,253,299
255,211,212,256,302,301,254
256,302,255,257,303,213,212
257,214,258,256,303,304,213
258,259,305,214,215,257,304
259,305,258,260,306,216,215
260,306,259,216,307,261,217
261,218,217,308,262,307,260
262,218,219,308,309,263,261
263,220,219,262,264,310,309
264,311,310,263,265,220,221
265,311,264,221,222,312,266
266,222,223,265,312,313,267
267,224,268,313,266,314,223
268,267,224,225,269,315,314
269,317,316,268,225,315,270
270,318,317,271,226,269,225
271,270,318,226,227,272,319
272,273,320,271,227,319,228
273,272,320,321,274,229,228
274,322,321,229,230,275,273
275,323,322,274,230,231,276
276,231,232,323,324,277,275
277,233,278,325,324,276,232
278,277,233,326,325,234,279
279,235,280,278,234,326,327
280,279,235,327,328,236,281
281,280,236,329,328,237,282
282,330,329,237,238,281,283
283,239,196,331,330,238,282
284,333,285,331,382,239,332
285,286,334,333,284,239,240
286,285,334,335,240,241,287
287,242,241,288,336,286,335
288,289,243,337,336,287,242
289,288,243,338,337,290,244
290,339,291,338,289,244,245
291,339,290,340,246,292,245
292,291,246,247,340,293,341
293,341,292,247,248,294,342
294,793,343,342,745,248,293
295,296,345,344,744,250,249
296,295,345,251,297,346,250
297,251,296,298,347,346,252
298,299,348,297,347,253,252
299,300,349,298,348,253,254
300,301,351,349,299,254,350
301,351,300,352,255,302,254
302,303,353,256,255,301,352
303,353,302,304,354,256,257
304,355,354,303,258,305,257
305,259,258,355,356,306,304
306,356,305,357,260,259,307
307,358,357,306,308,261,260
308,262,309,359,261,358,307
309,310,360,308,262,359,263
310,311,361,309,360,264,263
311,362,312,361,310,264,265
312,362,311,363,313,265,266
313,312,363,266,364,314,267
314,315,268,364,313,365,267
315,316,366,314,268,365,269
316,269,317,367,366,315
317,269,316,367,270,318,368
318,270,317,369,368,271,319
319,318,271,369,272,370,320
320,272,273,371,370,321,319
321,274,322,372,371,320,273
322,274,321,323,275,373,372
323,374,373,322,275,276,324
324,323,276,375,374,325,277
325,326,278,375,376,277,324
326,377,376,325,278,279,327
327,378,377,326,279,280,328
328,280,327,378,379,329,281
329,379,380,328,330,281,282
330,283,331,380,329,381,282
331,283,330,381,382,284,239
332,383,431,382,384,284,333
333,385,384,284,285,332,334
334,285,286,385,386,333,335
335,336,387,334,286,386,287
336,337,288,335,387,287,388
337,336,288,388,389,338,289
338,339,390,337,289,389,290
339,290,291,390,338,340,391
340,339,291,391,392,292,341
341,342,393,392,293,292,340
342,341,393,394,343,294,293
343,294,793,844,890,394,342
344,295,345,395,744,792,843
345,295,296,346,344,396,395
346,347,397,296,297,345,396
347,346,397,398,348,297,298
348,399,398,347,349,298,299
349,399,400,350,300,299,348
350,351,402,401,400,349,300
351,301,300,403,402,350,352
352,301,351,302,353,404,403
353,303,302,354,405,404,352
354,304,355,406,303,405,353
355,304,354,356,407,305,406
356,408,357,355,407,305,306
357,358,307,408,356,306,409
358,357,307,409,410,359,308
359,411,410,358,308,309,360
360,309,310,361,412,411,359
361,412,413,311,310,360,362
362,311,312,363,361,413,414
363,362,312,313,414,415,364
364,363,313,314,365,416,415
365,417,416,366,315,364,314
366,316,315,367,417,365
367,317,316,366,417,368,418,460
368,369,318,418,367,317
369,370,418,368,318,319
370,418,369,371,419,319,320
371,372,321,420,419,370,320
372,371,321,373,421,420,322
373,323,374,421,372,322,422
374,323,373,324,375,422,423
375,325,376,324,374,423,424
376,326,377,375,325,424,425
377,326,376,327,378,425,426
378,327,377,426,427,328,379
379,329,380,427,428,378,328
380,379,329,428,429,381,330
381,331,382,429,430,380,330
382,332,431,381,331,430,284
383,332,431,471,432,433,384
384,333,385,332,383,433,434
385,333,384,334,386,434,435
386,385,334,436,435,335,387
387,335,336,388,437,436,386
388,337,389,387,437,438,336
389,439,438,388,337,338,390
390,439,440,339,338,391,389
391,390,440,392,441,339,340
392,393,442,441,391,341,340
393,392,442,394,443,341,342
394,393,443,343,890,342
395,396,444,843,889,345,344
396,445,444,395,397,346,345
397,346,347,398,396,445
398,348,399,397,347,445
399,349,400,348,398,445
400,399,349,350,445,401
401,350,402,445,400,446
402,351,403,350,401,446
403,351,402,352,404,447,446
404,448,447,353,405,352,403
405,406,449,354,353,448,404
406,449,405,450,407,355,354
407,451,450,355,356,408,406
408,356,357,452,451,409,407
409,453,410,452,408,357,358
410,453,409,454,411,358,359
411,410,454,360,412,455,359
412,361,413,456,360,455,411
413,412,361,456,414,457,362
414,458,415,457,413,362,363
415,458,414,416,459,363,364
416,459,415,417,365,364
417,416,365,366,367,459,460
418,370,369,460,419,368,367
419,371,420,460,418,370
420,421,460,371,419,372
421,460,420,461,373,372,422
422,374,373,421,462,461,423
423,463,462,424,375,374,422
424,464,463,423,425,375,376
425,464,424,465,376,377,426
426,378,427,377,425,466,465
427,426,378,379,428,467,466
428,468,429,427,379,467,380
429,468,428,469,430,381,380
430,470,469,429,431,381,382
431,332,383,471,470,382,430
432,471,383,443,433
433,443,432,383,434,384
434,443,433,384,435,385
435,436,443,434,386,385
436,435,443,386,437,387
437,387,388,438,436,443
438,439,389,437,388,443
439,390,440,438,389,443
440,439,390,391,441,443
441,392,442,391,443,440
442,392,393,441,443
443,393,394,897,898,899,432,433,441,440,890,891,434,435,436,437,438,439,442,892,893,894,896,900,901,902
444,929,886,396,445,395,889,887,888
445,400,401,399,396,444,398,397
446,448,449,401,402,447,403
447,404,448,403,446
448,404,447,405,449,446
449,450,452,406,405,453,448,446
450,451,407,452,449,406
451,450,407,452,408
452,450,449,453,409,451,408
453,456,459,455,409,410,454,449,452
454,455,453,410,411
455,456,453,454,412,411
456,453,459,455,413,412,457
457,414,413,459,456,458
458,414,415,459,457
459,453,456,416,415,457,458,417
460,421,420,461,418,419,462,367,417
461,460,421,462,422
462,460,461,423,463,422
463,468,469,470,466,467,423,462,464,424,465,471
464,463,424,425,465
465,464,425,463,466,426
466,467,463,465,426,427
467,466,463,468,427,428
468,469,463,467,428,429
469,468,463,470,430,429
470,471,431,463,469,430
471,470,431,383,432,463
472,997,1030,1097,483,481,482
473,490,489,491,1098,1027,1099
474,1012,1037,495,1036,475,496
475,1036,1096,476,497,496,474
476,1096,477,475,499,498,497
477,1096,476,478,500,1074,499
478,479,1024,501,500,477,1074
479,478,1024,501,502,1023,1103
480,1064,1062,481,997,504,505
481,480,997,505,506,482,472
482,508,507,506,481,483,472
483,1097,472,509,508,484,482
484,510,485,1097,1065,483,509
485,510,511,484,1065,1005,486
486,487,512,1005,971,511,485
487,512,486,488,513,972,971
488,489,514,1098,972,513,487
489,488,514,473,490,1098,515
490,473,489,491,515,516,517
491,1099,492,473,490,518,517
492,491,1099,35,519,1100,518
493,520,34,1101,1102,521,494
494,1012,495,522,1102,493,521
495,474,1012,523,496,494,522
496,524,497,523,495,475,474
497,498,525,524,496,475,476
498,497,525,527,499,476,526
499,527,498,477,500,528,476
500,528,529,478,501,477,499
501,479,502,530,478,500,529
502,501,479,503,531,1103,530
503,531,502,504,1064,1103,532
504,503,1064,480,532,533,505
505,481,480,504,506,534,533
506,507,482,505,481,534,535
507,482,508,506,537,535,536
508,482,507,537,538,509,483
509,539,538,508,483,510,484
510,485,511,484,539,509,540
511,510,485,540,541,486,512
512,487,486,542,513,541,511
513,542,512,488,487,543,514
514,543,544,488,489,515,513
515,489,490,514,545,544,516
516,547,546,490,517,515,545
517,548,547,516,490,491,518
518,549,548,519,491,517,492
519,549,518,63,94,492,35
520,550,551,34,493,521
521,520,493,552,551,494,522
522,523,553,495,494,521,552
523,522,553,495,496,554,524
524,525,497,496,555,554,523
525,497,498,524,556,555,526
526,557,556,558,527,498,525
527,558,526,498,499,528,559
528,500,529,559,560,527,499
529,528,500,501,560,530,561
530,501,502,529,561,531,562
531,563,562,503,502,530,532
532,564,563,531,503,504,533
533,532,504,564,565,534,505
534,566,565,505,506,533,535
535,536,567,566,507,506,534
536,535,567,537,569,568,507
537,569,536,507,508,538,570
538,509,539,570,571,537,508
539,509,538,510,540,572,571
540,511,541,572,539,510,573
541,540,511,512,542,574,573
542,575,543,512,513,574,541
543,514,544,575,542,576,513
544,543,514,577,576,545,515
545,578,577,544,515,546,516
546,547,516,578,579,580,545
547,548,517,546,516,580,581
548,547,517,518,549,582,581
549,518,548,582,94,519
550,520,551,62,34,128,583,93
551,550,520,584,583,552,521
552,551,521,522,553,585,584
553,522,523,554,552,585,586
554,523,524,553,586,587,555
555,556,525,524,587,554,588
556,526,557,555,525,588,589
557,526,556,591,590,589,558
558,526,527,557,559,592,591
559,528,560,527,592,593,558
560,559,528,529,593,594,561
561,595,594,529,530,560,562
562,531,563,596,595,561,530
563,531,562,532,564,596,597
564,598,597,532,563,533,565
565,534,566,599,598,533,564
566,535,567,534,565,600,599
567,535,536,566,568,601,600
568,569,536,601,567,603,602
569,603,604,537,536,568,570
570,538,571,605,604,537,569
571,606,605,570,538,572,539
572,607,606,573,571,540,539
573,608,607,572,574,541,540
574,609,575,573,608,542,541
575,609,574,542,543,610,576
576,610,575,577,544,543,611
577,612,611,576,544,545,578
578,546,579,545,577,613,612
579,578,546,614,615,613,580
580,546,547,581,616,579,615
581,548,582,580,616,547,617
582,617,618,548,581,549,94
583,551,584,620,619,128,550
584,585,621,551,583,620,552
585,621,584,586,622,552,553
586,623,587,622,585,553,554
587,624,623,586,554,555,588
588,625,589,624,555,587,556
589,625,588,556,626,557,590
590,627,628,591,557,589,626
591,592,629,590,557,628,558
592,593,630,629,591,559,558
593,630,592,559,560,594,631
594,561,595,632,631,560,593
595,561,594,596,562,632,633
596,595,562,633,634,597,563
597,564,598,635,634,596,563
598,564,597,635,599,636,565
599,566,600,598,636,565,637
600,566,599,637,638,601,567
601,638,639,568,567,602,600
602,641,640,603,601,568,639
603,569,604,642,641,602,568
604,603,569,605,643,642,570
605,643,604,606,571,570,644
606,607,572,605,571,645,644
607,573,608,606,572,646,645
608,573,607,574,609,647,646
609,610,648,574,575,608,647
610,648,609,575,576,649,611
611,612,577,650,649,576,610
612,611,577,650,613,651,578
613,652,651,579,614,612,578
614,652,653,579,615,613,654
615,614,579,580,616,655,654
616,580,581,617,656,655,615
617,657,618,582,581,616,656
618,657,617,582,94,129,166,206
619,620,659,583,658,128
620,659,619,583,621,584,660
621,585,584,661,660,620,622
622,623,586,585,621,662,661
623,587,624,586,622,662,663
624,587,623,664,625,588,663
625,588,589,664,624,626,665
626,666,627,625,589,665,590
627,666,626,628,668,590,667
628,629,669,627,668,590,591
629,669,628,592,591,670,630
630,631,671,593,592,670,629
631,630,671,672,632,594,593
632,631,594,672,633,673,595
633,632,673,595,674,634,596
634,597,635,674,633,675,596
635,676,675,597,634,598,636
636,676,677,598,599,635,637
637,599,600,636,677,678,638
638,639,679,601,637,600,678
639,638,679,601,680,640,602
640,641,602,681,680,682,639
641,640,602,683,682,603,642
642,603,604,643,641,683,684
643,605,604,642,684,685,644
644,643,605,686,685,606,645
645,607,646,606,644,686,687
646,687,688,607,645,608,647
647,689,688,608,609,646,648
648,610,609,649,690,647,689
649,650,611,648,610,690,691
650,651,692,649,611,612,691
651,650,692,652,613,612,693
652,614,653,651,613,693,694
653,652,614,654,696,695,694
654,697,696,655,653,615,614
655,697,654,616,656,615,698
656,699,657,617,616,655,698
657,617,618,699,656,206
658,205,700,165,619,659,128
659,620,619,660,701,658,700
660,621,661,659,701,702,620
661,621,660,662,622,702,703
662,661,622,704,703,663,623
663,664,705,704,662,624,623
664,706,705,663,624,625,665
665,706,664,707,625,626,666
666,707,708,626,627,667,665
667,666,627,709,710,668,708
668,710,711,627,628,669,667
669,629,628,670,712,668,711
670,669,712,629,630,671,713
671,630,631,672,714,713,670
672,631,671,715,714,632,673
673,716,715,632,633,672,674
674,675,717,716,673,633,634
675,674,717,635,676,718,634
676,677,719,636,635,675,718
677,676,719,636,720,637,678
678,637,677,679,721,720,638
679,638,639,721,722,678,680
680,681,640,679,722,723,639
681,724,723,680,640,682,725
682,641,683,681,725,640,726
683,641,682,684,727,726,642
684,728,727,683,643,642,685
685,686,729,728,684,643,644
686,729,685,730,687,644,645
687,646,688,730,731,686,645
688,687,646,647,689,731,732
689,647,688,648,690,733,732
690,649,648,689,691,734,733
691,735,692,650,734,649,690
692,650,651,693,736,735,691
693,694,737,652,736,692,651
694,738,737,693,652,653,695
695,740,696,653,694,738,739
696,654,697,740,695,741,653
697,654,696,655,742,698,741
698,699,743,742,697,656,655
699,743,698,744,249,656,657,206
700,205,658,745,659,701,746
701,659,660,702,747,746,700
702,661,660,701,747,748,703
703,704,749,662,661,702,748
704,703,749,662,663,705,750
705,664,706,663,750,751,704
706,664,705,752,707,665,751
707,666,708,752,706,753,665
708,707,666,754,753,667,709
709,756,755,667,710,708,754
710,668,711,757,756,709,667
711,710,668,758,757,712,669
712,759,713,758,711,669,670
713,759,712,671,714,670,760
714,671,713,761,760,715,672
715,716,762,714,672,761,673
716,715,762,674,717,763,673
717,674,675,718,764,763,716
718,765,764,717,675,719,676
719,676,677,720,766,765,718
720,677,719,766,721,767,678
721,767,720,768,679,722,678
722,721,679,723,769,768,680
723,681,724,769,722,680,770
724,681,723,770,771,772,725
725,681,682,773,772,724,726
726,727,774,773,725,682,683
727,774,726,684,728,683,775
728,684,727,729,685,776,775
729,686,685,728,776,777,730
730,731,778,687,686,729,777
731,779,732,730,778,687,688
732,779,731,780,733,689,688
733,781,780,732,689,690,734
734,691,735,690,782,733,781
735,783,736,692,691,734,782
736,784,737,783,693,692,735
737,738,694,693,784,736,785
738,737,694,739,786,695,785
739,788,740,738,786,695,787
740,788,739,695,696,741,789
741,696,740,790,789,697,742
742,791,790,697,698,741,743
743,699,698,791,792,744,742
744,699,249,295,344,792,743
745,205,700,793,794,294,248,746
746,701,747,794,745,795,700
747,795,796,701,746,702,748
748,796,797,747,702,749,703
749,703,704,797,748,750,798
750,751,799,798,749,705,704
751,750,799,800,705,706,752
752,706,707,753,801,751,800
753,754,802,708,707,752,801
754,802,753,708,803,755,709
755,756,709,805,804,803,754
756,755,709,757,710,806,805
757,711,758,756,710,806,807
758,711,757,712,759,807,808
759,712,713,758,808,760,809
760,714,761,759,713,809,810
761,714,760,810,811,762,715
762,715,716,811,761,812,763
763,764,717,813,716,762,812
764,765,718,763,717,813,814
765,764,718,815,814,719,766
766,719,720,816,815,767,765
767,721,720,768,817,766,816
768,818,817,721,767,722,769
769,723,722,768,818,770,819
770,771,820,819,769,724,723
771,770,820,821,772,724
772,822,821,773,725,771,724
773,822,772,725,823,774,726
774,727,726,775,824,823,773
775,825,824,774,776,728,727
776,826,825,729,777,728,775
777,776,729,730,827,778,826
778,730,731,828,779,827,777
779,731,732,780,829,828,778
780,732,779,733,781,829,830
781,733,780,831,830,734,782
782,832,831,783,735,734,781
783,784,736,832,782,735,833
784,736,737,783,834,833,785
785,786,835,738,737,784,834
786,738,739,787,836,835,785
787,838,837,788,836,786,739
788,789,839,739,740,787,838
789,839,788,790,741,740,840
790,742,791,789,741,841,840
791,742,790,743,792,842,841
792,791,743,744,344,843,842
793,294,343,844,745,794
794,795,845,793,745,844,746
795,794,845,846,747,796,746
796,748,797,795,747,846,847
797,796,748,847,749,848,798
798,799,849,750,749,848,797
799,850,849,750,751,798,800
800,801,851,850,799,751,752
801,800,851,802,852,752,753
802,754,753,852,801,853,803
803,804,755,754,802,853,854
804,805,755,855,854,803,856
805,804,755,856,756,806,857
806,756,757,807,805,857,858
807,806,757,758,808,859,858
808,809,860,758,759,807,859
809,861,810,860,808,760,759
810,861,809,811,862,760,761
811,863,812,862,810,761,762
812,863,811,762,813,864,763
813,864,812,763,764,814,865
814,815,765,866,865,813,764
815,816,766,814,765,866,867
816,815,766,767,867,817,868
817,768,818,767,869,868,816
818,768,817,869,769,819
819,820,869,770,769,818
820,770,771,869,819,915,870,821
821,772,822,870,771,820
822,772,821,773,871,870,823
823,822,773,871,872,824,774
824,775,825,774,873,872,823
825,775,824,776,826,873,874
826,776,825,777,874,827,875
827,777,778,828,876,875,826
828,779,829,778,877,827,876
829,779,828,877,878,780,830
830,879,878,831,781,780,829
831,782,832,830,781,880,879
832,782,831,783,881,833,880
833,881,882,784,834,832,783
834,883,835,882,784,833,785
835,883,834,884,836,786,785
836,787,837,786,884,835,885
837,838,886,787,836,885
838,886,837,787,788,839
839,789,788,840,886,838
840,841,887,886,839,790,789
841,840,887,888,842,791,790
842,889,888,841,843,792,791
843,395,889,344,792,842
844,793,343,845,891,794,890
845,794,795,844,891,846,892
846,795,845,796,893,847,892
847,893,846,796,797,848,894
848,847,797,798,849,894,895
849,850,799,798,848,895,896
850,849,799,800,851,896,897
851,800,801,850,898,852,897
852,802,801,898,851,853,899
853,852,802,803,854,899,900
854,855,804,853,803,900,901
855,854,804,903,856,901,902
856,903,855,805,804,857,904
857,856,805,806,904,858,905
858,857,806,905,906,859,807
859,860,907,858,906,808,807
860,907,859,809,808,908,861
861,809,810,860,862,908,909
862,811,810,861,910,909,863
863,811,812,911,910,862,864
864,865,912,813,812,911,863
865,912,864,866,913,814,813
866,867,914,913,865,814,815
867,914,866,915,815,816,868
868,869,817,915,867,816
869,868,817,820,819,915,818
870,871,822,821,915,820,916
871,916,872,870,822,823
872,916,871,873,917,824,823
873,872,917,824,825,874,918
874,875,919,826,825,918,873
875,919,874,920,876,827,826
876,920,875,827,828,877,921
877,829,828,878,922,876,921
878,877,829,922,879,830,923
879,924,923,878,830,831,880
880,881,925,924,831,832,879
881,925,880,882,926,833,832
882,883,927,926,881,833,834
883,882,927,834,835,928,884
884,835,836,885,928,929,883
885,884,836,837,886,929
886,929,444,838,837,887,840,839,885
887,840,841,888,444,886
888,889,842,887,444,841
889,843,395,888,842,444
890,343,394,891,443,844
891,890,443,844,845,892
892,891,443,893,845,846
893,892,443,894,846,847
894,895,896,893,443,847,848
895,894,896,848,849
896,894,895,443,897,850,849
897,898,443,851,896,850
898,897,443,899,851,852
899,443,898,900,852,853
900,443,899,901,853,854
901,443,900,855,854,902
902,443,901,855,903
903,855,856,907,910,904,902,911,914
904,856,857,907,903,905
905,907,904,857,858,906
906,907,905,858,859
907,860,859,903,910,908,904,905,906
908,907,860,909,910,861
909,910,908,862,861
910,911,863,903,907,909,908,862
911,910,863,903,914,864,912
912,865,864,914,913,911
913,914,912,866,865
914,867,866,903,911,912,913,915
915,867,914,868,869,820,870
916,871,872,917,929,870
917,916,929,872,873,918
918,919,929,874,873,917
919,875,874,918,929,920
920,875,876,919,929,921
921,877,876,920,929,922
922,877,878,923,929,921
923,924,929,879,878,922
924,923,929,880,925,879
925,881,880,924,929,926
926,882,881,925,927,929
927,882,883,928,929,926
928,884,929,883,927
929,886,444,923,924,916,917,925,918,919,928,884,885,920,921,927,926,922
930,23,22,949,934,3,961
931,946,954,955,950,941,940
932,942,957,945,938,963,956
933,937,943,960,958,959,944
934,930,949,969,24,23,970
935,973,948,936,939,974,951
936,935,939,971,948,972,952
937,933,943,964,965,966,944
938,932,945,975,967,968,942
939,952,978,936,935,951,979
940,993,941,931,946,994,995
941,992,993,940,950,981,931
942,932,957,987,967,938,986
943,937,933,964,959,1094,982,980
944,988,989,966,937,958,933
945,932,938,968,990,956,991
946,1002,998,954,931,940,995
947,1003,1001,10,977,11,976
948,973,935,971,1005,1004,936
949,1006,1007,930,934,969,961
950,955,931,1000,981,941,999
951,974,935,1021,1020,979,939
952,939,978,972,1098,1027,936
953,17,16,1015,1016,962,984
954,946,931,1022,998,955,1013
955,950,931,954,1013,1014,999
956,963,1023,932,945,991,1024
957,932,942,1017,1018,963,986
958,960,933,944,1026,1025,989
959,943,933,960,1008,980,996
960,933,958,1008,1079,959,1025
961,1006,1019,985,3,930,949
962,16,15,983,1028,1015,953
963,1029,1017,957,1023,956,932
964,7,965,943,937,8,982
965,7,964,6,1093,937,966
966,944,988,937,1044,1093,965
967,987,942,1035,1033,938,975
968,945,990,1031,975,1032,938
969,1038,970,1007,949,934,1042
970,1039,25,1038,969,24,934
971,1005,948,486,936,972,487
972,952,1098,971,936,488,487
973,1040,974,935,948,1004,1041
974,973,1040,951,935,1043,1020
975,938,967,1031,1049,968,1035
976,1046,1003,1010,1045,947,977
977,10,947,1009,1100,976,1010
978,952,939,1027,1048,1047,979
979,1060,1048,951,939,1021,978
980,996,1011,1094,943,959,1052
981,992,1051,1000,1050,950,941
982,9,1094,8,964,943
983,14,1090,962,15,1028,1089
984,18,17,1066,1016,953,1067
985,961,1019,1066,1067,3,2
986,1057,987,957,1018,1058,942
987,942,967,1057,986,1033,1056
988,944,989,1069,1070,966,1044
989,944,988,1070,1071,958,1026
990,1072,1032,968,945,1073,991
991,1024,1074,956,945,990,1073
992,981,1051,993,941,1053,1054
993,992,941,940,1055,994,1054
994,1055,1034,940,995,993
995,1034,1068,940,994,946,1002
996,1011,980,1078,1008,959,1075
997,1061,1062,472,1030,481,480
998,946,1002,1080,1022,954,1081
999,1087,1000,1086,950,1014,955
1000,999,1087,981,1050,950,1088
1001,1003,947,1090,13,12,11
1002,946,998,1080,1091,995,1068
1003,1001,947,1090,976,1046,1089
1004,1041,1063,973,948,1005,1065
1005,1065,485,971,948,486,1004
1006,1019,1084,961,1007,949,1083
1007,1006,949,969,1083,1042,1082
1008,960,1079,959,1078,996,1092
1009,1100,1099,977,1048,1010,1047
1010,1048,1060,1045,976,977,1009
1011,1077,1052,996,980,1076,1075
1012,474,1037,495,494,1077,1102
1013,1022,1083,955,1014,954,1084
1014,1084,1085,955,1013,1086,999
1015,1087,1086,1028,1016,953,962
1016,1085,1066,1086,1015,953,984
1017,1061,1062,957,1018,1029,963
1018,1017,957,1061,1058,1059,986
1019,1006,1084,961,985,1066,1085
1020,1043,1055,1054,1021,951,974
1021,1020,1054,1053,951,979,1060
1022,1082,1081,954,998,1083,1013
1023,1029,1103,963,956,479,1024
1024,991,1074,479,478,1023,956
1025,1081,1080,1026,1079,958,960
1026,1025,1081,958,989,1071,1082
1027,1047,1099,952,978,1098,473
1028,1089,1088,1087,1015,983,962
1029,963,1017,1064,1103,1023,1062
1030,472,997,1059,1061,1063,1097
1031,1078,1075,1092,1049,975,1032,968
1032,990,1072,1076,1031,1075,968
1033,1035,967,1034,987,1056
1034,995,1068,1055,994,1056,1035,1033
1035,1049,1068,1034,1033,967,975
1036,1072,1073,1096,1037,475,474
1037,1072,1076,474,1012,1036,1077
1038,970,969,1042,1039,1069,1070
1039,1069,1095,970,25,26,1038
1040,973,974,1058,1041,1057,1043
1041,1058,1040,1004,1063,973,1059
1042,1071,1070,969,1038,1082,1007
1043,1020,1055,1057,1056,1040,974
1044,1069,1095,1,1093,988,966
1045,1010,976,1050,1046,1051,1060
1046,976,1003,1050,1045,1088,1089
1047,1027,1099,978,1048,1009
1048,1060,1010,1009,979,978,1047
1049,1035,1068,1092,1091,1031,975
1050,981,1000,1046,1045,1088,1051
1051,992,981,1050,1045,1060,1053
1052,1077,1011,1102,1101,980,1094
1053,992,1054,1051,1021,1060
1054,1055,993,992,1053,1020,1021
1055,1020,1043,1034,994,1056,993,1054
1056,1055,1034,1033,1057,987,1043
1057,986,987,1056,1040,1058,1043
1058,1018,1059,1040,1041,986,1057
1059,1030,1061,1018,1058,1041,1063
1060,1048,1010,1045,1051,979,1021,1053
1061,1062,1017,997,1018,1059,1030
1062,1061,1017,997,1029,480,1064
1063,1065,1097,1041,1004,1030,1059
1064,1103,1029,480,1062,504,503
1065,1063,1097,484,1005,485,1004
1066,1016,1085,1019,985,984,1067
1067,18,19,1066,985,984,2
1068,1035,1049,995,1034,1002,1091
1069,1095,1039,1044,1070,988,1038
1070,1042,1071,1069,988,1038,989
1071,1042,1070,1082,989,1026
1072,1036,1073,990,1032,1076,1037
1073,1036,1072,1096,1074,990,991
1074,991,1024,1073,1096,478,477
1075,1078,1031,996,1032,1011,1076
1076,1032,1072,1037,1077,1011,1075
1077,1052,1011,1102,1076,1037,1012
1078,996,1008,1092,1031,1075
1079,1008,960,1092,1091,1025,1080
1080,1002,998,1091,1025,1081,1079
1081,1082,1022,1025,1080,1026,998
1082,1022,1081,1071,1042,1007,1083,1026
1083,1022,1013,1007,1006,1084,1082
1084,1006,1019,1014,1085,1083,1013
1085,1016,1066,1014,1084,1086,1019
1086,1085,1016,1087,1015,1014,999
1087,999,1000,1086,1015,1028,1088
1088,1028,1089,1050,1046,1087,1000
1089,1028,1088,983,1090,1046,1003
1090,1001,13,14,983,1003,1089
1091,1002,1080,1092,1079,1049,1068
1092,1079,1091,1049,1078,1008,1031
1093,1,1044,6,965,966,5
1094,9,982,943,980,1052,1101
1095,1069,1039,1044,27,26,1
1096,1036,1073,1074,477,476,475
1097,483,472,1063,1065,484,1030
1098,972,952,1027,473,489,488
1099,491,492,1027,1047,1009,1100,473
1100,10,35,1009,1099,977,492
1101,1102,493,1052,9,34,1094
1102,1101,493,1052,1077,494,1012
1103,1064,1029,1023,479,502,503
