1,995,946,4,3,973,21
2,996,958,17,16,15
3,21,42,4,1,22,23
4,5,24,995,3,1,23
5,4,24,995,916,6,25
6,916,944,7,5,26,25
7,944,994,6,477,26,462
8,9,27,476,497,970,954
9,10,960,28,27,954,8
10,9,960,29,28,30,11
11,31,30,10,960,979,12,959
12,32,31,11,959,13
13,14,33,956,32,12,959
14,956,957,15,13,33,34
15,14,957,958,34,35,16,2
16,36,35,2,17,15,37
17,2,16,38,18,37,996
18,931,19,39,38,17,996
19,20,40,18,931,39,932
20,19,40,932,21,41,973
21,3,42,41,973,1,20
22,23,44,43,42,3,66
23,45,24,44,22,4,3
24,45,23,46,4,5,25
25,47,46,6,26,5,24
26,48,47,7,477,6,25
27,521,49,497,28,9,8
28,50,49,27,10,29,9
29,51,50,52,30,10,28
30,52,29,31,11,53,10
31,54,53,32,30,11,12
32,33,55,54,31,12,13
33,55,32,34,56,13,14
34,33,56,57,14,35,15
35,57,34,16,36,15,58
36,37,60,59,16,35,58
37,60,61,36,16,38,17
38,61,37,62,17,18,39
39,18,19,62,63,40,38
40,19,20,64,63,41,39
41,21,42,64,65,40,20
42,66,65,21,3,41,22
43,44,68,67,22,93,66
44,23,22,43,68,69,45
45,23,24,46,44,69,70
46,45,24,71,70,47,25
47,72,71,48,26,46,25
48,72,47,26,498,477
49,521,27,28,50,73,74
50,51,75,29,28,49,74
51,50,75,29,77,76,52
52,29,30,77,51,78,53
53,79,78,54,31,52,30
54,53,31,55,80,79,32
55,33,32,80,54,81,56
56,33,34,57,82,81,55
57,82,56,34,35,83,58
58,35,36,84,59,83,57
59,36,60,84,58,85,86
60,37,61,36,59,87,86
61,60,37,88,87,38,62
62,38,61,39,63,89,88
63,40,64,90,62,39,89
64,40,63,90,91,65,41
65,66,42,91,64,41,92
66,65,42,93,92,43,22
67,123,94,95,68,43,93
68,96,69,43,44,95,67
69,70,97,96,68,44,45
70,98,97,69,71,46,45
71,99,72,47,98,70,46
72,99,71,47,48,498,100
73,74,101,521,49,547,577
74,75,102,101,73,49,50
75,50,51,103,102,74,76
76,105,77,103,75,51,104
77,105,76,51,106,78,52
78,53,79,106,77,107,52
79,53,78,54,80,108,107
80,55,54,81,109,79,108
81,110,109,80,82,56,55
82,83,111,57,56,81,110
83,111,82,84,112,58,57
84,112,113,85,58,59,83
85,115,86,84,113,59,114
86,87,116,115,85,60,59
87,117,116,86,61,88,60
88,61,87,118,117,89,62
89,88,118,90,119,63,62
90,63,64,91,89,119,120
91,121,120,90,64,65,92
92,93,66,122,121,91,65
93,92,66,123,67,43,122
94,95,125,124,123,67,156
95,125,94,67,68,96,126
96,127,126,68,69,97,95
97,98,70,69,128,96,127
98,97,70,128,71,129,99
99,71,72,100,130,98,129
100,131,130,548,522,99,72,498
101,74,102,132,73,609,577
102,75,103,132,133,74,101
103,104,134,75,102,133,76
104,135,136,105,134,103,76
105,136,104,76,77,137,106
106,137,138,107,105,77,78
107,139,138,106,108,79,78
108,140,139,80,109,79,107
109,81,110,141,80,140,108
110,81,109,141,82,111,142
111,143,142,83,82,112,110
112,84,113,111,143,83,144
113,112,84,85,114,145,144
114,146,145,85,115,113,147
115,85,86,114,116,147,148
116,117,87,149,86,148,115
117,116,87,149,150,118,88
118,151,150,119,117,88,89
119,151,118,120,152,89,90
120,91,121,153,152,119,90
121,91,120,154,153,122,92
122,121,154,155,123,93,92
123,156,155,67,94,93,122
124,94,125,157,192,156,158
125,95,94,124,126,159,158
126,127,96,159,160,125,95
127,161,160,128,126,96,97
128,97,98,161,127,162,129
129,163,162,130,128,98,99
130,100,131,99,163,129,164
131,100,130,610,164,578,548
132,102,133,166,101,609,165
133,166,167,134,132,102,103
134,135,168,167,104,103,133
135,104,136,168,134,170,169
136,135,104,105,171,137,170
137,172,171,106,138,136,105
138,173,172,107,139,137,106
139,107,138,173,140,108,174
140,139,108,109,141,174,175
141,176,175,109,110,140,142
142,111,143,177,141,176,110
143,111,142,112,177,144,178
144,145,179,178,112,113,143
145,180,179,114,146,113,144
146,114,145,147,181,182,180
147,146,114,115,182,183,148
148,183,184,149,116,115,147
149,150,185,117,116,184,148
150,185,149,151,118,117,186
151,150,118,119,186,152,187
152,153,120,119,151,187,188
153,154,121,152,120,188,189
154,153,121,155,190,189,122
155,123,156,154,190,191,122
156,123,155,191,192,124,94
157,158,194,192,124,193,231
158,194,157,195,159,124,125
159,158,195,126,160,125,196
160,196,197,161,127,159,126
161,160,127,197,128,198,162
162,129,163,128,161,198,199
163,129,162,130,200,164,199
164,200,201,610,131,163,130
165,683,202,166,609,132,644
166,167,203,202,133,132,165
167,166,203,204,133,134,168
168,169,205,204,135,134,167
169,207,170,168,205,206,135
170,207,169,208,136,171,135
171,172,137,136,208,209,170
172,171,137,173,138,209,210
173,172,138,210,211,174,139
174,211,212,175,173,139,140
175,141,176,212,174,213,140
176,141,175,142,213,177,214
177,215,214,178,142,143,176
178,216,215,177,144,179,143
179,145,180,144,178,216,217
180,218,217,145,179,181,146
181,180,218,146,182,219,220
182,181,146,183,221,220,147
183,148,184,182,221,147,222
184,183,148,149,185,222,223
185,150,149,184,224,186,223
186,224,185,150,151,187,225
187,226,225,151,152,186,188
188,152,153,227,226,187,189
189,153,154,227,188,190,228
190,229,191,154,155,189,228
191,230,192,229,190,155,156
192,230,191,157,124,231,156
193,273,232,157,194,231,233
194,158,157,195,233,234,193
195,194,158,159,235,196,234
196,197,236,160,235,195,159
197,236,196,160,161,237,198
198,161,197,199,238,237,162
199,239,238,198,200,163,162
200,164,201,239,240,199,163
201,241,240,200,164,645,610
202,166,203,683,165,242,724
203,166,167,243,242,202,204
204,244,243,168,205,203,167
205,168,169,206,245,204,244
206,205,245,246,247,207,169
207,169,170,208,247,206,248
208,249,248,207,170,209,171
209,250,210,249,208,171,172
210,250,209,211,251,173,172
211,212,252,174,251,210,173
212,211,252,174,175,253,213
213,254,253,175,176,212,214
214,254,255,177,215,213,176
215,216,178,177,214,255,256
216,215,178,257,256,179,217
217,180,218,258,257,179,216
218,180,217,258,219,259,181
219,261,260,220,218,259,181
220,261,219,262,181,221,182
221,182,183,262,220,263,222
222,263,264,184,223,183,221
223,222,184,265,264,224,185
224,225,266,185,186,223,265
225,267,266,226,187,224,186
226,225,187,268,227,267,188
227,268,226,188,269,189,228
228,270,229,227,269,189,190
229,190,191,270,228,271,230
230,191,192,231,272,271,229
231,192,230,193,273,157,272
232,273,193,275,274,317,233
233,232,275,276,194,234,193
234,276,277,233,194,235,195
235,277,278,195,196,234,236
236,197,196,279,278,237,235
237,279,280,236,197,198,238
238,199,239,198,281,280,237
239,199,238,281,282,240,200
240,241,201,283,282,239,200
241,240,201,725,283,684,645
242,203,243,285,724,202,284
243,204,244,203,242,286,285
244,204,243,245,287,286,205
245,205,206,244,287,246,288
246,245,206,247,290,288,289
247,206,207,246,290,291,248
248,208,249,291,292,247,207
249,208,248,209,250,293,292
250,209,210,251,294,293,249
251,211,252,210,295,250,294
252,211,212,251,296,295,253
253,254,297,213,296,252,212
254,214,255,253,297,213,298
255,254,214,215,256,299,298
256,216,257,300,255,215,299
257,301,300,217,258,216,256
258,259,302,217,257,218,301
259,258,302,260,303,218,219
260,303,259,219,261,304
261,219,260,304,220,262,305
262,220,261,221,305,263,306
263,222,264,262,221,306,307
264,308,265,263,222,223,307
265,308,264,223,309,266,224
266,267,225,224,310,309,265
267,266,225,226,268,311,310
268,226,227,311,267,269,312
269,270,313,268,227,228,312
270,314,313,269,228,229,271
271,315,272,314,270,229,230
272,315,271,273,316,230,231
273,193,232,317,272,316,231
274,358,317,232,275,319,318
275,232,274,233,319,320,276
276,234,277,320,321,275,233
277,276,234,235,278,321,322
278,277,235,236,279,322,323
279,324,323,236,278,237,280
280,279,237,324,325,281,238
281,280,325,326,238,239,282
282,281,239,327,326,283,240
283,725,241,240,327,282,328
284,810,329,285,242,724,767
285,286,330,329,284,243,242
286,331,330,285,287,244,243
287,288,332,244,245,331,286
288,287,332,245,289,246
289,333,332,290,288,246
290,291,334,333,289,246,247
291,292,335,290,334,248,247
292,335,291,336,293,248,249
293,250,294,249,337,336,292
294,295,338,250,293,251,337
295,296,339,294,338,252,251
296,340,339,295,252,297,253
297,253,254,341,340,298,296
298,299,342,341,297,254,255
299,298,342,343,256,300,255
300,257,301,344,256,343,299
301,257,300,345,344,302,258
302,258,259,346,345,301,303
303,260,259,346,302,304
304,261,260,303,408,346,347,305
305,261,304,262,347,306
306,262,263,305,347,307
307,347,306,348,308,263,264
308,264,265,348,349,307,309
309,350,349,266,310,308,265
310,351,350,266,309,311,267
311,351,310,268,267,312,352
312,353,313,269,352,268,311
313,314,270,353,354,312,269
314,313,270,354,271,315,355
315,271,272,314,355,356,316
316,317,357,272,273,356,315
317,274,358,232,273,316,357
318,359,390,358,274,360,319
319,274,275,360,318,361,320
320,276,321,319,275,361,362
321,320,276,363,362,277,322
322,364,323,363,321,277,278
323,364,322,279,324,365,278
324,279,323,365,280,325,366
325,324,280,281,326,366,367
326,367,368,325,281,327,282
327,328,368,326,282,283
328,327,368,768,725,283
329,285,330,810,284,843
330,286,331,285,329,843
331,286,330,843,332,287
332,369,397,418,287,288,843,331,333,289,842
333,290,334,369,332,289
334,290,291,333,335,370,369
335,292,291,370,371,336,334
336,335,292,372,337,293,371
337,373,372,338,294,336,293
338,374,339,337,373,294,295
339,374,338,375,296,340,295
340,296,339,376,341,297,375
341,377,376,342,340,297,298
342,341,377,298,299,343,378
343,299,342,378,300,344,379
344,301,345,300,343,380,379
345,301,344,302,346,380
346,302,345,408,407,303,304,380
347,381,408,304,305,306,307,348
348,381,349,308,307,347
349,309,350,381,348,308
350,309,349,351,310,382,381
351,350,310,311,382,352,383
352,384,353,383,351,312,311
353,384,352,313,354,312,385
354,353,313,314,385,386,355
355,386,387,356,354,314,315
356,387,355,315,357,388,316
357,316,317,358,388,356,389
358,274,317,357,389,390,318
359,390,318,392,391,416,360
360,361,393,392,359,318,319
361,393,360,362,394,319,320
362,394,361,395,321,363,320
363,395,396,322,364,321,362
364,322,323,363,396,365
365,366,396,323,324,364
366,365,396,324,325,367
367,326,368,396,366,325
368,367,326,396,327,328,811,768
369,397,332,334,370,333
370,335,371,398,334,369,397
371,370,335,372,336,399,398
372,373,337,400,336,371,399
373,372,337,338,400,401,374
374,338,339,401,402,375,373
375,374,339,403,376,340,402
376,377,341,403,375,340,404
377,376,341,342,378,405,404
378,342,343,379,406,405,377
379,406,378,380,407,344,343
380,407,379,345,344,346
381,348,349,347,408,382,350
382,381,350,351,408,383
383,384,409,408,352,351,382
384,409,383,352,353,385,410
385,411,410,384,353,354,386
386,355,387,412,411,385,354
387,386,355,413,388,356,412
388,413,387,357,356,389,414
389,414,388,415,390,358,357
390,359,318,415,416,389,358
391,417,392,359,433,416
392,417,391,359,360,393
393,361,360,392,394,417
394,362,361,417,393,395
395,363,396,362,394,417
396,395,363,365,366,811,895,417,368,367,364
397,369,332,418,398,370
398,419,418,397,399,371,370
399,372,400,398,371,419,420
400,420,421,373,372,401,399
401,374,402,422,400,373,421
402,401,374,422,423,403,375
403,375,376,404,424,423,402
404,425,424,403,376,405,377
405,426,425,378,377,406,404
406,379,378,407,426,405
407,408,440,380,379,346,406,426
408,440,407,346,347,381,409,383,304,382,456,427,441
409,384,383,408,427,410
410,411,385,384,427,409
411,410,385,386,412,427,428
412,386,411,413,429,428,387
413,387,388,429,412,430,414
414,431,430,389,388,413,415
415,390,416,432,431,414,389
416,415,390,359,432,433,391
417,391,392,445,433,394,393,452,396,395
418,397,332,398,419,842,841,446,453,457,434
419,398,418,434,420,399
420,400,421,435,434,419,399
421,420,400,435,422,436,401
422,437,436,423,401,402,421
423,437,422,402,438,424,403
424,439,438,423,404,425,403
425,440,439,404,424,405,426
426,405,425,407,406,440
427,441,428,409,410,408,411
428,441,427,429,412,411
429,413,412,430,428,441
430,413,429,441,414,431,442
431,443,442,414,430,432,415
432,443,431,444,415,416,433
433,444,445,417,391,416,432
434,419,418,435,446,420
435,447,446,420,421,436,434
436,422,437,447,448,435,421
437,448,449,422,436,438,423
438,450,449,437,424,439,423
439,440,450,424,438,425
440,450,456,408,407,439,425,426
441,427,428,430,429,408,442,451
442,443,431,430,441,451
443,444,451,442,431,432
444,433,445,451,443,452,432
445,444,433,417,452
446,447,435,453,418,434
447,446,435,448,454,436,453
448,449,455,447,454,437,436
449,448,455,450,438,437,456
450,440,456,449,438,439
451,444,443,441,442,452
452,445,444,451,417
453,446,418,457,454,447
454,447,448,455,458,457,453
455,448,449,458,454,456
456,450,440,449,455,458,408
457,454,458,453,418
458,455,454,457,456
459,464,463,952,948,940,460
460,466,997,940,465,464,459
461,920,921,949,472,470,471
462,463,478,477,948,994,7
463,462,478,479,464,459,948
464,463,459,465,480,479,460
465,480,464,460,481,482,466
466,483,467,460,997,482,465
467,483,466,468,993,484,997
468,467,993,484,469,955,485
469,470,949,485,486,955,468
470,469,949,486,487,471,461
471,489,488,487,472,470,461
472,489,471,490,473,461,921
473,922,998,491,490,472,921
474,475,935,969,493,967,494
475,474,935,476,496,495,494
476,935,475,496,8,497,970
477,478,462,499,498,48,7,26
478,462,463,479,477,499,500
479,478,463,501,500,464,480
480,502,501,465,464,481,479
481,504,503,480,465,482,502
482,483,505,481,465,504,466
483,505,482,466,467,484,506
484,467,468,507,485,483,506
485,469,486,507,484,508,468
486,485,469,470,487,509,508
487,510,509,488,471,486,470
488,471,489,487,510,511,512
489,513,490,471,488,472,512
490,513,489,472,491,473,514
491,490,473,514,515,492,998
492,998,969,516,515,493,491
493,494,517,969,474,516,492
494,518,517,493,475,495,474
495,520,496,475,494,519,518
496,520,495,476,475,497,521
497,521,27,476,8,496
498,72,100,522,48,477,499
499,477,478,523,522,498,500
500,501,479,478,499,524,523
501,480,502,500,479,525,524
502,480,501,503,481,526,525
503,504,481,527,526,528,502
504,503,481,482,505,529,528
505,483,482,506,530,529,504
506,530,505,507,484,483,531
507,484,485,532,508,506,531
508,532,507,509,533,485,486
509,510,487,534,533,508,486
510,509,487,488,534,511,535
511,512,537,535,510,488,536
512,513,538,537,511,488,489
513,489,490,538,512,539,514
514,491,515,513,490,539,540
515,541,540,516,492,514,491
516,493,517,515,492,542,541
517,494,518,493,516,543,542
518,494,517,495,519,544,543
519,495,520,545,544,546,518
520,495,496,521,547,519,546
521,27,49,497,73,547,520,496
522,548,100,523,499,498,549
523,522,499,550,549,524,500
524,525,501,523,500,550,551
525,524,501,502,551,526,552
526,552,553,503,527,502,525
527,503,526,553,555,554,528
528,556,529,504,503,527,555
529,530,557,505,556,528,504
530,506,505,529,557,531,558
531,506,507,530,532,558,559
532,507,508,560,533,531,559
533,534,509,508,560,532,561
534,533,509,510,561,562,535
535,563,562,511,510,534,536
536,565,564,563,511,537,535
537,565,566,512,511,538,536
538,513,512,539,537,567,566
539,540,568,567,538,513,514
540,568,539,569,515,541,514
541,542,570,515,540,516,569
542,571,543,570,541,517,516
543,571,542,544,572,517,518
544,572,543,545,519,573,518
545,544,519,573,546,574,575
546,547,576,575,520,519,545
547,546,576,73,521,520,577
548,100,522,578,131,549
549,578,579,523,550,522,548
550,580,579,523,549,524,551
551,552,581,580,550,524,525
552,526,553,581,551,582,525
553,552,526,583,582,527,554
554,583,553,584,585,555,527
555,556,586,554,527,528,585
556,555,586,557,587,528,529
557,587,588,529,530,556,558
558,588,589,530,531,557,559
559,560,590,531,558,589,532
560,591,590,559,532,533,561
561,591,592,562,533,534,560
562,535,563,561,592,534,593
563,535,562,594,593,536,564
564,536,565,596,595,563,594
565,537,566,536,564,597,596
566,565,537,598,567,538,597
567,568,539,599,598,566,538
568,540,539,567,599,569,600
569,568,540,600,570,601,541
570,542,541,571,602,601,569
571,542,543,572,570,602,603
572,604,603,544,543,571,573
573,605,604,545,544,572,574
574,605,573,545,606,575,607
575,608,576,607,546,545,574
576,608,575,546,547,577,609
577,609,101,547,73,576
578,549,579,610,611,131,548
579,580,550,612,578,549,611
580,579,550,612,551,613,581
581,614,582,552,551,613,580
582,614,615,581,583,553,552
583,584,616,615,582,553,554
584,616,583,554,585,618,617
585,584,554,586,619,555,618
586,555,556,619,585,620,587
587,621,620,557,588,556,586
588,589,622,558,587,557,621
589,588,622,558,623,559,590
590,560,591,559,623,589,624
591,560,590,625,624,561,592
592,591,561,562,625,626,593
593,563,594,592,562,626,627
594,563,593,627,628,595,564
595,596,630,629,628,594,564
596,595,630,597,631,565,564
597,632,631,596,598,566,565
598,633,599,632,567,566,597
599,633,598,634,600,568,567
600,634,599,568,635,601,569
601,636,635,602,600,570,569
602,636,601,570,571,603,637
603,572,604,571,602,638,637
604,572,603,605,573,638,639
605,606,640,604,573,639,574
606,640,605,642,641,574,607
607,608,575,643,574,642,606
608,575,576,607,643,644,609
609,644,608,577,101,576,132,165
610,164,131,578,611,646,201,645
611,610,578,579,612,647,646
612,579,580,613,647,611,648
613,649,648,614,612,580,581
614,582,615,581,650,649,613
615,614,582,651,650,616,583
616,584,583,615,651,652,617
617,618,584,616,653,654,652
618,617,584,619,585,655,654
619,656,655,586,585,620,618
620,621,587,586,619,656,657
621,620,587,657,658,622,588
622,588,589,623,659,658,621
623,659,622,589,590,624,660
624,661,625,591,660,623,590
625,661,624,591,662,592,626
626,625,592,662,593,627,663
627,664,663,628,626,593,594
628,664,627,629,595,665,594
629,665,666,630,667,628,595
630,631,668,667,629,595,596
631,668,630,597,632,596,669
632,670,633,669,597,631,598
633,670,632,598,599,634,671
634,599,600,633,671,672,635
635,601,636,673,600,634,672
636,601,635,602,674,637,673
637,675,674,636,638,603,602
638,676,675,637,604,639,603
639,640,677,638,604,605,676
640,606,605,639,677,678,641
641,679,678,640,642,606,680
642,681,680,641,606,607,643
643,607,608,644,682,642,681
644,608,609,643,165,683,682
645,241,201,646,684,610
646,611,610,684,645,647,685
647,648,686,612,611,685,646
648,649,613,647,686,687,612
649,648,613,688,650,614,687
650,651,615,688,689,614,649
651,650,615,616,652,689,690
652,651,616,690,653,691,617
653,652,691,693,692,617,654
654,655,694,618,693,653,617
655,656,619,654,694,618,695
656,655,619,620,657,695,696
657,696,697,656,620,621,658
658,698,697,659,622,657,621
659,699,660,698,658,623,622
660,699,659,624,661,623,700
661,624,625,701,700,660,662
662,701,661,625,626,663,702
663,664,627,626,662,703,702
664,663,627,628,704,665,703
665,629,666,704,664,705,628
666,706,705,665,629,707,667
667,630,629,668,666,707,708
668,631,630,667,709,708,669
669,709,710,632,670,668,631
670,632,633,669,711,710,671
671,672,712,633,634,670,711
672,712,671,634,713,673,635
673,674,714,635,636,713,672
674,637,675,636,714,715,673
675,676,638,637,674,715,716
676,675,638,677,717,716,639
677,639,640,717,676,678,718
678,679,641,640,677,718,719
679,678,641,721,720,680,719
680,681,642,721,722,679,641
681,680,642,723,682,722,643
682,723,681,683,724,643,644
683,165,202,724,644,682
684,725,241,646,645,726,685
685,686,727,726,684,647,646
686,647,648,685,727,687,728
687,688,729,686,648,728,649
688,650,689,729,687,649,730
689,688,650,730,731,690,651
690,732,731,689,651,652,691
691,652,653,733,692,690,732
692,693,735,734,653,733,691
693,692,735,736,694,653,654
694,654,655,737,736,693,695
695,738,737,655,656,696,694
696,657,697,739,738,695,656
697,696,657,698,658,740,739
698,697,658,659,740,699,741
699,659,660,700,742,741,698
700,701,661,699,742,743,660
701,700,661,744,702,662,743
702,744,701,663,662,703,745
703,746,745,664,663,702,704
704,664,665,747,746,703,705
705,706,666,665,748,747,704
706,705,666,707,749,748
707,706,749,666,667,708,750
708,751,750,668,709,667,707
709,669,710,751,752,668,708
710,752,753,709,669,711,670
711,710,753,670,712,754,671
712,755,713,672,671,754,711
713,756,714,755,712,672,673
714,674,715,756,713,673,757
715,675,716,758,714,674,757
716,717,759,715,675,758,676
717,759,716,677,676,760,718
718,761,760,677,678,717,719
719,762,761,718,678,679,720
720,679,721,763,764,719,762
721,680,722,679,720,765,764
722,721,680,681,723,766,765
723,767,766,681,682,722,724
724,242,202,683,682,767,723,284
725,283,241,684,328,768,726,769
726,684,725,769,685,770,727
727,771,770,685,686,726,728
728,771,772,729,727,686,687
729,688,687,728,772,773,730
730,774,731,688,689,729,773
731,774,775,732,690,730,689
732,776,733,731,690,775,691
733,776,732,691,692,777,734
734,692,735,777,778,733,779
735,692,693,734,736,780,779
736,737,781,780,735,693,694
737,736,781,738,695,694,782
738,737,695,739,696,782,783
739,784,783,738,696,697,740
740,785,741,697,698,784,739
741,785,740,786,742,699,698
742,699,700,786,741,743,787
743,744,788,700,742,787,701
744,788,743,701,702,789,745
745,746,703,744,702,789,790
746,745,703,747,790,704
747,790,746,704,705,748
748,705,747,855,790,791,706,749
749,706,707,750,748,791
750,708,751,707,749,792,791
751,708,750,793,792,709,752
752,710,753,794,751,709,793
753,752,710,794,795,754,711
754,795,753,755,712,796,711
755,712,713,754,796,756,797
756,713,714,755,797,757,798
757,758,799,715,756,714,798
758,716,715,799,757,759,800
759,717,716,760,800,801,758
760,718,761,802,717,759,801
761,762,719,718,760,802,803
762,761,719,803,804,720,763
763,764,806,805,720,762,804
764,763,806,807,765,721,720
765,807,764,721,808,766,722
766,767,723,722,809,808,765
767,766,723,724,284,810,809
768,769,811,368,328,725
769,770,811,768,726,725
770,769,811,771,727,726
771,728,772,770,727,811
772,771,728,729,811,773,812
773,774,813,772,729,812,730
774,731,775,730,813,773,814
775,774,731,776,732,814,815
776,732,733,775,777,815,816
777,734,778,776,733,817,816
778,779,819,777,734,818,817
779,778,819,735,734,780,820
780,736,735,779,820,821,781
781,736,737,780,821,782,822
782,783,823,737,781,822,738
783,782,823,784,739,738,824
784,783,739,740,825,824,785
785,740,741,786,825,784,826
786,787,827,785,741,826,742
787,786,827,828,742,743,788
788,744,743,789,787,828
789,790,828,788,744,745
790,855,828,789,747,746,745,748
791,856,855,748,792,829,750,749
792,751,793,829,791,750
793,829,830,751,792,794,752
794,795,831,752,753,830,793
795,831,794,753,754,832,796
796,755,754,795,797,833,832
797,834,833,755,756,798,796
798,756,757,797,835,834,799
799,758,757,836,835,800,798
800,759,801,837,836,799,758
801,800,759,837,802,838,760
802,760,761,803,839,838,801
803,762,804,840,761,802,839
804,841,805,803,762,840,763
805,806,842,841,804,763
806,842,805,763,764,807
807,764,765,808,806,842
808,809,766,765,807,842
809,810,842,808,766,767
810,284,329,842,809,843,767
811,769,770,895,396,771,768,368,772,812,844
812,813,844,772,811,773
813,774,773,812,844,814
814,813,844,815,774,775
815,814,844,816,775,776
816,815,844,777,817,776
817,818,845,777,816,844,778
818,845,817,778,819,847,846
819,848,820,778,779,847,818
820,821,849,848,819,779,780
821,849,820,822,850,780,781
822,821,850,823,851,781,782
823,782,783,852,851,822,824
824,852,853,783,823,825,784
825,824,784,785,853,854,826
826,786,827,855,854,785,825
827,786,787,828,826,855
828,855,790,827,787,789,788
829,793,830,856,792,791
830,829,793,856,831,794,857
831,795,794,830,858,857,832
832,795,831,858,796,833,859
833,797,834,860,859,796,832
834,835,861,797,833,798,860
835,834,861,862,799,836,798
836,799,835,800,837,863,862
837,864,863,838,800,801,836
838,837,864,865,839,802,801
839,840,866,802,803,865,838
840,803,804,841,866,839
841,804,805,842,418,882,894,840,866,902
842,806,805,418,841,810,809,843,332,808,807
843,331,332,330,329,810,842
844,812,813,814,815,816,811,817,845,895
845,818,817,846,895,844
846,867,895,845,847,818
847,819,848,818,868,846,867
848,869,868,819,820,847,849
849,821,820,870,869,848,850
850,821,822,851,871,870,849
851,852,872,871,823,822,850
852,872,851,823,873,824,853
853,852,824,873,854,825
854,855,826,873,853,825
855,828,790,873,886,887,903,896,854,826,856,827,748,791,909
856,829,830,887,855,791,857,874
857,858,874,831,830,856
858,875,859,874,857,831,832
859,875,858,860,876,833,832
860,859,876,833,877,861,834
861,834,835,878,862,877,860
862,878,861,835,879,863,836
863,837,864,880,879,862,836
864,837,863,838,865,880,881
865,882,881,838,864,839,866
866,840,839,841,882,865
867,868,883,846,895,847
868,869,848,883,867,847,884
869,868,848,870,849,885,884
870,871,886,869,849,885,850
871,870,886,851,872,850
872,852,851,871,873,886
873,855,886,872,852,853,854
874,858,857,875,887,856
875,858,859,876,874,887,888
876,859,860,875,877,889,888
877,890,878,861,860,876,889
878,861,862,879,890,877,891
879,878,862,880,863,891,892
880,881,893,864,879,863,892
881,882,865,893,894,880,864
882,841,894,881,865,866
883,868,867,884,896,895
884,885,896,883,868,869
885,884,896,870,886,869
886,870,871,873,855,896,885,872
887,903,855,874,875,856,888,897
888,887,875,876,889,897
889,898,890,876,877,897,888
890,877,878,891,899,898,889
891,899,890,879,878,892,900
892,880,893,879,891,900,901
893,881,894,901,902,880,892
894,882,841,893,881,902
895,811,396,846,867,845,883,844,896
896,884,885,883,895,886,855
897,898,903,889,888,887
898,890,899,889,897,903,904
899,905,904,891,890,898,900
900,905,899,892,891,901,906
901,893,902,892,906,900
902,908,909,901,893,894,906,841
903,887,855,897,898,904,907,909
904,899,905,907,903,898
905,899,904,900,906,908,907
906,901,902,900,905,908
907,904,903,908,909,905
908,902,909,907,905,906
909,908,902,907,903,855
910,925,918,920,915,914,911
911,914,910,926,915,923,928
912,919,913,927,917,930,929
913,941,924,919,912,942,917
914,934,933,911,910,926,918
915,920,910,923,922,911,921
916,995,939,936,6,944,5
917,927,937,924,938,913,912
918,925,910,947,945,933,914
919,980,934,912,913,942,930
920,910,915,925,921,461,949
921,920,461,922,473,472,915
922,998,473,923,964,921,915
923,965,964,922,915,928,911
924,941,913,950,953,938,917
925,918,910,949,955,945,920
926,934,942,943,911,914,928
927,917,937,912,975,974,929
928,965,923,911,943,926,966
929,961,983,912,930,927,974
930,912,929,919,980,961,982
931,18,19,963,932,996,962
932,984,963,931,20,19,973
933,934,914,980,981,947,918
934,914,933,980,919,926,942
935,475,474,967,968,476,970
936,916,939,987,988,986,944
937,977,938,917,927,976,975
938,977,937,953,924,978,917
939,986,985,995,916,936,946
940,952,992,997,460,993,459
941,913,924,942,943,950,951
942,941,943,926,934,919,913
943,942,941,926,928,966,951
944,994,7,6,916,936,988
945,993,955,992,947,918,925
946,995,1,985,939,973
947,945,992,981,933,918,991
948,463,462,952,459,989,994
949,470,469,925,955,920,461
950,953,972,924,971,951,941
951,968,966,950,971,941,943
952,940,992,991,459,948,989
953,972,950,924,979,938,978
954,971,972,960,9,970,8
955,993,945,925,949,469,468
956,14,957,13,977,978,959
957,14,956,15,958,976,977
958,996,2,957,976,15,962
959,11,979,12,978,13,956
960,972,979,10,9,11,954
961,929,983,986,987,982,930
962,975,976,958,996,931,963
963,984,932,931,962,975,974
964,965,923,998,969,922
965,964,923,969,967,928,966
966,968,951,943,928,967,965
967,969,965,935,474,968,966
968,966,951,970,971,935,967
969,998,964,965,967,474,493,492
970,968,971,954,935,8,476
971,970,968,954,972,950,951
972,979,960,953,950,954,971
973,1,21,984,932,946,20,985
974,975,927,984,963,983,929
975,937,976,927,962,963,974
976,958,957,937,977,975,962
977,938,937,978,956,976,957
978,938,977,979,959,953,956
979,972,960,11,953,959,978
980,933,981,919,934,930,982
981,980,933,947,982,991,990
982,961,987,930,980,990,981
983,929,961,986,974,984,985
984,932,963,973,974,985,983
985,986,939,946,973,984,983
986,939,985,983,961,987,936
987,988,936,961,986,982,990
988,990,989,994,987,936,944
989,990,988,994,991,948,952
990,989,988,987,982,981,991
991,981,990,992,952,989,947
992,945,947,940,952,991,993
993,945,955,468,467,997,992,940
994,944,7,988,989,948,462
995,939,916,1,946,5,4
996,2,958,962,931,18,17
997,466,460,467,993,940
998,922,473,964,969,492,491
