1,978,3,981,17,994,2
2,18,38,19,3,17,1
3,978,1,4,20,19,2
4,978,990,5,20,21,3
5,21,22,992,6,990,4
6,23,22,992,5,461
7,953,915,8,24,479
8,9,26,915,7,25,24
9,8,26,27,915,926,10
10,28,27,961,9,926,960
11,12,30,29,961,940,939
12,11,30,939,31,993,13
13,14,33,32,993,12,31
14,982,15,13,33,993,34
15,982,14,995,35,34,946
16,927,994,17,36,995,37
17,38,37,16,994,1,2
18,62,38,40,39,2,19
19,41,40,20,3,18,2
20,41,42,21,4,19,3
21,5,22,42,43,20,4
22,21,5,23,6,44,43
23,45,44,22,6,480,461
24,501,46,25,8,479,7
25,48,26,46,47,24,8
26,48,25,8,9,27,49
27,26,9,28,50,10,49
28,50,27,51,29,10,961
29,51,28,11,961,30,52
30,11,12,53,52,29,31
31,54,53,30,12,32,13
32,13,33,55,54,31,56
33,13,14,32,34,56,57
34,14,33,57,58,35,15
35,15,995,58,59,36,34
36,37,60,995,35,16,59
37,61,60,17,38,36,16
38,17,37,62,18,2,61
39,89,63,40,18,64,62
40,41,19,64,65,39,18
41,40,19,20,42,66,65
42,41,20,43,67,21,66
43,44,68,67,42,21,22
44,43,68,45,23,69,22
45,526,70,44,23,480,69
46,25,47,71,553,501,24,525
47,46,25,71,72,73,48
48,25,26,74,73,47,49
49,75,74,27,26,50,48
50,28,27,75,76,51,49
51,28,29,77,52,76,50
52,53,30,29,77,78,51
53,52,30,31,54,79,78
54,31,53,55,32,79,80
55,56,82,54,32,81,80
56,55,82,83,33,32,57
57,58,84,33,34,56,83
58,84,57,34,35,59,85
59,58,35,86,85,60,36
60,37,61,87,86,36,59
61,37,60,87,88,62,38
62,38,18,89,88,39,61
63,89,39,119,90,91,64
64,92,91,40,65,63,39
65,93,92,64,40,66,41
66,67,94,93,42,65,41
67,66,94,43,42,95,68
68,96,95,43,44,69,67
69,97,70,68,44,96,45
70,526,45,98,554,97,69
71,553,99,47,72,46
72,99,100,101,71,47,73
73,48,74,102,101,72,47
74,48,73,102,103,75,49
75,50,76,104,103,74,49
76,75,50,105,77,51,104
77,105,76,106,78,52,51
78,107,106,79,77,52,53
79,107,78,53,54,108,80
80,81,109,108,55,79,54
81,80,109,111,82,110,55
82,55,56,83,111,81,112
83,82,56,112,113,57,84
84,58,57,83,113,114,85
85,115,114,86,59,84,58
86,116,115,85,59,87,60
87,117,116,88,86,60,61
88,117,87,89,118,62,61
89,39,63,118,88,119,62
90,152,119,121,120,63,91
91,122,92,63,90,121,64
92,122,123,91,64,65,93
93,124,94,65,92,123,66
94,124,93,125,95,66,67
95,96,68,125,94,126,67
96,95,68,127,126,69,97
97,128,127,70,98,69,96
98,70,554,97,585,128
99,130,100,553,71,72,129,584
100,130,99,72,131,132,101
101,102,73,100,72,132,133
102,134,103,101,73,74,133
103,134,102,135,104,75,74
104,136,105,135,103,75,76
105,137,136,104,106,76,77
106,78,107,138,137,105,77
107,138,139,78,106,108,79
108,139,140,107,109,80,79
109,141,110,80,81,108,140
110,141,109,142,143,111,81
111,144,143,112,81,82,110
112,113,145,83,111,144,82
113,114,146,145,112,83,84
114,146,113,85,115,147,84
115,116,86,85,114,148,147
116,117,87,149,115,86,148
117,116,87,149,88,118,150
118,119,151,117,150,89,88
119,152,90,118,151,89,63
120,154,153,121,188,90,152
121,154,120,90,155,91,122
122,92,123,91,121,155,156
123,157,156,122,92,124,93
124,93,94,157,123,125,158
125,94,95,124,159,126,158
126,96,127,160,159,125,95
127,128,97,96,126,160,161
128,127,97,585,619,162,98,161
129,618,584,163,99,130
130,99,100,129,131,164,163
131,100,132,166,165,164,130
132,167,166,131,100,101,133
133,168,167,101,102,132,134
134,102,103,169,168,133,135
135,169,170,134,103,104,136
136,105,137,104,171,170,135
137,105,136,172,138,171,106
138,172,137,107,139,173,106
139,138,107,108,140,173,174
140,139,108,109,141,175,174
141,109,110,176,175,140,142
142,177,176,110,143,141,178
143,142,110,144,111,179,178
144,143,111,179,180,112,145
145,181,180,113,112,144,146
146,114,113,147,145,181,182
147,114,146,148,115,182,183
148,184,149,147,115,116,183
149,185,184,150,116,117,148
150,185,149,186,151,117,118
151,187,186,118,119,150,152
152,119,90,188,187,120,151
153,120,154,188,227,190,189
154,120,153,121,190,191,155
155,192,191,154,121,156,122
156,157,123,192,155,122,193
157,158,194,156,123,124,193
158,157,194,124,195,159,125
159,196,160,158,195,125,126
160,126,127,196,159,161,197
161,127,160,197,128,198,162
162,199,198,128,619,656,161
163,655,200,164,129,618,130
164,163,200,165,201,131,130
165,166,203,202,201,131,164
166,167,132,165,203,204,131
167,166,132,168,133,205,204
168,167,133,169,134,206,205
169,207,170,168,134,135,206
170,207,208,169,135,171,136
171,136,137,170,208,209,172
172,210,209,137,138,173,171
173,210,211,172,138,139,174
174,173,139,212,211,175,140
175,141,176,174,212,140,213
176,213,214,141,175,177,142
177,176,142,214,215,216,178
178,143,179,217,216,177,142
179,218,180,217,144,143,178
180,218,179,219,181,144,145
181,219,180,145,220,146,182
182,220,221,183,181,146,147
183,184,222,221,182,148,147
184,185,149,148,183,222,223
185,184,149,150,224,223,186
186,187,151,224,185,150,225
187,186,151,152,188,226,225
188,120,153,152,187,226,227
189,229,190,269,227,153,228
190,229,189,153,154,230,191
191,192,155,231,230,190,154
192,191,155,232,231,156,193
193,233,232,194,157,156,192
194,157,158,193,233,195,234
195,194,158,235,196,234,159
196,236,235,159,160,195,197
197,237,236,198,160,161,196
198,162,199,237,197,238,161
199,162,198,238,239,656
200,201,240,655,163,738,695,164
201,240,200,202,165,241,164
202,242,241,201,165,243,203
203,165,166,243,244,204,202
204,205,245,244,203,166,167
205,245,204,167,206,168,246
206,169,168,247,246,205,207
207,170,208,169,206,247,248
208,207,170,209,249,248,171
209,210,172,208,249,250,171
210,209,172,173,211,250,251
211,210,173,212,252,251,174
212,211,252,174,213,253,175
213,176,214,212,253,254,175
214,213,176,177,215,255,254
215,257,216,256,255,214,177
216,257,215,178,217,258,177
217,218,179,178,216,258,259
218,179,180,217,219,260,259
219,261,260,218,180,181,220
220,182,221,262,219,181,261
221,220,182,262,222,263,183
222,264,263,183,184,221,223
223,224,265,185,222,184,264
224,223,265,185,186,225,266
225,267,266,226,224,186,187
226,267,225,187,188,227,268
227,268,269,153,188,226,189
228,314,269,270,271,189,229
229,272,271,189,190,230,228
230,272,273,231,191,229,190
231,232,274,230,191,192,273
232,231,274,233,193,275,192
233,276,275,232,193,194,234
234,277,235,233,276,194,195
235,236,278,277,234,196,195
236,235,278,279,196,237,197
237,236,197,279,280,198,238
238,280,237,281,198,239,199
239,282,281,238,199,656,696,739
240,201,200,283,241,738
241,242,284,202,283,240,201
242,241,284,202,285,286,243
243,244,287,286,203,242,202
244,243,287,245,288,204,203
245,288,244,205,204,289,246
246,289,245,247,290,206,205
247,248,291,246,290,206,207
248,249,292,291,247,208,207
249,208,209,293,292,248,250
250,293,294,209,210,251,249
251,252,211,295,294,250,210
252,211,212,296,295,251,253
253,297,296,212,213,254,252
254,253,297,213,214,298,255
255,215,256,214,298,299,254
256,257,215,255,299,300,301
257,215,216,256,302,258,301
258,303,302,257,216,217,259
259,303,304,258,217,260,218
260,261,219,259,218,305,304
261,260,219,305,306,262,220
262,220,221,263,307,306,261
263,264,222,308,262,307,221
264,263,222,308,223,309,265
265,223,224,309,310,266,264
266,225,267,311,224,265,310
267,225,266,226,311,312,268
268,312,313,227,269,226,267
269,314,313,268,227,228,189
270,314,355,316,271,315,228
271,272,229,316,270,228,317
272,230,273,271,229,318,317
273,272,230,318,319,274,231
274,231,232,275,273,319,320
275,233,276,274,232,320,321
276,277,322,233,275,321,234
277,276,322,278,323,234,235
278,235,236,277,323,279,324
279,236,278,324,325,237,280
280,279,237,326,325,238,281
281,326,327,282,239,280,238
282,281,239,739,784,327
283,738,783,822,284,241,240
284,241,242,285,822,283
285,286,328,367,242,822,284
286,243,287,328,285,242
287,243,244,288,329,286,328
288,245,244,330,289,287,329
289,330,288,245,331,246,290
290,332,331,291,289,246,247
291,290,332,292,333,248,247
292,293,249,334,333,248,291
293,250,294,292,249,335,334
294,293,250,335,336,295,251
295,337,336,296,252,294,251
296,297,253,295,337,252,338
297,298,339,296,253,338,254
298,297,339,254,340,299,255
299,256,300,340,341,298,255
300,301,342,299,256,341
301,300,342,256,302,257
302,303,258,257,343,342,301
303,302,258,343,344,259,304
304,303,259,344,305,345,260
305,261,260,345,304,346,306
306,346,347,305,307,261,262
307,348,347,306,262,263,308
308,263,264,348,349,307,309
309,349,350,265,310,264,308
310,311,351,309,265,266,350
311,310,351,266,267,352,312
312,268,313,267,311,352,353
313,269,314,312,268,353,354
314,269,313,270,355,354,228
315,357,356,389,355,270,316
316,270,271,357,315,358,317
317,358,316,359,272,318,271
318,360,359,272,273,317,319
319,318,273,360,361,274,320
320,362,361,275,321,274,319
321,320,275,276,363,362,322
322,276,277,363,321,364,323
323,277,278,365,364,322,324
324,365,366,278,279,325,323
325,324,279,326,280,366
326,281,327,325,280,366
327,326,281,874,889,784,823,366,852,282,899
328,286,285,287,329,367
329,288,330,368,287,328,367
330,288,289,369,368,329,331
331,332,290,370,369,330,289
332,333,371,331,290,291,370
333,332,371,372,292,334,291
334,372,373,335,293,292,333
335,336,374,373,334,294,293
336,295,337,374,335,375,294
337,338,376,295,336,296,375
338,337,376,339,297,377,296
339,297,298,340,378,338,377
340,378,339,299,341,379,298
341,379,342,340,299,300
342,300,301,379,341,302,343,380,456,409
343,302,303,342,344,380
344,345,380,303,343,304
345,344,380,346,305,304
346,306,347,345,380,305
347,346,306,381,380,348,307
348,349,382,381,347,307,308
349,382,348,308,309,350,383
350,384,351,349,309,383,310
351,310,311,384,350,352,385
352,353,386,385,351,311,312
353,386,352,387,354,313,312
354,353,387,355,388,313,314
355,314,270,315,389,388,354
356,357,391,315,390,414,389
357,356,391,315,392,358,316
358,357,392,359,393,316,317
359,318,360,393,358,394,317
360,318,359,395,394,361,319
361,362,320,395,396,360,319
362,397,396,361,320,363,321
363,397,362,321,322,364,398
364,365,323,398,363,322
365,324,366,364,323,398
366,365,324,398,325,326,327
367,422,399,822,368,329,328,285
368,369,330,399,367,329
369,368,330,399,400,370,331
370,401,400,371,331,332,369
371,332,333,372,401,370,402
372,334,373,371,333,403,402
373,372,334,404,374,335,403
374,404,373,336,335,375,405
375,376,406,374,336,405,337
376,337,338,407,406,375,377
377,376,338,408,407,339,378
378,340,339,379,409,408,377
379,341,342,378,340,409
380,431,410,344,345,346,347,381,342,343,456
381,347,380,348,410,382
382,383,410,349,348,381
383,410,384,382,349,350
384,410,383,350,351,385
385,352,351,384,410,386
386,353,352,387,410,385,411
387,386,353,354,388,412,411
388,412,387,355,354,413,389
389,356,315,355,413,388,414
390,416,391,415,431,414,356
391,356,357,416,390,392,417
392,393,418,357,391,417,358
393,418,392,359,358,394,419
394,360,395,419,393,359,420
395,360,394,361,396,420,421
396,397,362,395,361,421
397,396,362,421,398,363
398,435,421,397,364,363,443,365,366
399,369,368,422,367,400
400,401,370,399,369,422,423
401,423,424,400,370,371,402
402,425,403,424,401,371,372
403,425,402,426,404,372,373
404,373,374,427,426,405,403
405,406,428,374,375,427,404
406,428,429,405,376,407,375
407,408,430,376,406,429,377
408,430,407,377,409,378
409,430,442,456,453,449,342,408,378,379
410,383,384,382,431,380,381,385,386,411
411,410,431,386,412,387
412,388,387,411,431,413
413,431,414,388,389,412
414,390,356,431,413,389
415,431,390,416,432
416,390,391,415,432,417,433
417,418,392,416,391,434,433
418,393,392,417,419,435,434
419,394,393,418,435,420
420,419,435,394,395,421
421,435,398,397,420,395,396
422,367,399,444,822,436,423,400
423,401,424,436,422,400
424,402,425,423,401,437,436
425,402,403,424,426,437,438
426,427,439,403,425,438,404
427,426,439,440,428,405,404
428,406,429,405,427,440,441
429,428,406,430,442,441,407
430,408,407,409,442,429
431,415,390,380,410,413,414,411,412
432,415,416,433,443
433,443,432,417,434,416
434,417,433,418,443,435
435,421,398,418,419,434,443,420
436,437,444,422,424,423
437,445,438,444,436,425,424
438,445,437,446,439,426,425
439,447,440,426,427,446,438
440,448,441,447,439,427,428
441,449,448,442,440,429,428
442,441,449,430,409,429
443,433,432,434,435,398
444,437,436,454,822,450,445,422
445,450,446,437,438,444
446,451,447,450,445,438,439
447,451,452,446,439,440,448
448,441,449,453,440,447,452
449,441,448,442,453,409
450,445,446,451,454,444
451,447,452,446,455,454,450
452,451,447,456,455,448,453
453,448,449,456,409,452
454,455,456,822,906,444,451,450
455,456,454,451,452
456,455,454,453,409,452,342,380
457,997,467,919,988,465,466
458,469,967,976,470,987,977
459,985,987,460,473,471,472
460,986,985,459,473,474,998
461,992,923,462,481,480,23,6
462,463,482,481,461,923,921
463,462,482,483,464,996,921
464,483,463,988,465,996,484
465,485,484,988,457,464,466
466,457,467,486,485,465,487
467,997,457,468,488,466,487
468,488,467,967,997,469,489
469,458,967,470,490,489,468
470,469,490,458,471,491,987
471,472,492,470,491,459,987
472,471,492,473,494,493,459
473,459,460,472,494,474,495
474,998,475,473,460,495,496
475,998,474,929,497,496,476
476,999,477,929,498,497,475
477,478,499,1000,999,498,476
478,499,477,501,479,1000,500
479,501,478,24,7,1000,953
480,502,481,45,526,23,461
481,502,480,462,461,503,482
482,462,463,483,503,481,504
483,463,464,505,504,484,482
484,485,465,464,506,505,483
485,484,465,486,507,466,506
486,508,507,485,487,509,466
487,510,509,488,467,486,466
488,468,467,487,510,489,511
489,469,468,490,511,488,512
490,469,470,489,512,513,491
491,470,471,490,492,514,513
492,515,493,471,472,491,514
493,515,492,494,517,516,472
494,517,493,518,472,473,495
495,474,473,518,494,496,519
496,475,497,495,474,519,520
497,476,498,475,496,521,520
498,499,477,521,522,476,497
499,478,477,498,523,522,500
500,525,524,501,478,499,523
501,478,479,24,46,500,525
502,480,481,526,527,503
503,528,504,481,482,502,527
504,529,528,505,483,503,482
505,504,483,506,484,529,530
506,531,507,530,505,484,485
507,486,508,485,531,506,532
508,533,532,486,507,509,534
509,510,487,535,486,508,534
510,509,487,535,536,488,511
511,489,488,510,536,537,512
512,513,538,537,489,490,511
513,512,538,539,514,490,491
514,513,539,515,540,492,491
515,492,493,541,540,514,516
516,517,543,515,493,542,541
517,494,493,516,543,544,518
518,494,517,545,544,495,519
519,545,546,496,520,495,518
520,521,547,519,496,497,546
521,498,522,520,547,497,548
522,521,498,499,523,548,549
523,499,522,549,550,500,524
524,525,500,551,550,552,523
525,524,500,553,46,501,552
526,70,45,555,554,480,502,527
527,526,502,555,528,503,556
528,504,529,503,527,557,556
529,504,528,530,558,505,557
530,506,531,529,558,559,505
531,506,507,532,530,560,559
532,533,508,531,507,560,561
533,532,508,562,563,561,534
534,535,564,508,509,533,563
535,509,510,536,564,534,565
536,535,510,565,537,566,511
537,512,538,566,536,567,511
538,567,568,512,513,537,539
539,513,538,569,568,514,540
540,541,515,514,570,569,539
541,540,515,571,542,570,516
542,572,571,541,516,543,573
543,573,574,516,517,544,542
544,575,574,517,543,518,545
545,519,546,518,544,576,575
546,545,519,577,547,576,520
547,578,577,520,521,548,546
548,578,579,521,522,549,547
549,523,550,548,522,580,579
550,551,581,580,549,523,524
551,581,550,583,582,524,552
552,584,583,553,524,525,551
553,71,99,46,584,525,552
554,98,70,555,526,585,586
555,586,587,554,526,527,556
556,588,587,555,527,528,557
557,558,589,588,528,529,556
558,589,557,529,530,559,590
559,590,591,558,530,531,560
560,531,532,561,559,591,592
561,560,532,592,593,562,533
562,561,593,533,563,594,595
563,562,533,596,564,595,534
564,535,534,596,563,565,597
565,598,597,566,536,535,564
566,565,598,537,536,599,567
567,538,568,600,599,537,566
568,567,538,600,539,569,601
569,570,602,539,568,540,601
570,602,603,571,569,541,540
571,572,604,603,570,542,541
572,604,571,542,605,606,573
573,543,574,607,606,542,572
574,573,543,607,544,575,608
575,609,576,544,574,608,545
576,609,575,610,577,545,546
577,578,547,610,576,546,611
578,577,547,548,579,612,611
579,578,548,613,612,549,580
580,614,613,550,581,549,579
581,551,550,615,614,580,582
582,616,615,581,551,583,617
583,552,584,618,617,551,582
584,618,129,552,583,553,99
585,619,128,98,554,586,620
586,555,587,621,585,620,554
587,586,555,588,556,621,622
588,589,623,557,587,556,622
589,558,557,588,623,590,624
590,559,591,624,589,625,558
591,590,559,625,560,626,592
592,627,626,561,560,591,593
593,627,628,561,592,594,562
594,595,630,629,593,628,562
595,596,631,630,594,562,563
596,631,595,597,632,563,564
597,632,633,565,598,596,564
598,634,599,565,597,566,633
599,634,598,600,635,567,566
600,567,568,635,599,636,601
601,600,568,636,637,602,569
602,570,603,569,638,637,601
603,602,570,571,604,639,638
604,572,571,603,640,639,605
605,604,640,606,642,641,572
606,573,607,643,605,642,572
607,573,606,643,574,644,608
608,645,644,607,609,575,574
609,575,576,610,646,645,608
610,576,609,646,577,611,647
611,612,648,647,610,577,578
612,648,611,649,579,613,578
613,614,580,579,612,650,649
614,613,580,651,650,615,581
615,652,651,616,582,614,581
616,615,582,652,617,654,653
617,618,583,655,582,616,654
618,584,129,617,583,163,655
619,585,128,162,656,657,620
620,658,657,621,585,586,619
621,658,659,587,586,622,620
622,659,660,621,587,588,623
623,660,661,624,588,589,622
624,623,661,590,589,662,625
625,591,590,626,663,662,624
626,627,592,663,625,591,664
627,593,628,626,592,665,664
628,627,593,665,666,594,629
629,668,667,666,630,594,628
630,595,594,669,668,631,629
631,596,595,630,669,670,632
632,597,633,671,596,670,631
633,632,597,672,671,598,634
634,598,599,633,672,635,673
635,600,599,674,673,636,634
636,675,674,635,600,601,637
637,638,602,601,636,675,676
638,637,602,639,603,677,676
639,604,640,638,603,677,678
640,604,639,678,679,641,605
641,679,680,640,681,642,605
642,681,682,643,641,605,606
643,683,682,606,607,642,644
644,643,607,608,645,684,683
645,608,644,684,646,609,685
646,645,609,610,686,647,685
647,687,686,648,611,646,610
648,688,649,612,611,647,687
649,688,648,650,689,612,613
650,689,690,651,614,649,613
651,652,615,650,614,691,690
652,651,615,691,616,692,653
653,692,652,654,694,616,693
654,655,695,616,617,694,653
655,654,695,163,200,617,618
656,162,619,657,696,199,239
657,658,620,697,656,619,696
658,657,620,697,698,621,659
659,660,699,622,658,621,698
660,623,661,699,659,622,700
661,660,623,662,701,624,700
662,701,661,702,624,625,663
663,703,664,626,625,662,702
664,703,663,626,627,665,704
665,628,627,705,704,664,666
666,667,629,665,628,705,706
667,629,668,666,708,707,706
668,629,667,709,669,630,708
669,710,709,668,630,670,631
670,711,710,669,671,631,632
671,672,712,633,632,711,670
672,712,671,633,634,673,713
673,714,713,635,674,634,672
674,715,714,635,673,636,675
675,676,716,636,674,715,637
676,716,675,677,717,638,637
677,717,676,678,718,638,639
678,718,677,639,640,719,679
679,680,720,641,678,640,719
680,679,720,722,681,641,721
681,722,680,642,682,723,641
682,723,724,681,642,683,643
683,682,643,724,684,725,644
684,685,726,683,725,644,645
685,727,686,726,684,645,646
686,647,687,728,727,685,646
687,647,686,728,729,688,648
688,648,649,689,730,729,687
689,650,690,649,688,730,731
690,689,650,651,731,691,732
691,651,652,692,732,690,733
692,652,691,653,733,693,734
693,735,734,736,694,653,692
694,737,695,654,653,736,693
695,654,655,737,694,200,738
696,697,740,656,657,239,739
697,696,740,658,698,657,741
698,742,741,697,658,699,659
699,743,700,660,659,698,742
700,743,699,744,701,661,660
701,662,661,744,700,745,702
702,703,746,701,662,745,663
703,746,702,663,664,747,704
704,748,747,705,665,703,664
705,749,706,704,665,666,748
706,749,705,750,707,667,666
707,751,750,706,752,667,708
708,667,668,707,709,753,752
709,710,669,754,668,708,753
710,711,670,755,709,669,754
711,710,670,755,712,671,756
712,672,671,757,713,711,756
713,757,712,714,673,758,672
714,713,673,715,674,759,758
715,714,674,675,716,760,759
716,676,675,761,717,715,760
717,677,676,761,716,762,718
718,763,719,678,677,762,717
719,763,718,678,764,720,679
720,679,680,765,721,764,719
721,722,767,765,720,766,680
722,721,767,680,681,768,723
723,682,724,769,722,768,681
724,723,682,770,725,683,769
725,770,724,771,683,684,726
726,771,772,685,684,727,725
727,685,686,773,772,728,726
728,686,687,729,774,773,727
729,687,688,728,730,775,774
730,688,689,731,775,729,776
731,730,689,777,776,690,732
732,691,690,778,777,733,731
733,692,691,734,779,778,732
734,780,779,693,735,733,692
735,781,736,780,693,734
736,782,737,781,735,693,694
737,782,736,694,695,783,738
738,283,783,200,240,695,737
739,282,784,696,740,239,785
740,696,697,786,741,739,785
741,742,698,786,740,787,697
742,741,698,699,743,788,787
743,699,700,788,742,744,789
744,790,789,743,700,701,745
745,701,744,791,790,702,746
746,703,702,745,747,791,792
747,704,748,703,746,792,793
748,704,747,794,793,705,749
749,705,706,750,748,794,795
750,707,751,706,749,795,796
751,797,796,707,750,798,752
752,799,798,751,707,753,708
753,754,800,799,752,708,709
754,800,753,709,710,755,801
755,710,711,802,801,756,754
756,802,803,755,712,711,757
757,712,713,758,756,804,803
758,804,805,757,713,759,714
759,806,760,758,714,715,805
760,806,759,807,715,716,761
761,762,808,716,717,760,807
762,761,808,717,718,763
763,808,764,718,719,762
764,808,763,765,720,719
765,720,721,764,766,808
766,767,809,881,808,765,721,841,864
767,721,722,809,766,768
768,767,722,809,810,723,769
769,724,723,810,811,768,770
770,724,725,812,811,771,769
771,770,725,726,772,813,812
772,771,726,727,773,814,813
773,728,774,727,772,815,814
774,775,816,728,773,729,815
775,774,816,730,729,776,817
776,818,817,777,731,730,775
777,818,776,731,732,778,819
778,779,820,732,777,733,819
779,734,780,820,778,733,821
780,734,779,781,821,735
781,735,736,821,780,782,822
782,736,737,822,783,781
783,822,782,738,283,737
784,823,327,282,739,785
785,739,740,823,786,784
786,740,741,823,785,787
787,824,823,786,741,742,788
788,743,742,787,824,789,825
789,790,826,744,825,743,788
790,826,789,744,827,745,791
791,792,828,745,790,827,746
792,829,793,791,828,746,747
793,794,748,830,829,792,747
794,793,748,830,795,831,749
795,796,832,831,794,750,749
796,797,751,832,795,833,750
797,796,751,798,835,834,833
798,797,751,835,799,752,836
799,800,753,798,752,836,837
800,754,753,799,838,801,837
801,838,839,800,802,755,754
802,756,803,801,755,839,840
803,802,756,804,840,757
804,758,805,840,803,757
805,804,758,759,840,806
806,759,760,807,805,840
807,806,760,840,808,761
808,881,907,763,764,761,762,840,807,863,766,765
809,767,766,841,768,810
810,768,809,769,811,842,841
811,812,770,810,769,842,843
812,811,770,813,844,771,843
813,812,844,772,814,771,845
814,815,846,845,772,813,773
815,814,846,847,774,816,773
816,774,775,848,847,817,815
817,776,818,848,849,775,816
818,849,850,776,817,777,819
819,820,851,850,777,778,818
820,779,778,851,819,821
821,781,780,779,822,873,851,820
822,454,906,444,782,783,422,367,285,284,283,781,898,873,821
823,824,787,784,327,785,786,852
824,823,787,825,852,788
825,826,789,852,824,788
826,790,789,827,853,825,852
827,853,826,790,791,828,854
828,791,792,854,855,827,829
829,856,855,792,793,830,828
830,794,793,831,857,829,856
831,857,830,795,794,832,858
832,859,858,796,795,831,833
833,797,834,860,859,832,796
834,861,862,797,833,860,835
835,797,798,836,834,862,863
836,835,798,799,837,863
837,799,800,836,838,863
838,801,839,800,837,863
839,838,801,802,863,840
840,807,808,804,803,802,839,863,805,806
841,809,766,842,810,864
842,811,810,843,841,865,864
843,866,844,812,842,811,865
844,812,813,845,866,867,843
845,846,868,814,844,813,867
846,814,815,845,868,869,847
847,848,816,870,869,846,815
848,847,816,817,849,871,870
849,818,850,848,817,872,871
850,849,818,819,851,873,872
851,820,819,873,821,850
852,874,327,823,825,824,826,853
853,827,826,854,874,852
854,853,874,828,855,827
855,829,856,854,828,875,874
856,829,855,875,876,830,857
857,831,830,877,876,858,856
858,859,832,878,877,857,831
859,858,832,860,833,878,879
860,880,879,859,833,834,861
861,862,880,834,860
862,861,880,834,892,835,863
863,835,862,836,837,838,839,840,808
864,865,842,841,766,881
865,882,866,864,842,843,881
866,844,867,883,882,865,843
867,884,868,845,866,844,883
868,869,885,845,846,884,867
869,868,885,870,886,847,846
870,886,869,887,871,847,848
871,888,872,887,870,849,848
872,873,850,888,871,849
873,888,898,822,851,821,850,872
874,889,327,853,854,875,852,855
875,889,874,855,856,876
876,877,857,889,856,875
877,876,857,858,878,889,890
878,858,877,890,859,879,891
879,860,880,878,891,892,859
880,861,862,860,879,892
881,907,808,882,893,766,865,864,900,904
882,893,881,865,866,883
883,866,867,882,893,894,884
884,867,868,885,894,895,883
885,868,869,886,896,884,895
886,870,869,885,896,897,887
887,888,898,870,871,897,886
888,887,898,873,871,872
889,874,327,875,876,877,899,890
890,891,899,877,878,889
891,890,899,878,879,892
892,880,862,891,879,899
893,882,881,900,883,894
894,884,895,900,901,893,883
895,894,884,885,902,896,901
896,886,897,885,903,902,895
897,896,886,898,887,903
898,903,906,887,888,873,822,897
899,890,891,889,327,892
900,894,901,881,893,904
901,904,905,900,894,895,902
902,903,896,895,906,901,905
903,898,906,902,896,897
904,901,905,900,907,881
905,904,901,902,906,907
906,903,898,822,454,902,905,907
907,881,808,905,906,904
908,943,938,940,941,942,939
909,958,913,984,937,991,970,936
910,963,945,962,929,999,955
911,930,927,946,971,969,950
912,928,925,957,954,965,964
913,909,958,959,956,983,984
914,979,934,991,968,970,944
915,953,7,9,926,983,8,956
916,931,980,949,948,947,922
917,932,973,919,974,975,935
918,933,934,979,924,966,952
919,935,997,457,932,917,988
920,989,923,921,947,951,972
921,996,463,923,920,972,462
922,931,990,947,916,992,989
923,992,461,989,920,921,462
924,974,973,918,933,951,952
925,912,928,975,976,954,977
926,9,915,959,960,10,956
927,911,930,995,946,994,16
928,912,925,957,977,985,986
929,475,998,999,476,910,945
930,911,927,981,994,950,980
931,916,980,981,922,990,978
932,917,973,919,972,988,996
933,948,934,918,924,947,951
934,933,948,918,979,914,944,949
935,976,967,997,919,917,975
936,964,965,966,991,937,909
937,963,964,984,909,962,936
938,908,943,993,939,971,982
939,938,993,12,11,940,908
940,961,11,941,908,960,939
941,959,958,940,908,942,960
942,908,941,958,970,943,968
943,969,971,908,938,968,942
944,950,969,949,914,968,934
945,998,986,957,963,910,929
946,927,995,911,971,982,15
947,948,933,922,916,989,951,920
948,933,934,947,916,949
949,950,944,980,916,948,934
950,944,969,949,930,911,980
951,973,972,924,933,947,920
952,966,918,965,954,924,974
953,915,7,983,955,1000,479
954,965,952,975,974,912,925
955,1000,999,983,953,962,910
956,913,959,926,915,983
957,928,912,945,986,964,963
958,909,913,941,959,942,970
959,913,956,941,958,960,926
960,959,926,10,961,940,941
961,11,29,940,28,10,960
962,963,937,984,983,910,955
963,964,937,962,910,945,957
964,963,937,965,936,957,912
965,954,952,966,912,964,936
966,991,979,952,918,965,936
967,976,935,458,469,468,997
968,969,943,914,970,942,944
969,943,971,968,944,950,911
970,909,991,942,958,914,968
971,943,969,982,938,911,946
972,951,973,996,921,932,920
973,974,924,917,932,951,972
974,973,924,975,917,954,952
975,925,976,974,917,954,935
976,967,935,975,925,458,977
977,928,925,976,987,458,985
978,3,1,990,4,981,931
979,918,934,991,966,914
980,916,931,981,949,950,930
981,994,930,931,980,978,1
982,15,14,971,938,993,946
983,953,915,913,956,984,962,955
984,937,909,913,962,983
985,986,460,459,987,928,977
986,945,998,460,985,957,928
987,985,459,458,977,470,471
988,457,465,932,996,464,919
989,920,923,922,947,992
990,5,992,931,922,978,4
991,966,979,909,970,914,936
992,923,461,6,5,990,922,989
993,938,939,982,14,12,13
994,981,930,927,16,17,1
995,927,946,15,35,36,16
996,463,921,972,932,988,464
997,467,457,935,919,967,468
998,945,986,475,474,929,460
999,955,1000,477,476,929,910
1000,955,999,477,478,479,953
