1,6,2,1747,36,1740,5
2,6,1,1696,1695,1740,1742,7
3,1743,1580,16,15,1579,14
4,25,1693,1710,26,27,1745
5,36,72,37,6,38,1
6,1,2,5,38,39,7
7,40,39,8,1742,2,6
8,1557,1748,40,41,1742,7
9,1748,42,43,1514,10,1515
10,724,44,43,9,1515,1619
11,12,45,788,1451,752,1465
12,11,45,46,13,1451,1503
13,1579,14,46,12,47,1503
14,13,1579,15,48,47,3
15,14,48,49,50,16,3
16,51,17,50,1743,15,3
17,1744,18,51,16,1743,52
18,19,53,1744,1431,17,52
19,53,18,1432,1431,20,54
20,21,55,1432,19,1436,54
21,55,20,1437,1436,22,56
22,56,21,1437,23,57,1429
23,24,1569,57,22,1429,58
24,23,1569,1693,25,59,58
25,24,1693,4,26,60,59
26,60,25,62,61,4,27
27,1745,28,26,4,62,63
28,63,64,27,1745,29,1746
29,30,65,64,28,1459,1746
30,65,29,31,66,1458,1459
31,30,66,1453,32,1458,67
32,68,67,1454,33,31,1453
33,32,1454,1455,34,68,69
34,69,70,33,1455,35,1698
35,70,71,36,1747,1698,34
36,1747,1,5,72,71,35
37,5,72,73,112,74,38
38,39,75,5,6,74,37
39,38,75,76,40,6,7
40,77,76,39,41,7,8
41,78,77,40,42,1748,8
42,1748,9,79,78,43,41
43,42,9,80,79,10,44
44,724,753,10,81,80,43
45,11,12,788,46,83,82
46,84,83,47,45,12,13
47,84,46,85,48,14,13
48,14,15,49,86,85,47
49,87,86,48,15,88,50
50,89,88,49,51,16,15
51,50,89,16,17,90,52
52,53,91,90,51,18,17
53,19,18,54,92,52,91
54,93,55,53,92,19,20
55,21,20,93,54,94,56
56,57,95,55,94,22,21
57,56,95,96,23,22,58
58,96,97,23,24,59,57
59,24,25,98,97,60,58
60,99,98,26,25,61,59
61,100,101,26,62,99,60
62,26,61,101,102,63,27
63,28,64,102,62,103,27
64,104,103,63,28,29,65
65,30,29,105,104,64,66
66,106,105,30,31,65,67
67,106,107,32,68,66,31
68,32,67,107,108,69,33
69,70,109,108,34,68,33
70,109,69,110,71,35,34
71,72,111,70,110,35,36
72,112,111,36,5,71,37
73,113,154,114,112,37,74
74,115,114,75,73,37,38
75,38,39,74,115,76,116
76,40,77,117,116,39,75
77,40,76,78,118,117,41
78,119,79,42,118,77,41
79,119,78,42,80,43,120
80,79,43,81,121,44,120
81,827,121,80,44,753,789
82,868,826,788,83,122,45
83,84,46,45,122,82,123
84,83,46,47,123,85,124
85,124,84,47,125,86,48
86,87,49,126,125,48,85
87,86,49,126,88,128,127
88,89,50,87,49,129,128
89,88,50,129,130,90,51
90,131,130,91,89,52,51
91,131,90,132,52,53,92
92,93,133,53,54,132,91
93,134,133,92,54,55,94
94,55,93,135,134,56,95
95,56,57,96,136,135,94
96,57,95,58,97,137,136
97,96,58,98,59,137,138
98,99,60,139,138,97,59
99,98,60,140,139,61,100
100,61,101,142,141,140,99
101,100,61,62,102,143,142
102,143,101,62,144,63,103
103,144,145,104,64,102,63
104,145,103,64,65,105,146
105,106,147,65,104,66,146
106,148,147,105,67,107,66
107,106,67,108,149,68,148
108,69,109,107,149,150,68
109,70,69,151,110,108,150
110,151,109,70,71,152,111
111,112,72,153,71,152,110
112,111,72,153,154,73,37
113,156,155,73,154,199,114
114,115,74,157,156,73,113
115,116,158,114,74,75,157
116,158,115,76,117,75,159
117,76,116,160,118,77,159
118,161,160,117,78,77,119
119,78,79,118,120,162,161
120,121,163,162,119,79,80
121,120,163,81,827,80,164
122,913,868,123,165,83,82
123,166,165,122,124,84,83
124,125,167,166,123,85,84
125,86,126,168,167,124,85
126,169,127,87,86,125,168
127,169,126,171,170,128,87
128,172,171,129,127,87,88
129,88,89,130,172,128,173
130,90,131,129,89,174,173
131,90,130,91,132,174,175
132,176,175,91,131,92,133
133,176,177,93,134,92,132
134,93,133,135,178,94,177
135,136,179,178,134,94,95
136,179,135,180,137,96,95
137,138,181,180,136,97,96
138,137,181,139,98,182,97
139,182,183,138,98,140,99
140,139,99,100,141,184,183
141,142,100,140,184,186,185
142,141,100,143,101,187,186
143,188,187,102,101,142,144
144,103,145,189,143,102,188
145,144,103,104,190,146,189
146,190,145,104,105,147,191
147,106,148,105,192,191,146
148,106,147,193,149,192,107
149,193,148,107,108,150,194
150,149,108,194,195,109,151
151,109,110,196,152,150,195
152,196,197,153,151,110,111
153,111,112,154,152,197,198
154,198,199,73,113,112,153
155,156,113,199,247,201,200
156,155,113,114,157,201,202
157,114,156,203,202,115,158
158,116,115,204,159,203,157
159,204,158,160,205,116,117
160,205,159,206,118,161,117
161,118,160,206,207,162,119
162,208,163,207,120,161,119
163,208,162,120,121,164,209
164,869,209,163,121,827
165,123,166,210,913,122,211
166,123,165,212,211,167,124
167,213,168,212,166,125,124
168,169,214,213,167,125,126
169,126,127,215,170,214,168
170,127,171,215,216,169,217
171,127,170,172,218,128,217
172,218,171,128,173,219,129
173,219,172,130,174,129,220
174,130,173,221,220,175,131
175,176,132,221,174,131,222
176,133,177,175,132,222,223
177,176,133,223,134,224,178
178,225,179,224,135,134,177
179,136,135,225,178,180,226
180,227,226,136,137,179,181
181,137,138,228,182,227,180
182,139,183,229,228,181,138
183,184,230,182,139,229,140
184,230,183,141,140,231,185
185,141,186,233,232,231,184
186,142,187,141,185,233,234
187,188,143,142,186,234,235
188,189,236,187,143,235,144
189,188,236,190,237,144,145
190,145,146,237,189,238,191
191,238,239,147,192,146,190
192,147,191,148,239,240,193
193,148,149,192,241,240,194
194,195,242,150,241,193,149
195,242,194,150,243,151,196
196,152,197,151,244,195,243
197,196,152,153,244,245,198
198,154,199,197,153,245,246
199,198,154,113,155,247,246
200,248,249,201,298,247,155
201,200,249,155,156,250,202
202,203,251,157,250,201,156
203,204,158,202,251,157,252
204,158,159,203,253,252,205
205,160,159,206,204,253,254
206,255,207,205,160,161,254
207,255,206,162,208,256,161
208,162,163,207,257,256,209
209,869,258,164,163,208,257
210,1011,960,165,913,259,211
211,259,260,166,212,210,165
212,213,261,166,211,260,167
213,261,212,214,262,167,168
214,263,215,262,213,169,168
215,263,214,170,216,169,264
216,266,217,215,170,264,265
217,266,216,267,218,170,171
218,172,171,267,217,219,268
219,220,269,173,172,268,218
220,269,219,221,270,174,173
221,222,271,270,220,174,175
222,272,223,271,221,176,175
223,272,222,224,273,177,176
224,178,225,274,273,223,177
225,178,179,224,226,275,274
226,227,180,179,275,225,276
227,226,180,276,277,181,228
228,181,182,229,278,277,227
229,279,278,230,183,182,228
230,280,231,184,183,229,279
231,280,230,281,184,185,232
232,282,281,185,233,231,283
233,234,284,185,232,186,283
234,284,233,187,235,285,186
235,286,236,234,187,285,188
236,188,189,286,235,237,287
237,190,189,236,238,288,287
238,191,239,237,190,288,289
239,238,191,289,290,192,240
240,291,290,239,241,192,193
241,242,292,240,291,193,194
242,293,292,195,194,241,243
243,293,294,242,195,244,196
244,294,295,197,196,243,245
245,197,244,295,296,246,198
246,245,296,247,297,198,199
247,298,297,199,155,200,246
248,300,299,200,249,298,353
249,301,300,248,200,201,250
250,302,301,201,202,251,249
251,252,303,202,203,302,250
252,303,251,204,253,203,304
253,204,252,305,304,205,254
254,205,206,255,253,305,306
255,256,307,206,207,254,306
256,255,307,257,208,308,207
257,256,208,308,309,258,209
258,869,209,310,309,257,961,914
259,211,260,312,311,210,1011
260,312,313,259,211,261,212
261,213,212,313,260,314,262
262,214,213,315,314,263,261
263,316,264,214,215,315,262
264,316,263,317,265,215,216
265,317,264,318,319,216,266
266,216,217,267,319,320,265
267,266,217,218,321,268,320
268,321,322,269,219,218,267
269,323,322,220,219,268,270
270,324,323,269,221,220,271
271,272,222,325,324,221,270
272,222,223,326,325,271,273
273,224,274,223,327,326,272
274,224,273,275,225,328,327
275,328,329,226,225,274,276
276,226,227,277,329,330,275
277,278,331,276,227,330,228
278,279,229,277,331,228,332
279,278,229,332,333,280,230
280,230,231,333,279,281,334
281,231,280,335,334,232,282
282,335,336,232,281,283,337
283,284,338,233,232,337,282
284,285,339,234,233,283,338
285,284,339,340,234,235,286
286,235,236,287,341,340,285
287,286,341,342,288,236,237
288,343,289,342,287,237,238
289,239,290,343,344,288,238
290,345,344,289,239,240,291
291,292,346,345,240,290,241
292,291,346,293,242,241,347
293,243,294,292,242,348,347
294,293,243,349,295,244,348
295,349,294,244,350,296,245
296,297,351,350,295,245,246
297,298,352,296,351,247,246
298,297,352,247,248,353,200
299,354,410,248,300,355,353
300,248,299,301,249,355,356
301,300,249,250,302,357,356
302,250,301,251,303,357,358
303,252,251,302,304,358,359
304,305,253,252,303,359,360
305,306,361,304,253,360,254
306,361,305,362,307,254,255
307,255,256,363,308,362,306
308,309,364,363,307,257,256
309,308,364,258,310,365,257
310,365,1065,1012,258,309,961
311,312,366,1121,1064,1011,259
312,366,311,260,313,367,259
313,368,367,312,260,261,314
314,315,262,369,368,313,261
315,314,262,369,263,316,370
316,263,264,317,371,370,315
317,316,264,265,318,372,371
318,373,372,374,265,317,319
319,320,375,374,318,265,266
320,376,375,321,319,266,267
321,268,322,376,320,377,267
322,321,268,323,269,377,378
323,270,324,322,269,378,379
324,270,323,325,380,271,379
325,381,380,272,326,324,271
326,272,325,327,382,381,273
327,382,326,383,328,273,274
328,275,329,383,327,274,384
329,328,275,384,276,330,385
330,386,331,277,385,329,276
331,386,330,277,278,387,332
332,333,388,279,278,331,387
333,388,332,279,280,389,334
334,390,389,281,335,280,333
335,282,336,391,390,281,334
336,335,282,392,391,393,337
337,338,394,393,336,283,282
338,339,395,394,337,283,284
339,395,338,284,285,340,396
340,397,396,339,285,341,286
341,398,397,286,287,342,340
342,399,398,341,287,343,288
343,400,399,289,344,288,342
344,401,345,290,343,289,400
345,401,344,290,291,346,402
346,347,403,291,292,402,345
347,346,403,293,348,292,404
348,404,405,349,294,293,347
349,350,406,294,295,348,405
350,349,406,351,407,295,296
351,407,350,296,297,352,408
352,297,298,409,408,351,353
353,298,248,409,352,299,410
354,299,410,468,411,412,355
355,299,300,356,413,412,354
356,357,414,355,300,413,301
357,414,356,358,415,301,302
358,357,415,303,302,416,359
359,303,304,417,416,358,360
360,417,418,305,361,304,359
361,306,305,419,362,360,418
362,419,361,306,363,420,307
363,420,362,421,364,307,308
364,308,309,421,363,365,422
365,310,1065,423,422,364,309
366,312,311,1179,424,367,1121
367,313,368,424,366,425,312
368,313,367,425,426,369,314
369,370,427,315,314,368,426
370,371,428,369,427,316,315
371,370,428,372,317,429,316
372,318,373,371,317,429,430
373,318,372,430,431,374,432
374,432,373,433,375,319,318
375,320,376,434,433,374,319
376,320,375,321,435,434,377
377,321,322,436,378,435,376
378,379,437,322,323,436,377
379,437,378,380,438,324,323
380,381,325,439,438,379,324
381,380,325,326,382,440,439
382,441,440,327,326,381,383
383,442,441,327,328,382,384
384,442,383,328,329,385,443
385,330,386,444,443,329,384
386,330,331,387,385,445,444
387,388,446,386,331,332,445
388,333,332,387,446,447,389
389,334,390,448,447,388,333
390,449,391,334,389,335,448
391,449,390,335,392,336,450
392,391,336,393,450,451
393,394,337,336,392,451
394,395,338,451,452,337,393
395,339,338,394,452,396,453
396,454,453,397,340,395,339
397,341,398,396,340,455,454
398,342,399,341,397,456,455
399,342,398,343,400,457,456
400,343,399,457,458,344,401
401,344,345,402,459,400,458
402,459,401,460,346,403,345
403,346,347,402,460,404,461
404,348,405,462,461,403,347
405,404,348,463,406,349,462
406,349,350,407,463,405,464
407,351,350,406,464,465,408
408,466,465,409,352,407,351
409,410,467,408,352,353,466
410,299,354,467,409,468,353
411,525,468,354,469,412,470
412,470,411,354,413,355,471
413,356,414,412,355,471,472
414,357,356,413,415,473,472
415,416,474,357,358,414,473
416,474,415,475,358,359,417
417,360,418,359,416,476,475
418,477,476,417,360,361,419
419,361,362,420,478,477,418
420,419,478,363,362,479,421
421,479,480,420,363,422,364
422,423,365,480,481,421,364
423,1122,1065,481,1180,422,365
424,1179,366,482,483,367,425
425,368,426,484,483,424,367
426,425,368,485,427,484,369
427,369,370,486,428,485,426
428,370,371,487,429,486,427
429,372,430,371,487,428,488
430,373,431,489,429,372,488
431,491,490,489,432,430,373
432,492,433,491,431,374,373
433,492,432,493,375,434,374
434,435,494,375,433,376,493
435,494,434,436,377,376,495
436,437,496,378,377,435,495
437,379,378,496,436,497,438
438,498,497,439,380,379,437
439,499,498,438,380,381,440
440,499,500,382,441,381,439
441,442,501,382,440,383,500
442,443,502,501,441,383,384
443,442,502,444,385,384,503
444,504,445,443,385,386,503
445,504,444,446,505,387,386
446,506,505,387,388,445,447
447,507,506,448,389,388,446
448,507,447,389,508,449,390
449,390,391,508,450,448
450,560,508,451,509,449,391,392
451,394,452,509,450,393,392
452,509,453,451,394,395
453,396,454,509,452,395,510
454,396,453,511,510,455,397
455,398,456,454,397,511,512
456,457,513,512,398,455,399
457,513,456,458,514,399,400
458,514,457,515,459,400,401
459,402,401,460,515,458,516
460,516,517,459,402,403,461
461,404,462,517,460,518,403
462,404,461,463,405,518,519
463,405,406,462,520,519,464
464,521,520,407,465,406,463
465,522,521,466,408,464,407
466,465,408,467,523,409,522
467,410,409,523,466,468,524
468,411,525,354,524,467,410
469,526,527,525,575,470,411
470,527,469,471,528,412,411
471,470,528,529,472,412,413
472,529,530,473,471,413,414
473,530,472,414,415,474,531
474,416,415,475,473,531,532
475,476,533,474,416,532,417
476,475,533,477,418,534,417
477,476,418,534,535,478,419
478,535,477,419,420,479,536
479,480,537,421,478,536,420
480,422,481,479,537,421,538
481,423,1180,539,480,422,538
482,483,540,424,1179,1288,1236
483,482,540,541,484,425,424
484,542,541,485,483,425,426
485,542,484,486,426,427
486,487,542,485,428,427
487,428,429,488,486,542
488,489,542,487,429,430
489,431,490,542,488,430
490,431,491,489,543,542
491,431,490,543,544,432,492
492,432,433,545,544,493,491
493,433,492,494,546,434,545
494,435,434,493,546,495,547
495,436,496,548,435,494,547
496,548,549,497,437,436,495
497,550,549,496,437,498,438
498,551,499,550,439,497,438
499,552,551,440,500,498,439
500,552,553,499,440,501,441
501,442,441,554,553,502,500
502,442,443,501,555,554,503
503,504,556,443,502,555,444
504,444,445,557,556,503,505
505,506,446,445,504,557,558
506,505,446,559,558,447,507
507,447,506,560,559,448,508
508,560,450,507,449,448
509,601,560,452,453,451,450,510,561
510,511,454,561,509,453
511,510,454,455,561,512
512,513,456,562,561,511,455
513,457,456,512,563,514,562
514,458,457,515,563,513,564
515,458,514,459,516,565,564
516,517,566,460,459,515,565
517,516,566,460,461,518,567
518,519,568,567,517,461,462
519,568,518,520,569,462,463
520,521,464,570,569,519,463
521,520,464,465,522,570,571
522,465,521,572,571,523,466
523,467,466,524,573,572,522
524,523,573,574,525,468,467
525,575,574,469,411,468,524
526,469,527,576,614,577,575
527,526,469,577,578,470,528
528,470,471,579,578,527,529
529,472,530,579,528,580,471
530,529,472,581,580,473,531
531,581,530,582,532,473,474
532,582,583,531,474,533,475
533,475,476,583,584,532,534
534,477,476,533,584,585,535
535,477,478,585,534,536
536,478,479,585,535,537
537,479,480,538,585,536
538,585,537,480,539,481
539,481,1180,1237,585,538
540,482,483,1285,541,1288,1286,1287
541,542,484,483,1285,540,1284
542,541,484,489,488,485,490,543,486,487,1283,1284
543,490,491,643,666,684,697,618,586,544,542
544,492,545,586,543,491
545,492,544,587,586,546,493
546,547,588,493,494,587,545
547,546,588,494,495,548,589
548,496,549,495,590,547,589
549,550,497,548,496,590,591
550,549,497,592,551,498,591
551,499,552,593,592,550,498
552,500,553,499,551,594,593
553,552,500,595,554,501,594
554,595,553,555,596,501,502
555,596,554,502,556,597,503
556,557,504,598,597,555,503
557,599,598,556,504,505,558
558,559,506,557,505,599,600
559,558,506,507,560,600
560,654,600,508,450,507,559,601,509,655,714
561,510,509,562,512,511,601
562,561,512,513,563,601
563,513,514,564,602,601,562
564,565,603,515,602,563,514
565,603,564,604,515,516,566
566,605,604,516,517,567,565
567,606,568,605,566,518,517
568,606,567,607,519,518,569
569,608,607,520,570,519,568
570,609,608,520,569,521,571
571,570,609,610,521,572,522
572,571,610,611,573,523,522
573,574,612,611,572,523,524
574,575,525,613,573,612,524
575,574,525,613,469,526,614
576,615,642,614,526,577,616
577,616,617,527,526,578,576
578,527,577,579,528,617
579,578,528,529,617,580
580,581,530,617,579,529
581,580,530,531,617,582
582,617,583,581,532,531
583,617,582,533,584,532
584,583,533,617,585,534
585,617,711,539,1237,584,534,535,536,538,537,1289,1326
586,587,618,545,543,544
587,546,588,618,586,545,619
588,546,547,589,620,587,619
589,590,621,620,588,548,547
590,589,621,548,549,591,622
591,623,622,592,550,590,549
592,551,593,624,623,550,591
593,551,592,594,625,552,624
594,595,626,553,625,593,552
595,553,554,596,627,594,626
596,555,554,627,595,628,597
597,598,629,556,628,596,555
598,557,599,629,597,556,630
599,557,598,600,630,558
600,654,560,630,599,559,558
601,560,509,631,655,561,563,562,602
602,603,631,564,563,601
603,565,564,604,631,602
604,605,566,631,603,632,565
605,604,566,567,633,606,632
606,567,568,607,634,633,605
607,606,568,608,569,634,635
608,607,569,609,570,636,635
609,608,570,636,637,571,610
610,637,638,609,571,572,611
611,612,639,610,572,638,573
612,573,574,613,611,639,640
613,574,575,641,640,612,614
614,642,641,576,526,613,575
615,576,642,665,711,616
616,577,617,576,615,711
617,616,577,585,711,582,583,578,579,580,581,584
618,619,643,587,586,543
619,644,643,618,588,620,587
620,621,645,644,589,588,619
621,645,620,589,590,646,622
622,647,623,591,621,590,646
623,647,622,648,624,592,591
624,648,623,649,592,593,625
625,650,649,594,593,626,624
626,651,650,594,595,627,625
627,652,651,596,595,628,626
628,653,629,652,597,627,596
629,653,628,654,598,597,630
630,600,599,654,629,598
631,655,601,604,603,632,602
632,631,604,633,655,605
633,634,606,632,655,605,656
634,657,656,633,606,635,607
635,657,634,658,607,636,608
636,609,637,659,658,635,608
637,610,638,636,609,659,660
638,637,610,611,660,661,639
639,640,662,611,612,661,638
640,639,662,641,613,663,612
641,642,614,664,663,640,613
642,641,614,576,615,664,665
643,644,619,666,543,618
644,667,666,643,619,620,645
645,621,620,668,667,646,644
646,669,668,647,645,621,622
647,622,623,648,670,669,646
648,671,649,647,623,670,624
649,671,648,625,650,672,624
650,625,649,626,651,673,672
651,626,650,674,652,673,627
652,674,651,675,653,628,627
653,628,629,654,675,652
654,600,560,703,675,653,629,714,630
655,631,601,676,704,560,714,632,633,656
656,657,634,633,655,676
657,656,634,635,658,676
658,636,659,657,635,677,676
659,677,678,636,658,660,637
660,659,678,637,638,679,661
661,638,639,679,660,680,662
662,639,640,681,680,663,661
663,641,664,682,640,681,662
664,641,642,683,665,663,682
665,615,711,683,664,642
666,644,667,643,543,684
667,644,666,668,645,684,685
668,669,646,667,645,685,686
669,687,686,670,647,668,646
670,687,669,647,671,648,688
671,689,688,648,649,672,670
672,671,649,689,690,673,650
673,672,650,690,691,651,674
674,651,652,691,673,675
675,654,703,653,691,674,652
676,704,655,656,657,658,677,692
677,659,678,658,676,692
678,677,659,660,692,679
679,678,660,692,680,693,661
680,679,693,694,661,681,662
681,694,680,662,695,682,663
682,696,695,663,664,681,683
683,696,711,664,665,682
684,667,685,543,697,666
685,684,667,668,686,698,697
686,669,687,699,698,685,668
687,669,686,699,700,688,670
688,689,671,700,687,701,670
689,688,671,672,690,702,701
690,689,672,673,691,702,703
691,690,673,703,674,675
692,677,678,676,679,704,693
693,679,680,694,692,704
694,693,680,704,705,695,681
695,682,696,705,694,706,681
696,683,711,682,695,706
697,698,707,712,715,543,684,685
698,707,697,699,686,685
699,700,708,707,687,698,686
700,699,708,709,701,687,688
701,709,700,702,710,688,689
702,710,701,690,689,703
703,654,675,702,690,710,714,691
704,676,655,692,693,694,705,711
705,711,704,706,694,695
706,696,711,705,695
707,698,697,699,708,712
708,699,700,707,712,713,709
709,700,701,714,713,710,708
710,702,701,709,714,703
711,617,585,696,683,665,615,705,704,706,616
712,697,715,708,713,707
713,714,709,712,708,715
714,713,709,715,560,655,710,703,654
715,697,712,713,714
716,718,1448,1449,1430,720,719
717,727,1509,728,1467,1448,718
718,729,728,719,716,1448,717
719,729,718,731,720,730,716
720,1749,732,731,719,716,1430
721,1602,1493,1641,1751,739,738
722,740,1751,1641,1722,741,742,1631
723,1479,1439,750,1440,749,748
724,44,753,10,754,1619,1591,725
725,726,755,1587,1591,724,754
726,756,727,725,755,1509,1587
727,757,728,756,726,717,1509
728,718,729,757,727,758,717
729,759,758,730,718,728,719
730,759,729,761,760,719,731
731,732,762,719,720,761,730
732,762,731,1749,720,733,763
733,734,764,763,732,1750,1749
734,1701,735,1750,765,764,733
735,1571,1701,734,736,766,765
736,737,767,766,735,1518,1571
737,1493,738,1518,736,767,768
738,737,1493,721,769,768,739
739,740,770,769,721,1751,738
740,722,1751,739,770,741,771
741,740,771,772,773,722,742
742,774,743,741,722,1631,773
743,774,742,1561,744,775,1631
744,745,776,743,1561,775,1560
745,776,744,1560,1568,746,777
746,1568,745,777,1629,1752,778
747,748,782,1634,781,1539,1479
748,782,747,723,749,1479,783
749,750,785,723,748,783,784
750,723,1440,751,786,785,749
751,787,752,1441,1440,786,750
752,787,751,11,788,1465,1466,1441
753,44,724,754,81,789
754,790,789,753,724,725,755
755,791,790,725,726,754,756
756,726,727,791,755,792,757
757,793,792,727,728,758,756
758,759,729,757,728,793,794
759,758,729,730,794,795,760
760,761,730,797,796,759,795
761,760,730,798,797,762,731
762,732,731,799,798,763,761
763,762,799,733,764,800,732
764,801,800,765,734,733,763
765,766,802,735,764,801,734
766,765,802,736,767,735,803
767,736,737,766,803,768,804
768,805,804,769,738,767,737
769,770,806,739,768,738,805
770,806,769,739,740,807,771
771,772,808,807,770,740,741
772,808,771,809,810,773,741
773,774,811,810,772,741,742
774,773,811,742,743,812,775
775,813,776,774,812,744,743
776,813,775,745,744,777,814
777,814,776,815,746,745,778
778,816,815,1752,779,746,777
779,1752,778,780,816,817
780,781,818,1634,1731,779,1752,817
781,818,780,782,819,1634,747
782,748,747,781,819,783,820
783,749,748,821,820,782,784
784,823,822,821,785,749,783
785,824,823,750,749,784,786
786,787,825,751,750,824,785
787,751,752,825,786,826,788
788,45,11,826,82,752,787
789,790,754,753,827,81,828
790,791,755,789,754,828,829
791,790,755,756,792,830,829
792,793,757,831,830,791,756
793,792,757,758,832,794,831
794,759,795,833,832,793,758
795,794,759,760,834,833,796
796,797,760,795,834,835,836
797,798,837,796,760,761,836
798,799,762,837,797,761,838
799,798,762,763,800,839,838
800,764,801,840,763,799,839
801,764,800,765,840,841,802
802,765,766,842,841,801,803
803,766,767,802,842,843,804
804,843,844,768,805,767,803
805,768,804,844,806,845,769
806,770,769,807,845,805,846
807,770,771,806,846,847,808
808,772,771,848,847,807,809
809,772,810,848,808,849,850
810,809,772,773,811,851,850
811,773,774,812,852,851,810
812,853,852,811,774,775,813
813,775,776,853,854,812,814
814,777,776,815,854,855,813
815,778,816,814,777,856,855
816,778,815,856,857,817,779
817,857,816,780,818,779,858
818,781,780,819,859,817,858
819,781,782,818,859,860,820
820,783,821,860,819,861,782
821,784,822,861,862,783,820
822,823,784,863,864,862,821
823,822,784,824,785,865,864
824,823,785,865,786,866,825
825,787,786,866,867,824,826
826,868,82,788,787,825,867
827,81,121,789,828,870,869,164
828,871,829,827,789,790,870
829,871,828,872,790,791,830
830,831,792,791,829,873,872
831,830,792,873,874,832,793
832,794,833,793,874,831,875
833,794,832,834,795,876,875
834,835,877,876,833,795,796
835,877,834,879,878,796,836
836,797,837,796,879,835,880
837,798,797,838,836,880,881
838,798,837,799,881,839,882
839,800,799,838,882,883,840
840,800,801,883,884,841,839
841,802,842,840,884,801,885
842,886,885,802,841,803,843
843,804,844,887,886,842,803
844,843,804,887,845,888,805
845,889,888,844,806,805,846
846,889,890,847,845,806,807
847,891,848,890,846,808,807
848,891,847,808,892,809,849
849,893,892,894,848,809,850
850,895,851,810,894,809,849
851,852,896,895,850,811,810
852,851,896,897,812,853,811
853,813,854,812,852,898,897
854,853,813,899,898,855,814
855,899,900,856,854,814,815
856,900,901,816,857,855,815
857,902,901,856,816,817,858
858,902,903,817,818,857,859
859,818,819,858,903,904,860
860,819,820,904,905,859,861
861,821,862,906,905,860,820
862,863,907,822,861,821,906
863,907,862,822,864,909,908
864,863,822,823,865,910,909
865,823,824,910,864,911,866
866,825,867,824,912,911,865
867,866,825,913,868,826,912
868,826,82,122,913,867
869,258,209,164,914,870,827
870,914,915,871,827,828,869
871,915,870,828,829,872,916
872,871,829,830,873,917,916
873,830,872,831,917,918,874
874,919,918,831,873,875,832
875,876,920,874,919,832,833
876,834,877,875,920,921,833
877,921,922,835,834,876,878
878,879,835,877,922,923,924
879,878,835,925,924,836,880
880,837,836,879,925,926,881
881,882,927,837,838,880,926
882,883,928,927,881,838,839
883,928,882,840,884,839,929
884,883,840,841,929,930,885
885,886,931,842,841,930,884
886,885,931,842,932,887,843
887,933,932,886,843,844,888
888,845,889,933,887,844,934
889,845,888,846,890,934,935
890,891,936,889,846,847,935
891,936,890,847,848,937,892
892,849,893,848,891,937,938
893,849,892,939,940,938,894
894,940,893,849,895,941,850
895,941,942,850,851,896,894
896,942,943,851,852,897,895
897,944,943,896,852,853,898
898,944,945,899,854,853,897
899,945,946,855,900,898,854
900,856,901,947,946,899,855
901,948,902,857,900,856,947
902,903,949,858,948,901,857
903,902,949,858,950,859,904
904,905,951,950,903,859,860
905,952,951,904,860,861,906
906,907,953,952,861,862,905
907,863,862,906,953,954,908
908,955,954,907,909,956,863
909,908,956,910,957,864,863
910,911,958,957,865,864,909
911,958,910,865,866,912,959
912,960,959,866,867,911,913
913,165,210,122,868,960,867,912
914,870,915,962,961,869,258
915,914,870,871,916,962,963
916,917,964,871,915,872,963
917,965,964,916,918,872,873
918,874,919,965,917,873,966
919,874,918,966,920,967,875
920,921,968,875,876,967,919
921,922,969,877,920,968,876
922,969,921,877,970,923,878
923,970,922,924,972,878,971
924,925,973,879,972,923,878
925,924,973,879,926,974,880
926,975,974,927,925,880,881
927,882,881,975,926,976,928
928,883,882,929,977,976,927
929,884,930,928,977,978,883
930,929,884,885,931,979,978
931,885,886,979,980,930,932
932,980,981,887,933,886,931
933,887,932,982,934,981,888
934,982,933,983,889,935,888
935,984,983,934,889,890,936
936,891,890,937,935,985,984
937,936,891,938,986,985,892
938,939,987,986,937,893,892
939,987,938,893,940,988,989
940,989,990,939,893,941,894
941,895,942,990,940,991,894
942,896,943,941,895,991,992
943,942,896,897,944,993,992
944,994,993,898,945,897,943
945,944,898,995,994,946,899
946,945,995,996,947,900,899
947,948,997,996,946,900,901
948,901,902,997,998,947,949
949,902,903,999,998,950,948
950,903,949,999,904,951,1000
951,905,952,904,950,1001,1000
952,953,906,905,951,1001,1002
953,906,907,952,954,1003,1002
954,1003,953,908,955,907,1004
955,908,954,956,1006,1005,1004
956,1006,955,908,909,957,1007
957,910,958,909,956,1008,1007
958,911,910,957,959,1009,1008
959,960,912,1010,911,958,1009
960,1011,210,959,912,913,1010
961,962,914,1012,310,258
962,961,914,1012,915,1013,963
963,964,916,1013,962,915,1014
964,917,965,916,963,1014,1015
965,917,964,918,1016,966,1015
966,967,1017,1016,965,918,919
967,1017,966,1018,968,920,919
968,1019,1018,920,921,969,967
969,970,1020,922,921,1019,968
970,1020,969,1021,922,923,971
971,1021,1022,923,970,972,1023
972,924,923,973,1024,1023,971
973,924,925,1025,1024,974,972
974,926,975,925,973,1025,1026
975,926,974,927,1026,976,1027
976,927,975,977,1028,1027,928
977,978,1029,1028,976,928,929
978,977,1029,1030,929,930,979
979,1030,1031,931,980,930,978
980,932,981,979,931,1032,1031
981,980,932,1032,982,1033,933
982,1033,981,933,934,983,1034
983,1035,1034,982,934,984,935
984,983,935,985,936,1036,1035
985,986,1037,984,936,937,1036
986,938,937,985,1037,1038,987
987,939,938,986,1038,988,1039
988,1039,1040,1041,987,939,989
989,940,990,988,939,1041,1042
990,989,940,941,1042,1043,991
991,1044,992,942,941,1043,990
992,1044,991,942,993,1045,943
993,944,994,1045,992,943,1046
994,944,993,995,945,1047,1046
995,994,945,1047,996,1048,946
996,1049,997,1048,995,947,946
997,948,998,1049,996,947,1050
998,999,949,997,948,1051,1050
999,998,949,1000,1052,1051,950
1000,1001,1053,1052,999,951,950
1001,1053,1000,952,951,1054,1002
1002,1055,1054,953,952,1001,1003
1003,1004,1056,954,953,1055,1002
1004,1003,1056,1057,954,1005,955
1005,1059,1058,1057,1004,955,1006
1006,1007,1060,956,955,1059,1005
1007,1060,1006,957,1008,1061,956
1008,957,1007,958,1009,1061,1062
1009,1063,1062,958,959,1008,1010
1010,960,1011,959,1009,1064,1063
1011,960,210,1064,311,259,1010
1012,1065,310,961,962,1013,1066
1013,1067,1066,962,963,1012,1014
1014,1067,1013,963,1068,964,1015
1015,1069,1068,964,1014,965,1016
1016,965,966,1015,1070,1017,1069
1017,1018,1071,967,966,1070,1016
1018,1017,1071,1072,968,1019,967
1019,1073,1072,968,1018,969,1020
1020,970,969,1021,1074,1073,1019
1021,971,1022,1020,970,1075,1074
1022,1077,1076,1021,971,1075,1023
1023,1024,1078,972,971,1022,1077
1024,973,1025,1079,1078,1023,972
1025,973,1024,974,1026,1080,1079
1026,1025,1080,975,974,1027,1081
1027,1028,1082,1026,975,1081,976
1028,1029,1083,1082,1027,977,976
1029,1028,1083,977,978,1030,1084
1030,1085,1031,979,978,1029,1084
1031,1085,1030,979,1086,980,1032
1032,1087,1086,981,980,1033,1031
1033,982,981,1032,1087,1088,1034
1034,983,1035,982,1089,1088,1033
1035,983,1034,1089,984,1036,1090
1036,1091,1037,985,984,1035,1090
1037,1091,1036,985,986,1092,1038
1038,1092,1037,986,1039,1093,987
1039,988,1040,1094,1093,1038,987
1040,1096,1095,1094,1039,988,1041
1041,1096,1040,988,989,1042,1097
1042,1097,1098,1041,989,990,1043
1043,1044,1099,1098,990,991,1042
1044,991,992,1099,1043,1100,1045
1045,1046,1101,1100,993,992,1044
1046,1101,1045,1102,994,1047,993
1047,1103,1102,994,1046,1048,995
1048,1104,1103,1047,1049,996,995
1049,1050,1105,996,997,1104,1048
1050,1105,1049,1051,998,997,1106
1051,998,999,1050,1107,1052,1106
1052,1000,999,1107,1108,1053,1051
1053,1001,1000,1052,1054,1109,1108
1054,1002,1055,1053,1001,1110,1109
1055,1002,1054,1056,1111,1003,1110
1056,1003,1004,1112,1111,1055,1057
1057,1058,1113,1112,1056,1004,1005
1058,1059,1005,1114,1113,1057,1115
1059,1058,1005,1060,1116,1006,1115
1060,1007,1006,1061,1117,1116,1059
1061,1117,1118,1060,1008,1062,1007
1062,1063,1009,1061,1008,1118,1119
1063,1062,1009,1120,1119,1064,1010
1064,311,1121,1011,1120,1010,1063
1065,1122,423,365,310,1012,1123,1066
1066,1067,1124,1123,1013,1012,1065
1067,1124,1066,1013,1014,1125,1068
1068,1069,1126,1015,1067,1125,1014
1069,1126,1068,1127,1015,1016,1070
1070,1127,1128,1017,1071,1016,1069
1071,1017,1018,1072,1128,1129,1070
1072,1019,1073,1071,1018,1129,1130
1073,1019,1072,1074,1020,1130,1131
1074,1132,1131,1073,1020,1021,1075
1075,1133,1076,1132,1021,1074,1022
1076,1022,1077,1133,1075,1134,1135
1077,1022,1076,1023,1078,1135,1136
1078,1024,1079,1023,1137,1077,1136
1079,1080,1138,1024,1078,1025,1137
1080,1081,1139,1025,1026,1138,1079
1081,1080,1139,1140,1082,1027,1026
1082,1028,1027,1081,1140,1141,1083
1083,1028,1029,1084,1142,1082,1141
1084,1085,1143,1083,1142,1029,1030
1085,1086,1144,1030,1031,1084,1143
1086,1144,1085,1032,1087,1031,1145
1087,1032,1086,1146,1145,1088,1033
1088,1089,1034,1146,1087,1147,1033
1089,1088,1034,1035,1147,1090,1148
1090,1089,1148,1036,1035,1149,1091
1091,1036,1037,1090,1092,1149,1150
1092,1150,1151,1037,1038,1091,1093
1093,1151,1152,1039,1094,1038,1092
1094,1095,1040,1039,1093,1152
1095,1096,1040,1094,1153,1152
1096,1095,1040,1153,1041,1154,1097
1097,1042,1098,1155,1041,1096,1154
1098,1099,1156,1043,1097,1042,1155
1099,1156,1098,1044,1043,1100,1157
1100,1099,1157,1045,1101,1044,1158
1101,1046,1045,1102,1159,1100,1158
1102,1047,1103,1101,1046,1160,1159
1103,1104,1048,1047,1102,1160,1161
1104,1103,1048,1161,1105,1162,1049
1105,1050,1049,1104,1162,1106,1163
1106,1107,1051,1163,1164,1050,1105
1107,1164,1165,1052,1108,1051,1106
1108,1107,1052,1166,1165,1109,1053
1109,1167,1166,1110,1108,1054,1053
1110,1168,1111,1167,1109,1054,1055
1111,1168,1110,1056,1112,1055,1169
1112,1056,1111,1113,1057,1170,1169
1113,1058,1114,1057,1112,1171,1170
1114,1058,1113,1172,1171,1173,1115
1115,1116,1174,1059,1173,1114,1058
1116,1175,1174,1060,1059,1117,1115
1117,1061,1118,1175,1176,1060,1116
1118,1176,1177,1117,1061,1062,1119
1119,1178,1177,1063,1120,1062,1118
1120,1064,1121,1063,1119,1179,1178
1121,311,1064,366,1120,1179
1122,423,1065,1181,1180,1123
1123,1066,1124,1181,1182,1065,1122
1124,1067,1066,1123,1183,1182,1125
1125,1067,1124,1183,1184,1126,1068
1126,1069,1068,1127,1185,1184,1125
1127,1126,1069,1070,1128,1186,1185
1128,1129,1187,1071,1127,1070,1186
1129,1128,1187,1188,1071,1072,1130
1130,1072,1129,1189,1131,1188,1073
1131,1132,1074,1189,1130,1190,1073
1132,1131,1074,1191,1190,1133,1075
1133,1192,1134,1075,1076,1132,1191
1134,1192,1133,1194,1193,1076,1135
1135,1195,1194,1076,1077,1134,1136
1136,1196,1195,1137,1078,1077,1135
1137,1138,1197,1196,1079,1136,1078
1138,1137,1197,1139,1198,1080,1079
1139,1080,1081,1140,1138,1198,1199
1140,1200,1141,1081,1139,1199,1082
1141,1200,1140,1142,1201,1082,1083
1142,1141,1201,1202,1083,1084,1143
1143,1203,1202,1084,1085,1142,1144
1144,1086,1085,1145,1204,1203,1143
1145,1087,1146,1086,1204,1205,1144
1146,1087,1145,1088,1147,1206,1205
1147,1146,1206,1088,1207,1089,1148
1148,1089,1090,1149,1147,1207,1208
1149,1148,1090,1208,1209,1150,1091
1150,1092,1151,1149,1209,1210,1091
1151,1093,1152,1150,1092,1210
1152,1151,1093,1210,1095,1153,1094
1153,1265,1210,1096,1095,1152,1154,1211
1154,1153,1096,1155,1211,1097
1155,1097,1098,1156,1211,1154,1212
1156,1099,1098,1213,1212,1155,1157
1157,1099,1100,1213,1156,1214,1158
1158,1214,1215,1159,1101,1157,1100
1159,1215,1216,1160,1102,1101,1158
1160,1217,1161,1103,1102,1159,1216
1161,1217,1160,1218,1162,1103,1104
1162,1218,1161,1104,1105,1163,1219
1163,1220,1164,1106,1105,1162,1219
1164,1220,1163,1107,1165,1221,1106
1165,1164,1107,1108,1166,1221,1222
1166,1109,1167,1108,1165,1223,1222
1167,1109,1166,1110,1224,1168,1223
1168,1110,1111,1169,1225,1224,1167
1169,1168,1225,1226,1170,1112,1111
1170,1113,1171,1112,1227,1226,1169
1171,1113,1170,1228,1227,1114,1172
1172,1230,1229,1114,1171,1173,1228
1173,1230,1172,1174,1231,1114,1115
1174,1116,1175,1232,1231,1173,1115
1175,1116,1174,1232,1117,1176,1233
1176,1118,1177,1175,1117,1234,1233
1177,1235,1234,1119,1178,1176,1118
1178,1119,1177,1236,1235,1179,1120
1179,366,424,482,1178,1120,1121,1236
1180,481,423,1181,1237,539,1122
1181,1182,1237,1180,1122,1123
1182,1181,1237,1183,1124,1123,1238
1183,1182,1124,1125,1239,1238,1184
1184,1185,1126,1125,1183,1239,1240
1185,1184,1126,1240,1127,1186,1241
1186,1127,1128,1187,1185,1241,1242
1187,1188,1243,1128,1129,1186,1242
1188,1243,1187,1129,1244,1189,1130
1189,1130,1131,1188,1244,1245,1190
1190,1132,1191,1245,1246,1189,1131
1191,1132,1190,1246,1247,1133,1192
1192,1133,1134,1193,1248,1191,1247
1193,1194,1134,1192,1248,1249,1250
1194,1193,1134,1195,1251,1135,1250
1195,1194,1251,1136,1196,1135,1252
1196,1253,1252,1136,1195,1137,1197
1197,1137,1138,1196,1198,1253,1254
1198,1199,1255,1138,1139,1197,1254
1199,1198,1255,1200,1256,1140,1139
1200,1140,1141,1256,1199,1201,1257
1201,1258,1202,1141,1142,1200,1257
1202,1259,1258,1201,1203,1143,1142
1203,1204,1260,1202,1143,1259,1144
1204,1203,1260,1145,1205,1261,1144
1205,1206,1262,1204,1145,1261,1146
1206,1263,1262,1205,1146,1147,1207
1207,1264,1263,1208,1206,1147,1148
1208,1209,1264,1207,1148,1149
1209,1208,1264,1210,1149,1150
1210,1152,1151,1153,1265,1309,1264,1209,1150
1211,1212,1265,1155,1154,1153
1212,1211,1265,1213,1156,1266,1155
1213,1212,1156,1267,1214,1266,1157
1214,1268,1267,1213,1215,1158,1157
1215,1216,1269,1159,1268,1214,1158
1216,1215,1269,1159,1160,1270,1217
1217,1160,1161,1270,1271,1216,1218
1218,1161,1162,1217,1219,1272,1271
1219,1218,1272,1220,1273,1162,1163
1220,1163,1164,1274,1273,1219,1221
1221,1275,1222,1164,1165,1220,1274
1222,1275,1276,1221,1166,1223,1165
1223,1276,1277,1166,1167,1224,1222
1224,1167,1168,1278,1277,1225,1223
1225,1168,1169,1279,1278,1226,1224
1226,1169,1170,1227,1225,1280,1279
1227,1171,1228,1170,1281,1280,1226
1228,1171,1227,1281,1172,1229,1282
1229,1230,1172,1228,1282,1283
1230,1229,1172,1173,1231,1283
1231,1283,1232,1174,1173,1230
1232,1174,1175,1283,1284,1233,1231
1233,1285,1234,1176,1175,1284,1232
1234,1177,1235,1286,1285,1233,1176
1235,1177,1234,1236,1178,1287,1286
1236,1235,1178,1287,1179,482,1288
1237,1181,1182,1180,539,585,1289,1238
1238,1239,1289,1183,1237,1182
1239,1238,1289,1183,1184,1240
1240,1239,1184,1289,1185,1241
1241,1242,1289,1240,1185,1186
1242,1243,1289,1241,1186,1187
1243,1188,1187,1242,1289,1244
1244,1243,1188,1245,1290,1289,1189
1245,1290,1244,1246,1291,1190,1189
1246,1191,1247,1291,1245,1190,1292
1247,1248,1293,1246,1191,1192,1292
1248,1193,1192,1247,1293,1294,1249
1249,1295,1294,1250,1296,1193,1248
1250,1296,1249,1193,1251,1297,1194
1251,1194,1195,1252,1298,1297,1250
1252,1196,1253,1298,1251,1299,1195
1253,1196,1252,1254,1300,1299,1197
1254,1300,1253,1197,1301,1255,1198
1255,1198,1199,1301,1254,1256,1302
1256,1200,1199,1257,1303,1255,1302
1257,1304,1258,1200,1201,1256,1303
1258,1202,1259,1304,1257,1201,1305
1259,1202,1258,1305,1306,1260,1203
1260,1203,1204,1259,1306,1307,1261
1261,1262,1308,1307,1260,1205,1204
1262,1206,1263,1261,1308,1205,1309
1263,1264,1207,1206,1262,1309
1264,1263,1207,1208,1209,1309,1210
1265,1211,1212,1153,1210,1309,1363,1423,1266,1364,1310
1266,1265,1212,1213,1267,1310
1267,1268,1214,1213,1311,1266,1310
1268,1269,1312,1267,1214,1311,1215
1269,1312,1268,1215,1216,1270,1313
1270,1271,1314,1313,1269,1217,1216
1271,1314,1270,1315,1272,1217,1218
1272,1315,1271,1218,1219,1273,1316
1273,1220,1274,1219,1272,1317,1316
1274,1275,1318,1220,1273,1317,1221
1275,1222,1276,1274,1318,1221,1319
1276,1275,1222,1223,1277,1320,1319
1277,1321,1320,1278,1276,1223,1224
1278,1279,1225,1322,1321,1277,1224
1279,1278,1225,1280,1323,1322,1226
1280,1324,1323,1227,1281,1226,1279
1281,1227,1228,1280,1282,1325,1324
1282,1229,1283,1228,1281,1325
1283,1284,542,1232,1231,1230,1282,1229,1325,1352,1376,1428
1284,1283,542,1285,541,1233,1232
1285,1286,1234,1233,540,541,1284
1286,1285,1234,540,1287,1235
1287,1236,1235,540,1286,1288
1288,482,1236,540,1287
1289,1242,1243,1238,1239,1237,585,1326,1240,1241,1244,1290
1290,1291,1326,1245,1244,1289
1291,1290,1326,1246,1245,1292
1292,1246,1291,1247,1326,1293
1293,1247,1248,1294,1326,1292
1294,1295,1249,1326,1293,1248
1295,1294,1249,1296,1327,1326
1296,1295,1327,1250,1249,1328,1297
1297,1251,1250,1328,1296,1329,1298
1298,1252,1251,1297,1299,1330,1329
1299,1253,1252,1300,1331,1330,1298
1300,1254,1253,1331,1299,1332,1301
1301,1302,1333,1332,1254,1255,1300
1302,1301,1333,1334,1255,1256,1303
1303,1256,1257,1302,1304,1334,1335
1304,1257,1258,1303,1335,1305,1336
1305,1259,1306,1258,1304,1337,1336
1306,1305,1259,1338,1337,1260,1307
1307,1260,1261,1306,1338,1308
1308,1261,1262,1338,1309,1307
1309,1338,1308,1265,1363,1262,1210,1263,1264
1310,1266,1265,1267,1339,1311,1364
1311,1267,1268,1312,1339,1310
1312,1269,1268,1311,1340,1313,1339
1313,1341,1314,1270,1269,1340,1312
1314,1341,1313,1271,1270,1342,1315
1315,1271,1272,1343,1342,1314,1316
1316,1343,1344,1317,1273,1272,1315
1317,1345,1344,1316,1273,1274,1318
1318,1319,1346,1274,1275,1317,1345
1319,1347,1346,1318,1320,1276,1275
1320,1277,1321,1348,1347,1319,1276
1321,1277,1320,1322,1278,1349,1348
1322,1323,1350,1279,1321,1278,1349
1323,1324,1280,1322,1350,1351,1279
1324,1323,1280,1351,1352,1325,1281
1325,1282,1283,1281,1352,1324
1326,1290,1291,1289,585,1294,1293,1292,1295,1353,1327,1377,1395,1408
1327,1295,1296,1354,1328,1353,1326
1328,1329,1355,1354,1327,1296,1297
1329,1355,1328,1297,1356,1330,1298
1330,1357,1356,1331,1299,1298,1329
1331,1358,1357,1300,1299,1330,1332
1332,1301,1333,1359,1300,1331,1358
1333,1301,1302,1332,1359,1334,1360
1334,1335,1361,1333,1360,1302,1303
1335,1361,1334,1362,1336,1303,1304
1336,1362,1335,1363,1337,1304,1305
1337,1363,1336,1306,1338,1305
1338,1308,1309,1306,1337,1307,1363
1339,1310,1311,1312,1340,1364
1340,1313,1341,1312,1365,1364,1339
1341,1313,1314,1340,1342,1366,1365
1342,1315,1343,1314,1341,1367,1366
1343,1316,1344,1315,1342,1368,1367
1344,1343,1316,1345,1317,1369,1368
1345,1346,1370,1344,1317,1369,1318
1346,1319,1347,1345,1370,1371,1318
1347,1319,1346,1371,1348,1320,1372
1348,1349,1373,1372,1347,1320,1321
1349,1373,1348,1350,1374,1322,1321
1350,1374,1375,1351,1322,1323,1349
1351,1352,1376,1375,1350,1323,1324
1352,1351,1376,1325,1283,1324
1353,1327,1354,1326,1377
1354,1327,1328,1355,1353,1377,1378
1355,1329,1328,1354,1379,1356,1378
1356,1330,1357,1379,1355,1380,1329
1357,1330,1356,1380,1358,1331,1381
1358,1357,1331,1381,1359,1382,1332
1359,1382,1358,1332,1333,1383,1360
1360,1384,1383,1333,1334,1359,1361
1361,1335,1334,1362,1360,1384
1362,1384,1363,1335,1336,1361
1363,1384,1362,1336,1337,1410,1309,1265,1338,1423
1364,1423,1265,1385,1365,1340,1310,1339,1411
1365,1385,1366,1364,1341,1340
1366,1385,1365,1367,1386,1341,1342
1367,1366,1386,1343,1368,1342,1387
1368,1388,1387,1344,1369,1343,1367
1369,1345,1370,1344,1368,1389,1388
1370,1345,1346,1369,1371,1390,1389
1371,1391,1390,1346,1347,1370,1372
1372,1392,1391,1373,1348,1347,1371
1373,1349,1348,1392,1372,1393,1374
1374,1375,1394,1350,1349,1393,1373
1375,1394,1376,1374,1350,1351
1376,1394,1375,1351,1352,1407,1283,1428,1417,1422,1426
1377,1395,1326,1353,1354,1378
1378,1396,1395,1354,1377,1355,1379
1379,1355,1356,1397,1396,1378,1380
1380,1356,1357,1398,1397,1379,1381
1381,1357,1358,1398,1399,1380,1382
1382,1359,1358,1399,1381,1383
1383,1399,1384,1382,1359,1360
1384,1362,1363,1399,1383,1360,1410,1361
1385,1400,1411,1365,1366,1364,1386
1386,1366,1367,1387,1400,1385
1387,1368,1388,1400,1401,1367,1386
1388,1368,1387,1389,1402,1369,1401
1389,1403,1390,1370,1388,1402,1369
1390,1404,1403,1391,1371,1370,1389
1391,1392,1372,1405,1390,1371,1404
1392,1391,1372,1373,1405,1393,1406
1393,1406,1407,1394,1373,1374,1392
1394,1375,1376,1374,1407,1393
1395,1378,1396,1377,1326,1408
1396,1378,1395,1397,1379,1409,1408
1397,1396,1379,1380,1398,1409,1410
1398,1380,1397,1410,1381,1399
1399,1383,1384,1398,1381,1382,1410
1400,1385,1411,1387,1401,1386
1401,1400,1387,1411,1388,1402,1412
1402,1388,1389,1412,1413,1403,1401
1403,1404,1390,1414,1389,1402,1413
1404,1403,1390,1414,1391,1405,1415
1405,1391,1392,1404,1415,1406,1416
1406,1393,1407,1416,1417,1392,1405
1407,1406,1393,1394,1376,1417
1408,1395,1326,1396,1409
1409,1396,1397,1408,1410
1410,1398,1397,1409,1399,1384,1363
1411,1385,1400,1401,1423,1364,1412,1418
1412,1402,1413,1411,1401,1418
1413,1412,1402,1403,1419,1418,1414
1414,1404,1403,1420,1415,1413,1419
1415,1420,1414,1404,1405,1416,1421
1416,1406,1417,1405,1422,1421,1415
1417,1416,1406,1407,1422,1376
1418,1423,1419,1411,1413,1412
1419,1423,1418,1424,1413,1414,1420
1420,1414,1415,1419,1424,1421,1425
1421,1416,1422,1426,1425,1415,1420
1422,1416,1417,1421,1426,1376
1423,1265,1363,1364,1411,1418,1419,1424,1427
1424,1425,1427,1423,1419,1420
1425,1424,1427,1421,1426,1420,1428
1426,1421,1422,1376,1425,1428
1427,1424,1425,1428,1423
1428,1376,1283,1425,1426,1427
1429,1569,1553,1486,23,22,1437
1430,1572,1749,716,1449,720,1491
1431,1497,1432,18,1744,19,1613
1432,1497,1431,19,20,1436,1469
1433,1472,1471,1458,1453,1464,1457
1434,1511,1490,1447,1463,1461,1532
1435,1449,1448,1467,1473,1476,1470
1436,1432,20,1460,1469,1437,21
1437,21,1436,1460,22,1486,1429
1438,1462,1442,1452,1475,1477,1481
1439,1484,1474,1479,723,1445,1440
1440,750,723,1439,1445,751,1441
1441,1483,1466,1445,751,752,1440
1442,1438,1462,1480,1489,1452,1485
1443,1624,1521,1496,1446,1444,1450
1444,1521,1632,1494,1525,1450,1443
1445,1441,1483,1474,1439,1440,1492
1446,1496,1499,1498,1482,1443,1450
1447,1488,1495,1461,1487,1463,1434
1448,1435,1449,716,718,1467,717
1449,1435,1448,716,1430,1470,1491
1450,1494,1444,1443,1500,1482,1446
1451,11,12,1503,1468,1478,1465
1452,1505,1480,1442,1504,1475,1438
1453,1458,1433,31,32,1457,1454
1454,32,33,1456,1455,1457,1453
1455,1456,1594,33,34,1454,1698
1456,1594,1455,1454,1593,1510,1457
1457,1510,1471,1456,1454,1453,1433
1458,1433,1453,31,30,1459,1464
1459,1746,1520,1464,1458,30,29
1460,1502,1486,1436,1469,1437,1501
1461,1515,1514,1490,1487,1447,1434
1462,1513,1485,1438,1442,1512,1477
1463,1516,1488,1447,1434,1532,1507
1464,1472,1433,1459,1458,1520,1517
1465,1523,1468,752,11,1451,1466
1466,1441,1483,752,1465,1523
1467,1435,1448,1509,717,1473,1508
1468,1451,1478,1543,1506,1465,1523
1469,1460,1436,1432,1524,1501,1497
1470,1522,1530,1491,1476,1449,1435
1471,1519,1526,1433,1472,1510,1457
1472,1433,1471,1519,1464,1531,1517
1473,1527,1476,1435,1467,1508,1529
1474,1492,1536,1439,1484,1533,1445
1475,1535,1534,1452,1438,1504,1481
1476,1522,1470,1473,1527,1435,1538
1477,1540,1512,1537,1462,1481,1438
1478,1451,1468,1503,1541,1506,1542
1479,1439,723,1539,1484,748,747
1480,1442,1489,1505,1452,1548,1544
1481,1545,1534,1537,1477,1438,1475
1482,1446,1498,1500,1450,1549,1550
1483,1441,1466,1445,1492,1528,1523
1484,1439,1474,1479,1539,1533,1551
1485,1462,1513,1547,1546,1442,1489
1486,1502,1460,1554,1437,1553,1429
1487,1461,1514,1447,1495,1558,1557
1488,1447,1495,1516,1463,1556,1555
1489,1559,1544,1480,1442,1485,1546
1490,1461,1515,1511,1434,1619,1586
1491,1470,1530,1573,1572,1449,1430
1492,1474,1536,1552,1483,1528,1445
1493,737,738,1602,1603,721,1518
1494,1565,1566,1525,1444,1450,1500
1495,1570,1558,1488,1447,1487,1555
1496,1446,1499,1608,1582,1443,1624
1497,1432,1431,1613,1524,1614,1469
1498,1562,1567,1446,1482,1549,1499
1499,1446,1496,1608,1562,1498,1611
1500,1574,1565,1494,1450,1550,1482
1501,1577,1581,1524,1469,1502,1460
1502,1486,1460,1554,1578,1577,1501
1503,1542,1579,12,13,1451,1478
1504,1575,1582,1505,1452,1475,1535
1505,1504,1575,1452,1480,1576,1548
1506,1541,1563,1478,1468,1543,1564
1507,1723,1659,1532,1583,1463,1516
1508,1509,1587,1473,1467,1529,1588
1509,717,727,1508,1587,726,1467
1510,1592,1526,1471,1457,1456,1593
1511,1490,1434,1647,1589,1532,1586
1512,1584,1513,1477,1540,1585,1462
1513,1584,1512,1462,1485,1595,1547
1514,1748,1557,1461,1515,9,1487
1515,1461,1514,1490,1619,10,9
1516,1463,1488,1507,1556,1598,1583
1517,1520,1596,1597,1464,1472,1531
1518,1493,737,1603,1604,1571,736
1519,1526,1471,1599,1600,1472,1531
1520,1459,1746,1596,1517,1464,1610
1521,1624,1623,1444,1632,1443,1640
1522,1530,1470,1476,1538,1607,1606
1523,1465,1468,1543,1528,1483,1466
1524,1615,1581,1497,1614,1501,1469
1525,1566,1612,1601,1494,1444,1632
1526,1519,1471,1605,1600,1592,1510
1527,1529,1590,1616,1538,1473,1476
1528,1654,1543,1483,1492,1552,1523
1529,1589,1590,1527,1508,1473,1588
1530,1522,1470,1491,1606,1618,1573
1531,1597,1617,1519,1472,1517,1599
1532,1511,1647,1507,1659,1463,1434
1533,1621,1620,1474,1536,1484,1551
1534,1535,1475,1545,1481,1623,1622
1535,1534,1475,1504,1582,1623,1624
1536,1492,1474,1533,1620,1626,1552
1537,1628,1627,1540,1477,1481,1545
1538,1607,1522,1616,1527,1476,1625
1539,1633,1551,1479,1484,747,1634
1540,1630,1585,1477,1512,1537,1627
1541,1506,1563,1542,1637,1478,1636
1542,1579,1503,1541,1637,1580,1478
1543,1654,1528,1564,1468,1506,1523
1544,1638,1639,1559,1489,1548,1480
1545,1635,1628,1481,1534,1537,1622
1546,1547,1485,1489,1559,1645,1644
1547,1595,1513,1546,1485,1645,1646
1548,1576,1643,1638,1544,1505,1480
1549,1650,1652,1567,1498,1482,1550
1550,1574,1500,1650,1651,1549,1482
1551,1633,1539,1642,1621,1533,1484
1552,1654,1655,1626,1536,1492,1528
1553,1660,1661,1569,1429,1486,1554
1554,1667,1660,1486,1502,1578,1553
1555,1488,1495,1556,1676,1570,1675
1556,1677,1598,1488,1516,1555,1676
1557,1748,1514,1742,1558,8,1487
1558,1695,1742,1570,1495,1557,1487
1559,1544,1489,1639,1546,1644,1658
1560,1691,1690,1561,744,745,1568
1561,743,744,1631,1692,1691,1560
1562,1567,1498,1671,1670,1499,1611
1563,1541,1506,1636,1657,1564,1656
1564,1654,1668,1543,1506,1563,1656
1565,1574,1500,1566,1494,1687,1688
1566,1525,1612,1689,1688,1565,1494
1567,1671,1674,1562,1498,1549,1652
1568,746,745,1629,1690,1560,1694
1569,24,23,1429,1553,1661,1693
1570,1495,1558,1696,1675,1555,1695
1571,735,1701,1604,1518,1702,736
1572,1711,1750,1749,1430,1573,1491
1573,1712,1711,1618,1572,1491,1530
1574,1565,1500,1683,1687,1550,1651
1575,1582,1608,1576,1609,1504,1505
1576,1662,1643,1575,1609,1548,1505
1577,1501,1581,1704,1705,1578,1502
1578,1706,1667,1705,1502,1577,1554
1579,13,14,1542,1503,3,1580
1580,1743,3,1736,1637,1735,1579,1542
1581,1524,1615,1577,1501,1704,1703
1582,1575,1608,1496,1504,1624,1535
1583,1672,1723,1673,1598,1507,1516
1584,1513,1512,1595,1585,1720,1719
1585,1630,1540,1721,1720,1584,1512
1586,1591,1588,1619,1490,1511,1589
1587,1591,1588,1508,1509,726,725
1588,1587,1591,1586,1589,1529,1508
1589,1529,1590,1511,1647,1586,1588
1590,1529,1589,1527,1648,1616,1647
1591,1587,1588,1586,725,1619,724
1592,1510,1526,1605,1684,1685,1593
1593,1685,1686,1456,1594,1510,1592
1594,1456,1455,1698,1697,1686,1593
1595,1547,1513,1584,1718,1646,1719
1596,1610,1710,1520,1517,1709,1597
1597,1709,1708,1617,1531,1517,1596
1598,1673,1583,1677,1556,1678,1516
1599,1681,1682,1519,1600,1617,1531
1600,1605,1526,1519,1599,1681,1680
1601,1612,1525,1738,1739,1737,1632
1602,1493,1603,721,1641,1717,1716
1603,1604,1715,1602,1493,1518,1716
1604,1603,1715,1714,1702,1518,1571
1605,1526,1600,1679,1680,1684,1592
1606,1618,1530,1665,1666,1522,1607
1607,1538,1522,1664,1625,1665,1606
1608,1582,1575,1496,1499,1609,1611
1609,1699,1611,1575,1576,1608,1662
1610,1596,1710,1745,1746,1520
1611,1699,1609,1562,1499,1670,1608
1612,1525,1566,1601,1737,1732,1689
1613,1744,1431,1497,1736,1735,1614
1614,1735,1734,1524,1497,1613,1615
1615,1524,1581,1734,1733,1703,1614
1616,1649,1625,1648,1590,1538,1527
1617,1682,1707,1597,1531,1708,1599
1618,1606,1530,1712,1573,1666,1713
1619,1490,1515,1586,10,724,1591
1620,1621,1533,1536,1626,1726,1727
1621,1620,1533,1728,1642,1727,1551
1622,1640,1724,1545,1534,1635,1623
1623,1624,1521,1640,1535,1534,1622
1624,1521,1623,1443,1582,1496,1535
1625,1616,1649,1663,1664,1607,1538
1626,1725,1655,1726,1552,1536,1620
1627,1628,1537,1728,1630,1540,1727
1628,1627,1537,1545,1635,1727,1726
1629,746,1568,1694,1730,1731,1752
1630,1585,1540,1728,1729,1721,1627
1631,742,722,1561,743,1722,1692
1632,1521,1444,1601,1739,1525,1640
1633,1551,1539,1730,1731,1634,1642
1634,781,780,747,1539,1731,1633
1635,1545,1628,1724,1725,1622,1726
1636,1733,1734,1563,1657,1637,1541
1637,1542,1541,1735,1580,1636,1734
1638,1544,1639,1643,1548,1664,1665
1639,1638,1544,1559,1665,1658,1666
1640,1622,1724,1632,1739,1623,1521
1641,722,1751,1722,721,1602,1717
1642,1728,1621,1551,1729,1730,1633
1643,1662,1576,1663,1664,1548,1638
1644,1658,1714,1645,1715,1559,1546
1645,1716,1646,1644,1715,1546,1547
1646,1716,1645,1547,1718,1717,1595
1647,1511,1589,1532,1659,1648,1590
1648,1659,1653,1616,1590,1647,1649
1649,1616,1625,1663,1648,1700,1653
1650,1549,1652,1651,1681,1550,1680
1651,1650,1681,1683,1574,1682,1550
1652,1650,1549,1567,1680,1674,1679
1653,1723,1669,1700,1648,1659,1649
1654,1543,1528,1668,1564,1552,1655
1655,1626,1725,1654,1552,1741,1668
1656,1738,1668,1563,1564,1737,1657
1657,1636,1563,1733,1732,1656,1737
1658,1644,1714,1559,1713,1639,1666
1659,1723,1507,1648,1653,1532,1647
1660,1709,1661,1667,1554,1553,1708
1661,1709,1660,1553,1569,1710,1693
1662,1576,1643,1699,1700,1609,1663
1663,1643,1664,1625,1649,1662,1700
1664,1663,1643,1625,1607,1638,1665
1665,1606,1666,1664,1638,1607,1639
1666,1606,1665,1618,1713,1658,1639
1667,1660,1554,1706,1707,1578,1708
1668,1654,1564,1738,1656,1741,1655
1669,1723,1672,1653,1700,1670,1699
1670,1671,1672,1562,1669,1611,1699
1671,1674,1567,1673,1670,1672,1562
1672,1723,1583,1673,1669,1671,1670
1673,1583,1672,1678,1674,1598,1671
1674,1671,1567,1678,1673,1652,1679
1675,1696,1570,1697,1686,1555,1676
1676,1677,1685,1556,1555,1686,1675
1677,1684,1685,1598,1556,1676,1678
1678,1674,1673,1684,1679,1598,1677
1679,1605,1680,1678,1684,1652,1674
1680,1679,1605,1650,1652,1600,1681
1681,1599,1682,1600,1651,1650,1680
1682,1617,1707,1681,1599,1651,1683
1683,1574,1687,1706,1651,1682,1707
1684,1605,1592,1685,1677,1678,1679
1685,1593,1686,1592,1684,1677,1676
1686,1593,1685,1675,1697,1594,1676
1687,1705,1706,1574,1683,1565,1688
1688,1689,1566,1704,1565,1687,1705
1689,1566,1688,1703,1704,1732,1612
1690,1691,1560,1721,1694,1720,1568
1691,1692,1719,1690,1560,1561,1720
1692,1691,1719,1722,1718,1561,1631
1693,24,25,4,1661,1710,1569
1694,1721,1690,1629,1568,1729,1730
1695,1696,2,1558,1742,1570
1696,1695,2,1675,1570,1740,1697
1697,1740,1698,1675,1686,1696,1594
1698,1697,1740,1747,35,34,1455,1594
1699,1611,1609,1662,1700,1670,1669
1700,1699,1662,1653,1669,1663,1649
1701,1571,735,734,1750,1711,1702,1712
1702,1714,1604,1712,1713,1571,1701
1703,1689,1704,1732,1733,1615,1581
1704,1703,1689,1705,1577,1688,1581
1705,1687,1706,1704,1577,1578,1688
1706,1705,1687,1707,1667,1683,1578
1707,1682,1617,1706,1667,1683,1708
1708,1597,1709,1660,1667,1707,1617
1709,1661,1660,1597,1708,1710,1596
1710,1596,1610,1661,1693,1709,4,1745
1711,1572,1750,1712,1573,1701
1712,1711,1573,1618,1702,1713,1701
1713,1702,1712,1666,1618,1714,1658
1714,1658,1644,1604,1702,1715,1713
1715,1644,1645,1603,1604,1714,1716
1716,1645,1646,1717,1602,1603,1715
1717,1602,1716,1718,1722,1641,1646
1718,1722,1717,1646,1692,1719,1595
1719,1691,1692,1718,1720,1584,1595
1720,1690,1721,1691,1585,1584,1719
1721,1694,1690,1720,1585,1630,1729
1722,722,1641,1718,1717,1692,1631
1723,1672,1583,1659,1507,1669,1653
1724,1622,1640,1739,1741,1725,1635
1725,1626,1655,1741,1726,1724,1635
1726,1725,1626,1635,1620,1628,1727
1727,1628,1627,1621,1728,1726,1620
1728,1729,1630,1621,1642,1627,1727
1729,1728,1630,1721,1730,1694,1642
1730,1633,1731,1729,1694,1642,1629
1731,1730,1633,1634,780,1629,1752
1732,1737,1612,1689,1703,1733,1657
1733,1615,1734,1636,1657,1732,1703
1734,1615,1733,1735,1614,1636,1637
1735,1734,1614,1613,1736,1637,1580
1736,1743,1580,1613,1735,1744
1737,1612,1732,1656,1657,1738,1601
1738,1741,1739,1656,1668,1737,1601
1739,1741,1738,1724,1601,1632,1640
1740,1697,1698,2,1,1747,1696
1741,1739,1738,1655,1725,1724,1668
1742,1695,1558,1557,8,2,7
1743,3,1580,1736,1744,17,16
1744,18,1431,17,1613,1736,1743
1745,27,28,4,1710,1610,1746
1746,1459,1520,29,28,1745,1610
1747,1,36,1740,35,1698
1748,1557,1514,9,42,41,8
1749,732,720,1572,1430,1750,733
1750,1572,1711,1701,734,1749,733
1751,722,740,1641,721,739
1752,779,778,780,1629,746,1731
